range,from_id,to_id,tx1,rx1,tx2,rx2,tx3,rx3,fpp1,fpp2,skew1,skew2,r_iw_a_Husky,q_ai_Husky,gt_range,bias,pair,del_t1,del_t2,del_t3,del_t4,range_raw,bias_raw,tx1_raw,tx2_raw,tx3_raw,rx1_raw,rx2_raw,rx3_raw,std,timestamp,Time
5.946943245820855,21,3,21832372.898570128,18288477.356328364,18592749.310532242,22136683.738433156,20131467.25925019,23675397.641624477,-84.4800033569336,-84.05950164794922,2.1903998851776123,-2.847899913787842,[0. 0. 0.],[0. 0. 0. 1.],8.658882207513464,-2.4929819771057495,"(21, 3)",304311.7581881024,304271.459334936,1538713.6606069691,1538717.948717948,6.165900230407715,-2.4929819771057495,21832372.608673878,18592749.211237982,20131467.15995593,18288477.751903046,22136684.36686198,23675398.02746895,0.2003299808683515,1770934589.7769682,1770934589.7769682
5.8270794033889635,30,3,288847.1207575272,63599516.61902641,63903935.20796814,593304.0362061104,65442653.15668609,2132019.158158502,-87.77970123291016,-86.70339965820312,1.4780000448226929,-1.6689000129699707,[0. 0. 0.],[0. 0. 0. 1.],8.088195173008208,-2.1183951775858443,"(30, 3)",304457.4757111378,304418.20976061374,1538715.053460537,1538717.9487179518,5.969799995422363,-2.1183951775858443,288846.9676482372,63903935.10867388,65442653.05739183,63599516.898913264,593304.443359375,2132019.496819912,0.18923709713653045,1770934589.822412,1770934589.822412
6.429891139491251,31,3,46598326.15244276,41232201.222269975,41537148.34899378,46903315.826006666,43075866.29771173,48442031.94991751,-101.1708984375,-98.97530364990234,0.0399999991059303,-0.7124000191688538,[0. 0. 0.],[0. 0. 0. 1.],8.413408825323614,-2.0139089321351378,"(31, 3)",304989.4988231212,304947.13416466117,1538716.2272135392,1538717.9487179518,6.399499893188477,-2.0139089321351378,46598326.1343149,41537148.24969952,43075866.19841747,41232201.11553486,46903315.63313802,48442031.86035156,0.18907792566378695,1770934589.8722906,1770934589.8722906
4.973984977891805,20,4,40563206.02234491,43658243.373554714,44037148.345732816,40942145.08034515,45575866.29445077,42480866.65554621,-97.37830352783205,-96.77069854736328,-2.4214000701904297,2.2128000259399414,[0. 0. 0.],[0. 0. 0. 1.],5.9957967768636635,-1.02029667005214,"(20, 4)",378939.05248396844,378904.95104667544,1538721.5951772854,1538717.9487179518,4.975500106811523,-1.02029667005214,40563205.942007214,44037148.24969952,45575866.19841747,43658243.29865284,40942144.99449118,42480866.58966847,0.18763469520855272,1770934589.927889,1770934589.927889
4.22483745290191,21,4,233827052.38574958,37639050.624271415,37946114.69188666,234134144.72112477,39484832.64060461,34023632.27254694,-97.83059692382812,-98.25689697265624,0.9656999707221984,-0.4740000069141388,[0. 0. 0.],[0. 0. 0. 1.],6.075795992695039,-1.7737959469186722,"(21, 4)",307092.78595757484,307064.0524839759,-200110512.6953125,1538717.9487179443,4.302000045776367,-1.7737959469186722,233827052.09585333,37946114.595853366,39484832.54457131,37639050.54336939,234134144.8818109,34023632.186498396,0.1882045785859323,1770934589.9889953,1770934589.9889953
4.803905843034556,30,4,229282893.59511647,32732749.585058033,33038582.64060461,229588758.84423837,34577300.58932256,29478246.7067193,-92.2853012084961,-93.63089752197266,-0.6080999970436096,0.7822999954223633,[0. 0. 0.],[0. 0. 0. 1.],5.940327473034791,-1.07822734867566,"(30, 4)",305865.478515625,305832.9107822515,-200110512.21016124,1538717.948717948,4.862100124359131,-1.07822734867566,229282893.44200718,33038582.544571314,34577300.49328926,32732749.633789062,229588758.9205228,29478246.710361578,0.1844711730576899,1770934590.0513465,1770934590.0513465
4.751698055162558,31,4,291592508.8447504,26365203.777847435,26670794.17906615,291898131.3584074,28209512.1277841,24571210.310737424,-84.5999984741211,-84.53260040283203,-1.51610004901886,1.321499943733215,[0. 0. 0.],[0. 0. 0. 1.],6.018622700489663,-1.15012246779313,"(31, 4)",305622.8246444464,305589.91261017695,-267326920.9485176,1538717.948717948,4.868500232696533,-1.15012246779313,291592508.82662255,26670794.083032854,28209512.031750802,26365204.170422677,291898131.651267,24571210.702749398,0.20025726397201804,1770934590.1123018,1770934590.1123018
2.192647861332173,20,5,279557052.17619103,23730498.26038353,24035153.38196518,279861723.070643,25573871.330683127,12534805.755090125,-88.5510025024414,-88.9822006225586,-4.262599945068359,3.683300018310547,[0. 0. 0.],[0. 0. 0. 1.],3.059692769990478,-0.7094928321700436,"(20, 5)",304671.16135817766,304654.2749649435,-267326917.00470752,1538717.948717948,2.3501999378204346,-0.7094928321700436,279557052.0958533,24035153.057391826,25573871.006109774,23730498.782426883,279861723.2572115,12534806.252504006,0.1848485551702358,1770934590.1668468,1770934590.1668468
1.7786196769209313,21,5,456821299.1806213,1712343.8755995678,2017917.8050421018,457126885.29065007,3556635.75376005,55367143.26872615,-81.39769744873047,-82.37480163574219,-1.3279999494552612,0.6937999725341797,[0. 0. 0.],[0. 0. 0. 1.],2.7001653466200923,-0.7078653130507564,"(21, 5)",305586.8765024543,305573.260967548,-401759741.9777894,1538717.9487179485,1.992300033569336,-0.7078653130507564,456821298.8907251,2017917.48046875,3556635.4291866985,1712344.219501202,457126885.76722753,55367143.7894381,0.15089987688824866,1770934590.2134132,1770934590.2134132
1.7371379281828743,30,5,454277052.24896264,66022054.878941,66326114.92042672,454581124.45824754,648422.6127344095,52821383.78028502,-80.42759704589844,-80.2603988647461,-2.124300003051758,2.2583999633789062,[0. 0. 0.],[0. 0. 0. 1.],3.307452451537286,-1.4935524576408015,"(30, 5)",304072.28127503395,304059.55779246986,-401759740.4597355,-65677692.30769231,1.8138999938964844,-1.4935524576408015,454277052.0958533,66326114.595853366,648422.2881610577,66022055.038060896,454581124.37712836,52821383.91739283,0.06834306781351553,1770934590.2763598,1770934590.2763598
1.694780736702135,31,5,533586771.6652632,9437814.652233478,9743887.356324153,533892856.491847,11282605.305042101,64916706.731583156,-81.67320251464844,-81.793701171875,-2.9932000637054443,3.2959001064300537,[0. 0. 0.],[0. 0. 0. 1.],2.987940860432817,-1.1889408356372848,"(31, 5)",306084.8764272928,306071.98079427145,-468976149.3702423,1538717.948717948,1.7990000247955322,-1.1889408356372848,533586771.6471353,9743887.031750802,11282604.98046875,9437815.05095653,533892856.5235626,64916707.15332031,0.14452910539534866,1770934590.354214,1770934590.354214
3.223402872395474,20,11,506551563.3941397,44301248.381217964,44605273.32772957,506855610.2415276,46143991.27644752,37879458.370215856,-83.36150360107422,-83.44560241699219,-1.7890000343322754,1.3615000247955322,[0. 0. 0.],[0. 0. 0. 1.],7.238867807619097,-3.894467878572466,"(20, 11)",304047.25686097145,304024.54865284264,-468976151.87424874,1538717.9487179518,3.344399929046631,-3.894467878572466,506551563.313802,44605273.24969952,46143991.19841747,44301248.701046675,506855610.570663,37879458.69641426,0.1954494909838357,1770934590.4001012,1770934590.4001012
3.6324219304551475,21,11,701814977.0652367,40283092.177708484,40665353.455934696,702197262.0285653,42204071.40465265,31571875.1788222,-92.89199829101562,-93.22129821777344,1.5571000576019287,-1.5506000518798828,[0. 0. 0.],[0. 0. 0. 1.],6.76620379035099,-3.028603702231483,"(21, 11)",382285.5162009001,382261.1960386634,-670625387.1193908,1538717.9487179518,3.737600088119507,-3.028603702231483,701814976.7753404,40665353.377904646,42204071.3266226,40283092.18186598,702197262.2915413,31571875.17215044,0.184584188046311,1770934590.4585898,1770934590.4585898
5.3949036519195275,21,0,940808815.2062624,13710066.771618247,14073278.065422012,941172063.159061,15611996.014139961,1681040.3025303357,-87.22669982910156,-86.71980285644531,-2.071199893951416,1.3596999645233154,[0. 0. 0.],[0. 0. 0. 1.],8.86107451211785,-3.2926746059594034,"(21, 0)",363248.82311689854,363211.0908703916,-939491023.2152692,1538717.94871795,5.568399906158447,-3.2926746059594034,940808814.9163661,14073278.057391826,15611996.006109776,13710066.966521434,941172063.739483,1681040.524213742,0.1902277901722963,1770934590.6960752,1770934590.6960752
2.80311523316558,20,1,973539175.5736268,36180934.7223232,36485649.93140515,973843910.369167,38024367.8801231,34352889.174275175,-89.35700225830078,-89.29720306396484,-2.8712000846862797,2.7446000576019287,[0. 0. 0.],[0. 0. 0. 1.],5.378421035517765,-2.5015210778609047,"(20, 1)",304735.0448217392,304714.9658203125,-939491021.1964141,1538717.9487179518,2.8768999576568604,-2.5015210778609047,973539175.4932891,36485649.85226362,38024367.800981574,36180934.88644331,973843910.5381109,34352889.34169672,0.1840466433688251,1770934590.8608034,1770934590.8608034
2.675636448140982,21,1,1165803005.9113905,29164502.536300253,29468983.26473848,1166107504.4676692,31007701.21345643,24967247.91874512,-87.91799926757812,-89.10359954833984,0.031599998474121,-0.1042999997735023,[0. 0. 0.],[0. 0. 0. 1.],5.464760744195486,-2.6221606370024926,"(21, 1)",304499.2926182747,304480.4030198306,-1141140256.8171575,1538717.948717948,2.842600107192993,-2.6221606370024926,1165803005.6214943,29468983.185596954,31007701.134314902,29164502.782577123,1166107504.9141126,24967248.096955128,0.18541410947337436,1770934590.9224699,1770934590.9224699
3.0217063497724457,30,1,1178258246.159219,41256701.53836235,41563270.12371284,1178564835.1743548,43101988.07243079,37424580.09459237,-95.58039855957033,-93.58419799804688,-1.029099941253662,0.821399986743927,[0. 0. 0.],[0. 0. 0. 1.],5.318561597208403,-2.2575614884895305,"(30, 1)",306589.24591851234,306568.5722155422,-1141140255.1739032,1538717.9487179518,3.061000108718872,-2.2575614884895305,1178258246.0061097,41563270.04457131,43101987.99328926,41256701.47235577,1178564835.2520282,37424580.078125,0.18572890867608108,1770934591.0002997,1770934591.0002997
3.1980287493079977,31,1,1259569544.1011608,53889779.682052456,54194063.39294361,1259873849.6796408,55732781.34166156,51517185.67407717,-91.12920379638672,-90.50140380859376,-1.905400037765503,1.85699999332428,[0. 0. 0.],[0. 0. 0. 1.],5.403218332373771,-2.1777182255622476,"(31, 1)",304305.6233725548,304283.55681590736,-1208356663.9279099,1538717.9487179443,3.2255001068115234,-2.1777182255622476,1259569544.0830328,54194063.313802086,55732781.26252003,53889779.75698618,1259873849.7064054,51517185.778495595,0.18340344628437044,1770934591.080258,1770934591.080258
4.6518753832571775,20,2,1232532508.9069605,22950915.741166476,23255609.87467638,1232837236.1585207,24794327.82339433,24480579.969518207,-84.82379913330078,-84.70020294189453,-6.8796000480651855,6.8871002197265625,[0. 0. 0.],[0. 0. 0. 1.],5.780256972993651,-0.9906570775163557,"(20, 2)",304727.70495295525,304693.6661157869,-1208356656.18114,1538717.948717948,4.789599895477295,-0.9906570775163557,1232532508.8266227,23255609.788161058,24794327.736879006,22950916.12204527,1232837236.5315757,24480580.350435697,0.19989715980229292,1770934591.1261892,1770934591.1261892
4.087219510146551,21,2,1426796267.1293397,17934930.37912706,18238718.849035352,1427100084.1089122,19777436.797753304,17094192.92582835,-91.7791976928711,-92.38490295410156,-3.928299903869629,3.9814000129699703,[0. 0. 0.],[0. 0. 0. 1.],6.2983455293594135,-2.0949453943191303,"(21, 2)",303817.5612230301,303788.32694811374,-1410005891.4419324,1538717.9487179518,4.203400135040283,-2.0949453943191303,1426796266.8394434,18238718.76252003,19777436.711237982,17934930.435571916,1427100084.4006665,17094192.958733976,0.18389328177508116,1770934591.182004,1770934591.182004
4.364296686894986,30,2,1407252292.6335783,65243914.688722774,65557885.515702024,1407566294.1029117,67096603.46441997,64776814.363699235,-85.43060302734375,-85.58989715576172,-5.032800197601318,4.934100151062012,[0. 0. 0.],[0. 0. 0. 1.],5.370857095168491,-0.8444570059045748,"(30, 2)",314002.0751953125,313970.3682141453,-1342789479.8239686,1538717.9487179443,4.526400089263916,-0.8444570059045748,1407252292.480469,65557885.4291867,67096603.377904646,65243915.06097256,1407566294.5556643,64776814.73169571,0.19712713436892446,1770934591.2293286,1770934591.2293286
5.057580178753491,31,2,1453564944.7421868,42877987.42617866,43185657.95159946,1453872650.8095844,44724375.90031741,43866762.33237096,-90.3853988647461,-90.8550033569336,-6.160600185394287,5.799300193786621,[0. 0. 0.],[0. 0. 0. 1.],5.909298044654857,-0.8192978920669667,"(31, 2)",307706.09537768364,307670.3193860203,-1410005888.3901746,1538717.9487179518,5.090000152587891,-0.8192978920669667,1453564944.7240589,43185657.865084134,44724375.813802086,42877987.545698114,1453872650.8194366,43866762.42926182,0.1833949619380902,1770934591.2796826,1770934591.2796826
6.6136119389492025,20,3,1447526972.0479865,30071993.95600365,30380161.1695066,1447835183.5196705,31918879.11822455,37829286.70129761,-90.28489685058594,-90.57720184326172,-0.8027999997138977,0.0157999992370605,[0. 0. 0.],[0. 0. 0. 1.],8.333480663273496,-1.657280750248594,"(20, 3)",308211.65427184105,308166.97340745106,-1410005896.7942462,1538717.9487179518,6.676199913024902,-1.657280750248594,1447526971.9676487,30380161.070212338,31918879.01893029,30071994.096804887,1447835183.6219206,37829286.82767428,0.18340839543432957,1770934591.334747,1770934591.334747
5.971054535754437,21,3,1640790746.2960067,24057075.50233991,24360794.182327114,1641094504.02092,25899512.131045062,29439371.75461431,-84.78510284423828,-84.84329986572266,2.2732999324798584,-2.414900064468384,[0. 0. 0.],[0. 0. 0. 1.],8.658882207513464,-2.466982431054724,"(21, 3)",303758.6544723511,303718.18346855044,-1611655132.5088902,1538717.948717948,6.19189977645874,-2.466982431054724,1640790746.0061104,24360794.083032854,25899512.031750802,24057075.899564303,1641094504.6605828,29439372.151692707,0.19976634660487347,1770934591.3959606,1770934591.3959606
5.8311616457517,30,3,1621246739.7489634,4149729.7662555864,4455016.93873737,1621552065.2922285,5993734.887455319,9896934.354234373,-87.3927001953125,-87.35929870605469,1.3587000370025637,-1.7415000200271606,[0. 0. 0.],[0. 0. 0. 1.],8.088195173008208,-2.116195050937895,"(30, 3)",305326.06858468056,305286.7713341345,-1611655131.006486,1538717.948717949,5.9720001220703125,-2.116195050937895,1621246739.595854,4455016.839443109,5993734.788161058,4149730.0681089745,1621552065.6644387,9896934.657952724,0.1885980571752758,1770934591.4433148,1770934591.4433148
6.899291092515024,31,3,1667559872.6268024,49000761.28984394,49305577.836173266,1667864734.3658283,50844295.78489122,56209601.87883586,-103.81600189208984,-90.28800201416016,0.2094999998807907,-0.7608000040054321,[0. 0. 0.],[0. 0. 0. 1.],8.413408825323614,-1.5118089412904112,"(31, 3)",304861.79449629784,304816.5658804104,-1611655132.3836896,1538717.9487179518,6.901599884033203,-1.5118089412904112,1667559872.6086745,49305577.736879006,50844295.68559696,49000761.170998596,1667864734.4031708,56209602.01948117,0.18462786973979298,1770934591.493613,1770934591.493613
4.915542521287702,20,4,1661521467.2402945,51418492.3239482,51795497.704707175,1661898506.3967535,53334215.65342513,50243382.162408575,-99.18720245361328,-99.091796875,-2.698899984359741,2.396199941635132,[0. 0. 0.],[0. 0. 0. 1.],5.9957967768636635,-1.0861969958272866,"(20, 4)",377039.1219701767,377005.38048377633,-1611655124.2143688,1538717.9487179518,4.909599781036377,-1.0861969958272866,1661521467.1599567,51795497.60867388,53334215.55739183,51418492.2281901,1661898506.2819269,50243382.067558095,0.1887471136836391,1770934591.5488665,1770934591.5488665
4.36478049387615,21,4,1853785249.5011353,44404096.384300716,44709712.44829692,1854090894.530185,46248430.39701487,40786534.73835698,-96.68840026855467,-96.6613998413086,0.4442000091075897,-0.6351000070571899,[0. 0. 0.],[0. 0. 0. 1.],6.075795992695039,-1.628196104847139,"(21, 4)",305645.50155234337,305616.0325270444,-1813304360.0385628,1538717.9487179518,4.4475998878479,-1.628196104847139,1853785249.211239,44709712.35226362,46248430.300981574,44404096.31973658,1854090894.7127914,40786534.674228765,0.1873831501167034,1770934591.6090345,1770934591.6090345
4.806190008194157,30,4,1849240810.2617843,39496017.67578493,39801691.61496358,1849546516.3972747,41340409.563681535,36242158.043308385,-92.34980010986328,-93.1365966796875,-0.8083000183105469,0.3407999873161316,[0. 0. 0.],[0. 0. 0. 1.],5.940327473034791,-1.0740273669862068,"(30, 4)",305706.38020825386,305673.7968249172,-1813304358.4266086,1538717.9487179518,4.866300106048584,-1.0740273669862068,1849240810.108675,39801691.518930286,41340409.46764824,39496017.72210537,1849546516.4888833,36242158.06227464,0.18433604265793654,1770934591.6713264,1770934591.6713264
4.754580692059471,31,4,1912554063.331931,34130392.111549586,34435209.24316871,1912858912.578704,35973927.19188666,32338145.298936576,-84.48249816894531,-84.40879821777344,-1.7740999460220337,1.409999966621399,[0. 0. 0.],[0. 0. 0. 1.],6.018622700489663,-1.1476228874098293,"(31, 4)",304849.55616497993,304816.64413060993,-1880520767.1806152,1538717.9487179518,4.870999813079834,-1.1476228874098293,1912554063.3138032,34435209.147135414,35973927.095853366,34130392.503004804,1912858912.8699682,32338145.689352963,0.20036487928533658,1770934591.7331758,1770934591.7331758
2.178198394403064,20,5,1900515313.394141,31488129.339193508,31795161.39478569,1900822361.1506917,33333879.343503643,20301597.759541497,-88.17780303955078,-89.77539825439453,-4.522500038146973,3.7290000915527344,[0. 0. 0.],[0. 0. 0. 1.],3.059692769990478,-0.727292686448608,"(20, 5)",307047.97989296913,307031.1873998381,-1880520763.0803046,1538717.9487179518,2.33240008354187,-0.727292686448608,1900515313.3138032,31795161.070212338,33333879.01893029,31488129.8828125,1900822361.2936962,20301598.213391427,0.18461116082454904,1770934591.7878373,1770934591.7878373
1.779085869875968,21,5,2093779055.5908792,25474314.55457759,25779632.548631847,2094084385.759054,27318350.497349795,11914387.279922139,-82.48629760742188,-82.18309783935547,-1.232100009918213,1.0151000022888184,[0. 0. 0.],[0. 0. 0. 1.],2.7001653466200923,-0.6829653534865474,"(21, 5)",305330.9044470787,305317.13241185993,-2082169998.4349973,1538717.948717948,2.017199993133545,-0.6829653534865474,2093779055.300983,25779632.224058494,27318350.172776442,25474315.091646634,2094084386.20543,11914387.770432692,0.1710066365566687,1770934591.8489642,1770934591.8489642
1.7403508158843626,30,5,2088234600.3258872,19565899.671644673,19870097.29222159,2088538810.083367,21408815.24093954,6368812.729096029,-80.31009674072266,-80.75800323486328,-2.0666000843048096,2.067500114440918,[0. 0. 0.],[0. 0. 0. 1.],3.307452451537286,-1.4810524099570859,"(30, 5)",304209.90772747993,304197.15294471383,-2082169997.1360443,1538717.948717948,1.8264000415802,-1.4810524099570859,2088234600.172778,19870096.967648238,21408814.916366186,19565899.814703524,2088538810.0805054,6368812.944461138,0.07518517819511786,1770934591.9104729,1770934591.9104729
1.6926409596210528,31,5,2150548422.3062906,13200492.510574596,13505794.407606203,2150853736.3156996,15044512.356324153,1467330.1764777647,-81.94770050048828,-81.50170135498047,-2.9410998821258545,2.723099946975708,[0. 0. 0.],[0. 0. 0. 1.],2.987940860432817,-1.1919408566181198,"(31, 5)",305314.0024037361,305301.1224208735,-2149386405.7492003,1538717.94871795,1.7960000038146973,-1.1919408566181198,2150548422.2881627,13505794.083032852,15044512.031750802,13200492.960611979,2150853736.2905664,1467330.541366186,0.14379209860238554,1770934591.9712179,1770934591.9712179
3.2427928541868276,20,11,2139520201.2146542,64073560.57657553,64377084.225165464,2139823746.8928719,65915802.173883416,57653748.86771232,-83.64910125732422,-83.16300201416016,-1.8131999969482424,1.0281000137329102,[0. 0. 0.],[0. 0. 0. 1.],7.238867807619097,-3.875567722551348,"(20, 11)",303546.06432795525,303523.2309194654,-2082169998.0280964,1538717.9487179518,3.363300085067749,-3.875567722551348,2139520201.1343164,64377084.147135414,65915802.095853366,64073560.91621595,2139823747.1986444,57653749.17054787,0.19540167956470983,1770934592.0267713,1770934592.0267713
3.5877814655064544,21,11,2331772917.7703657,57049600.81754014,57431443.19952444,2332154783.4120016,58970161.14824239,48335549.89195979,-92.64969635009766,-93.39569854736328,1.34660005569458,-1.5255000591278076,[0. 0. 0.],[0. 0. 0. 1.],6.76620379035099,-3.0728038841925427,"(21, 11)",381866.18902778625,381842.29141626507,-2283819233.78969,1538717.9487179518,3.6933999061584473,-3.0728038841925427,2331772917.4804697,57431443.12149439,58970161.07021234,57049600.830078125,2332154783.6694975,48335549.879807696,0.18454801614750518,1770934592.0870914,1770934592.0870914
5.09849020325014,21,0,2564766900.1421604,24471417.478791628,24828734.79619124,2565124251.4211664,26367452.74490919,12439379.359031321,-95.97650146484376,-87.77799987792969,-2.0833001136779785,1.6734999418258667,[0. 0. 0.],[0. 0. 0. 1.],8.86107451211785,-3.65177447091912,"(21, 0)",357352.0914711952,357317.4735827334,-2552684872.420874,1538717.948717948,5.2093000411987305,-3.65177447091912,2564766899.8522644,24828734.788161058,26367452.736879006,24471417.314578325,2565124251.9437356,12439379.522861578,0.18346492362491582,1770934592.3200283,1770934592.3200283
2.8575737404640726,20,1,2610497020.1249094,59940150.0693669,60243999.29037951,2610800889.262391,61782717.23909745,58116021.75715219,-89.80870056152344,-88.8865966796875,-2.9251999855041504,2.9830000400543213,[0. 0. 0.],[0. 0. 0. 1.],5.378421035517765,-2.4472210080519448,"(20, 1)",303869.4098057747,303849.00215344876,-2552684867.5067616,1538717.9487179443,2.9312000274658203,-2.4472210080519448,2610497020.044572,60243999.21123798,61782717.159955926,59940150.20908453,2610800889.4543777,58116021.94761618,0.18405079214459596,1770934592.497805,1770934592.497805
2.7169336777307764,21,1,2787761146.9370317,37928925.678481,38235361.469866686,2788067600.85972,39774079.41858464,33733498.297800206,-90.22010040283205,-88.61389923095703,0.2309000045061111,-0.4162999987602234,[0. 0. 0.],[0. 0. 0. 1.],5.464760744195486,-2.5957607861571557,"(21, 1)",306454.6868739128,306435.59382511675,-2754334102.8301535,1538717.9487179518,2.86899995803833,-2.5957607861571557,2787761146.6471357,38235361.39072516,39774079.33944311,37928925.79690004,2788067601.3340096,33733498.50385617,0.18402906554381748,1770934592.5439951,1770934592.5439951
3.000571782865175,30,1,2783216555.454091,33019804.252067864,33326964.033969253,2783523735.5096316,34865681.9826872,29189634.197772607,-95.54900360107422,-93.61750030517578,-0.4869999885559082,0.8138999938964844,[0. 0. 0.],[0. 0. 0. 1.],5.318561597208403,-2.2787616685432415,"(30, 1)",307180.28533124924,307159.76812900975,-2754334101.4059997,1538717.9487179443,3.039799928665161,-2.2787616685432415,2783216555.300982,33326963.954827726,34865681.90354567,33019804.186698716,2783523735.5863132,29189634.1803135,0.18573553434265042,1770934592.6053522,1770934592.6053522
3.194181357795064,31,1,2864531491.2165456,45654811.72262802,45959031.34166156,2864835732.683571,47497749.29037951,43285222.555461645,-91.23999786376952,-90.64080047607422,-1.7628999948501587,1.4528000354766846,[0. 0. 0.],[0. 0. 0. 1.],5.403218332373771,-2.183318439566764,"(31, 1)",304241.50515794754,304219.46990184486,-2821550510.0504556,1538717.9487179518,3.219899892807007,-2.183318439566764,2864531491.1984177,45959031.26252003,47497749.21123798,45654811.792618185,2864835732.7035756,43285222.65311999,0.18342049728319676,1770934592.6861274,1770934592.6861274
4.621798771205447,20,2,2850490842.2402935,27703981.709475115,28010698.01570202,2850797591.490109,29549415.96441997,29247089.209860735,-84.62529754638672,-84.01090240478516,-6.888899803161621,6.422399997711182,[0. 0. 0.],[0. 0. 0. 1.],5.780256972993651,-1.0227568013322736,"(20, 2)",306749.6901292801,306715.83909254894,-2821550502.272386,1538717.948717948,4.757500171661377,-1.0227568013322736,2850490842.159956,28010697.929186698,29549415.877904646,27703982.09009415,2850797591.8500853,29247089.57769932,0.20036130376706285,1770934592.7377741,1770934592.7377741
4.0666490073793895,21,2,3043754536.360108,21692793.141624644,21996859.87467638,3044058631.463589,23535577.82339433,20858894.11100963,-89.3947982788086,-91.76170349121094,-3.911499977111816,3.7467000484466553,[0. 0. 0.],[0. 0. 0. 1.],6.2983455293594135,-2.0946454637466205,"(21, 2)",304095.70938539505,304066.47511017695,-3023199737.6114283,1538717.948717948,4.203700065612793,-2.0946454637466205,3043754536.070212,21996859.788161058,23535577.736879006,21692793.31305088,3044058631.7795973,20858894.16816907,0.18340971712839832,1770934592.7989728,1770934592.7989728
4.3718102515642245,30,2,3038209928.8515263,15783167.465002734,16100609.874676378,3038527402.122227,17639327.82339433,15327666.708310332,-85.54900360107422,-85.46009826660156,-4.931300163269043,5.037499904632568,[0. 0. 0.],[0. 0. 0. 1.],5.370857095168491,-0.8368571752771334,"(30, 2)",317473.8800830841,317441.9540014025,-3023199735.4986725,1538717.948717948,4.533999919891357,-0.8368571752771334,3038209928.698417,16100609.788161058,17639327.736879006,15783167.834159655,3038527402.5785003,15327667.079827724,0.19715105826898507,1770934592.860302,1770934592.860302
5.105481792638537,31,2,3100525898.267827,9418722.61737561,9726379.105445608,3100833590.5517416,11265097.054163558,10417445.335621916,-90.69170379638672,-90.61389923095705,-6.107600212097168,5.7266998291015625,[0. 0. 0.],[0. 0. 0. 1.],5.909298044654857,-0.771897894355785,"(31, 2)",307692.3233423233,307656.2969501205,-3090416145.1290812,1538717.94871795,5.137400150299072,-0.771897894355785,3100525898.249699,9726379.018930288,11265096.967648238,9418722.721980168,3100833590.5730414,10417445.443960337,0.18339492940972027,1770934592.9211872,1770934592.9211872
6.569042112597001,20,3,3088557693.2018313,57908057.13433173,58215994.50283993,3088865674.5372653,59754712.45155788,65665931.59634752,-90.45600128173828,-90.52760314941406,-0.6053000092506409,0.1042999997735023,[0. 0. 0.],[0. 0. 0. 1.],8.333480663273496,-1.7027805518843362,"(20, 3)",307981.52043294907,307937.1369190663,-3023199742.9167914,1538717.9487179518,6.63070011138916,-1.7027805518843362,3088557693.121494,58215994.40354567,59754712.35226362,57908057.266626604,3088865674.641927,65665931.725135215,0.18340129179291575,1770934592.975877,1770934592.975877
5.898174741439641,21,3,3280748422.5780563,50825016.22781079,51129127.51566044,3281052572.4791236,52667845.464378394,56203594.340673774,-85.24369812011719,-84.45719909667969,2.078700065612793,-2.487499952316284,[0. 0. 0.],[0. 0. 0. 1.],8.658882207513464,-2.5408821769958863,"(21, 3)",304150.82882642746,304110.79602363706,-3224848978.3810344,1538717.9487179518,6.118000030517578,-2.5408821769958863,3280748422.2881603,51129127.41636618,52667845.365084134,50825016.620342545,3281052573.1169868,56203594.73595253,0.1997170429881462,1770934593.035999,1770934593.035999
5.791743512285389,30,3,3300203117.9540896,2698506.7188558076,3002917.579763011,3300507566.9676337,4541635.52848096,8442179.838485308,-87.72589874267578,-87.03140258789062,1.4398000240325928,-1.8411999940872192,[0. 0. 0.],[0. 0. 0. 1.],8.088195173008208,-2.15579494641519,"(30, 3)",304449.5567908287,304410.4786408255,-3292065387.1976404,1538717.948717949,5.932400226593018,-2.15579494641519,3300203117.8009806,3002917.48046875,4541635.429186699,2698507.0018279245,3300507567.3577714,8442180.16013121,0.18863946511432092,1770934593.1222544,1770934593.1222544
6.409254339172364,31,3,3363519656.280647,64551159.07741828,64857781.36181429,3363826321.215432,66396499.31053224,4544525.739534192,-102.49720001220705,-105.50749969482422,0.258899986743927,-0.8855999708175659,[0. 0. 0.],[0. 0. 0. 1.],8.413408825323614,-2.040708610937628,"(31, 3)",306664.726061821,306622.2988030836,-3359281795.3725953,1538717.9487179518,6.372700214385986,-2.040708610937628,3363519656.262519,64857781.26252003,66396499.21123798,64551158.96371695,3363826320.9885807,4544525.615985577,0.19010449880420321,1770934593.184223,1770934593.184223
5.004115591337069,20,4,3335478350.2531133,44960822.59716391,45335882.32009179,3335853444.1775775,46874600.26880974,43788062.875676274,-97.60700225830078,-96.03450012207033,-2.8833000659942627,2.569499969482422,[0. 0. 0.],[0. 0. 0. 1.],5.9957967768636635,-0.988696671578019,"(20, 4)",375093.9315404892,375059.70490284264,-3292065381.281925,1538717.9487179518,5.0071001052856445,-0.988696671578019,3335478350.1727757,45335882.224058494,46874600.172776446,44960822.51915565,3335853444.104316,43788062.822390825,0.18743276468533349,1770934593.2297592,1770934593.2297592
4.389768231671348,21,4,3529741996.296005,39951313.27967816,40258294.17906615,3530049006.3295937,41797012.127784096,36334390.14316169,-96.9832000732422,-96.21330261230467,0.6025000214576721,-0.304500013589859,[0. 0. 0.],[0. 0. 0. 1.],6.075795992695039,-1.6026958073007522,"(21, 4)",307010.51369667053,306980.8725210354,-3493714616.433167,1538717.9487179443,4.473100185394287,-1.6026958073007522,3529741996.0061088,40258294.083032854,41797012.0317508,39951313.21051182,3530049006.5198054,36334390.08663862,0.1873205536461797,1770934593.2849529,1770934593.2849529
4.796233453777323,30,4,3525197276.6079354,35041402.49146806,35347733.281630255,3525503639.5344625,36886451.2303482,31789024.801541425,-92.2656021118164,-92.4000015258789,-0.7515000104904175,0.570900022983551,[0. 0. 0.],[0. 0. 0. 1.],5.940327473034791,-1.079727478375367,"(30, 4)",306363.19674015045,306330.64465644956,-3493714614.805563,1538717.9487179443,4.860599994659424,-1.079727478375367,3525197276.4548264,35347733.18559696,36886451.1343149,35041402.54094051,3525503639.6515665,31789024.846003607,0.18405962545105486,1770934593.347339,1770934593.347339
4.696817574236995,31,4,3589514295.7037234,30677751.623027027,30983294.17906615,3589819870.0463037,32522012.1277841,28888846.637982905,-84.35929870605469,-84.55989837646484,-1.5059000253677368,1.4229999780654907,[0. 0. 0.],[0. 0. 0. 1.],6.018622700489663,-1.2054227035414211,"(31, 4)",305574.65382146835,305542.0704377033,-3560931023.309169,1538717.948717948,4.813199996948242,-1.2054227035414211,3589514295.6855955,30983294.083032854,32522012.031750802,30677752.01259515,3589819870.339417,28888847.030248396,0.2003580164519783,1770934593.4118497,1770934593.4118497
2.195980036588515,20,5,3532255129.0992665,50026997.58989995,50331651.77940108,3532559799.077674,51870369.72811902,38845189.423130274,-88.16059875488281,-88.83519744873047,-4.460100173950195,3.526900053024292,[0. 0. 0.],[0. 0. 0. 1.],3.059692769990478,-0.7014926967482906,"(20, 5)",304670.2536559105,304653.3203125,-3493714609.3436985,1538717.9487179443,2.3582000732421875,-0.7014926967482906,3532255129.018929,50331651.454827726,51870369.40354567,50026998.134515226,3532559799.272585,38845189.92888622,0.18538359214200245,1770934593.4867501,1770934593.4867501
1.7545000009828127,21,5,3776735618.0908756,28018632.830706906,28323967.484529283,3777040964.7982435,29862685.43324723,14460710.127958743,-81.70230102539062,-82.40149688720703,-1.2265000343322754,0.8054999709129333,[0. 0. 0.],[0. 0. 0. 1.],2.7001653466200923,-0.7223653349852655,"(21, 5)",305347.47783994675,305333.9249048494,-3762580254.62615,1538717.948717948,1.9778000116348269,-0.7223653349852655,3776735617.8009796,28323967.15995593,29862685.108673878,28018633.23505108,3777040965.2788196,14460710.652669271,0.15923593324947255,1770934593.5344973,1770934593.5344973
1.7819895937726362,30,5,3778190698.082294,29108181.154933345,29411619.728119027,3778494149.08129,30950337.676836975,15913895.379365344,-80.3915023803711,-81.06330108642578,-1.9631999731063845,1.920300006866455,[0. 0. 0.],[0. 0. 0. 1.],3.307452451537286,-1.4287524336082091,"(30, 5)",303451.2094349861,303438.0947015248,-3762580253.483697,1538717.948717948,1.8787000179290767,-1.4287524336082091,3778190697.929185,29411619.403545674,30950337.352263622,29108181.30884415,3778494149.13862,15913895.654922877,0.08453743655893853,1770934593.6002934,1770934593.6002934
1.7139259050923117,31,5,3862507821.3447485,44744201.15830063,45128622.93324723,3862892255.5701766,46667340.88196518,33095592.95810163,-81.3280029296875,-81.91680145263672,-3.053800106048584,3.183199882507324,[0. 0. 0.],[0. 0. 0. 1.],2.987940860432817,-1.1797408587162035,"(31, 5)",384434.2980017662,384421.1206680685,-3829796662.222053,1538717.9487179518,1.8082000017166135,-1.1797408587162035,3862507821.3266206,45128622.60867388,46667340.55739183,44744201.48800581,3862892255.6246223,33095593.40256911,0.13804945303610885,1770934593.683196,1770934593.683196
3.2002343807684266,20,11,3769249383.9069586,13389930.541138137,13693814.994396232,3769553290.1372104,15232532.94311418,6973035.858298096,-83.80829620361328,-83.71430206298828,-1.9323999881744385,1.179900050163269,[0. 0. 0.],[0. 0. 0. 1.],7.238867807619097,-3.9107678415699025,"(20, 11)",303906.6569008827,303884.02694310993,-3762580254.2818494,1538717.948717948,3.3280999660491943,-3.9107678415699025,3769249383.826621,13693814.916366186,15232532.865084134,13389930.889423076,3769553290.483522,6973036.201672676,0.198614804356305,1770934593.7294946,1770934593.7294946
3.564894348190692,21,11,4036728759.116516,14381322.35311038,14762885.507216744,4037110345.4090877,16301603.455934694,5664445.3475831915,-93.10669708251952,-93.03589630126952,1.3401000499725342,-1.6978000402450562,[0. 0. 0.],[0. 0. 0. 1.],6.76620379035099,-3.0963038498602677,"(21, 11)",381586.8514623642,381563.07905148156,-4031445900.3311524,1538717.94871795,3.669899940490722,-3.0963038498602677,4036728758.82662,14762885.429186698,16301603.377904648,14381322.350135216,4037110345.6780825,5664445.3469300885,0.18459785843708246,1770934593.7922034,1770934593.7922034
4.86967873468752,21,0,4264723029.949849,44014274.26683989,44365409.47567842,4265074199.0158362,45904127.424396366,31979076.772164162,-86.57990264892578,-97.39430236816406,-2.084199905395508,1.6884000301361084,[0. 0. 0.],[0. 0. 0. 1.],8.86107451211785,-3.8745747257408976,"(21, 0)",351169.5274939537,351134.9722055271,-4233095122.602411,1538717.9487179443,4.986499786376953,-3.8745747257408976,4264723029.659953,44365409.46764824,45904127.41636618,44014274.49544271,4265074199.187447,31979076.585036058,0.18414096194301066,1770934594.0200024,1770934594.0200024
2.8325674948402577,20,1,4246263951.2146497,15291856.194204789,15596571.405764123,4246568686.199913,17135289.354482073,13473562.393971605,-89.31210327148438,-89.33200073242188,-2.7939000129699707,2.603899955749512,[0. 0. 0.],[0. 0. 0. 1.],5.378421035517765,-2.471920934428288,"(20, 1)",304735.2326221466,304714.9658203125,-4233095123.807464,1538717.94871795,2.906500101089477,-2.471920934428288,4246263951.134312,15596571.326622596,17135289.275340546,15291856.360802284,4246568686.3669343,13473562.559470152,0.1840520920629582,1770934594.2007706,1770934594.2007706
2.6832954301515315,21,1,4490717196.616517,60474858.03820334,60781122.687815405,4491023479.235253,62319840.63653336,56279120.57607892,-90.08159637451172,-88.09629821777344,-0.2542000114917755,-0.1917999982833862,[0. 0. 0.],[0. 0. 0. 1.],5.464760744195486,-2.623860799890066,"(21, 1)",306283.41283512115,306264.4449869767,-4434744358.927407,1538717.9487179518,2.84089994430542,-2.623860799890066,4490717196.326621,60781122.60867388,62319840.55739183,60474858.1636869,4491023479.739456,56279120.81204928,0.18449910307774897,1770934594.2461443,1770934594.2461443
2.9898728936480343,30,1,4472172677.248961,41564243.21199034,41871563.39294361,4472480017.676047,43410281.34166156,37735660.17303395,-94.75890350341795,-93.80899810791016,-0.9387000203132628,0.4954000115394592,[0. 0. 0.],[0. 0. 0. 1.],5.318561597208403,-2.2876615956825237,"(30, 1)",307340.6512918472,307320.1497395858,-4434744357.597154,1538717.9487179443,3.030900001525879,-2.2876615956825237,4472172677.095852,41871563.313802086,43410281.26252003,41564243.1640625,4472480017.747144,37735660.149989985,0.1855570822763128,1770934594.2942643,1770934594.2942643
3.211041157557235,31,1,4535491859.806287,36201727.79308756,36506451.21345643,4535796605.1167555,38045169.16217438,33835838.21844087,-92.5282974243164,-91.46240234375,-1.93340003490448,1.848600029945373,[0. 0. 0.],[0. 0. 0. 1.],5.403218332373771,-2.179818216406974,"(31, 1)",304745.3112478256,304723.3229417056,-4501960766.820662,1538717.9487179518,3.223400115966797,-2.179818216406974,4535491859.788159,36506451.1343149,38045169.083032854,36201727.8113732,4535796605.099407,33835838.278745994,0.1838288311641961,1770934594.3561668,1770934594.3561668
4.603717210516025,20,2,4457231306.983881,21238788.668360077,21543606.669548176,4457536157.816692,23082324.618266124,22791809.492149793,-84.4207992553711,-84.14710235595703,-6.860099792480469,6.766900062561035,[0. 0. 0.],[0. 0. 0. 1.],5.780256972993651,-1.0404569966447736,"(20, 2)",304851.2776699066,304817.5361828953,-4434744348.31668,1538717.948717948,4.739799976348877,-1.0404569966447736,4457231306.903543,21543606.583032854,23082324.531750802,21238789.04684996,4457536158.181213,22791809.864533253,0.20034438732952975,1770934594.4116986,1770934594.4116986
4.1122667840007585,21,2,4701711755.911389,66449439.4798644,66753374.297753304,4702015719.403593,1075681.9900609937,65622135.89716655,-92.05979919433594,-92.73629760742188,-4.106200218200684,3.802500009536743,[0. 0. 0.],[0. 0. 0. 1.],6.2983455293594135,-2.073445760530068,"(21, 2)",303964.0612487793,303934.68612279743,-4636393583.765274,-65677692.30769231,4.224899768829346,-2.073445760530068,4701711755.621493,66753374.21123798,1075681.903545673,66449439.525115184,4702015719.682742,65622135.91746795,0.18409498797810872,1770934594.457014,1770934594.457014
4.39163515757198,30,2,4683167196.479732,47538389.81690454,47859351.861855865,4683488189.41266,49398069.81057382,47094607.2501961,-85.39820098876953,-85.44080352783203,-5.089600086212158,4.744999885559082,[0. 0. 0.],[0. 0. 0. 1.],5.370857095168491,-0.8163569921716647,"(30, 2)",320993.5427932739,320961.5854116529,-4636393582.24722,1538717.9487179518,4.554500102996826,-0.8163569921716647,4683167196.326622,47859351.77534054,49398069.724058494,47538390.18992889,4683488189.869415,47094607.62219551,0.1975359974526109,1770934594.505261,1770934594.505261
5.023800117949232,31,2,4729487260.447313,25176383.10027274,25483967.246471252,4729794879.965873,27022685.1951892,26184889.206258643,-90.8479995727539,-90.76740264892578,-5.991099834442139,5.54040002822876,[0. 0. 0.],[0. 0. 0. 1.],5.909298044654857,-0.8557978691787831,"(31, 2)",307619.55065631866,307583.9624649435,-4703609990.672576,1538717.948717948,5.053500175476074,-0.8557978691787831,4729487260.429186,25483967.15995593,27022685.108673878,25176383.197490986,4729794879.979842,26184889.307266627,0.18340380529856384,1770934594.5557818,1770934594.5557818
6.6575533465708565,20,3,4656260882.304395,12416591.499739673,12723342.259250192,4656567677.524274,14262060.20796814,20174087.944358896,-89.98190307617188,-90.87640380859376,-0.6937999725341797,0.534500002861023,[0. 0. 0.],[0. 0. 0. 1.],8.333480663273496,-1.613180465672178,"(20, 3)",306795.38824653625,306750.5039312914,-4636393589.555788,1538717.948717948,6.720300197601318,-1.613180465672178,4656260882.224057,12723342.15995593,14262060.108673878,12416591.656024639,4656567677.612304,20174088.056515425,0.18341157252933918,1770934594.6107352,1770934594.6107352
5.924974956025141,21,3,4900706619.693442,57593425.70085523,57897605.07976301,4901010837.842589,59436323.02848096,62968013.44074198,-84.20490264892578,-84.6531982421875,1.9575999975204468,-2.8506999015808105,[0. 0. 0.],[0. 0. 0. 1.],8.658882207513464,-2.514082021356238,"(21, 3)",304219.07865047455,304178.8893479556,-4838042824.644431,1538717.9487179518,6.144800186157227,-2.514082021356238,4900706619.403546,57897604.98046875,59436322.9291867,57593426.091120794,4901010838.482197,62968013.837765425,0.20037389791173288,1770934594.656182,1770934594.656182
5.825334387791893,30,3,4886161924.043835,42682376.84606558,42987324.63104506,4886466910.210938,44526042.57976301,48424087.21565298,-87.12200164794922,-87.26840209960938,0.9415000081062316,-1.7908999919891355,[0. 0. 0.],[0. 0. 0. 1.],8.088195173008208,-2.1190951745340865,"(30, 3)",304986.6974658966,304947.36891525984,-4838042823.063777,1538717.9487179518,5.969099998474121,-2.1190951745340865,4886161923.890725,42987324.5317508,44526042.48046875,42682377.16283554,4886466910.588191,48424087.52441406,0.18929104964007676,1770934594.7084546,1770934594.7084546
6.320149168773307,31,3,4967481611.408854,55320092.500996165,55626643.541301474,4967788204.975752,57165361.49001942,62528975.965572916,-97.45860290527344,-100.7707977294922,0.1629000008106231,-0.8166999816894531,[0. 0. 0.],[0. 0. 0. 1.],8.413408825323614,-2.120709011480841,"(31, 3)",306593.3775291443,306551.01287059486,-4905259228.906877,1538717.9487179443,6.292699813842773,-2.120709011480841,4967481611.390726,55626643.442007214,57165361.39072516,55320092.42913662,4967788204.768255,62528975.86137821,0.18859388193387597,1770934594.7881808,1770934594.7881808
4.938284309682056,20,4,4872220617.881319,35721534.93220374,36094752.51239948,4872593869.345039,37633470.46111743,34551052.662153035,-98.2375030517578,-100.03730010986328,-2.919600009918213,2.3738999366760254,[0. 0. 0.],[0. 0. 0. 1.],5.9957967768636635,-1.0631967555013588,"(20, 4)",373251.42102336884,373217.5699869767,-4838042816.66291,1538717.9487179518,4.932600021362305,-1.0631967555013588,4872220617.8009815,36094752.41636618,37633470.365084134,35721534.846379206,4872593869.222005,34551052.55909455,0.18870458810340618,1770934594.8336825,1770934594.8336825
4.319986626371399,21,4,5133700610.078058,30716775.944454595,31023021.743168715,5134006884.589291,32561739.691886663,27098422.46810984,-97.16110229492188,-98.25689697265624,0.6033999919891357,-0.7562000155448914,[0. 0. 0.],[0. 0. 0. 1.],6.075795992695039,-1.6773961628305374,"(21, 4)",306274.9618139267,306245.774489183,-5106908462.367915,1538717.948717948,4.398399829864502,-1.6773961628305374,5133700609.788162,31023021.647135418,32561739.595853366,30716775.872646235,5134006884.749976,27098422.3820613,0.18800183002973336,1770934594.8890312,1770934594.8890312
4.808015201758666,30,4,5129155609.941272,25805095.746273786,26109023.345732816,5129459569.754701,27647741.294450764,22551108.86793061,-92.31490325927734,-93.2396011352539,-0.8884000182151794,0.656499981880188,[0. 0. 0.],[0. 0. 0. 1.],5.940327473034791,-1.0725272372864998,"(30, 4)",303960.05483818054,303927.45580428466,-5106908460.959412,1538717.948717948,4.867800235748291,-1.0725272372864998,5129155609.788162,26109023.249699518,27647741.198417466,25805095.793895233,5129459569.843,22551108.883588742,0.18435615596244523,1770934594.9512641,1770934594.9512641
4.710689033904286,31,4,5192476282.883213,20443396.624245662,20750089.050861023,5192783007.17501,22288806.99957897,18658137.534589972,-84.33470153808594,-84.56909942626953,-1.491000056266785,1.3633999824523926,[0. 0. 0.],[0. 0. 0. 1.],6.018622700489663,-1.1916225593458645,"(31, 4)",306724.6031150818,306691.9414813705,-5174124869.541267,1538717.948717948,4.827000141143799,-1.1916225593458645,5192476282.865086,20750088.954827726,22288806.903545674,20443397.013346355,5192783007.468201,18658137.92693309,0.20036245782682618,1770934595.0132434,1770934595.0132434
2.183289579186701,20,5,5045997997.689013,17785817.53902558,18090249.535811335,5046302445.404672,19628967.484529283,6610399.93093964,-88.31770324707031,-88.54679870605469,-4.697500228881836,3.960900068283081,[0. 0. 0.],[0. 0. 0. 1.],3.059692769990478,-0.713092714295898,"(20, 5)",304448.0074367523,304431.1366937123,-5039692045.162887,1538717.948717948,2.34660005569458,-0.713092714295898,5045997997.608675,18090249.211237982,19628967.15995593,17785818.07454427,5046302445.616112,6610400.45322516,0.18550006344423775,1770934595.0677938,1770934595.0677938
1.744839970842982,21,5,5373694416.167804,11781698.576408694,12085578.061452357,5373998307.652646,13624296.010170307,65440617.147520915,-81.71920013427734,-82.22270202636719,-1.520799994468689,0.6481999754905701,[0. 0. 0.],[0. 0. 0. 1.],2.7001653466200923,-0.7356653962111568,"(21, 5)",303892.22756385803,303878.75287960656,-5308557690.460991,1538717.94871795,1.9644999504089355,-0.7356653962111568,5373694415.877908,12085577.736879006,13624295.685596956,11781698.9839994,5373998308.105472,65440617.64448117,0.1558879312846232,1770934595.1306431,1770934595.1306431
1.7325703695687176,30,5,5371149327.889992,8869603.508578945,9176026.779401075,5371455763.283905,10714744.728119025,62898073.79409101,-80.27249908447266,-80.93329620361328,-2.02649998664856,2.321700096130371,[0. 0. 0.],[0. 0. 0. 1.],3.307452451537286,-1.484452497313653,"(30, 5)",306435.57817459106,306422.80774238706,-5308557689.271587,1538717.94871795,1.8229999542236328,-1.484452497313653,5371149327.736882,9176026.454827724,10714744.403545674,8869603.647085337,5371455763.315057,62898074.04346955,0.07808607874652351,1770934595.1934147,1770934595.1934147
1.6762904622745423,31,5,5435470513.652445,4508056.656506894,4889840.881965179,5435852310.101347,6428558.830683128,60078211.71703164,-81.79679870605469,-81.63400268554688,-3.0797998905181885,3.3703999519348145,[0. 0. 0.],[0. 0. 0. 1.],2.987940860432817,-1.2114408737842575,"(31, 5)",381796.4680995941,381783.478565705,-5375774097.994294,1538717.948717949,1.7764999866485596,-1.2114408737842575,5435470513.634317,4889840.557391827,6428558.506109776,4508057.078826122,5435852310.102417,60078212.108123,0.14356352504937384,1770934595.2562208,1770934595.2562208
3.2038067637582133,20,11,5274992452.817219,40369607.00405641,40673566.596960336,5275296434.214151,42212284.54567829,33955154.309859216,-83.8895034790039,-83.27230072021484,-1.874699950218201,1.2172000408172607,[0. 0. 0.],[0. 0. 0. 1.],7.238867807619097,-3.9112678053302785,"(20, 11)",303981.79274368286,303959.1627854556,-5241341279.907229,1538717.9487179518,3.3276000022888184,-3.9112678053302785,5274992452.736881,40673566.518930286,42212284.46764824,40369607.35614483,5275296434.529625,33955154.622395836,0.19716252285446634,1770934595.3031404,1770934595.3031404
3.6258113619129864,21,11,5595688534.757548,27365995.913005862,27747148.327729564,5596069710.84976,29285866.276447512,18646375.42291436,-91.92179870605467,-92.6604995727539,1.402500033378601,-1.809499979019165,[0. 0. 0.],[0. 0. 0. 1.],6.76620379035099,-3.0271038109503556,"(21, 11)",381176.66391181946,381152.2967998795,-5577423335.696493,1538717.948717948,3.7390999794006343,-3.0271038109503556,5595688534.467652,27747148.249699518,29285866.198417466,27365995.95289964,5596069711.131564,18646375.435071114,0.18402207459416312,1770934595.351115,1770934595.351115
5.411362553523248,21,0,5810683142.129344,43994197.732126504,44339712.360293806,5811028693.483774,45878430.30901176,31956132.118749637,-86.77339935302734,-87.26219940185547,-2.2295000553131104,0.9926999807357788,[0. 0. 0.],[0. 0. 0. 1.],8.86107451211785,-3.277574603670585,"(21, 0)",345552.1960134506,345514.40116686374,-5779072561.7237625,1538717.9487179518,5.583499908447266,-3.277574603670585,5810683141.839448,44339712.35226362,45878430.300981574,43994197.95109676,5811028694.035461,31956132.311698716,0.19003790398828507,1770934595.566001,1770934595.566001
2.827481939500697,20,1,5708980770.124913,66459585.886654355,66764928.777559,5709286132.754273,1087236.4698666874,64646393.54805925,-88.97530364990234,-89.03780364990234,-2.7511000633239746,2.567600011825561,[0. 0. 0.],[0. 0. 0. 1.],5.378421035517765,-2.4717211396590004,"(20, 1)",305362.89312934875,305342.6263271272,-5644639739.207737,-65677692.30769231,2.9066998958587646,-2.4717211396590004,5708980770.044576,66764928.69841747,1087236.3907251603,66459586.07209034,5709286132.937705,64646393.72996795,0.18445491011292697,1770934595.7306657,1770934595.7306657
2.665055402853914,21,1,6035677332.834474,59457676.170093216,59762669.16217438,6035982343.589943,61301387.110892326,55260548.61077458,-88.89109802246094,-88.9092025756836,0.134100005030632,-0.2626000046730041,[0. 0. 0.],[0. 0. 0. 1.],5.464760744195486,-2.63946076593926,"(21, 1)",305011.50277900696,304992.7227313742,-5980721795.247401,1538717.9487179443,2.8252999782562256,-2.63946076593926,6035677332.544578,59762669.083032854,61301387.0317508,59457676.36030148,6035982344.047357,55260548.79995493,0.1846165560240134,1770934595.7910802,1770934595.7910802
3.0293999594050613,30,1,6031132196.479738,54545000.23014556,54852308.5852513,6031439525.307234,56391026.53396925,50717731.718976505,-94.53009796142578,-94.27359771728516,-1.0700000524520874,0.6789000034332275,[0. 0. 0.],[0. 0. 0. 1.],5.318561597208403,-2.2491615251106243,"(30, 1)",307329.0389623642,307308.3183092922,-5980721793.682398,1538717.9487179518,3.0694000720977783,-2.2491615251106243,6031132196.326629,54852308.506109774,56391026.454827726,54545000.18780048,6031439525.365591,50717731.68319311,0.18567299976785465,1770934595.8533146,1770934595.8533146
3.2214144460960736,31,1,6094454888.652449,49184341.04432998,49488446.405764125,6094759015.9413395,51027164.35448207,46820812.989080116,-91.5239028930664,-90.73619842529295,-1.8401999473571775,1.7805999517440796,[0. 0. 0.],[0. 0. 0. 1.],5.403218332373771,-2.1586182747718423,"(31, 1)",304127.3224658966,304105.224609375,-6047938202.874605,1538717.9487179443,3.2446000576019287,-2.1586182747718423,6094454888.634321,49488446.3266226,51027164.27534054,49184341.10201322,6094759015.956787,46820813.08218149,0.18345984403924212,1770934595.916148,1770934595.916148
4.6104344020255015,20,2,5964974319.804401,50209654.84945878,50514456.028522536,5965279153.853598,52053173.97724048,51773779.85672211,-84.56069946289062,-84.4677963256836,-7.00629997253418,6.765100002288818,[0. 0. 0.],[0. 0. 0. 1.],5.780256972993651,-1.0324570996415998,"(20, 2)",304834.50082683563,304800.7123898268,-5913505373.989014,1538717.9487179443,4.747799873352051,-1.0324570996415998,5964974319.724064,50514455.942007214,52053173.89072516,50209655.22961739,5965279154.224891,51773780.2358774,0.20031555136431806,1770934595.9867082,1770934595.9867082
4.033285276671301,21,2,6276671114.8857565,28208554.51559846,28515505.708009712,6276978094.271985,30054223.65672766,27390664.783855535,-91.27110290527344,-91.29850006103516,-4.571800231933594,4.064199924468994,[0. 0. 0.],[0. 0. 0. 1.],6.2983455293594135,-2.1389455430923237,"(21, 2)",306980.01176929474,306951.027894631,-6249587429.746978,1538717.948717948,4.15939998626709,-2.1389455430923237,6276671114.5958605,28515505.62149439,30054223.570212338,28208554.59359976,6276978094.60763,27390664.860652044,0.18351179806299772,1770934596.0318866,1770934596.0318866
4.40458322537866,30,2,6258126299.043842,9295788.835670132,9620113.079804583,6258450654.219549,11158831.028522532,8863225.621530456,-85.7031021118164,-85.58360290527344,-5.025400161743164,4.852099895477295,[0. 0. 0.],[0. 0. 0. 1.],5.370857095168491,-0.8052571768030115,"(30, 2)",324355.781750679,324323.79306891,-6249587428.682775,1538717.94871795,4.565599918365479,-0.8052571768030115,6258126298.890733,9620112.993289262,11158830.942007212,9295789.200220352,6258450654.672483,8863225.989708534,0.19650115113401298,1770934596.0802233,1770934596.0802233
5.014099424344907,31,2,6320449528.075527,2935178.216535027,3242981.669548173,6320757366.840613,4781699.6182661215,3953529.942794476,-90.78829956054688,-90.87640380859376,-6.108500003814697,5.583199977874756,[0. 0. 0.],[0. 0. 0. 1.],5.909298044654857,-0.8658982338638417,"(31, 2)",307838.7920675278,307803.266476362,-6316803836.810781,1538717.9487179485,5.043399810791016,-0.8658982338638417,6320449528.0574,3242981.5830328525,4781699.531750801,2935178.3165564905,6320757366.849467,3953530.038686899,0.18340649357966252,1770934596.1411102,1770934596.1411102
6.606401218935811,20,3,6174968903.137736,52362800.59871243,52668999.31053224,6175275146.005885,54207717.25925019,60120530.972738005,-90.45269775390624,-90.56390380859376,-0.656499981880188,0.362199991941452,[0. 0. 0.],[0. 0. 0. 1.],8.333480663273496,-1.6656807136275003,"(20, 3)",306243.0513820648,306198.48006810993,-6115154615.009021,1538717.9487179443,6.667799949645996,-1.6656807136275003,6174968903.057399,52668999.21123798,54207717.159955926,52362800.73116987,6175275146.108781,60120531.099759616,0.183399888669329,1770934596.196765,1770934596.196765
5.918180090156413,21,3,6501665305.590886,45362271.83218722,45666066.61822455,6501969139.108971,47204784.5669425,50732468.58456955,-84.6812973022461,-84.85040283203125,2.280800104141236,-3.1916000843048096,[0. 0. 0.],[0. 0. 0. 1.],8.658882207513464,-2.5198822685486206,"(21, 3)",303834.4476156235,303794.289613381,-6451236670.766985,1538717.9487179518,6.138999938964844,-2.5198822685486206,6501665305.30099,45666066.518930286,47204784.46764824,45362272.229316905,6501969139.748606,50732468.981620595,0.19988894011131342,1770934596.256959,1770934596.256959
7.322180637780066,31,3,6746439407.883222,19435741.24453774,19741875.913096342,6746745590.550416,21280593.86181429,26643278.51363541,-91.19000244140624,-90.9844970703125,0.1600999981164932,-0.8959000110626221,[0. 0. 0.],[0. 0. 0. 1.],8.413408825323614,-1.0615087246156065,"(31, 3)",306182.6891775131,306134.471404247,-6720102311.933478,1538717.948717948,7.351900100708008,-1.0615087246156065,6746439407.865094,19741875.813802082,21280593.76252003,19435741.342397835,6746745590.554272,26643278.620793268,0.1834531720940401,1770934596.5695834,1770934596.5695834
4.967560764469104,20,4,6631957116.278764,47826690.60611263,48197813.40983538,6632328273.129745,49736531.35855333,46658789.670631155,-100.21710205078124,-98.77330017089844,-2.569499969482422,2.1559998989105225,[0. 0. 0.],[0. 0. 0. 1.],5.9957967768636635,-1.034996605965226,"(20, 4)",371156.8196620941,371122.81212440133,-6585669483.439137,1538717.9487179443,4.9608001708984375,-1.034996605965226,6631957116.198426,48197813.313802086,49736531.26252003,47826690.501677684,6632328273.018088,46658789.57895132,0.18887589476443564,1770934596.6659732,1770934596.6659732
4.379274120035254,21,4,6968653246.296017,50827134.98933681,51135706.03804051,6968961846.4928,52674423.986758456,47210307.651983246,-96.28690338134766,-96.78450012207033,0.4720999896526336,-0.4469999969005584,[0. 0. 0.],[0. 0. 0. 1.],6.075795992695039,-1.6128958309518753,"(21, 4)",308600.66731739044,308571.0104917884,-6921751539.087551,1538717.9487179443,4.462900161743164,-1.6128958309518753,6968653246.006121,51135705.942007214,52674423.89072516,50827134.931515425,6968961846.673438,47210307.58588742,0.18728503735522264,1770934596.7239425,1770934596.7239425
4.805394290773908,30,4,6964107933.65923,45913450.290776625,46219327.8329123,6964413843.404894,47758045.781630255,42662305.626338564,-93.38939666748048,-92.76370239257812,-0.4293000102043152,-0.0874999985098838,[0. 0. 0.],[0. 0. 0. 1.],5.940327473034791,-1.07822734867566,"(30, 4)",305910.00287914276,305877.43514623493,-6921751537.851197,1538717.9487179518,4.862100124359131,-1.07822734867566,6964107933.506121,46219327.736879006,47758045.68559696,45913450.30173277,6964413843.509,42662305.657802485,0.18459330883710673,1770934596.7862263,1770934596.7862263
4.711831452199725,31,4,7027432733.203735,40553926.13310459,40858646.74316871,7027737485.683844,42397364.69188666,38769539.12033714,-84.12069702148438,-84.65570068359375,-1.469599962234497,1.4359999895095823,[0. 0. 0.],[0. 0. 0. 1.],6.018622700489663,-1.1911228340040676,"(31, 4)",304752.79196739197,304720.1303335279,-6988967946.4643545,1538717.9487179518,4.827499866485596,-1.1911228340040676,7027432733.185608,40858646.647135414,42397364.595853366,40553926.516801886,7027737485.977575,38769539.51322115,0.2003811758244702,1770934596.8482797,1770934596.8482797
2.176904540656713,20,5,6813817685.189021,37971202.95636283,38275457.86914466,6814121955.789777,39814175.817862615,26803243.71196949,-88.3833999633789,-88.76020050048828,-4.614699840545654,3.712199926376343,[0. 0. 0.],[0. 0. 0. 1.],3.059692769990478,-0.7218927440505367,"(20, 5)",304270.8802833557,304254.05649038404,-6787318711.766962,1538717.9487179518,2.3378000259399414,-0.7218927440505367,6813817685.108684,38275457.54457131,39814175.49328926,37971203.488080926,6814121955.988967,26803244.222005207,0.18521263214418757,1770934596.902783,1770934596.902783
1.7867930142868242,21,5,7192647461.039608,15889545.372768342,16194977.099913895,7192952905.007951,17733695.048631847,2335727.1198784094,-81.52310180664062,-82.32479858398438,-1.600000023841858,0.9330999851226808,[0. 0. 0.],[0. 0. 0. 1.],2.7001653466200923,-0.6970654282546138,"(21, 5)",305444.72718811035,305431.03340344504,-7190617177.843937,1538717.94871795,2.0030999183654785,-0.6970654282546138,7192647460.749712,16194976.775340544,17733694.724058494,15889545.741937099,7192952905.4769,2335727.6329627405,0.15315634837336117,1770934596.9480538,1770934596.9480538
1.7343827581135662,30,5,7174102476.928462,64192319.32793451,64498582.86914466,7174408752.573416,66037300.817862615,51007986.00401476,-81.05590057373047,-80.22470092773438,-2.017199993133545,2.183900117874145,[0. 0. 0.],[0. 0. 0. 1.],3.307452451537286,-1.4797524326545342,"(30, 5)",306275.71301555634,306262.9425831288,-7123400766.351173,1538717.9487179518,1.8277000188827517,-1.4797524326545342,7174102476.7753525,64498582.54457131,66037300.49328926,64192319.60198818,7174408752.488368,51007986.137194514,0.07957857012587294,1770934596.9962783,1770934596.9962783
1.6593833864829912,31,5,7268426859.806301,22615548.67478455,22994408.189657487,7268805731.412288,24533126.138375435,10972145.801525887,-82.15049743652344,-82.0073013305664,-3.059299945831299,3.1542999744415283,[0. 0. 0.],[0. 0. 0. 1.],2.987940860432817,-1.2083408362094894,"(31, 5)",378871.6947116852,378858.70517828315,-7257833585.220741,1538717.948717948,1.7796000242233276,-1.2083408362094894,7268426859.788174,22994407.865084134,24533125.813802082,22615549.15990585,7268805731.482885,10972146.262144431,0.16099785205773331,1770934597.0893307,1770934597.0893307
3.16895201427772,20,11,7055728398.330049,6259714.821111558,6563598.648242386,7056032303.722325,8102316.596960334,67064357.120058216,-83.53600311279297,-83.88520050048828,-1.7797000408172607,0.8734999895095825,[0. 0. 0.],[0. 0. 0. 1.],7.238867807619097,-3.9431677343769094,"(20, 11)",303905.8274488449,303883.4165915465,-6988967946.605205,1538717.948717948,3.2957000732421875,-3.9431677343769094,7055728398.249711,6563598.57021234,8102316.518930288,6259715.1536207935,7056032304.07716,67064357.47195513,0.19825628725873592,1770934597.144788,1770934597.144788
3.719706321350443,21,11,7457640465.8473015,7261234.2812974695,7641907.943114181,7458021163.697692,9180625.89183213,65754750.87825822,-91.98560333251952,-92.4406967163086,1.3830000162124634,-1.6678999662399292,[0. 0. 0.],[0. 0. 0. 1.],6.76620379035099,-2.9324037129126355,"(21, 11)",380698.4299879074,380673.546424279,-7392266413.089081,1538717.948717949,3.8338000774383545,-2.9324037129126355,7457640465.557405,7641907.865084135,9180625.813802084,7261234.318659856,7458021163.987393,65754750.8983123,0.1839778844490895,1770934597.2139418,1770934597.2139418
5.404871506368509,21,0,7707634167.770379,58882379.7503018,59221002.424396366,7707972827.139267,60759720.37311432,46840778.704295866,-87.16570281982422,-87.44889831542969,-2.1698999404907227,1.880300045013428,[0. 0. 0.],[0. 0. 0. 1.],8.86107451211785,-3.2889743496117463,"(21, 0)",338660.20007038116,338622.46782351285,-7661132048.79371,1538717.9487179518,5.572100162506104,-3.2889743496117463,7707634167.480483,59221002.41636618,60759720.365084134,58882379.94854267,7707972827.680553,46840778.88684395,0.1888638009649661,1770934597.4632297,1770934597.4632297
2.8557128228253488,20,1,7614713630.701846,22910818.003960665,23215465.636533353,7615018298.203513,24754183.5852513,21102661.279691394,-89.93299865722656,-88.7645034790039,-2.914099931716919,2.7035999298095703,[0. 0. 0.],[0. 0. 0. 1.],5.378421035517765,-2.4490210683241616,"(20, 1)",304667.7809495926,304647.4202473946,-7593915636.925344,1538717.948717948,2.9293999671936035,-2.4490210683241616,7614713630.621509,23215465.557391826,24754183.506109774,22910818.13714443,7615018298.402458,21102661.47711338,0.18406591007523349,1770934597.7036998,1770934597.7036998
2.7324520476111527,21,1,7993626787.962689,915001.123044782,1219055.3801230977,7993930860.488643,2757773.3288410464,63933168.355266996,-90.64080047607422,-88.7405014038086,0.067900002002716,-0.2345999926328659,[0. 0. 0.],[0. 0. 0. 1.],5.464760744195486,-2.5844606991820576,"(21, 1)",304073.2828769684,304054.0802784455,-7929997692.401608,1538717.9487179485,2.880300045013428,-2.5844606991820576,7993626787.672793,1219055.3009815705,2757773.249699519,915001.220703125,7993930860.95567,63933168.554061495,0.18379632719612132,1770934597.7489915,1770934597.7489915
3.0127837137953253,30,1,7974081691.672056,48216974.98144382,48524031.34166156,7974388768.365461,50062749.29037951,44391077.200446434,-94.44830322265624,-93.31390380859376,-0.4731000065803528,0.5968999862670898,[0. 0. 0.],[0. 0. 0. 1.],5.318561597208403,-2.2613616422218303,"(30, 1)",307076.93246650696,307056.32136417925,-7929997691.259155,1538717.9487179518,3.0571999549865723,-2.2613616422218303,7974081691.518947,48524031.26252003,50062749.21123798,48216974.94115585,7974388768.451413,44391077.19225761,0.18521810901569763,1770934597.796386,1770934597.796386
3.0979042183098766,31,1,8047408518.460151,52858375.49897674,53163246.0852513,8047713410.271676,54701964.03396925,50499310.493861094,-92.29509735107422,-92.2656021118164,-1.7554999589920044,1.7489999532699585,[0. 0. 0.],[0. 0. 0. 1.],5.403218332373771,-2.2965183888312906,"(31, 1)",304891.7799730301,304870.48026842624,-7997214099.700161,1538717.9487179518,3.1066999435424805,-2.2965183888312906,8047408518.442023,53163246.006109774,54701963.954827726,52858375.52584135,8047713410.221996,50499310.52183493,0.18402526123593646,1770934597.874727,1770934597.874727
4.634820830621813,20,2,7841708366.27877,44870517.88655356,45175497.6951892,7842013379.130815,46714215.64390715,46448518.001392044,-84.5624008178711,-84.39119720458984,-7.076099872589111,6.869400024414063,[0. 0. 0.],[0. 0. 0. 1.],5.780256972993651,-1.008257137025633,"(20, 2)",305013.3025341034,304979.34194711596,-7795564861.12156,1538717.9487179518,4.771999835968018,-1.008257137025633,7841708366.198433,45175497.60867388,46714215.55739183,44870518.26672676,7842013379.500967,46448518.37940705,0.20034688387137964,1770934597.9307005,1770934597.9307005
4.059544096769029,21,2,8220620922.578074,22874593.191490963,23178590.64390715,8220924948.365594,24717308.592625096,22061621.332007132,-90.56060028076172,-90.99539947509766,-3.950599908828736,4.161099910736084,[0. 0. 0.],[0. 0. 0. 1.],6.2983455293594135,-2.1058454149184955,"(21, 2)",304026.4266576767,303997.25498297065,-8198863327.292436,1538717.948717948,4.192500114440918,-2.1058454149184955,8220620922.288178,23178590.557391826,24717308.506109774,22874593.302408855,8220924948.714836,22061621.42240084,0.18340057742621052,1770934597.9759386,1770934597.9759386
4.346156594288567,30,2,8202075770.197699,3959689.6009029797,4288173.9772404805,8202404285.212288,5826891.925958429,3540959.5383122484,-86.3228988647461,-85.41840362548828,-5.055200099945068,4.9191999435424805,[0. 0. 0.],[0. 0. 0. 1.],5.370857095168491,-0.8665569776758151,"(30, 2)",328515.625,328483.94931891,-8198863325.758732,1538717.948717949,4.504300117492676,-0.8665569776758151,8202075770.044589,4288173.89072516,5826891.839443109,3959689.94140625,8202404285.669589,3540959.910857372,0.19551170474839183,1770934598.024205,1770934598.024205
5.081922413003054,31,2,8264403374.2293825,64817807.07908245,65125657.95159946,8264711260.8105,66664375.90031741,65847936.45148448,-90.4656982421875,-90.33489990234376,-6.147600173950195,5.890600204467773,[0. 0. 0.],[0. 0. 0. 1.],5.909298044654857,-0.7917982163162343,"(31, 2)",307886.63424015045,307850.6704477146,-8198863324.271977,1538717.9487179518,5.117499828338623,-0.7917982163162343,8264403374.211255,65125657.865084134,66664375.813802086,64817807.19463642,8264711260.845495,65847936.57351763,0.18341253626764953,1770934598.0852277,1770934598.0852277
6.619729527640926,20,3,8050702396.727489,46035877.60874976,46342300.59258352,8051008863.95353,47881018.541301474,53794761.725236185,-90.31289672851562,-90.22630310058594,-0.5735999941825867,0.3100999891757965,[0. 0. 0.],[0. 0. 0. 1.],8.333480663273496,-1.648780651066465,"(20, 3)",306467.42600631714,306422.7451422289,-7997214102.204168,1538717.9487179518,6.684700012207031,-1.648780651066465,8050702396.647152,46342300.49328926,47881018.442007214,46035877.74814703,8051008864.073158,53794761.868990384,0.18343860806856419,1770934598.1397414,1770934598.1397414
5.937613772409567,21,3,8444615145.334486,39041108.303605266,39344992.900275834,8444919068.835936,40883710.84899378,44406501.09472717,-84.28369903564453,-85.5364990234375,2.132699966430664,-2.913100004196167,[0. 0. 0.],[0. 0. 0. 1.],8.658882207513464,-2.502882070184363,"(21, 3)",303924.4196958542,303884.1051933095,-8400512567.983792,1538717.9487179443,6.156000137329102,-2.502882070184363,8444615145.04459,39344992.800981574,40883710.74969952,39041108.695788264,8444919069.464286,44406501.48049379,0.19962727173914802,1770934598.201253,1770934598.201253
5.858390337262496,30,3,8436069688.46693,30126023.336574547,30430537.772070702,8436374241.477967,31969255.72078865,35861674.752070025,-87.95230102539062,-87.92160034179688,1.44350004196167,-1.7396999597549438,[0. 0. 0.],[0. 0. 0. 1.],8.088195173008208,-2.0985949914286177,"(30, 3)",304553.5043563843,304514.06625600904,-8400512566.794389,1538717.948717948,5.98960018157959,-2.0985949914286177,8436069688.313821,30430537.672776442,31969255.62149439,30126023.606520433,8436374241.818177,35861675.02378806,0.18675160474440533,1770934598.2582953,1770934598.2582953
7.2294427082951636,31,3,8501397749.229384,26768346.077107836,27075201.233609162,8501704652.422146,28613919.182327114,33975677.02084824,-91.3856964111328,-90.60389709472656,0.1508000046014785,-0.4237000048160553,[0. 0. 0.],[0. 0. 0. 1.],8.413408825323614,-1.1529088710999815,"(31, 3)",306903.2326717377,306854.96794871613,-8467728975.297996,1538717.9487179518,7.260499954223633,-1.1529088710999815,8501397749.211257,27075201.134314902,28613919.083032854,26768346.166366186,8501704652.443929,33975677.145933494,0.18342906755768348,1770934598.322079,1770934598.322079
4.949917096652662,20,4,8273696643.522363,9151591.42791598,9520770.140604613,8274065856.137339,11059488.089322561,7986116.17406083,-99.72599792480467,-98.75140380859376,-2.58899998664856,2.353399991989136,[0. 0. 0.],[0. 0. 0. 1.],5.9957967768636635,-1.0519968043294838,"(20, 4)",369212.5838842392,369178.71719751507,-8266079739.943302,1538717.948717948,4.94379997253418,-1.0519968043294838,8273696643.442025,9520770.044571314,11059487.993289262,9151591.327373799,8274065856.025909,7986116.0826071715,0.18877913907895902,1770934598.3681571,1770934598.3681571
4.3645841415421325,21,4,8668609360.078075,3157334.28063787,3465906.358553331,8668917961.155825,5004624.30727128,66756165.654343575,-96.50250244140624,-96.12889862060548,0.3073000013828277,-0.9369000196456908,[0. 0. 0.],[0. 0. 0. 1.],6.075795992695039,-1.626496180378144,"(21, 4)",308601.5593700409,308572.043394431,-8602161795.748215,1538717.948717949,4.449299812316895,-1.626496180378144,8668609359.78818,3465906.262520032,5004624.211237981,3157334.219125601,8668917961.34755,66756165.599333934,0.187136122182141,1770934598.423982,1770934598.423982
4.782945351033269,30,4,8664063766.99257,65458193.47397751,65764431.99957897,8664370037.59697,86739.69188666437,62208243.53334796,-92.05509948730467,-93.75340270996094,-0.6881999969482422,-0.1917999982833862,[0. 0. 0.],[0. 0. 0. 1.],5.940327473034791,-1.098427601208619,"(30, 4)",306270.83020401,306238.3720202297,-8602161794.136263,-65677692.307692304,4.841899871826172,-1.098427601208619,8664063766.839462,65764431.90354567,86739.59585336539,65458193.53152544,8664370037.669666,62208243.53340345,0.18440753425930467,1770934598.4886603,1770934598.4886603
4.687573247360161,31,4,8736392172.306309,1884057.3293180128,2187701.230348203,8736695847.954142,3726419.1790661514,101234.92741075426,-84.06169891357422,-84.86199951171875,-1.7526999711990356,1.34660005569458,[0. 0. 0.],[0. 0. 0. 1.],6.018622700489663,-1.2157228629957668,"(31, 4)",303675.9596595764,303643.42322716373,-8736594612.927578,1538717.9487179485,4.8028998374938965,-1.2157228629957668,8736392172.288181,2187701.134314904,3726419.0830328525,1884057.7110877403,8736695848.24784,101235.32026241987,0.20036585853914737,1770934598.5570564,1770934598.5570564
2.1726687055788685,20,5,8522690233.265953,66426367.93311931,66733198.253760055,8522997079.259248,1055505.9460677428,55268110.786825106,-88.2802963256836,-88.59709930419922,-4.3277997970581055,3.9133999347686768,[0. 0. 0.],[0. 0. 0. 1.],3.059692769990478,-0.7238928375106197,"(20, 5)",306846.28217697144,306829.4583834186,-8467728968.161577,-65677692.30769231,2.3357999324798584,-0.7238928375106197,8522690233.185616,66733197.9291867,1055505.621494391,66426368.47080328,8522997079.4677925,55268111.30621494,0.18548897647948479,1770934598.6116824,1770934598.6116824
1.8021315600224341,21,5,8917602933.796026,60432744.07221904,60738062.035811335,8917908264.059582,62276779.98452928,46880829.54214597,-82.09220123291016,-82.08090209960938,-1.3605999946594238,0.887499988079071,[0. 0. 0.],[0. 0. 0. 1.],2.7001653466200923,-0.6717654023146724,"(21, 5)",305330.9826965332,305317.16371194273,-8871027434.473303,1538717.9487179443,2.02839994430542,-0.6717654023146724,8917602933.50613,60738061.71123798,62276779.659955926,60432744.54752604,8917908264.488827,46880830.01552484,0.16135098636221426,1770934598.672845,1770934598.672845
1.7499493113456748,30,5,8912057324.68488,54516844.5673483,54822292.8050421,8912362785.147427,56361010.753760055,41335352.00525089,-80.56659698486328,-80.08039855957031,-2.196000099182129,1.9678000211715696,[0. 0. 0.],[0. 0. 0. 1.],3.307452451537286,-1.4799524658424006,"(30, 5)",305460.5180797577,305447.7319961935,-8871027432.923948,1538717.9487179518,1.8274999856948853,-1.4799524658424006,8912057324.53177,54822292.48046875,56361010.4291867,54516844.74847256,8912362785.04985,41335352.125901446,0.06763948883342076,1770934598.7341735,1770934598.7341735
1.702099707090532,31,5,8973386547.306309,47159593.133709125,47535425.817862615,8973762392.347036,49074143.76658057,35518550.2790592,-82.65399932861328,-81.69029998779297,-3.3778998851776123,3.54830002784729,[0. 0. 0.],[0. 0. 0. 1.],2.987940860432817,-1.1631408459369674,"(31, 5)",375845.07086372375,375831.79962940514,-8938243841.677956,1538717.9487179518,1.8248000144958496,-1.1631408459369674,8973386547.288181,47535425.49328926,49074143.442007214,47159593.69365986,8973762392.359045,35518550.681089744,0.16382149484024444,1770934598.7942154,1770934598.7942154
3.220646192262164,20,11,8761684279.740313,31802786.643712852,32106451.21234495,8761987966.178608,33645169.1610629,25393352.70621375,-82.97489929199219,-82.70149993896484,-1.7136000394821167,0.9722999930381776,[0. 0. 0.],[0. 0. 0. 1.],7.238867807619097,-3.913667726747515,"(20, 11)",303686.7738380432,303664.20648036525,-8736594613.47533,1538717.9487179518,3.325200080871582,-3.913667726747515,8761684279.659975,32106451.134314902,33645169.083032854,31802786.927834537,8761987966.433813,25393352.958483573,0.18578086234918853,1770934598.8507383,1770934598.8507383
3.5903595482960693,21,11,9162596459.437054,31809533.746063404,32189768.520037256,9162976717.68799,33728486.46875521,23083638.81223399,-92.34480285644533,-92.72540283203124,1.375499963760376,-1.9119999408721924,[0. 0. 0.],[0. 0. 0. 1.],6.76620379035099,-3.0653037125311657,"(21, 11)",380258.82036209106,380234.67235076055,-9139893079.145405,1538717.948717948,3.700900077819824,-3.0653037125311657,9162596459.147158,32189768.44200721,33728486.39072516,31809533.76965645,9162976717.96752,23083638.822115384,0.1841959483407193,1770934598.9180336,1770934598.9180336
5.502034067546037,21,0,9390590722.257566,61425701.00855433,61758213.96285791,9390923271.853838,63296931.911575854,49380963.81599527,-87.2885971069336,-87.50260162353516,-1.8980000019073489,1.229300022125244,[0. 0. 0.],[0. 0. 0. 1.],8.86107451211785,-3.1934743572411417,"(21, 0)",332550.4244289398,332512.75478265435,-9341542308.396582,1538717.9487179443,5.667600154876709,-3.1934743572411417,9390590721.96767,61758213.954827726,63296931.90354567,61425701.20004507,9390923272.3921,49380963.99551783,0.18853063357144123,1770934599.145901,1770934599.145901
2.774803297033698,20,1,9471665746.086472,65014460.114694394,65319191.59807181,9471970496.961222,66857909.546789765,63211783.42731319,-89.6771011352539,-88.58439636230469,-3.09660005569458,2.672800064086914,[0. 0. 0.],[0. 0. 0. 1.],5.378421035517765,-2.5264210374251133,"(20, 1)",304751.16436195374,304731.2575120181,-9408758713.535429,1538717.9487179518,2.851999998092652,-2.5264210374251133,9471665746.006134,65319191.518930286,66857909.46764824,65014460.26141827,9471970497.170496,63211783.63506611,0.18432846836096214,1770934599.5608096,1770934599.5608096
2.7454025217266227,21,1,9866578422.578083,59023728.93910523,59328935.187815405,9866883647.123241,60867653.13653336,54826467.51301997,-89.00530242919922,-89.658203125,0.1788000017404556,-0.2364999949932098,[0. 0. 0.],[0. 0. 0. 1.],5.464760744195486,-2.566260778527761,"(21, 1)",305225.25102615356,305205.9858273268,-9812057179.878456,1538717.9487179518,2.8984999656677246,-2.566260778527761,9866578422.288187,59328935.10867388,60867653.05739183,59023729.12284655,9866883647.539213,54826467.660757214,0.1840548991936179,1770934599.6219745,1770934599.6219745
2.9959173613569,30,1,9862032645.197704,54106845.493776724,54414496.0852513,9862340316.035286,55953214.03396925,50283137.815973915,-95.14080047607422,-94.05359649658205,-0.9042999744415284,0.6536999940872192,[0. 0. 0.],[0. 0. 0. 1.],5.318561597208403,-2.2839615777534465,"(30, 1)",307671.05493927,307650.5690354556,-9812057178.313452,1538717.9487179518,3.034600019454956,-2.2839615777534465,9862032645.044596,54414496.006109774,55953213.954827726,54106845.43707432,9862340316.099535,50283137.78608273,0.1858057892360535,1770934599.6842906,1770934599.6842906
3.0779111507049977,31,1,9925363943.139647,48750741.4514078,49055730.05961028,9925668952.874016,50594448.00832823,46395366.0888541,-92.16390228271484,-91.85880279541016,-1.8942999839782717,2.1140999794006348,[0. 0. 0.],[0. 0. 0. 1.],5.403218332373771,-2.3134184513923257,"(31, 1)",305009.7186756134,304988.49722055346,-9879273586.707508,1538717.9487179518,3.0897998809814453,-2.3134184513923257,9925363943.12152,49055729.98046875,50594447.9291867,48750741.4832482,9925668952.840195,46395366.1326873,0.18385567062818783,1770934599.748621,1770934599.748621
4.633708369620875,20,2,9737658887.112112,58748192.15140702,59055121.0926251,9737965849.11219,60593839.04134305,60341500.85022103,-84.42250061035156,-84.98680114746094,-7.260499954223633,6.80049991607666,[0. 0. 0.],[0. 0. 0. 1.],5.780256972993651,-1.0093572003496076,"(20, 2)",306962.45242500305,306928.47618690133,-9677624348.254107,1538717.9487179518,4.770899772644043,-1.0093572003496076,9737658887.031775,59055121.006109774,60593838.954827726,58748192.52992287,9737965849.4842,60341501.23009315,0.20004226989366777,1770934599.8266356,1770934599.8266356
4.06554205441416,21,2,10132571555.590904,52757994.67108223,53064944.81057382,10132878534.09576,54603662.75929176,51955719.77312739,-90.68479919433594,-91.18620300292967,-4.107999801635742,3.901299953460693,[0. 0. 0.],[0. 0. 0. 1.],6.2983455293594135,-2.101945363801552,"(21, 2)",306979.1353664398,306949.9480418712,-10080922814.581482,1538717.9487179443,4.196400165557861,-2.101945363801552,10132571555.301008,53064944.724058494,54603662.67277644,52757994.77601662,10132878534.436375,51955719.85489283,0.18342019254434028,1770934599.890494,1770934599.890494
4.340617912984958,30,2,10152025105.133604,4623403.666523129,4956066.6054456085,10152357798.674316,6494784.5541635575,4218575.470534242,-86.61579895019531,-86.23159790039062,-4.865200042724609,5.193900108337402,[0. 0. 0.],[0. 0. 0. 1.],5.370857095168491,-0.8783572668298678,"(30, 2)",332694.12309646606,332662.5256660655,-10148139223.288538,1538717.948717949,4.492499828338623,-0.8783572668298678,10152025104.980495,4956066.518930288,6494784.467648237,4623403.9932642225,10152357799.103592,4218575.815054087,0.19270797901147466,1770934599.9742155,1770934599.9742155
5.080422227929412,31,2,10231356675.511444,15266913.531373242,15574944.810573814,10231664742.477755,17113662.759291764,16309110.363820918,-90.29109954833984,-90.3917999267578,-5.804900169372559,5.810500144958496,[0. 0. 0.],[0. 0. 0. 1.],5.909298044654857,-0.7923980774612529,"(31, 2)",308067.0166015625,308031.068459535,-10215355632.026896,1538717.948717948,5.116899967193604,-0.7923980774612529,10231356675.493317,15574944.724058494,17113662.672776442,15266913.655598959,10231664742.509918,16309110.483022837,0.18342275827735732,1770934600.0520494,1770934600.0520494
6.64224922089689,20,3,10001652084.227499,47708750.084378295,48013831.041301474,10001957209.576616,49552548.99001942,55467209.91241354,-90.09639739990234,-90.96630096435548,-0.609000027179718,0.2718999981880188,[0. 0. 0.],[0. 0. 0. 1.],8.333480663273496,-1.6299808692671487,"(20, 3)",305125.51332092285,305080.70725661516,-9946489999.640076,1538717.9487179443,6.703499794006348,-1.6299808692671487,10001652084.147161,48013830.942007214,49552548.89072516,47708750.2347506,10001957209.660482,55467210.020407654,0.18339975550142962,1770934600.096893,1770934600.096893
5.945306302598893,21,3,10381565121.296034,26720078.033482987,27024215.656686086,10381869297.800512,28562933.605404034,32080832.24779756,-84.15460205078125,-84.87629699707031,2.354300022125244,-2.998800039291382,[0. 0. 0.],[0. 0. 0. 1.],8.658882207513464,-2.4939823814636597,"(21, 3)",304177.43389320374,304137.1350410655,-10349788465.7953,1538717.948717948,6.164899826049805,-2.4939823814636597,10381565121.006138,27024215.557391826,28562933.506109774,26720078.42235076,10381869298.440031,32080832.64473157,0.2003277946476518,1770934600.1368837,1770934600.1368837
5.806522543183878,30,3,10363019632.377195,7803130.194662502,8107613.092583524,10363324153.482904,9646331.041301474,13535689.211549195,-87.99980163574219,-87.18090057373047,1.3223999738693235,-1.6017999649047852,[0. 0. 0.],[0. 0. 0. 1.],8.088195173008208,-2.144594995243315,"(30, 3)",304521.6408748627,304482.5314252805,-10349788464.339846,1538717.948717949,5.943600177764893,-2.144594995243315,10363019632.224087,8107612.993289263,9646330.942007212,7803130.4618639825,10363324153.864962,13535689.525115184,0.18790429765880737,1770934600.185196,1770934600.185196
7.218580703512368,31,3,10425352076.15247,1447796.780300422,1753879.1182245496,10425658206.407995,3292597.066942498,8653333.336037746,-91.85440063476562,-90.65769958496094,0.6909999847412109,-0.8456000089645386,[0. 0. 0.],[0. 0. 0. 1.],8.413408825323614,-1.167008945868048,"(31, 3)",306130.29284477234,306082.1689703525,-10417004872.968653,1538717.9487179485,7.246399879455566,-1.167008945868048,10425352076.134342,1753879.0189302885,3292596.967648237,1447796.849959936,10425658206.427187,8653333.458533654,0.18348914972772157,1770934600.2461379,1770934600.2461379
4.971895993679143,20,4,10212646643.522371,66037170.890379705,66404151.55086102,10213013658.215433,726459.2431687156,64874431.02570768,-98.5177993774414,-100.73619842529295,-2.3598999977111816,2.3160998821258545,[0. 0. 0.],[0. 0. 0. 1.],5.9957967768636635,-1.030796624275773,"(20, 4)",367014.6453075409,366980.6534204781,-10148139227.169748,-65677692.30769231,4.965000152587891,-1.030796624275773,10212646643.442034,66404151.454827726,726459.1471354166,66037170.80140725,10213013658.087341,64874430.91759315,0.18889752842697746,1770934600.301705,1770934600.301705
4.462787972903132,21,4,10608559263.92424,61048627.22386082,61356419.17906615,10608867085.390938,62895137.127784096,57429391.733648375,-97.50749969482422,-95.89659881591795,0.5512999892234802,-0.2364999949932098,[0. 0. 0.],[0. 0. 0. 1.],6.075795992695039,-1.5298961246835647,"(21, 4)",307821.9526233673,307791.9358473569,-10551437693.904024,1538717.9487179443,4.545899868011475,-1.5298961246835647,10608559263.634344,61356419.083032854,62895137.0317508,61048627.1471855,10608867085.586967,57429391.68294271,0.18735177376892542,1770934600.3639705,1770934600.3639705
4.776229267812362,30,4,10606013318.274632,58130901.79302303,58434792.57650205,10606317241.097038,59973510.52522,54879549.62881101,-92.50749969482422,-92.48680114746094,-0.5299000144004822,0.3016999959945678,[0. 0. 0.],[0. 0. 0. 1.],5.940327473034791,-1.1015275195740974,"(30, 4)",303923.0894432068,303890.6469100565,-10551437691.540869,1538717.9487179518,4.838799953460693,-1.1015275195740974,10606013318.121523,58434792.48046875,59973510.4291867,58130901.83355869,10606317241.210966,54879549.67009716,0.18417223752087153,1770934600.4281802,1770934600.4281802
4.771995464630334,31,4,10669346290.89606,52775705.853553824,53080361.486758456,10669650978.748034,54619079.43547641,50996878.0723027,-83.78739929199219,-84.21410369873047,-1.575700044631958,1.287999987602234,[0. 0. 0.],[0. 0. 0. 1.],6.018622700489663,-1.134022537983559,"(31, 4)",304688.15730285645,304655.1670172289,-10618654100.576578,1538717.9487179518,4.884600162506104,-1.134022537983559,10669346290.877934,53080361.39072516,54619079.33944311,52775706.22370793,10669650979.035236,50996878.45865885,0.19975107150732618,1770934600.4902408,1770934600.4902408
2.1852865790852767,20,5,10456646274.932629,51098467.76125918,51402693.44606774,10456950516.345764,52941411.394785695,39945650.34353448,-88.27449798583984,-88.48269653320312,-4.31850004196167,3.876100063323975,[0. 0. 0.],[0. 0. 0. 1.],3.059692769990478,-0.7100926933150631,"(20, 5)",304241.7086086273,304224.8222155422,-10417004865.691383,1538717.9487179518,2.349600076675415,-0.7100926933150631,10456646274.852291,51402693.12149439,52941411.07021234,51098468.29927885,10456950516.5609,39945650.86951622,0.1856189589286703,1770934600.5456214,1770934600.5456214
1.7821017511437547,21,5,10851552989.885778,45104653.963534065,45408662.9973498,10851857011.081627,46947380.94606774,31553679.112634413,-81.46929931640625,-82.4020004272461,-1.6073999404907229,0.8353000283241272,[0. 0. 0.],[0. 0. 0. 1.],2.7001653466200923,-0.7015653405165763,"(21, 5)",304021.9663963318,304008.35086138546,-10820303331.924858,1538717.9487179443,1.998600006103516,-0.7015653405165763,10851552989.595882,45408662.672776446,46947380.62149439,45104654.32191506,10851857011.562279,31553679.637419872,0.15340336878006489,1770934600.60952,1770934600.60952
1.7538229066292443,30,5,10863006651.607967,56186174.00693063,56492220.68965749,10863312710.539356,58030938.63837544,43009379.94562431,-80.26229858398438,-80.60449981689453,-2.2230000495910645,1.898900032043457,[0. 0. 0.],[0. 0. 0. 1.],3.307452451537286,-1.4726524465781794,"(30, 5)",306059.0538597107,306046.22082832456,-10820303330.375505,1538717.9487179518,1.8348000049591064,-1.4726524465781794,10863006651.454859,56492220.365084134,58030938.313802086,56186174.14425581,10863312710.508718,43009380.13321314,0.07116947523259366,1770934600.6853058,1770934600.6853058
1.693297519658133,31,5,10927340161.088371,51831143.35409417,52203671.01017031,10927712701.033506,53742388.958888255,40192961.529622674,-81.43190002441406,-82.49150085449219,-2.8004000186920166,3.2065000534057617,[0. 0. 0.],[0. 0. 0. 1.],2.987940860432817,-1.1827408796970382,"(31, 5)",372540.11105155945,372526.98066907376,-10887519739.113863,1538717.9487179443,1.8051999807357788,-1.1827408796970382,10927340161.070244,52203670.68559696,53742388.6343149,51831143.704927884,10927712701.181295,40192962.067432895,0.15429373680956926,1770934600.748166,1770934600.748166
3.2311744568859146,20,11,10698634472.048016,19474198.558705263,19777981.6610629,10698938277.074993,21316699.609780848,13067766.088440606,-83.31069946289062,-82.8936996459961,-1.8039000034332275,0.8996000289916992,[0. 0. 0.],[0. 0. 0. 1.],7.238867807619097,-3.894967842332842,"(20, 11)",303805.3854923248,303782.70858373493,-10685870510.989489,1538717.948717948,3.343899965286255,-3.894967842332842,10698634471.967678,19777981.583032854,21316699.531750802,19474198.87444912,10698938277.35317,13067766.36368189,0.19103927423397,1770934600.794144,1770934600.794144
3.6322479835342913,21,11,11087546739.88578,7486822.323269849,7866571.404652642,11087926512.627716,9405289.35337059,65973946.18121233,-91.7791976928711,-91.94450378417967,1.3382999897003174,-1.5571000576019287,[0. 0. 0.],[0. 0. 0. 1.],6.76620379035099,-3.015803723975257,"(21, 11)",379773.34046936035,379748.9577073315,-11021952566.716152,1538717.948717948,3.750400066375733,-3.015803723975257,11087546739.595884,7866571.326622596,9405289.275340544,7486822.3689152645,11087926512.936354,65973946.22020233,0.18377154056553777,1770934600.8430367,1770934600.8430367
5.506941276278662,21,0,11394538967.449884,48878117.96163544,49203358.19362714,11394864244.361532,50742076.142345086,36829628.647021964,-87.7052993774414,-87.75189971923828,-1.5469000339508057,1.319599986076355,[0. 0. 0.],[0. 0. 0. 1.],8.86107451211785,-3.1944742847618937,"(21, 0)",325277.72561073303,325240.0559645444,-11358034616.07325,1538717.9487179443,5.666600227355957,-3.1944742847618937,11394538967.159988,49203358.18559696,50742076.1343149,48878118.12963241,11394864244.8856,36829628.81234976,0.18738437678080214,1770934601.149943,1770934601.149943
2.8548880820278297,20,1,11240620145.12494,19120634.984359562,19424415.957046174,11240923946.014523,20963133.905764125,17322155.5262293,-89.4894027709961,-88.92050170898438,-3.085400104522705,2.6468000411987305,[0. 0. 0.],[0. 0. 0. 1.],5.378421035517765,-2.447621074427677,"(20, 1)",303801.1599807739,303780.736678686,-11223601790.489815,1538717.9487179518,2.930799961090088,-2.447621074427677,11240620145.044603,19424415.877904646,20963133.826622598,19120635.14122596,11240923946.204584,17322155.71476863,0.1841999823276871,1770934601.329619,1770934601.329619
2.7084189285559614,21,1,11635532749.501167,13135140.316627866,13439816.598071815,11635837443.888079,14978534.546789765,8937187.636473166,-89.46620178222656,-90.0022964477539,-0.135000005364418,-0.0037000000011175,[0. 0. 0.],[0. 0. 0. 1.],5.464760744195486,-2.6098608609252216,"(21, 1)",304695.0746192932,304676.0441706721,-11626900256.51984,1538717.94871795,2.854899883270264,-2.6098608609252216,11635532749.211271,13439816.518930288,14978534.467648238,13135140.474759616,11635837444.28589,8937187.766050681,0.18369066403535372,1770934601.3909292,1770934601.3909292
3.0443084663048783,30,1,11632986659.62079,10216275.026970865,10522797.367302585,11633293202.51364,12061515.316020533,6392947.292992103,-95.5385971069336,-94.07579803466795,-1.1342999935150146,0.1825000047683715,[0. 0. 0.],[0. 0. 0. 1.],5.318561597208403,-2.2369616464179973,"(30, 1)",306543.1096019745,306522.3263471555,-11626900255.314789,1538717.948717948,3.0815999507904053,-2.2369616464179973,11632986659.467682,10522797.288161058,12061515.236879006,10216274.961813902,11633293202.577284,6392947.2624949915,0.18595323868922653,1770934601.4551263,1770934601.4551263
3.1830404417408618,31,1,11696321915.896067,4862262.612288564,5168061.790379508,11696627736.847456,6706779.739097456,2511072.857506124,-91.22840118408205,-90.72589874267578,-2.021899938583374,1.9063999652862549,[0. 0. 0.],[0. 0. 0. 1.],5.403218332373771,-2.195018354499015,"(31, 1)",305820.985452652,305799.028445513,-11694116663.912294,1538717.948717948,3.208199977874756,-2.195018354499015,11696321915.87794,5168061.711237981,6706779.659955929,4862262.682792468,11696627736.863392,2511072.951096755,0.18342765696149418,1770934601.5171273,1770934601.5171273
4.598276689452153,20,2,11483613879.0993,57064200.043442845,57368847.05416356,11483918558.901056,58907565.002881505,58667543.894160554,-84.58580017089844,-84.99410247802734,-7.088200092315674,7.15339994430542,[0. 0. 0.],[0. 0. 0. 1.],5.780256972993651,-1.0445568425310032,"(20, 2)",304680.254032135,304646.54384515435,-11425251014.999031,1538717.9487179443,4.735700130462647,-1.0445568425310032,11483613879.018963,57368846.96764824,58907564.91636618,57064200.42380308,11483918559.272995,58667544.27396334,0.19984004750366102,1770934601.572664,1770934601.572664
4.050043927440533,21,2,11879526451.424246,52079145.36684637,52383294.169548176,11879830628.502367,53922012.11826612,51281147.63825992,-90.26940155029295,-92.14949798583984,-4.137800216674805,3.519399881362915,[0. 0. 0.],[0. 0. 0. 1.],6.2983455293594135,-2.120445691865517,"(21, 2)",304177.6686439514,304148.5908703953,-11828549481.122955,1538717.9487179443,4.1778998374938965,-2.120445691865517,11879526451.13435,52383294.083032854,53922012.0317508,52079145.49216246,11879830628.802994,51281147.68003806,0.18345887583925283,1770934601.6348886,1770934601.6348886
4.386132830760704,30,2,11875980353.531048,48159779.2841527,48496106.669548176,11876316711.764729,50034824.61826612,47767231.80638105,-85.74220275878906,-85.33309936523438,-5.111999988555908,4.84660005569458,[0. 0. 0.],[0. 0. 0. 1.],5.370857095168491,-0.8228572363122897,"(30, 2)",336358.8460292816,336326.9355969578,-11828549480.043104,1538717.9487179443,4.547999858856201,-0.8228572363122897,11875980353.37794,48496106.583032854,50034824.5317508,48159779.647435896,11876316712.223969,47767232.180864386,0.19701932680487738,1770934601.698205,1770934601.698205
5.0349337369060905,31,2,11938316170.70376,41805825.25031298,42113919.169548176,11938624299.975574,43652637.11826612,42858411.29487469,-90.75700378417967,-90.44629669189452,-6.372099876403809,5.850500106811523,[0. 0. 0.],[0. 0. 0. 1.],5.909298044654857,-0.8416982712478749,"(31, 2)",308129.3194103241,308093.7312199548,-11895765888.59366,1538717.9487179443,5.067599773406982,-0.8416982712478749,11938316170.685633,42113919.083032854,43652637.0317508,41805825.3518129,11938624300.005043,42858411.41138321,0.18339522498844557,1770934601.7591145,1770934601.7591145
6.588927956307192,20,3,11723607693.201866,22036871.91403827,22343013.733609162,11723913879.082945,23881731.682327114,29797212.87726796,-90.22630310058594,-89.84220123291016,-0.6509000062942505,0.0270000007003545,[0. 0. 0.],[0. 0. 0. 1.],8.333480663273496,-1.675980873081846,"(20, 3)",306186.1008872986,306141.576522436,-11694116666.181551,1538717.9487179518,6.65749979019165,-1.675980873081846,11723607693.121529,22343013.634314902,23881731.583032854,22036872.057792466,11723913879.222416,29797213.040865384,0.1835195899048928,1770934601.8127716,1770934601.8127716
5.9736952654885975,21,3,12134519864.885786,32052586.24791718,32359183.605404034,12134826501.310698,33897901.554121986,37411369.10695748,-85.33509826660156,-84.60340118408203,2.269599914550781,-2.6812000274658203,[0. 0. 0.],[0. 0. 0. 1.],8.658882207513464,-2.465282029748572,"(21, 3)",306637.35414123535,306596.8674879782,-12097415132.446325,1538717.9487179518,6.193600177764893,-2.465282029748572,12134519864.59589,32359183.506109774,33897901.454827726,32052586.638621796,12134826501.950031,37411369.503705926,0.19935875438062794,1770934601.889899,1770934601.889899
7.3036266142774355,31,3,12378305713.972994,5126585.830182139,5431050.592583524,12378610226.67067,6969768.541301472,12329453.377099203,-91.54879760742188,-91.31809997558594,0.4032000005245209,-0.7542999982833862,[0. 0. 0.],[0. 0. 0. 1.],8.413408825323614,-1.0846086239075987,"(31, 3)",304512.7047023773,304464.580829327,-12366280773.190268,1538717.948717948,7.328800201416016,-1.0846086239075987,12378305713.954866,5431050.493289263,6969768.442007211,5126585.912459936,12378610226.659569,12329453.469300881,0.1835663282808093,1770934602.2014806,1770934602.2014806
4.979266263956983,20,4,12195595513.71469,32488688.174490046,32853422.384194355,12195960281.997223,34392140.3329123,31328747.09953024,-98.25689697265624,-96.26219940185548,-2.44190001487732,2.524800062179565,[0. 0. 0.],[0. 0. 0. 1.],5.9957967768636635,-1.0153966914144448,"(20, 4)",364768.28550720215,364734.19971955195,-12164631534.877716,1538717.948717948,4.980400085449219,-1.0153966914144448,12195595513.634352,32853422.288161058,34392140.236879006,32488688.088441506,12195960281.919859,31328747.04214243,0.18768605583804973,1770934602.2961483,1770934602.2961483
4.3592964302712,21,4,12601507797.578096,37505769.740778714,37814207.64060461,12601816264.401743,39352925.58932256,33886263.56858569,-97.16110229492188,-96.56800079345705,0.5810999870300293,-0.1071000024676323,[0. 0. 0.],[0. 0. 0. 1.],6.075795992695039,-1.6344960773813186,"(21, 4)",308467.2976760864,308437.8756009564,-12567930001.079891,1538717.9487179518,4.441299915313721,-1.6344960773813186,12601507797.2882,37814207.54457131,39352925.49328926,37505769.668970354,12601816264.585876,33886263.505984575,0.18750095402746816,1770934602.3568404,1770934602.3568404
4.77749653744381,30,4,12597961587.505411,33585900.88214123,33891827.8329123,12598267546.464228,35430545.781630255,30337547.100231696,-92.42030334472656,-92.16390228271484,-0.5895000100135803,0.2671999931335449,[0. 0. 0.],[0. 0. 0. 1.],5.940327473034791,-1.0979273990296639,"(30, 4)",305959.2379055023,305926.8110226393,-12567929999.436638,1538717.9487179518,4.842400074005127,-1.0979273990296639,12597961587.352303,33891827.736879006,35430545.68559696,33585900.92585637,12598267546.590208,30337547.15357071,0.18403175579688155,1770934602.4202073,1770934602.4202073
4.765115979894313,31,4,12660299023.267866,27233076.507437147,27537460.845732816,12660603439.778688,29076178.794450764,25457031.410641193,-84.14179992675781,-84.24410247802734,-1.7628999948501587,1.5506000518798828,[0. 0. 0.],[0. 0. 0. 1.],6.018622700489663,-1.1386225860487453,"(31, 4)",304416.8169078827,304383.85792267695,-12635146408.268896,1538717.948717948,4.880000114440918,-1.1386225860487453,12660299023.249739,27537460.749699518,29076178.698417466,27233076.89177684,12660603440.066647,25457031.7977514,0.20024183384510297,1770934602.481063,1770934602.481063
2.1919305119622483,20,5,12379408013.714691,24576022.945397303,24879880.946067743,12379711887.495913,26418598.89478569,13431124.10472496,-88.04039764404297,-89.08709716796875,-4.43209981918335,3.875200033187866,[0. 0. 0.],[0. 0. 0. 1.],3.059692769990478,-0.7065927085738521,"(20, 5)",303874.04221725464,303857.12452423945,-12366280763.080341,1538717.948717948,2.353100061416626,-0.7065927085738521,12379408013.634354,24879880.62149439,26418598.570212338,24576023.49697015,12379711887.67657,13431124.596228966,0.18528456554240616,1770934602.5356185,1770934602.5356185
1.7467056986395426,21,5,12840501627.706303,17558677.367993325,17864223.89478569,12840807186.185144,19402941.843503643,4011546.649034207,-81.97000122070312,-82.78630065917969,-1.4500000476837158,0.8633000254631042,[0. 0. 0.],[0. 0. 0. 1.],2.7001653466200923,-0.7149652991271114,"(21, 5)",305559.3011302948,305545.74819711223,-12836795639.491976,1538717.9487179518,1.985200047492981,-0.7149652991271114,12840501627.416407,17864223.570212338,19402941.51893029,17558677.822015226,12840807186.717537,4011547.2255608975,0.1719650025552692,1770934602.5958338,1770934602.5958338
1.785264441199684,30,5,12821955778.21054,65855279.27240331,66161034.79222159,12822261546.178991,483342.4845292812,52682318.10239976,-80.70770263671875,-80.38990020751953,-2.1094000339508057,2.1484999656677246,[0. 0. 0.],[0. 0. 0. 1.],3.307452451537286,-1.4359524362784968,"(30, 5)",305768.0570163727,305754.9892327711,-12769579227.858364,-65677692.30769231,1.871500015258789,-1.4359524362784968,12821955778.057432,66161034.46764824,483342.1599559295,65855279.47841547,12822261546.114449,52682318.25608473,0.0759827912874744,1770934602.6441474,1770934602.6441474
1.6889014222726422,31,5,12868294087.370432,43503044.444276445,43872268.76658057,12868663323.93242,45410986.71529851,31867686.94567856,-82.27790069580078,-82.41120147705078,-3.364799976348877,3.2874999046325684,[0. 0. 0.],[0. 0. 0. 1.],2.987940860432817,-1.165540886563493,"(31, 5)",369236.71624565125,369223.4919621423,-12836795636.59672,1538717.9487179443,1.822399973869324,-1.165540886563493,12868294087.352304,43872268.442007214,45410986.39072516,43503044.95004507,12868663324.06855,31867687.47182993,0.1714354028248652,1770934602.6960597,1770934602.6960597
3.211485913705692,20,11,12598367348.650589,37144629.63296821,37448574.60978085,12598671315.457924,38987292.5584988,30741317.479675937,-83.0364990234375,-83.13960266113281,-1.8011000156402588,1.2926000356674194,[0. 0. 0.],[0. 0. 0. 1.],7.238867807619097,-3.9145677568836232,"(20, 11)",303967.19125556946,303944.60824819654,-12567929997.981184,1538717.9487179518,3.3243000507354736,-3.9145677568836232,12598367348.570251,37448574.5317508,38987292.48046875,37144629.9235026,12598671315.761507,30741317.780323517,0.19087439865415928,1770934602.7546468,1770934602.7546468
3.679698283675141,21,11,13067495610.078098,38162767.91936949,38542012.10978085,13067874878.242624,40080730.0584988,29430004.088153742,-91.90370178222656,-92.6604995727539,1.4239000082015991,-1.7285000085830688,[0. 0. 0.],[0. 0. 0. 1.],6.76620379035099,-2.973103671713905,"(21, 11)",379268.7362270355,379244.0717648193,-13038444874.424118,1538717.9487179518,3.793100118637085,-2.973103671713905,13067495609.788202,38542012.0317508,40080729.98046875,38162767.95998598,13067874878.52443,29430004.100310497,0.18401565117848143,1770934602.8229847,1770934602.8229847
2.859361200047953,20,1,13064354976.855719,28006880.682979967,28310922.367302585,13064659038.43496,29849640.316020533,26214170.757529512,-89.82540130615234,-88.49510192871094,-3.028599977493286,2.8506999015808105,[0. 0. 0.],[0. 0. 0. 1.],5.378421035517765,-2.442221132029606,"(20, 1)",304061.87399864197,304041.46634615585,-13038444867.678951,1538717.948717948,2.936199903488159,-2.442221132029606,13064354976.775381,28310922.288161058,29849640.236879006,28006880.821814902,13064659038.64938,26214170.970427684,0.18431093349222827,1770934603.2206283,1770934603.2206283
2.7112019650511847,21,1,13526483911.360151,22026996.4671385,22331323.008328225,13526788256.019154,23870040.957046174,17828512.556750055,-89.62870025634766,-89.1968994140625,-0.033500000834465,-0.4023000001907348,[0. 0. 0.],[0. 0. 0. 1.],5.464760744195486,-2.601860725503469,"(21, 1)",304345.39012527466,304326.31272536144,-13508959743.730639,1538717.948717948,2.8629000186920166,-2.601860725503469,13526483911.070255,22331322.929186698,23870040.877904646,22026996.616461337,13526788256.46038,17828512.729742587,0.1839619099163914,1770934603.2819242,1770934603.2819242
3.0447502984035806,30,1,13507937965.710545,3106500.3069624505,3414207.6237128414,13508245693.599325,4952925.57243079,66502361.53384147,-95.42549896240234,-93.7397003173828,-1.0216000080108645,0.5074999928474426,[0. 0. 0.],[0. 0. 0. 1.],5.318561597208403,-2.2346616223854046,"(30, 1)",307728.1149845123,307707.300430689,-13441743332.159624,1538717.948717949,3.083899974822998,-2.2346616223854046,13507937965.557436,3414207.544571314,4952925.493289263,3106500.244140625,13508245693.67242,66502361.51279547,0.18575550380232012,1770934603.3301623,1770934603.3301623
3.1761478105345047,31,1,13554277805.319153,47971547.54078047,48276915.95704617,13554583195.409172,49815633.905764125,45623454.2300873,-92.23629760742188,-92.18309783935548,-1.9874000549316408,1.860700011253357,[0. 0. 0.],[0. 0. 0. 1.],5.403218332373771,-2.217518392645988,"(31, 1)",305390.0615978241,305368.308042869,-13508959741.10143,1538717.9487179518,3.185699939727783,-2.217518392645988,13554277805.301025,48276915.877904646,49815633.8266226,47971547.56986178,13554583195.362623,45623454.26119291,0.1839794359156612,1770934603.3802042,1770934603.3802042
4.609211604997024,20,2,13279349439.996746,37943537.905376874,38248766.92595843,13279654701.885357,39787484.87467638,39560609.95537626,-84.6864013671875,-84.90049743652344,-6.706399917602539,7.098499774932861,[0. 0. 0.],[0. 0. 0. 1.],5.780256972993651,-1.0333568913591291,"(20, 2)",305262.3416213989,305228.5531850979,-13240094091.922117,1538717.9487179443,4.7469000816345215,-1.0333568913591291,13279349439.916409,38248766.83944311,39787484.788161054,37943538.28625801,13279654702.25803,39560610.33591246,0.19982264935664582,1770934603.4355676,1770934603.4355676
4.030540801048958,21,2,13741478358.475536,31964032.302126214,32267893.528522532,13741782247.842932,33806611.47724048,31173279.783679444,-91.06549835205078,-90.68830108642578,-4.433000087738037,3.630199909210205,[0. 0. 0.],[0. 0. 0. 1.],6.2983455293594135,-2.1362456911025776,"(21, 2)",303890.0209083557,303861.0526842922,-13710608968.318102,1538717.948717948,4.162099838256836,-2.1362456911025776,13741478358.18564,32267893.44200721,33806611.39072516,31964032.389322918,13741782248.206549,31173279.888446514,0.1834116752529582,1770934603.4968452,1770934603.4968452
4.337143343794968,30,2,13722932388.787468,13043106.885930095,13383350.259291762,13723272662.835533,14922068.20800971,12663696.308039356,-86.0697021484375,-85.42960357666016,-5.075699806213379,4.915500164031982,[0. 0. 0.],[0. 0. 0. 1.],5.370857095168491,-0.8739570135339694,"(30, 2)",340274.658203125,340242.93557191454,-13710608966.61225,1538717.948717948,4.4969000816345215,-0.8739570135339694,13722932388.63436,13383350.172776442,14922068.12149439,13043107.237204527,13723272663.292562,12663696.680313502,0.19604473489066934,1770934603.5452251,1770934603.5452251
5.074868300267824,31,2,13769272709.165308,57908226.87662336,58216282.95159946,13769580800.871675,59755000.90031741,58971835.33048989,-90.80919647216795,-90.9917984008789,-6.373899936676025,5.978099822998047,[0. 0. 0.],[0. 0. 0. 1.],5.909298044654857,-0.8059979500503651,"(31, 2)",308091.7280139923,308055.8894230798,-13710608965.454145,1538717.9487179518,5.103300094604492,-0.8059979500503651,13769272709.14718,58216282.865084134,59755000.813802086,57908226.975661054,13769580800.875195,58971835.42104868,0.1834155737258236,1770934603.5988772,1770934603.5988772
6.5935912196574415,20,3,13498343798.971106,49145427.85350899,49451595.464378394,13498650010.699522,50990313.413096346,56906677.9523709,-91.21299743652344,-90.01679992675781,-0.6108999848365784,0.4124999940395355,[0. 0. 0.],[0. 0. 0. 1.],8.333480663273496,-1.679680652592344,"(20, 3)",306211.93910217285,306167.4147385806,-13441743332.723024,1538717.9487179518,6.653800010681152,-1.679680652592344,13498343798.890768,49451595.365084134,50990313.313802086,49145427.95034555,13498650010.82987,56906678.10684595,0.18339597987220604,1770934603.654561,1770934603.654561
5.91692449990702,21,3,13960472709.437077,43166978.645141125,43470938.413096346,13960776707.922104,45009656.36181429,48518498.904828735,-84.9656982421875,-84.69930267333984,2.1774001121521,-2.5852999687194824,[0. 0. 0.],[0. 0. 0. 1.],8.658882207513464,-2.521282262445105,"(21, 3)",303999.41468811035,303959.27233573794,-13912258209.259861,1538717.9487179443,6.137599945068359,-2.521282262445105,13960472709.14718,43470938.313802086,45009656.26252003,43166979.04146635,13960776708.561869,48518499.30200821,0.19972299555173217,1770934603.7157729,1770934603.7157729
5.876653972970666,30,3,13941926707.697725,24246128.650165666,24551940.015660446,13942232557.721104,26090657.964378394,29974349.781737052,-88.30000305175781,-87.64230346679688,1.4611999988555908,-1.972499966621399,[0. 0. 0.],[0. 0. 0. 1.],8.088195173008208,-2.080895272953276,"(30, 3)",305850.5327281952,305811.01637620106,-13912258208.007858,1538717.948717948,6.007299900054932,-2.080895272953276,13941926707.544617,24551939.916366186,26090657.865084134,24246128.899989985,13942232558.077345,29974350.06948618,0.1866890673826171,1770934603.7641604,1770934603.7641604
6.8195542927568775,31,3,13988267508.844797,1895388.2153321502,2199992.9002758316,13988572158.78885,3738710.84899378,9097542.14278384,-99.48690032958984,-90.872802734375,0.4796000123023987,-0.9890000224113464,[0. 0. 0.],[0. 0. 0. 1.],8.413408825323614,-1.5921087955689757,"(31, 3)",304649.97120285034,304604.67998798075,-13979474616.542765,1538717.9487179485,6.821300029754639,-1.5921087955689757,13988267508.82667,2199992.8009815705,3738710.749699519,1895388.1209935897,13988572158.797873,9097542.255108174,0.18479634227728456,1770934603.8144245,1770934603.8144245
4.95588482657987,20,4,13713338262.112133,4249947.793097644,4612885.525219998,13713701233.793806,6151603.473937946,3092263.1551687024,-99.16320037841795,-97.84829711914062,-2.454900026321411,2.609499931335449,[0. 0. 0.],[0. 0. 0. 1.],5.9957967768636635,-1.0436969767538002,"(20, 4)",362971.66090774536,362937.731620593,-13710608970.61866,1538717.948717948,4.952099800109863,-1.0436969767538002,13713338262.031796,4612885.429186699,6151603.377904647,4249947.697566106,13713701233.692703,3092263.0740434695,0.18842269020184607,1770934603.8696287,1770934603.8696287
4.3174302870537415,21,4,14175467156.552462,65488416.51876467,65794351.87137384,14175773120.581978,116659.56368153615,61865684.00787695,-96.91120147705078,-97.0270004272461,0.369700014591217,-0.4050999879837036,[0. 0. 0.],[0. 0. 0. 1.],6.075795992695039,-1.6768959606515823,"(21, 4)",305964.4963207245,305935.3246444315,-14113907436.820835,-65677692.307692304,4.398900032043457,-1.6768959606515823,14175467156.262566,65794351.77534054,116659.46764823717,65488416.45069611,14175773120.758886,61865683.93805088,0.18757441919247608,1770934603.9308655,1770934603.9308655
4.790888366860395,30,4,14171920746.159266,61566846.42101513,61872637.127784096,14172226569.006933,63411355.07650205,58319133.96459422,-91.87670135498048,-92.09259796142578,-0.6294999718666077,0.2047999948263168,[0. 0. 0.],[0. 0. 0. 1.],5.940327473034791,-1.0810273364686287,"(30, 4)",305823.1295070648,305790.5461237952,-14113907435.11498,1538717.9487179518,4.859300136566162,-1.0810273364686287,14171920746.006157,61872637.0317508,63411354.98046875,61566846.485627,14172226569.135664,58319134.020683095,0.18384078121516703,1770934603.9940765,1770934603.9940765
4.68108143831318,31,4,14234261675.511463,55215871.62388707,55521114.69188666,14234566950.304022,57059832.64060461,53443106.60193282,-83.44950103759766,-84.15989685058594,-1.7908999919891355,1.4957000017166138,[0. 0. 0.],[0. 0. 0. 1.],6.018622700489663,-1.2282226722609035,"(31, 4)",305275.0964050293,305242.6225711182,-14181123843.602938,1538717.9487179443,4.79040002822876,-1.2282226722609035,14234261675.493336,55521114.595853366,57059832.54457131,55215871.97328225,14234566950.58974,53443106.98680389,0.19879254221316664,1770934604.056676,1770934604.056676
2.2006287471933597,20,5,13975331507.304441,7298997.6110025635,7603222.292221589,13975635747.828743,9141940.240939537,63377548.555761844,-88.03849792480469,-88.53849792480469,-3.9488000869750977,3.9691998958587646,[0. 0. 0.],[0. 0. 0. 1.],3.059692769990478,-0.693192869172607,"(20, 5)",304240.81655693054,304223.8049629405,-13912258198.962135,1538717.948717949,2.366499900817871,-0.693192869172607,13975331507.224104,7603221.967648237,9141939.916366186,7298998.1626852965,13975635748.04066,63377549.07852564,0.18584269172760753,1770934604.1315677,1770934604.1315677
1.7521153398396447,21,5,14437460393.73195,1321739.23576045,1628294.4076062043,14437766960.877333,3167012.356324153,54993885.36552852,-82.24749755859375,-83.35780334472656,-1.315000057220459,1.0616999864578247,[0. 0. 0.],[0. 0. 0. 1.],2.7001653466200923,-0.6939652714705562,"(21, 5)",306568.02446365356,306554.3463291265,-14382773075.46767,1538717.948717949,2.006200075149536,-0.6939652714705562,14437460393.442055,1628294.0830328525,3167012.0317508015,1321739.736703726,14437766961.466518,54993885.998848155,0.18413987716554941,1770934604.1929286,1770934604.1929286
1.778522765803121,30,5,14432913967.313112,63616212.856851876,63922132.54863185,14433219899.399488,65460850.49734979,50446825.1220924,-80.44760131835938,-81.09950256347656,-2.397200107574463,1.9594999551773071,[0. 0. 0.],[0. 0. 0. 1.],3.307452451537286,-1.4299523943168269,"(30, 5)",305932.30418777466,305919.2051031664,-14382773074.059168,1538717.9487179443,1.877500057220459,-1.4299523943168269,14432913967.160004,63922132.224058494,65460850.17277644,63616213.01895533,14433219899.464191,50446825.40502304,0.08715393220297625,1770934604.2551003,1770934604.2551003
1.6543380430619536,31,5,14495255481.60121,57265452.16178684,57631908.18965749,14495621949.645756,59170626.13837544,45632466.56775942,-82.14569854736328,-82.9801025390625,-3.213000059127808,3.455199956893921,[0. 0. 0.],[0. 0. 0. 1.],2.987940860432817,-1.1924408203784957,"(31, 5)",366468.2711086273,366455.2189753577,-14449989482.687975,1538717.9487179518,1.7955000400543213,-1.1924408203784957,14495255481.583082,57631907.865084134,59170625.813802086,57265452.64610878,14495621949.85419,45632467.16621595,0.177982558422172,1770934604.3161464,1770934604.3161464
3.1990056188375484,20,11,14216325649.932648,41906617.77598676,42210497.68670393,14216629551.618334,43749215.63542188,35505707.6270824,-82.95189666748047,-83.34010314941406,-1.8625999689102173,0.9563999772071838,[0. 0. 0.],[0. 0. 0. 1.],7.238867807619097,-3.9257677080554987,"(20, 11)",303902.0870895386,303879.5510316491,-14181123843.994188,1538717.9487179518,3.313100099563598,-3.9257677080554987,14216325649.85231,42210497.60867388,43749215.55739183,41906618.05764223,14216629551.9394,35505707.94521234,0.19179069050555544,1770934604.3725948,1770934604.3725948
3.628607469184759,21,11,14678454175.783234,35929892.3961746,36308542.5584988,14678832849.57964,37847260.50721675,27194129.27131304,-92.29509735107422,-92.79679870605467,1.3904000520706177,-1.6371999979019165,[0. 0. 0.],[0. 0. 0. 1.],6.76620379035099,-3.0272037083349987,"(21, 11)",378674.36335754395,378650.0588441491,-14651638720.577974,1538717.9487179518,3.739000082015991,-3.0272037083349987,14678454175.493338,36308542.48046875,37847260.4291867,35929892.4216246,14678832849.856695,27194129.278720953,0.18420142955039767,1770934604.4339101,1770934604.4339101
4.904975583288367,21,0,14905448310.39862,64527954.18366881,64840449.53978098,14905760839.70726,66379167.48849893,52472896.99766623,-86.84600067138672,-97.67449951171876,-2.1988000869750977,1.4732999801635742,[0. 0. 0.],[0. 0. 0. 1.],8.86107451211785,-3.8431745220360636,"(21, 0)",312529.766374588,312495.13283753395,-14853287943.068333,1538717.9487179518,5.017899990081787,-3.8431745220360636,14905448310.108725,64840449.5317508,66379167.48046875,64527954.398913264,14905760839.8751,52472896.806765825,0.18386225835269587,1770934604.6610043,1770934604.6610043
2.868479450636876,20,1,14653314031.342907,3767435.981411103,4071723.649353867,14653618338.985844,5610441.598071815,1979625.2484594104,-89.8958969116211,-89.00990295410156,-2.670099973678589,2.6308999061584477,[0. 0. 0.],[0. 0. 0. 1.],5.378421035517765,-2.4381210477247963,"(20, 1)",304307.9082775116,304287.453675881,-14651638713.738905,1538717.9487179485,2.9402999877929688,-2.4381210477247963,14653314031.26257,4071723.5702123395,5610441.518930288,3767436.1165364585,14653618339.170847,1979625.4319411058,0.18393901638111,1770934604.8094845,1770934604.8094845
2.683451180296562,21,1,15100443278.34734,50009063.80363399,50313542.55961028,15100747775.014275,51852260.50832823,45810595.544875555,-89.8759994506836,-88.62879943847656,0.1806000024080276,-0.3427000045776367,[0. 0. 0.],[0. 0. 0. 1.],5.464760744195486,-2.6267606850676777,"(21, 1)",304497.4302635193,304478.54066506773,-15054937179.737633,1538717.9487179518,2.838000059127808,-2.6267606850676777,15100443278.057444,50313542.48046875,51852260.4291867,50009063.93980368,15100747775.487707,45810595.75007512,0.18418501768874704,1770934604.8558738,1770934604.8558738
3.0305625298758856,30,1,15082897100.325937,32086831.323797043,32394512.11089233,15083204801.577845,33933230.05961028,28267623.295907438,-94.8469009399414,-94.28919982910156,-1.4220999479293823,0.6248999834060669,[0. 0. 0.],[0. 0. 0. 1.],5.318561597208403,-2.2492616609138465,"(30, 1)",307701.4629650116,307680.75796274096,-15054937178.376078,1538717.948717948,3.069299936294556,-2.2492616609138465,15082897100.172829,32394512.031750802,33933229.98046875,32086831.27378806,15083204801.635794,28267623.259715546,0.18580241534696815,1770934604.9051292,1770934604.9051292
3.2258188390338587,31,1,15146240048.908905,26736896.065023527,27042701.21345643,15146545876.075686,28581419.16217438,24392288.805345684,-91.78359985351562,-91.11409759521484,-1.788100004196167,1.8904999494552608,[0. 0. 0.],[0. 0. 0. 1.],5.403218332373771,-2.158418241583976,"(31, 1)",305827.1828670502,305805.0224108547,-15122153587.192684,1538717.9487179518,3.244800090789795,-2.158418241583976,15146240048.890778,27042701.134314902,28581419.083032854,26736896.111904047,15146545876.073645,24392288.880959537,0.18356795121559388,1770934604.9671385,1770934604.9671385
4.645043189937013,20,2,14866308542.560856,11697572.125659078,12004351.861855865,14866615355.421154,13543069.810573814,13327417.368619198,-84.7677001953125,-84.23490142822266,-7.007199764251709,6.686800003051758,[0. 0. 0.],[0. 0. 0. 1.],5.780256972993651,-0.9984571797502424,"(20, 2)",306813.3075428009,306779.2687049266,-14853287938.044672,1538717.94871795,4.781799793243408,-0.9984571797502424,14866308542.480518,12004351.775340544,13543069.724058494,11697572.506635617,14866615355.788061,13327417.743389422,0.2003339325916842,1770934605.0226483,1770934605.0226483
4.077573380972624,21,2,15328437396.937084,5722784.892909524,6026643.528522532,15328741284.043,7565361.4772404805,4938469.908140568,-91.62000274658205,-92.34480285644533,-3.95989990234375,4.285900115966797,[0. 0. 0.],[0. 0. 0. 1.],6.2983455293594135,-2.1033453576980365,"(21, 2)",303887.6890525818,303858.48607772496,-15323802814.393707,1538717.948717948,4.195000171661377,-2.1033453576980365,15328437396.647188,6026643.442007212,7565361.39072516,5722784.955929487,15328741284.33624,4938469.9425330525,0.18383147445146256,1770934605.0838296,1770934605.0838296
4.305070359619865,30,2,15324890826.287476,1799668.86756793,2143286.15672766,15325234474.02652,3682004.105445609,1431661.2199707038,-85.56050109863281,-86.22550201416016,-5.07289981842041,4.833499908447266,[0. 0. 0.],[0. 0. 0. 1.],5.370857095168491,-0.9074572080835299,"(30, 2)",343648.32169151306,343616.83380909427,-15323802812.891304,1538717.948717949,4.463399887084961,-0.9074572080835299,15324890826.134367,2143286.0702123395,3682004.0189302885,1799669.2364032452,15325234474.456059,1431661.5647536058,0.1953489503939288,1770934605.147103,1770934605.147103
5.076639057901688,31,2,15386234359.806341,61666231.39721016,61972645.13108663,15386540809.198946,63511363.079804584,62737997.62910713,-90.69509887695312,-90.68830108642578,-5.87939977645874,5.852399826049805,[0. 0. 0.],[0. 0. 0. 1.],5.909298044654857,-0.8012982430191151,"(31, 2)",306449.4284610748,306413.5429186672,-15323802811.482801,1538717.9487179518,5.107999801635742,-0.8012982430191151,15386234359.788214,61972645.04457131,63511362.99328926,61666231.50165264,15386540809.216675,62737997.7338742,0.18339582777449737,1770934605.2072203,1770934605.2072203
6.627171435973294,20,3,15105302380.701883,42909367.96938351,43214584.246429674,15105607641.25191,44753302.195147626,50670462.00660117,-90.52429962158205,-90.31919860839844,-0.5447999835014343,0.6621000170707703,[0. 0. 0.],[0. 0. 0. 1.],8.333480663273496,-1.64358074185626,"(20, 3)",305260.7453174591,305216.0488030836,-15054937179.22118,1538717.9487179518,6.689899921417236,-1.64358074185626,15105302380.621546,43214584.147135414,44753302.095853366,42909368.09833233,15105607641.366863,50670462.145683095,0.18340949642643145,1770934605.2615492,1770934605.2615492
5.917926177111285,21,3,15566431251.103752,35935716.421637185,36239960.84899378,15566735534.275806,37778678.79771173,41283479.21422601,-84.68730163574219,-85.58570098876953,2.5703999996185303,-2.794800043106079,[0. 0. 0.],[0. 0. 0. 1.],8.658882207513464,-2.522082395196569,"(21, 3)",304284.08891677856,304243.9309144616,-15525452055.304165,1538717.9487179518,6.136799812316895,-2.522082395196569,15566431250.813856,36239960.74969952,37778678.69841747,35935716.81878506,15566735534.902773,41283479.59860777,0.19880314737209231,1770934605.3218355,1770934605.3218355
5.854116347396115,30,3,15561884672.441324,31012782.066852067,31319007.323352754,15562190936.22947,32857725.272070702,36738882.261449315,-88.12650299072266,-87.24520111083984,1.570199966430664,-2.111299991607666,[0. 0. 0.],[0. 0. 0. 1.],8.088195173008208,-2.0985949914286177,"(30, 3)",306264.3197860718,306224.89733573794,-15525452054.036512,1538717.948717948,5.98960018157959,-2.0985949914286177,15561884672.288216,31319007.224058494,32857725.172776442,31012782.326722756,15562190936.608002,36738882.571489386,0.18759465425368607,1770934605.3841264,1770934605.3841264
6.270827738726132,31,3,15624228710.767881,24663581.053202182,24970417.57976301,15624535589.539038,26509135.52848096,31867129.994324967,-97.59020233154295,-100.46890258789062,0.5364000201225281,-0.821399986743927,[0. 0. 0.],[0. 0. 0. 1.],8.413408825323614,-2.169908592627081,"(31, 3)",306878.58385849,306836.500901442,-15592668459.44141,1538717.948717948,6.243500232696533,-2.169908592627081,15624228710.749754,24970417.48046875,26509135.429186698,24663580.979567308,15624535589.333612,31867129.892202523,0.1885886478690665,1770934605.445181,1770934605.445181
4.963326773561599,20,4,15345296202.817268,23009873.667990863,23370954.435476407,15345657317.572132,24909672.384194355,21854500.748341173,-100.247802734375,-99.02149963378906,-2.6421000957489014,2.5629000663757324,[0. 0. 0.],[0. 0. 0. 1.],5.9957967768636635,-1.0395966540304116,"(20, 4)",361114.72105407715,361080.7761167884,-15323802816.803814,1538717.948717948,4.956200122833252,-1.0395966540304116,15345296202.73693,23370954.33944311,24909672.288161058,23009873.56332632,15345657317.457985,21854500.654171675,0.18894094713369822,1770934605.501625,1770934605.501625
4.262919868392943,21,4,15807425033.155035,17036780.13321267,17342148.345732816,15807730429.696478,18880866.294450764,13412736.790365394,-95.89659881591795,-95.97650146484376,0.7160999774932861,-0.5206000208854675,[0. 0. 0.],[0. 0. 0. 1.],6.075795992695039,-1.7261961544382034,"(21, 4)",305397.0258655548,305368.16719250754,-15794317693.15285,1538717.948717948,4.349599838256836,-1.7261961544382034,15807425032.865139,17342148.249699518,18880866.198417466,17036780.08250701,15807730429.891005,13412736.73815605,0.18686897881137432,1770934605.5627995,1770934605.5627995
4.763694550123478,30,4,15801878446.479786,11113483.991351463,11417669.179066151,15802182663.644598,12956387.127784101,7864972.285894339,-92.20240020751952,-92.38990020751952,-0.1220000013709068,-0.099600002169609,[0. 0. 0.],[0. 0. 0. 1.],5.940327473034791,-1.1118276790284431,"(30, 4)",304217.4353981018,304185.03981370106,-15794317691.431347,1538717.94871795,4.828499794006348,-1.1118276790284431,15801878446.326677,11417669.083032852,12956387.031750802,11113484.043219151,15802182663.762075,7864972.330729167,0.18403500065824752,1770934605.6240535,1770934605.6240535
4.727257479193086,31,4,15864223021.665318,4764434.824109838,5069656.358553331,15864528275.12378,6608374.30727128,2994174.463674137,-83.70809936523438,-84.28060150146484,-1.638100028038025,0.9358999729156494,[0. 0. 0.],[0. 0. 0. 1.],6.018622700489663,-1.1791227500807269,"(31, 4)",305253.76539993286,305221.07246594504,-15861534100.560953,1538717.948717949,4.839499950408936,-1.1791227500807269,15864223021.64719,5069656.262520032,6608374.211237981,4764435.190054087,15864528275.41259,2994174.85163762,0.19971346427883965,1770934605.6851046,1770934605.6851046
2.2135074406153876,20,5,15583290064.996758,2056991.3345354786,2364095.689657486,15583597185.27937,3902813.638375435,58145139.78993498,-87.97049713134766,-88.98909759521484,-4.504799842834473,3.696399927139282,[0. 0. 0.],[0. 0. 0. 1.],3.059692769990478,-0.6836928424697262,"(20, 5)",307120.54912757874,307103.47493489576,-15525452045.178589,1538717.948717949,2.375999927520752,-0.6836928424697262,15583290064.91642,2364095.3650841345,3902813.3138020835,2056991.8901492388,15583597185.465548,58145140.286959134,0.185458120384693,1770934605.7395947,1770934605.7395947
1.8059034865659267,21,5,16045418887.321703,63300919.07099627,63606227.099913895,16045724207.641588,65144945.04863185,49757285.77247811,-81.36650085449219,-82.41169738769531,-1.4174000024795532,1.0635000467300415,[0. 0. 0.],[0. 0. 0. 1.],2.7001653466200923,-0.6807654652571773,"(21, 5)",305321.0918712616,305307.36678685993,-15995966921.824976,1538717.9487179518,2.019399881362915,-0.6807654652571773,16045418887.031807,63606226.77534054,65144944.724058494,63300919.40855368,16045724208.123678,49757286.298702925,0.15084616044825885,1770934605.8007627,1770934605.8007627
1.7679065636916682,30,5,16041872220.51825,59377212.527987406,59683046.01017031,16042178066.3427,61221763.958888255,46211146.00534997,-80.3844985961914,-80.93910217285156,-2.217400074005127,2.0488998889923096,[0. 0. 0.],[0. 0. 0. 1.],3.307452451537286,-1.446752440283929,"(30, 5)",305846.0098648071,305833.0046824962,-15995966920.119122,1538717.9487179443,1.860700011253357,-1.446752440283929,16041872220.36514,59683045.68559696,61221763.6343149,59377212.68091446,16042178066.375006,46211146.25588442,0.08124580412886473,1770934605.8641598,1770934605.8641598
1.6663663998560825,31,5,16103217925.511473,52028943.489557885,52392092.48452928,16103581086.61304,53930810.43324723,40397757.4594402,-81.59349822998047,-81.96549987792969,-3.186000108718872,3.454200029373169,[0. 0. 0.],[0. 0. 0. 1.],2.987940860432817,-1.217140865964128,"(31, 5)",363161.18289375305,363148.28725961596,-16063183328.763578,1538717.9487179518,1.770799994468689,-1.217140865964128,16103217925.493345,52392092.159955926,53930810.10867388,52028943.87269631,16103581086.676239,40397757.912660256,0.14672642115637635,1770934605.9242153,1770934605.9242153
3.2436147089559353,20,11,15824284215.637785,36668891.96274428,36972701.21234495,15824588046.882694,38511419.1610629,30270356.346336737,-83.70880126953125,-83.55439758300781,-1.809499979019165,0.7487000226974487,[0. 0. 0.],[0. 0. 0. 1.],7.238867807619097,-3.8696678163929006,"(20, 11)",303831.6619091034,303808.82850059867,-15794317690.539293,1538717.9487179518,3.3691999912261963,-3.8696678163929006,15824284215.557447,36972701.1343149,38511419.083032854,36668892.3058143,15824588047.219357,30270356.680063102,0.19768212258195578,1770934605.9806209,1770934605.9806209
3.6818946160343904,21,11,16286412669.372986,30696932.098635897,31075153.135421872,16286790914.400112,32613871.08413982,21958347.937932774,-92.76920318603516,-92.64969635009766,1.3447999954223633,-1.2115999460220337,[0. 0. 0.],[0. 0. 0. 1.],6.76620379035099,-2.9758037621222297,"(21, 11)",378245.5992088318,378220.95039563254,-16264832566.731829,1538717.948717948,3.79040002822876,-2.9758037621222297,16286412669.08309,31075153.057391826,32613871.006109774,30696932.106996194,16286790914.682299,21958347.950470753,0.18432402812613957,1770934606.0420268,1770934606.0420268
4.926809562161762,21,0,16553405778.347345,32072260.186412085,32378766.847473294,16553712319.070784,33917484.79619124,20014119.88832339,-86.91840362548828,-96.39969635009766,-2.340399980545044,1.4845000505447388,[0. 0. 0.],[0. 0. 0. 1.],8.86107451211785,-3.8192744899926065,"(21, 0)",306541.200296402,306506.44155649096,-16533698199.541199,1538717.9487179443,5.041800022125244,-3.8192744899926065,16553405778.05745,32378766.83944311,33917484.788161054,32072260.39788662,16553712319.257746,20014119.716546476,0.18390543709442037,1770934606.308885,1770934606.308885
2.8188580886792587,20,1,16332270762.112146,2309002.2744981274,2612853.457046175,16332574632.974442,4151571.4057641234,525663.0145923041,-89.42019653320312,-89.22360229492188,-3.0659000873565674,2.693300008773804,[0. 0. 0.],[0. 0. 0. 1.],5.378421035517765,-2.485620942820621,"(20, 1)",303871.11565971375,303850.9427584135,-16332048969.96137,1538717.9487179485,2.892800092697144,-2.485620942820621,16332270762.031809,2612853.3779046475,4151571.326622596,2309002.435146234,16332574633.147469,525663.1860977564,0.1840534734936781,1770934606.4884832,1770934606.4884832
2.7467503395778534,21,1,16794399552.385809,63555228.23561646,63859640.31602053,16794703982.73147,65398358.264738485,59356546.507508785,-89.70149993896484,-88.96620178222656,0.0745000019669532,0.2364999949932098,[0. 0. 0.],[0. 0. 0. 1.],5.464760744195486,-2.5649606820159208,"(21, 1)",304431.0897426605,304411.85584434867,-16735347436.492195,1538717.9487179518,2.899800062179565,-2.5649606820159208,16794399552.095913,63859640.236879006,65398358.18559696,63555228.38103466,16794703983.185656,59356546.69345953,0.1840562106750861,1770934606.5498583,1770934606.5498583
3.0372267214385946,30,1,16790852789.428509,59630791.914492026,59935978.45704617,16791157996.481497,61474696.405764125,55810561.80494399,-95.00969696044922,-94.09819793701172,-0.8902999758720398,0.4320999979972839,[0. 0. 0.],[0. 0. 0. 1.],5.318561597208403,-2.2423615888160686,"(30, 1)",305207.2691307068,305186.51717748493,-16735347434.770693,1538717.9487179518,3.076200008392334,-2.2423615888160686,16790852789.2754,59935978.377904646,61474696.3266226,59630791.86072716,16791157996.54453,55810561.77383814,0.18577886726444506,1770934606.6132529,1770934606.6132529
3.168722438965599,31,1,16854199552.11404,54282855.55218398,54586996.0852513,16854503714.362186,56125714.03396925,51939871.08848284,-91.0322036743164,-90.67459869384766,-1.6902999877929688,2.069299936294556,[0. 0. 0.],[0. 0. 0. 1.],5.403218332373771,-2.2076182995673745,"(31, 1)",304162.28465652466,304140.37459935993,-16802563843.196049,1538717.9487179518,3.1956000328063965,-2.2076182995673745,16854199552.095913,54586996.006109774,56125713.954827726,54282855.631510414,16854503714.38057,51939871.18452023,0.18340862251304185,1770934606.675138,1770934606.675138
4.628523653972965,20,2,16575264359.868557,40231054.38685782,40537981.669548176,16575571320.156767,42076699.61826612,41873125.64701796,-84.44830322265625,-84.07879638671875,-7.021200180053711,7.23169994354248,[0. 0. 0.],[0. 0. 0. 1.],5.780256972993651,-1.015957103456297,"(20, 2)",306960.7309188843,306926.81728265435,-16533698194.501886,1538717.9487179443,4.7642998695373535,-1.015957103456297,16575264359.78822,40537981.583032854,42076699.5317508,40231054.7657502,16575571320.519138,41873126.0172526,0.20032526857183833,1770934606.7315505,1770934606.7315505
4.06620446367595,21,2,17037393286.360168,34261483.51506744,34565409.55416356,17037697240.769249,36104127.502881505,33484170.098925885,-92.45089721679688,-89.7615966796875,-3.9972000122070312,4.253300189971924,[0. 0. 0.],[0. 0. 0. 1.],6.2983455293594135,-2.102045499604775,"(21, 2)",303955.10942459106,303925.92210036516,-17004213070.92917,1538717.9487179443,4.196300029754639,-2.102045499604775,17037393286.070272,34565409.46764824,36104127.41636618,34261483.54554787,17037697241.179697,33484170.25052584,0.1834158484177163,1770934606.7928097,1770934606.7928097
4.341710557809629,30,2,17035846427.249023,32336449.33087603,32683662.759291764,17036193671.319216,34222380.70800971,31980601.78940229,-86.4999008178711,-85.19139862060547,-5.036499977111816,5.000199794769287,[0. 0. 0.],[0. 0. 0. 1.],5.370857095168491,-0.8713572973474459,"(30, 2)",347244.6852455139,347213.00956530496,-17004213069.614569,1538717.948717948,4.499499797821045,-0.8713572973474459,17035846427.095915,32683662.672776442,34222380.62149439,32336449.663211137,17036193671.78116,31980602.166591547,0.19575928932692027,1770934606.8581412,1770934606.8581412
5.0702972501796335,31,2,17098193766.857632,25988582.35348042,26296619.490060996,17098501839.645119,27835337.438778944,27072361.533802815,-90.52110290527344,-91.03589630126952,-6.011600017547607,5.8979997634887695,[0. 0. 0.],[0. 0. 0. 1.],5.909298044654857,-0.8087979378433339,"(31, 2)",308072.80711746216,308036.9372245595,-17071429478.024277,1538717.948717948,5.100500106811523,-0.8087979378433339,17098193766.839504,26296619.403545674,27835337.352263622,25988582.466321114,17098501839.646622,27072361.622345753,0.1834004395357706,1770934606.921531,1770934606.921531
6.622807536141011,20,3,16841257645.12497,31237119.439744197,31542404.75925019,16841562974.7225,33081122.70796814,38999128.9826682,-90.31919860839844,-90.30979919433594,-0.9004999995231628,0.2644000053405761,[0. 0. 0.],[0. 0. 0. 1.],8.333480663273496,-1.6463807296492288,"(20, 3)",305329.79329299927,305285.081129808,-16802563845.715704,1538717.948717948,6.687099933624268,-1.6463807296492288,16841257645.044632,31542404.65995593,33081122.608673878,31237119.578826122,16841562974.837925,38999129.12222055,0.18342821108617843,1770934606.997547,1770934606.997547
5.9406734892767235,21,3,17302386443.41145,24268621.07175706,24575097.066942498,17302692958.26648,26113815.015660446,29614236.381724942,-84.40239715576172,-84.83090209960938,2.350600004196167,-2.783699989318848,[0. 0. 0.],[0. 0. 0. 1.],8.658882207513464,-2.4976821609741577,"(21, 3)",306515.7846336365,306475.5014272854,-17273078722.12734,1538717.948717948,6.161200046539307,-2.4976821609741577,17302386443.12155,24575096.967648238,26113814.916366186,24268621.466220953,17302692958.906185,29614236.778846152,0.20019313004068692,1770934607.0577364,1770934607.0577364
5.865188004778245,30,3,17298840177.249023,20344351.672584992,20648911.1695066,17299144775.36677,22187629.11822455,26066054.794679537,-88.40750122070312,-88.24909973144531,1.1920000314712524,-1.7740999460220337,[0. 0. 0.],[0. 0. 0. 1.],8.088195173008208,-2.0985949914286177,"(30, 3)",304598.59212112427,304559.1540214345,-17273078720.640583,1538717.9487179518,5.98960018157959,-2.0985949914286177,17298840177.095913,20648911.070212338,22187629.01893029,20344351.916190904,17299144775.688034,26066055.047450922,0.18573331078918262,1770934607.121083,1770934607.121083
7.225206896253421,31,3,17361187524.87045,13996616.703360539,14301675.592583524,17361492631.725445,15840393.541301474,21197502.258854505,-91.0915985107422,-91.0469970703125,0.1386999934911728,-0.9861999750137328,[0. 0. 0.],[0. 0. 0. 1.],8.413408825323614,-1.1582089161134093,"(31, 3)",305106.8741226196,305058.6876502391,-17340295129.36329,1538717.94871795,7.255199909210205,-1.1582089161134093,17361187524.85232,14301675.493289262,15840393.442007212,13996616.805639023,17361492631.726444,21197502.36315605,0.18344906747432838,1770934607.1821282,1770934607.1821282
4.923108122356173,20,4,17081251459.227533,11334037.046314327,11693141.935476407,17081610597.874775,13231859.884194357,10181114.572109101,-100.0081024169922,-99.83660125732422,-2.6858999729156494,2.657900094985962,[0. 0. 0.],[0. 0. 0. 1.],5.9957967768636635,-1.0805965434041909,"(20, 4)",359138.60614585876,359104.8959585335,-17071429483.282688,1538717.94871795,4.915200233459473,-1.0805965434041909,17081251459.147196,11693141.839443108,13231859.788161058,11334036.943484575,17081610597.753342,10181114.470653044,0.18907241250329115,1770934607.2376688,1770934607.2376688
4.319005376650539,21,4,17542380249.50119,4366128.326627893,4671355.076502049,17542685504.972942,6210073.025219998,741145.4940616266,-95.99960327148438,-96.88269805908205,0.4665000140666961,-0.1145000010728836,[0. 0. 0.],[0. 0. 0. 1.],6.075795992695039,-1.6726959789621292,"(21, 4)",305255.94075393677,305226.706480369,-17541944359.725613,1538717.948717949,4.40310001373291,-1.6726959789621292,17542380249.211292,4671354.98046875,6210072.929186699,4366128.273988381,17542685505.152046,741145.4264322916,0.18721013819146626,1770934607.2977636,1770934607.2977636
4.777485290863093,30,4,17538833374.364403,440894.02364352153,745393.5380405105,17539137905.88618,2284111.486758459,64409957.804223806,-92.75270080566406,-91.84549713134766,-0.6043999791145325,0.4963000118732452,[0. 0. 0.],[0. 0. 0. 1.],5.940327473034791,-1.0978272632264412,"(30, 4)",304531.81340026855,304499.38651842944,-17474727948.154602,1538717.9487179485,4.84250020980835,-1.0978272632264412,17538833374.211292,745393.4420072115,2284111.39072516,440894.05548878206,17539137906.024693,64409957.870092146,0.18402206896479809,1770934607.3611624,1770934607.3611624
4.681904655518111,31,4,17601181835.76788,61310297.38913171,61615738.08932256,17601487308.120773,63154456.03804051,59542951.20691427,-84.1364974975586,-84.42330169677734,-1.3867000341415403,1.5477999448776243,[0. 0. 0.],[0. 0. 0. 1.],6.018622700489663,-1.2213228385817043,"(31, 4)",305472.6625099182,305440.2199769616,-17541944356.814705,1538717.9487179518,4.797299861907959,-1.2213228385817043,17601181835.749752,61615737.99328926,63154455.942007214,61310297.7733123,17601487308.412262,59542951.59755609,0.20034103173197876,1770934607.4221306,1770934607.4221306
2.176239512466665,20,5,17320245297.368557,58594716.09254561,58898999.535811335,17320549596.504753,60437717.48452928,47470884.473848574,-87.83409881591797,-88.8552017211914,-4.473999977111816,3.7074999809265137,[0. 0. 0.],[0. 0. 0. 1.],3.059692769990478,-0.718592792497192,"(20, 5)",304299.4103050232,304282.5552133396,-17273078711.72006,1538717.9487179443,2.341099977493286,-0.718592792497192,17320245297.28822,58898999.21123798,60437717.159955926,58594716.65602464,17320549596.698524,47470884.97846554,0.18576343379908725,1770934607.478076,1770934607.478076
1.7533870345657916,21,5,17793373767.129387,63627096.33085732,63932677.42042672,17793679360.228058,65471395.36914466,50085772.03658925,-81.92449951171875,-82.53040313720703,-1.2720999717712402,0.7272999882698059,[0. 0. 0.],[0. 0. 0. 1.],2.7001653466200923,-0.7144653353667354,"(21, 5)",305593.8877220154,305580.3191356212,-17743593588.147335,1538717.9487179443,1.985700011253357,-0.7144653353667354,17793373766.83949,63932677.095853366,65471395.04457131,63627096.776717745,17793679360.72721,50085772.5798778,0.16668599456901367,1770934607.5488057,1770934607.5488057
1.761153851464157,30,5,17788826883.979782,58701513.65338759,59008654.98452928,17789134037.632324,60547372.93324723,45540450.73787019,-80.31510162353516,-80.50540161132812,-1.908200025558472,2.0720999240875244,[0. 0. 0.],[0. 0. 0. 1.],3.307452451537286,-1.4668524378043755,"(30, 5)",307153.7585105896,307140.8628806025,-17743593586.676228,1538717.9487179518,1.8406000137329104,-1.4668524378043755,17788826883.82667,59008654.659955926,60547372.60867388,58701513.797075324,17789134037.585182,45540450.90895433,0.07042406732454393,1770934607.611214,1770934607.611214
1.6628013530578494,31,5,17851175906.280693,52354701.7385845,52715433.83068313,17851536650.45637,54254151.77940108,40726654.66741405,-81.4917984008789,-82.12480163574219,-3.02209997177124,3.343400001525879,[0. 0. 0.],[0. 0. 0. 1.],2.987940860432817,-1.219540906590654,"(31, 5)",360744.2846069336,360731.4046223983,-17810809995.398937,1538717.9487179518,1.768399953842163,-1.219540906590654,17851175906.262566,52715433.506109774,54254151.454827726,52354702.101487376,17851536650.547173,40726655.148237176,0.14780869141014866,1770934607.6720154,1770934607.6720154
3.1881217640288315,20,11,17572239167.56086,36994525.02924013,37298398.32772957,17572543062.552406,38837116.27644752,30598705.693686604,-83.88739776611328,-83.49479675292969,-1.8476999998092647,1.2200000286102295,[0. 0. 0.],[0. 0. 0. 1.],7.238867807619097,-3.924367714159014,"(20, 11)",303895.40452194214,303872.8684645444,-17541944356.861656,1538717.9487179518,3.314500093460083,-3.924367714159014,17572239167.480522,37298398.24969952,38837116.19841747,36994525.38123497,17572543062.885044,30598706.02338742,0.19811025467095972,1770934607.7286232,1770934607.7286232
3.64766784656926,21,11,18034367549.180664,31027754.713084094,31405497.686703924,18034745315.95537,32944215.635421872,22286082.983039115,-91.96269989013672,-93.02420043945312,1.3437999486923218,-1.666100025177002,[0. 0. 0.],[0. 0. 0. 1.],6.76620379035099,-3.007403760596351,"(21, 11)",377767.333984375,377742.8573217131,-18012459233.241978,1538717.948717948,3.758800029754639,-3.007403760596351,18034367548.890766,31405497.608673878,32944215.557391826,31027754.751352165,18034745316.22475,22286082.982772436,0.18414717879446704,1770934607.7899783,1770934607.7899783
2.8871396659104236,20,1,18250221323.00956,38194485.05431653,38498462.43140515,18250525320.482227,40037180.3801231,36416863.13946477,-90.15029907226562,-88.42569732666016,-2.915899991989136,2.721299886703491,[0. 0. 0.],[0. 0. 0. 1.],5.378421035517765,-2.416421142329288,"(20, 1)",303997.77143478394,303977.17598157376,-18214108457.344288,1538717.9487179518,2.961999893188477,-2.416421142329288,18250221322.929222,38498462.35226362,40037180.300981574,38194485.17628205,18250525320.700657,36416863.356370196,0.18419095579177394,1770934608.4180937,1770934608.4180937
2.6933841804607974,21,1,18708350129.308853,28230094.10234249,28536379.098071817,18708656432.30677,30075097.046789765,24033099.1164456,-90.06089782714844,-88.41560363769531,0.2309000045061111,-0.542900025844574,[0. 0. 0.],[0. 0. 0. 1.],5.464760744195486,-2.616360628228689,"(21, 1)",306303.7735366821,306284.7900390625,-18684623333.458557,1538717.948717948,2.848400115966797,-2.616360628228689,18708350129.018955,28536379.01893029,30075096.967648238,28230094.228891227,18708656432.792492,24033099.333934296,0.18424385848785188,1770934608.463808,1770934608.463808
3.06446215681395,30,1,18690803470.518223,10303949.69072945,10607709.226276943,18691107250.735554,12146427.174994893,6483918.576186477,-94.56320190429688,-94.4727020263672,-0.9079999923706056,0.5782999992370605,[0. 0. 0.],[0. 0. 0. 1.],5.318561597208403,-2.215061707834623,"(30, 1)",303780.4236755371,303759.4995743185,-18684623332.253506,1538717.94871795,3.1034998893737797,-2.215061707834623,18690803470.365112,10607709.147135416,12146427.095853366,10303949.647561098,18691107250.788788,6483918.5352814505,0.1857688305542625,1770934608.5155892,1770934608.5155892
3.193395393830608,31,1,18771154071.344776,21957809.521895334,22262548.96986669,18771458832.670498,23801266.918584637,19619091.945281792,-90.95539855957033,-91.5864028930664,-1.8523999452590945,2.0078999996185303,[0. 0. 0.],[0. 0. 0. 1.],5.403218332373771,-2.188618246161613,"(31, 1)",304761.32123947144,304739.28598257527,-18751839740.647564,1538717.948717948,3.214600086212158,-2.188618246161613,18771154071.32665,22262548.890725162,23801266.83944311,21957809.604742587,18771458832.64789,19619092.00032552,0.1835033331863433,1770934608.5919542,1770934608.5919542
4.625439316205816,20,2,18423998694.80443,6892374.8174415985,7196555.3874968905,18424302908.34356,8735273.33621484,8545226.67000001,-85.37809753417969,-84.6583023071289,-7.224199771881103,6.8796000480651855,[0. 0. 0.],[0. 0. 0. 1.],5.780256972993651,-1.0182568890703108,"(20, 2)",304213.99238967896,304180.1100510815,-18415757681.6657,1538717.94871795,4.76200008392334,-1.0182568890703108,18423998694.72409,7196555.30098157,8735273.24969952,6892375.1909304885,18424302908.71648,8545227.05078125,0.19919588569280522,1770934608.6474924,1770934608.6474924
4.060118264032195,21,2,18953343799.18064,928344.4126094235,1232132.3105738142,18953647615.410503,2770850.259291763,158647.31997137275,-91.243896484375,-90.26940155029295,-4.358500003814697,3.857500076293945,[0. 0. 0.],[0. 0. 0. 1.],6.2983455293594135,-2.104745351594521,"(21, 2)",303816.90392303467,303787.7322465945,-18953488968.34938,1538717.948717949,4.193600177764893,-2.104745351594521,18953343798.890743,1232132.2240584935,2770850.1727764425,928344.491811899,18953647615.794666,158647.44528745994,0.183397562108903,1770934608.7087595,1770934608.7087595
4.341965313290491,30,2,18934797140.39001,49218175.85918941,49569367.887496896,18935148363.155922,51108085.83621484,48875806.775310785,-85.73889923095703,-85.84269714355469,-5.037499904632568,4.864200115203857,[0. 0. 0.],[0. 0. 0. 1.],5.370857095168491,-0.8690570348962741,"(30, 2)",351223.36363220215,351191.5784004405,-18886272556.465366,1538717.9487179443,4.501800060272217,-0.8690570348962741,18934797140.2369,49569367.800981574,51108085.74969952,49218176.22258113,18935148363.600533,48875807.135166265,0.19578889194878646,1770934608.757154,1770934608.757154
5.040490920909492,31,2,18981149095.383232,26873013.372214593,27181210.83621484,18981457328.312717,28719928.78493279,27968363.084559545,-90.35060119628906,-92.88629913330078,-6.034900188446045,5.572100162506104,[0. 0. 0.],[0. 0. 0. 1.],5.909298044654857,-0.8483978333206288,"(31, 2)",308232.8757247925,308197.25623497367,-18953488965.14112,1538717.948717948,5.0609002113342285,-0.8483978333206288,18981149095.365105,27181210.749699518,28719928.698417466,26873013.493464544,18981457328.24083,27968363.099709537,0.1835679499381257,1770934608.8105958,1770934608.8105958
6.610698771210321,20,3,18641993085.830063,17128587.901951816,17433662.772070702,18642298204.900448,18972380.72078865,24891282.253221985,-90.3853988647461,-90.25389862060548,-0.8436999917030334,0.2206999957561493,[0. 0. 0.],[0. 0. 0. 1.],8.333480663273496,-1.6585806083418557,"(20, 3)",305119.2689590454,305074.6350410655,-18617406922.6231,1538717.948717948,6.674900054931641,-1.6585806083418557,18641993085.749725,17433662.672776442,18972380.62149439,17128588.037735377,18642298205.018684,24891282.395582933,0.18342722235814385,1770934608.86555,1770934608.86555
5.921512539988084,21,3,19171338174.180637,11165603.778292993,11469816.61822455,19171642425.773808,13008534.5669425,16504216.787863476,-84.25420379638672,-84.68219757080078,2.181999921798706,-2.901000022888184,[0. 0. 0.],[0. 0. 0. 1.],8.658882207513464,-2.5173822113281616,"(21, 3)",304252.52278518677,304212.3491336126,-19155138209.228527,1538717.94871795,6.141499996185303,-2.5173822113281616,19171338173.89074,11469816.518930288,13008534.467648238,11165604.169796675,19171642426.413525,16504217.184995994,0.20035536402691026,1770934608.92673,1770934608.92673
5.847792778221901,30,3,19167791090.710518,7238733.1042123595,7544728.477198908,19168097124.5609,9083446.425916858,12958916.684163703,-87.58350372314453,-87.39430236816406,1.1641000509262085,-1.954800009727478,[0. 0. 0.],[0. 0. 0. 1.],8.088195173008208,-2.101495115024809,"(30, 3)",306034.3737487793,305994.9825971555,-19155138207.94523,1538717.948717949,5.986700057983398,-2.101495115024809,19167791090.557407,7544728.377904647,9083446.326622596,7238733.3953074915,19168097124.931156,12958916.985927483,0.1881934994369429,1770934608.9902909,1770934608.9902909
6.652678460838321,31,3,19162926779.6781,893779.4463328498,1200473.6695066008,19163233518.70948,2739191.6182245496,8095315.653313252,-92.25579833984376,-103.35150146484376,0.4088000059127807,-0.5996999740600586,[0. 0. 0.],[0. 0. 0. 1.],8.413408825323614,-1.7712088321900694,"(31, 3)",306738.8289985657,306694.0698868189,-19155138202.952866,1538717.9487179487,6.642199993133545,-1.7712088321900694,19162926779.659973,1200473.5702123397,2739191.5189302885,893779.5003255209,19163233518.48897,8095315.536107772,0.18610928010094854,1770934609.05101,1770934609.05101
4.942518597729976,20,4,18882986875.89416,65438035.77586063,65795008.922655895,18883343882.868736,117316.61496358743,64287732.66469139,-96.37439727783205,-97.29949951171876,-2.784600019454956,2.368299961090088,[0. 0. 0.],[0. 0. 0. 1.],5.9957967768636635,-1.0504966746297768,"(20, 4)",357006.96113967896,356973.1101011634,-18819056150.184067,-65677692.30769231,4.945300102233887,-1.0504966746297768,18882986875.813824,65795008.8266226,117316.51893028845,65438035.716521434,18883343882.774963,64287732.59089543,0.18747361088991582,1770934609.1066523,1770934609.1066523
4.351718140139878,21,4,19411331972.257553,58475661.04575694,58782068.21752769,19411638408.29744,60320786.16624564,54850971.53557617,-96.79840087890624,-96.37439727783205,0.6518999934196472,-0.0650999993085861,[0. 0. 0.],[0. 0. 0. 1.],6.075795992695039,-1.6407960499154983,"(21, 4)",306436.5171775818,306407.1420522854,-19356787437.008595,1538717.9487179518,4.434999942779541,-1.6407960499154983,19411331971.967655,58782068.12149439,60320786.07021234,58475660.979442105,19411638408.484833,54850971.47623698,0.1873205627432855,1770934609.1668866,1770934609.1668866
4.800704610379367,30,4,19408784840.71051,55548381.06903713,55854119.49957897,19409090611.26347,57392837.44829692,52303175.798616946,-92.8582000732422,-92.29509735107422,-0.5475999712944031,0.4106999933719635,[0. 0. 0.],[0. 0. 0. 1.],5.940327473034791,-1.0778272822999275,"(30, 4)",305770.82707595825,305738.3062900603,-19356787435.537495,1538717.9487179518,4.862500190734863,-1.0778272822999275,19408784840.5574,55854119.40354567,57392837.35226362,55548381.09725561,19409090611.384476,52303175.84698017,0.18422184447368967,1770934609.2311409,1770934609.2311409
4.735030417981265,31,4,19430920425.511425,8986485.855557557,9290794.179066151,19431224765.853024,10829512.127784101,7220921.822319884,-84.0625,-84.26429748535156,-1.1687999963760376,1.6288000345230105,[0. 0. 0.],[0. 0. 0. 1.],6.018622700489663,-1.1690228622328274,"(31, 4)",304340.6481628418,304307.8456780836,-19424003843.93155,1538717.94871795,4.849599838256836,-1.1690228622328274,19430920425.493298,9290794.083032852,10829512.031750802,8986486.237354768,19431224766.14146,7220922.2099108575,0.20019068967020623,1770934609.3189557,1770934609.3189557
2.1836181458263324,20,5,19150979968.842873,7261983.880222687,7565906.587093384,19151283907.27507,9104624.535811331,63362118.2428825,-87.88569641113281,-89.0988998413086,-4.233699798583984,3.917099952697754,[0. 0. 0.],[0. 0. 0. 1.],3.059692769990478,-0.7136928138594971,"(20, 5)",303938.6925315857,303921.8217898635,-19087921788.721344,1538717.948717948,2.345999956130981,-0.7136928138594971,19150979968.762535,7565906.262520032,9104624.21123798,7261984.4407301685,19151283907.455067,63362118.73372396,0.18545797106313458,1770934609.374506,1770934609.374506
1.7700133020834607,21,5,19680325025.142162,1300281.5070345975,1605249.5358113325,19680630005.29968,3143967.484529281,54976929.97571588,-81.42870330810547,-82.58380126953125,-1.3178000450134275,0.8177000284194946,[0. 0. 0.],[0. 0. 0. 1.],2.7001653466200923,-0.7110653672194576,"(21, 5)",304980.95390319824,304967.35401642625,-19625653075.279827,1538717.9487179487,1.9890999794006348,-0.7110653672194576,19680325024.852264,1605249.2112379808,3143967.1599559295,1300281.8572215545,19680630005.806168,54976930.526342146,0.156086308560823,1770934609.4358473,1770934609.4358473
1.7508655110405225,30,5,19676777885.5823,64589043.665475294,64895009.15119595,19677083863.27813,66433727.099913895,51430789.00077874,-80.22039794921875,-80.67160034179688,-2.0553998947143555,2.3273000717163086,[0. 0. 0.],[0. 0. 0. 1.],3.307452451537286,-1.4744525068503962,"(30, 5)",305977.83015441895,305965.0284204781,-19625653074.05912,1538717.9487179443,1.8329999446868896,-1.4744525068503962,19676777885.429188,64895008.8266226,66433726.77534054,64589043.79820212,19677083863.259342,51430789.200220354,0.07154580955920434,1770934609.4991677,1770934609.4991677
1.682707308697848,31,5,19671914704.357574,58244451.89092078,58601932.22811902,19672272196.89502,60140650.176836975,46619124.151730746,-81.956298828125,-81.84860229492188,-2.7771999835968018,3.174799919128418,[0. 0. 0.],[0. 0. 0. 1.],2.987940860432817,-1.1935408837024701,"(31, 5)",357492.597530365,357479.5610476732,-19625653072.353268,1538717.9487179518,1.794399976730347,-1.1935408837024701,19671914704.339447,58601931.90354567,60140649.85226362,58244452.342498,19672272196.936977,46619124.583708934,0.15299574654757306,1770934609.560214,1770934609.560214
3.201348911311456,20,11,19393001603.458252,42911029.218357705,43215016.91747316,19393305612.93885,44753734.866191104,36518179.15709833,-84.34980010986328,-84.4176025390625,-1.7750999927520752,1.1836999654769895,[0. 0. 0.],[0. 0. 0. 1.],7.238867807619097,-3.9032679083271047,"(20, 11)",304009.93151474,303987.254607372,-19356787433.78469,1538717.9487179443,3.335599899291992,-3.9032679083271047,19393001603.377914,43215016.83944311,44753734.788161054,42911029.58483574,19393305613.30943,36518179.524739586,0.20038110037277856,1770934609.6165748,1770934609.6165748
3.660638113894675,21,11,19921318799.180622,35922362.45434406,36299600.250806496,19921696060.88847,37838318.19952444,27177340.830590807,-92.63369750976562,-92.32980346679688,1.3316999673843384,-1.7173000574111938,[0. 0. 0.],[0. 0. 0. 1.],6.76620379035099,-2.994603782340126,"(21, 11)",377262.2915420532,377237.70532853156,-19894518720.327522,1538717.9487179443,3.771600008010864,-2.994603782340126,19921318798.890724,36299600.172776446,37838318.12149439,35922362.467447914,19921696061.182266,27177340.854742587,0.1841596608012942,1770934609.6768315,1770934609.6768315
5.439538425058326,21,0,20164312525.142155,13286534.360214362,13590850.180806627,20164616877.794453,15129568.129524576,1232521.5106937352,-87.05059814453125,-87.489501953125,-2.0908000469207764,1.7359000444412231,[0. 0. 0.],[0. 0. 0. 1.],8.86107451211785,-3.254874293917167,"(21, 0)",304353.4811935425,304315.60809795745,-20163384356.642494,1538717.948717948,5.606200218200684,-3.254874293917167,20164312524.852257,13590850.172776442,15129568.12149439,13286534.564678485,20164616878.33345,1232521.6909555288,0.18901852406555397,1770934609.9198089,1770934609.9198089
2.890979961396902,20,1,19874961323.00952,49735686.92661694,50041106.66217438,19875266762.926132,51579824.610892326,47964459.71125908,-90.07559967041016,-88.89109802246094,-3.059299945831299,2.4502999782562256,[0. 0. 0.],[0. 0. 0. 1.],5.378421035517765,-2.415920940150333,"(20, 1)",305440.18867874146,305419.5306240022,-19827302303.216396,1538717.9487179443,2.962500095367432,-2.415920940150333,19874961322.929184,50041106.583032854,51579824.5317508,49735687.05240885,19875266763.117863,47964459.901467346,0.18392651508884736,1770934610.0985377,1770934610.0985377
2.6763848314313314,21,1,20404306331.23189,43776201.115597524,44082316.59807181,20404612464.60621,45621034.546789765,39578875.02131366,-89.90730285644531,-89.08940124511719,-0.0297999996691942,-0.1572999954223632,[0. 0. 0.],[0. 0. 0. 1.],5.464760744195486,-2.637960636239553,"(21, 1)",306134.11145401,306115.2688050866,-20365033589.853127,1538717.9487179518,2.8268001079559326,-2.637960636239553,20404306330.941994,44082316.518930286,45621034.46764824,43776201.2501252,20404612465.053448,39578875.20032051,0.18389207023505524,1770934610.1597838,1770934610.1597838
2.980251153224972,30,1,20400759103.531002,39847847.88988389,40153206.02114874,20401064481.84542,41691923.969866686,36030893.58883751,-94.93659973144533,-94.83799743652344,-0.9294000267982484,0.7487000226974487,[0. 0. 0.],[0. 0. 0. 1.],5.318561597208403,-2.3019617036384563,"(30, 1)",305378.5118713379,305358.104216747,-20365033588.350727,1538717.9487179443,3.0165998935699463,-2.3019617036384563,20400759103.37789,40153205.942007214,41691923.89072516,39847847.83779047,20401064481.889763,36030893.53903746,0.1860662220672788,1770934610.2231374,1770934610.2231374
3.185257956497763,31,1,20396897524.87038,34504166.68213639,34808911.14935387,20397202291.170353,36347629.09807181,32168704.338278018,-90.7155990600586,-91.5280990600586,-2.0861001014709477,1.998600006103516,[0. 0. 0.],[0. 0. 0. 1.],5.403218332373771,-2.1946182881232827,"(31, 1)",304766.2979507446,304744.2939953953,-20365033586.75442,1538717.9487179443,3.2086000442504883,-2.1946182881232827,20396897524.852253,34808911.07021234,36347629.018930286,34504166.77621695,20397202291.150204,32168704.395783253,0.18345742593860867,1770934610.2851133,1770934610.2851133
4.622702851372567,20,2,20117955056.983875,20426492.917323045,20733374.297753304,20118261971.31818,22272092.246471252,22094033.1561553,-84.40239715576172,-84.27050018310547,-7.119900226593018,6.826499938964844,[0. 0. 0.],[0. 0. 0. 1.],5.780256972993651,-1.0210568768632795,"(20, 2)",306914.7824020386,306880.9157151468,-20096167938.154163,1538717.948717948,4.759200096130371,-1.0210568768632795,20117955056.903538,20733374.211237982,22272092.15995593,20426493.295522835,20118261971.68594,22094033.53177584,0.20037409558395322,1770934610.3415487,1770934610.3415487
4.082484002092446,21,2,20647300057.193424,14467479.201169584,14771411.15672766,20647604017.62763,16310129.105445608,13704793.11122948,-92.43049621582033,-92.55970001220705,-4.122000217437744,3.982300043106079,[0. 0. 0.],[0. 0. 0. 1.],6.2983455293594135,-2.104445421022011,"(21, 2)",303961.0094909668,303931.8378155045,-20633899224.775246,1538717.948717948,4.193900108337402,-2.104445421022011,20647300056.903526,14771411.07021234,16310129.018930288,14467479.232396835,20647604017.913017,13704793.137770433,0.1841704773601768,1770934610.402686,1770934610.402686
4.2913558741510895,30,2,20642752821.479713,9538630.027087647,9893390.323394326,20643107612.182976,11432108.272112276,9208389.08878905,-87.1854019165039,-86.45850372314453,-4.735700130462647,5.197700023651123,[0. 0. 0.],[0. 0. 0. 1.],5.370857095168491,-0.9333570951684909,"(30, 2)",354791.2754173279,354759.9127353765,-20633899223.178944,1538717.94871795,4.4375,-0.9333570951684909,20642752821.326603,9893390.236879006,11432108.185596956,9538630.32414363,20643107612.60202,9208389.423076924,0.1909177637280634,1770934610.4652705,1770934610.4652705
5.034413936613547,31,2,20637891811.729347,3195012.6964467927,3503238.0798045835,20638200072.528397,5041956.028522532,4300850.843068902,-90.35690307617188,-90.86209869384766,-5.990200042724609,6.047999858856201,[0. 0. 0.],[0. 0. 0. 1.],5.909298044654857,-0.8422981323928944,"(31, 2)",308260.8266983032,308225.1759064505,-20633899221.59829,1538717.948717949,5.066999912261963,-0.8422981323928944,20637891811.71122,3503237.993289263,5041955.942007212,3195012.8173828125,20638200072.537918,4300850.9396284055,0.18339515523085687,1770934610.5260048,1770934610.5260048
6.579698766451897,20,3,20357948879.099255,52673284.36518502,52978141.93873737,20358253780.697147,54516859.887455314,60436601.79620856,-90.30039978027344,-90.26319885253906,-0.4796000123023987,0.5522000193595886,[0. 0. 0.],[0. 0. 0. 1.],8.333480663273496,-1.6889808845259378,"(20, 3)",304901.7959976196,304857.3342347741,-20297817178.876812,1538717.9487179443,6.644499778747559,-1.6889808845259378,20357948879.018917,52978141.83944311,54516859.788161054,52673284.505208336,20358253780.814915,60436601.938100964,0.18343560811323592,1770934610.5815778,1770934610.5815778
5.932390426257122,21,3,20887293855.27034,46715375.90934749,47021851.8746348,20887600370.08072,48560569.823352754,52051904.80975415,-84.50460052490234,-85.1010971069336,2.371999979019165,-2.9270999431610107,[0. 0. 0.],[0. 0. 0. 1.],8.658882207513464,-2.5061822601562866,"(21, 3)",306515.73768234253,306475.47012720257,-20835548465.513546,1538717.9487179518,6.152699947357178,-2.5061822601562866,20887293854.980442,47021851.77534054,48560569.724058494,46715376.30521334,20887600370.718124,52051905.20457733,0.1998214294873796,1770934610.6427002,1770934610.6427002
5.840006508081443,30,3,20883746571.47971,42786657.730785884,43091218.86181429,20884051171.057323,44629936.81053224,48502706.8642706,-87.47810363769531,-87.50910186767578,1.3234000205993652,-1.7611000537872314,[0. 0. 0.],[0. 0. 0. 1.],8.088195173008208,-2.1093953530619185,"(30, 3)",304600.09452438354,304560.7346754819,-20835548464.261543,1538717.9487179518,5.978799819946289,-2.1093953530619185,20883746571.3266,43091218.76252003,44629936.71123798,42786658.02784455,20884051171.421124,48502707.15958033,0.18817336239449545,1770934610.706017,1770934610.706017
7.238300974068584,31,3,20878886098.588314,36443725.07020362,36750048.99001942,20879192470.57271,38288766.93873737,43644007.83546416,-90.9480972290039,-90.95539855957033,0.2766000032424927,-0.7160999774932861,[0. 0. 0.],[0. 0. 0. 1.],8.413408825323614,-1.1435089802003233,"(31, 3)",306372.0077133179,306323.71168869734,-20835548462.633938,1538717.9487179518,7.269899845123291,-1.1435089802003233,20878886098.570187,36750048.89072516,38288766.83944311,36443725.17903646,20879192470.5779,43644007.94396034,0.18342429187408746,1770934610.7670236,1770934610.7670236
4.947453118155463,20,4,20598942669.163353,33762777.484198146,34117797.38419435,20599297722.901382,35656515.3329123,32614905.952467415,-97.14600372314452,-97.16110229492188,-2.856300115585327,2.446500062942505,[0. 0. 0.],[0. 0. 0. 1.],5.9957967768636635,-1.0470968256917885,"(20, 4)",355053.7265853882,355019.875550881,-20566682816.928944,1538717.9487179518,4.948699951171875,-1.0470968256917885,20598942669.083015,34117797.288161054,35656515.236879006,33762777.41261017,20599297722.8096,32614905.880659055,0.1876907306367934,1770934610.8225386,1770934610.8225386
4.321580016890578,21,4,21128287637.32162,27805462.739732392,28109912.76880974,21128592116.161232,29648630.717527688,24178013.452641953,-96.52860260009766,-96.9542999267578,0.6603000164031982,-0.7458999752998352,[0. 0. 0.],[0. 0. 0. 1.],6.075795992695039,-1.6716960514413772,"(21, 4)",304479.3075141907,304449.99499198794,-21104414102.955322,1538717.948717948,4.404099941253662,-1.6716960514413772,21128287637.031723,28109912.672776442,29648630.62149439,27805462.677784454,21128592116.339237,24178013.383914262,0.1874237317513113,1770934610.8838794,1770934610.8838794
4.8023890146085995,30,4,21124740321.479702,23876354.498609357,24181619.49957897,21125045618.673187,25720337.44829692,20631516.839058693,-91.62419891357422,-93.42769622802734,-0.2569999992847442,0.5392000079154968,[0. 0. 0.],[0. 0. 0. 1.],5.940327473034791,-1.0749276355408943,"(30, 4)",305297.4290122986,305264.82997796685,-21104414101.90677,1538717.948717948,4.8653998374938965,-1.0749276355408943,21124740321.32659,24181619.403545674,25720337.352263622,23876354.573567707,21125045618.755604,20631516.848833133,0.18412780353840608,1770934610.9470725,1770934610.9470725
4.71291772032442,31,4,21119880385.447285,17533570.38005221,17837973.666245636,21120184820.60723,19376691.614963587,15770720.181959348,-83.44049835205078,-84.8656005859375,-1.6241999864578247,1.4146000146865845,[0. 0. 0.],[0. 0. 0. 1.],6.018622700489663,-1.1953228156935207,"(31, 4)",304435.47175598145,304402.8414212726,-21104414100.32612,1538717.9487179518,4.823299884796143,-1.1953228156935207,21119880385.429157,17837973.570212338,19376691.51893029,17533570.728791066,21120184820.900913,15770720.57479467,0.20004644590659315,1770934611.0079484,1770934611.0079484
2.2017823950432094,20,5,20838936483.26591,14801184.085579755,15105481.907606203,20839240796.932808,16644199.856324153,3692341.2183408868,-88.71009826660156,-88.98680114746094,-4.37060022354126,3.4495999813079834,[0. 0. 0.],[0. 0. 0. 1.],3.059692769990478,-0.7016927299361568,"(20, 5)",304313.93354415894,304296.9845502805,-20835548455.40362,1538717.94871795,2.3580000400543213,-0.7016927299361568,20838936483.185574,15105481.583032852,16644199.531750802,14801184.598482572,20839240797.119118,3692341.7154947915,0.18470374351304714,1770934611.06253,1770934611.06253
1.7415578344653981,21,5,21352281852.0652,60061322.98437952,60366579.66401646,21352587120.708824,61905297.61273441,46523789.09984697,-82.19560241699219,-82.30750274658203,-1.4686000347137451,0.6294999718666077,[0. 0. 0.],[0. 0. 0. 1.],2.7001653466200923,-0.7241653952574827,"(21, 5)",305269.39979171753,305255.86250501126,-21306063331.564842,1538717.9487179443,1.9759999513626096,-0.7241653952574827,21352281851.775303,60366579.33944311,61905297.288161054,60061323.4769381,21352587121.175095,46523789.610251404,0.16801120399058814,1770934611.1078484,1770934611.1078484
1.7490831455054294,30,5,21334734872.76175,42132260.009141214,42438166.202478,21335040791.165646,43976884.15119595,28977460.540677086,-80.39209747314453,-80.3364028930664,-2.13919997215271,2.147599935531616,[0. 0. 0.],[0. 0. 0. 1.],3.307452451537286,-1.4810524099570859,"(30, 5)",305918.4852027893,305905.7147686258,-21306063330.406742,1538717.9487179518,1.8264000415802,-1.4810524099570859,21334734872.60864,42438165.877904646,43976883.8266226,42132260.16313602,21335040791.09384,28977460.68709936,0.06895508356466998,1770934611.157019,1770934611.157019
1.6825882591710823,31,5,21328875433.524204,34789656.34140134,35144287.9973498,21329230077.353832,36683005.94606774,23166748.12207336,-81.96549987792969,-82.3667984008789,-3.1989998817443848,3.483999967575073,[0. 0. 0.],[0. 0. 0. 1.],2.987940860432817,-1.1802408224765795,"(31, 5)",354643.9772377014,354630.87815505266,-21306063328.84174,1538717.9487179443,1.8077000379562376,-1.1802408224765795,21328875433.506077,35144287.672776446,36683005.62149439,34789656.79462139,21329230077.483315,23166748.64157652,0.16447728824033495,1770934611.2169313,1770934611.2169313
3.177257627224733,20,11,21049931411.15052,19428065.276236862,19731899.930293668,21050235267.40036,21270617.879011616,13037577.08318928,-83.31639862060547,-83.91519927978516,-1.5645999908447266,0.7888000011444092,[0. 0. 0.],[0. 0. 0. 1.],7.238867807619097,-3.937067795030596,"(20, 11)",303856.68632507324,303834.2598157041,-21037197690.32011,1538717.948717948,3.301800012588501,-3.937067795030596,21049931411.070183,19731899.852263622,21270617.80098157,19428065.592447918,21050235267.756508,13037577.436398238,0.197472077669416,1770934611.273507,1770934611.273507
3.6272692623771934,21,11,21579275986.680584,13471786.587405222,13848598.648242386,21579652822.423046,15387316.596960334,4723845.923651389,-91.99939727783205,-92.2606964111328,1.5068000555038452,-1.608299970626831,[0. 0. 0.],[0. 0. 0. 1.],6.76620379035099,-3.024003892584877,"(21, 11)",376836.32875061035,376811.94598858245,-21574928976.76904,1538717.948717948,3.742199897766113,-3.024003892584877,21579275986.390686,13848598.57021234,15387316.518930288,13471786.624223758,21579652822.719437,4723845.950395633,0.18392801776048923,1770934611.3349202,1770934611.3349202
5.402010385120782,21,0,21832269456.231857,830280.8846077862,1134560.1167040635,21832573772.048256,2673278.065422012,55995569.62634101,-86.7251968383789,-86.69519805908203,-1.946400046348572,1.46589994430542,[0. 0. 0.],[0. 0. 0. 1.],8.86107451211785,-3.2834745098290323,"(21, 0)",304316.6879501343,304279.00265424687,-21776578202.78065,1538717.9487179487,5.577600002288818,-3.2834745098290323,21832269455.94196,1134560.1086738782,2673278.057391827,830281.1060196314,21832573772.62991,55995569.84925881,0.19135066303126036,1770934611.5877192,1770934611.5877192
2.8665992507779623,20,1,21558917941.599224,53277116.931782655,53581475.251917966,21559222319.894382,55120193.20063592,51509760.06584219,-89.17279815673828,-89.15119934082031,-3.0648999214172363,2.739000082015991,[0. 0. 0.],[0. 0. 0. 1.],5.378421035517765,-2.435220924128605,"(20, 1)",304378.5525627136,304358.0666566491,-21507712559.830063,1538717.9487179518,2.94320011138916,-2.435220924128605,21558917941.518887,53581475.17277644,55120193.12149439,53277117.10611979,21559222320.07145,51509760.24138622,0.18424234189023084,1770934611.782462,1770934611.782462
2.6555377123327735,21,1,22072263262.321598,31323027.09723514,31628061.79037951,22072568314.813892,33166779.739097457,27124469.053531706,-89.56770324707031,-88.60340118408203,-0.0958999991416931,0.1712999939918518,[0. 0. 0.],[0. 0. 0. 1.],5.464760744195486,-2.651960813622976,"(21, 1)",305053.2570838928,305034.4613882229,-22045443846.02859,1538717.948717948,2.8127999305725098,-2.651960813622976,22072263262.0317,31628061.711237982,33166779.65995593,31323027.24984976,22072568315.288784,27124469.260191306,0.18438016668438467,1770934611.8277276,1770934611.8277276
3.004698407090795,30,1,22054716194.877117,13393250.634518186,13697444.803200021,22055020409.344563,15236162.75191797,9576564.443009747,-95.22720336914062,-93.63760375976562,-0.921999990940094,0.8781999945640564,[0. 0. 0.],[0. 0. 0. 1.],5.318561597208403,-2.27366165671768,"(30, 1)",304214.69664001465,304194.14813701995,-22045443844.995693,1538717.948717948,3.0448999404907227,-2.27366165671768,22054716194.724007,13697444.724058494,15236162.672776442,13393250.575921474,22055020409.420647,9576564.424954928,0.18564047055778188,1770934611.8770125,1770934611.8770125
3.2244354075526083,31,1,22050858310.12675,8051513.587784173,8357388.713456431,22051164207.330093,9896106.66217438,5720363.993900742,-92.0271987915039,-91.5322036743164,-1.924999952316284,1.9809000492095947,[0. 0. 0.],[0. 0. 0. 1.],5.403218332373771,-2.1640182171699136,"(31, 1)",305897.2011451721,305875.00939002447,-22045443843.258537,1538717.948717948,3.2392001152038574,-2.1640182171699136,22050858310.108624,8357388.634314904,9896106.583032852,8051513.6249248795,22051164207.30977,5720364.051231971,0.1837242114150045,1770934611.9389703,1770934611.9389703
4.61163213834849,20,2,21771912452.81717,61178338.934896976,61485337.438778944,21772219484.229954,63024055.387496896,62857700.054972194,-84.3228988647461,-84.24800109863281,-6.8796000480651855,7.082699775695801,[0. 0. 0.],[0. 0. 0. 1.],5.780256972993651,-1.0324570996415998,"(20, 2)",307031.8603515625,306998.04061498493,-21709361784.16712,1538717.9487179518,4.747799873352051,-1.0324570996415998,21771912452.73683,61485337.35226362,63024055.300981574,61178339.31164864,21772219484.597183,62857700.4300631,0.20034702492566758,1770934611.9955275,1770934611.9955275
4.103513668384416,21,2,22301257348.860054,55224215.45448457,55527933.5926251,22301561095.597775,57066651.54134305,54468024.83366748,-92.18789672851562,-93.1605987548828,-3.883599996566773,4.208600044250488,[0. 0. 0.],[0. 0. 0. 1.],6.2983455293594135,-2.085045301240517,"(21, 2)",303747.2925415039,303718.01131810993,-22247093071.022953,1538717.9487179518,4.2133002281188965,-2.085045301240517,22301257348.570156,55527933.506109774,57066651.454827726,55224215.494791664,22301561095.862698,54468024.83974359,0.1842788977915015,1770934612.0567749,1770934612.0567749
4.332057219932094,30,2,22290709912.82583,44293610.55299534,44652108.27211228,22291068441.253094,46190826.220830224,43975372.052053414,-85.68579864501953,-85.44280242919922,-5.29449987411499,4.765500068664551,[0. 0. 0.],[0. 0. 0. 1.],5.370857095168491,-0.8768571371301608,"(30, 2)",358529.0370826721,358497.26750300825,-22247093069.285797,1538717.9487179443,4.49399995803833,-0.8768571371301608,22290709912.672718,44652108.18559696,46190826.1343149,44293610.91809395,22291068441.7098,43975372.42400341,0.19688065195198418,1770934612.113071,1770934612.113071
5.066395417711899,31,2,22285852741.216488,37952087.93651226,38260169.169548176,22286160858.074654,39798887.11826612,39067790.21987006,-90.31289672851562,-90.3823013305664,-6.126200199127197,5.777900218963623,[0. 0. 0.],[0. 0. 0. 1.],5.909298044654857,-0.8064981522293202,"(31, 2)",308116.9089279175,308081.02338742465,-22247093067.767746,1538717.9487179443,5.102799892425537,-0.8064981522293202,22285852741.19836,38260169.083032854,39798887.0317508,37952088.05964543,22286160858.10729,39067790.33954327,0.18342154350208628,1770934612.1740935,1770934612.1740935
6.6383812542898175,20,3,21988906867.881268,3220221.5079042707,3525113.092583524,21989211803.816784,5063831.041301473,10984368.176974555,-91.21690368652344,-92.45600128173828,-0.5615000128746033,0.2085999995470047,[0. 0. 0.],[0. 0. 0. 1.],8.333480663273496,-1.6510804366804788,"(20, 3)",304936.03828811646,304891.3887219555,-21978227435.615685,1538717.948717949,6.682400226593018,-1.6510804366804788,21988906867.80093,3525112.993289263,5063830.942007212,3220221.6045673075,21989211803.83922,10984368.223532652,0.18373457883938302,1770934612.2196503,1770934612.2196503
5.907142790766672,21,3,22524251587.6421,3266998.2537326543,3571250.9130963446,22524555878.94633,5109968.861814293,8597157.07734825,-84.73210144042969,-85.35710144042969,2.2295000553131104,-2.7156999111175537,[0. 0. 0.],[0. 0. 0. 1.],8.658882207513464,-2.5318823524719605,"(21, 3)",304292.22693634033,304252.162835537,-22515958722.11157,1538717.9487179485,6.126999855041504,-2.5318823524719605,22524251587.352203,3571250.8138020835,5109968.762520032,3266998.6509665465,22524555879.57914,8597157.467573117,0.19909255925191993,1770934612.2797384,1770934612.2797384
5.848237412543311,30,3,22520704103.530952,66552922.59498959,66856907.964378394,22521008127.42758,1179215.656686088,5049406.94951058,-88.23750305175781,-87.61029815673828,1.242300033569336,-1.8467999696731567,[0. 0. 0.],[0. 0. 0. 1.],8.088195173008208,-2.108495084507231,"(30, 3)",304024.4078025818,303985.0166516453,-22515958720.546562,-65677692.307692304,5.979700088500977,-2.108495084507231,22520704103.377842,66856907.865084134,1179215.557391827,66552922.84843249,22521008127.785645,5049407.239082532,0.1868222549772184,1770934612.3430464,1770934612.3430464
7.25502968929721,31,3,22515847292.49853,60211919.91650309,60516619.50283993,22516152040.26235,62055337.45155788,193321.11488934813,-90.95179748535156,-91.0248031616211,0.5382999777793884,-0.7617999911308289,[0. 0. 0.],[0. 0. 0. 1.],8.413408825323614,-1.1273089145875304,"(31, 3)",304747.78395462036,304699.3783804029,-22515958719.044155,1538717.9487179518,7.286099910736084,-1.1273089145875304,22515847292.480404,60516619.40354567,62055337.35226362,60211920.02516527,22516152040.26436,193321.22020232372,0.1834312166542631,1770934612.404059,1770934612.404059
4.957562004695399,20,4,22169684063.394085,58522551.82552501,58875698.02522,22170037243.516483,60414415.97393794,57376990.76406916,-99.92150115966795,-99.06819915771484,-2.899199962615967,2.561100006103516,[0. 0. 0.],[0. 0. 0. 1.],5.9957967768636635,-1.044996834847062,"(20, 4)",353180.0881385803,353146.2058042884,-22112660252.73244,1538717.9487179443,4.950799942016602,-1.044996834847062,22169684063.313747,58875697.9291867,60414415.877904646,58522551.72338241,22170037243.401886,57376990.66944611,0.18889210057428374,1770934612.460557,1770934612.460557
4.377699025292188,21,4,22766245337.642094,52570080.71812788,52875449.627784096,22766550735.64352,54414167.57650205,48942786.31162245,-96.28690338134766,-96.22550201416016,0.8008999824523926,-0.6323000192642212,[0. 0. 0.],[0. 0. 0. 1.],6.075795992695039,-1.613195761524385,"(21, 4)",305398.4813194275,305368.87144430727,-22717607949.578632,1538717.9487179518,4.462600231170654,-1.613195761524385,22766245337.352196,52875449.5317508,54414167.48046875,52570080.66030649,22766550735.833515,48942786.25488281,0.1870973003865186,1770934612.5217485,1770934612.5217485
4.778830472035795,30,4,22762697829.492485,48639207.92629901,48944888.7303482,22763003542.356907,50483606.67906615,45395594.49417136,-91.69239807128906,-93.11859893798828,-0.4329999983310699,0.4478999972343445,[0. 0. 0.],[0. 0. 0. 1.],5.940327473034791,-1.097427673687867,"(30, 4)",305713.10972595215,305680.63589242846,-22717607947.93538,1538717.9487179518,4.842899799346924,-1.097427673687867,22762697829.339375,48944888.6343149,50483606.583032854,48639207.99842247,22763003542.4491,45395594.51372196,0.18406960640633502,1770934612.5850177,1770934612.5850177
4.718943483878816,31,4,22758841531.28058,43298328.595842905,43603502.51239948,22759146737.121483,45142220.46111743,41538790.589356415,-83.80690002441406,-84.08180236816406,-1.4184000492095947,1.5645999908447266,[0. 0. 0.],[0. 0. 0. 1.],6.018622700489663,-1.187522713459634,"(31, 4)",305206.142326355,305173.4493940249,-22717607946.432972,1538717.9487179518,4.831099987030029,-1.187522713459634,22758841531.26245,43603502.41636618,45142220.365084134,43298328.96697216,22759146737.404778,41538790.97180489,0.19954912577550246,1770934612.6470597,1770934612.6470597
2.1930179208231846,20,5,22411732757.304337,41613162.25727896,41917380.94606774,22412036991.782303,43456098.894785695,30511100.186087288,-88.28230285644531,-88.71659851074219,-4.254199981689453,3.9412999153137207,[0. 0. 0.],[0. 0. 0. 1.],3.059692769990478,-0.7044927177291256,"(20, 5)",304234.75999069214,304217.8266476318,-22381525891.285374,1538717.9487179518,2.3552000522613525,-0.7044927177291256,22411732757.224,41917380.62149439,43456098.57021234,41613162.79484676,22412036991.98399,30511100.69861779,0.18536414359420872,1770934612.7024677,1770934612.7024677
1.8042120843161602,21,5,23008239095.654907,35606386.87871349,35910329.66401646,23008543050.734276,37449047.61273441,22069462.276876863,-81.30590057373047,-82.7073974609375,-1.3271000385284424,0.958299994468689,[0. 0. 0.],[0. 0. 0. 1.],2.7001653466200923,-0.6781652722334957,"(21, 5)",303955.89192962646,303942.1355418712,-22986473588.413265,1538717.9487179443,2.0220000743865967,-0.6781652722334957,23008239095.36501,35910329.33944311,37449047.288161054,35606387.20390124,23008543051.25694,22069462.84367488,0.1552716629294356,1770934612.7636926,1770934612.7636926
1.731355465078508,30,5,23004691547.441196,31675139.415351637,31981411.39478569,23004997831.532223,33520129.343503643,18524244.590939756,-80.2510986328125,-80.84510040283203,-2.128000020980835,2.2994000911712646,[0. 0. 0.],[0. 0. 0. 1.],3.307452451537286,-1.488652479003106,"(30, 5)",306284.257938385,306271.5188050866,-22986473586.723057,1538717.9487179518,1.81879997253418,-1.488652479003106,23004691547.288086,31981411.070212338,33520129.01893029,31675139.55140725,23004997831.546024,18524244.822966747,0.07562050545549898,1770934612.8270228,1770934612.8270228
1.6538993124284949,31,5,22998835842.17801,24334502.210041434,24686267.164016463,22999187619.181705,26224985.11273441,12714033.868381338,-81.76349639892578,-81.59429931640625,-3.41510009765625,3.3238000869750977,[0. 0. 0.],[0. 0. 0. 1.],2.987940860432817,-1.2347408062641159,"(31, 5)",351777.0150985718,351764.21336638555,-22986473584.9233,1538717.948717948,1.7532000541687012,-1.2347408062641159,22998835842.15988,24686266.83944311,26224984.788161058,24334502.626076724,22999187619.17498,12714034.251677684,0.14161956228314526,1770934612.8871381,1770934612.8871381
3.2215509936310998,20,11,22652671980.06074,8972258.13147634,9276427.173883412,22652976171.013508,10815145.12260136,2584634.636427146,-83.6801986694336,-83.25129699707031,-1.7899999618530271,0.92849999666214,[0. 0. 0.],[0. 0. 0. 1.],7.238867807619097,-3.8953679087085744,"(20, 11)",304191.3467788696,304168.62292167544,-22650391536.380016,1538717.948717948,3.3434998989105225,-3.8953679087085744,22652671979.980404,9276427.095853366,10815145.044571314,8972258.47293169,22652976171.327183,2584634.9471654645,0.19608697175485196,1770934612.943393,1770934612.943393
3.6437419709270764,21,11,23250232845.654903,4020906.5699939406,4397284.545678283,23250609247.35001,5936002.494396232,62486424.399455786,-92.41010284423828,-92.43560028076172,1.4611999988555908,-1.8690999746322632,[0. 0. 0.],[0. 0. 0. 1.],6.76620379035099,-3.0109037453375618,"(21, 11)",376402.27489089966,376377.8764773635,-23188122823.2202,1538717.948717949,3.755300045013428,-3.0109037453375618,23250232845.365005,4397284.467648237,5936002.416366186,4020906.5911708735,23250609247.639896,62486424.41969652,0.18412083410721486,1770934613.0057054,1770934613.0057054
5.4137950189211965,21,0,23477226988.283104,32591079.36479252,32894992.809011754,23477530938.414352,34433710.7577297,20542479.707420237,-87.01679992675781,-87.45369720458984,-2.17549991607666,1.7079999446868896,[0. 0. 0.],[0. 0. 0. 1.],8.86107451211785,-3.280074660891044,"(21, 0)",303950.9621620178,303913.229917869,-23456988459.06567,1538717.948717948,5.580999851226807,-3.280074660891044,23477226987.993206,32894992.80098157,34433710.74969952,32591079.5710637,23477530938.955368,20542479.889698517,0.18915313320348096,1770934613.2326653,1770934613.2326653
2.8375008096167154,20,1,23096660193.201756,45037230.33250288,45341082.62371284,23096964065.26622,46879800.57243079,43274069.50898046,-89.756103515625,-88.62030029296875,-3.017400026321411,2.7511000633239746,[0. 0. 0.],[0. 0. 0. 1.],5.378421035517765,-2.464621034373356,"(20, 1)",303872.3520126343,303852.0695612952,-23053689995.758762,1538717.9487179518,2.913800001144409,-2.464621034373356,23096660193.121418,45341082.54457131,46879800.49328926,45037230.475010015,23096964065.47343,43274069.71466847,0.18425621535414827,1770934613.387478,1770934613.387478
2.685769068041169,21,1,23693221411.360023,39087476.01438036,39394055.3801231,23693528008.59297,40932773.328841045,34890316.00584763,-89.03780364990234,-89.21630096435547,0.0102000003680586,-0.2653999924659729,[0. 0. 0.],[0. 0. 0. 1.],5.464760744195486,-2.622560703378225,"(21, 1)",306597.9629898071,306579.10469251126,-23658637692.855354,1538717.9487179443,2.8422000408172607,-2.622560703378225,23693221411.070126,39394055.300981574,40932773.24969952,39087476.19628906,23693528009.033115,34890316.17775942,0.18428886606939474,1770934613.4498649,1770934613.4498649
3.0742720348151815,30,1,23704673390.389896,50155167.44617507,50459464.03396925,23704977707.728443,51998181.9826872,46340016.61048559,-94.99130249023438,-93.75340270996094,-1.3587000370025637,0.9397000074386596,[0. 0. 0.],[0. 0. 0. 1.],5.318561597208403,-2.203861518244169,"(30, 1)",304317.5643539429,304296.5619992018,-23658637691.212097,1538717.9487179443,3.1147000789642334,-2.203861518244169,23704673390.236786,50459463.954827726,51998181.90354567,50155167.392828524,23704977707.80114,46340016.58904247,0.18561460110578437,1770934613.5270808,1770934613.5270808
3.216901460076569,31,1,23718818774.8703,62814914.92122394,63118814.99550771,23719122696.96527,64657532.94422566,60485007.459622875,-91.29060363769533,-91.64969635009766,-2.1233999729156494,2.287300109863281,[0. 0. 0.],[0. 0. 0. 1.],5.403218332373771,-2.1677182350989908,"(31, 1)",303922.08784103394,303899.9273838103,-23658637689.427994,1538717.9487179518,3.2355000972747803,-2.1677182350989908,23718818774.852173,63118814.91636618,64657532.865084134,62814914.98898237,23719122696.940014,60485007.51201923,0.1835803921548994,1770934613.6068792,1770934613.6068792
4.624691438235603,20,2,23355653518.522263,31713876.872047476,32020730.066984072,23355960404.705997,33559448.015702024,33404774.345904488,-84.41680145263672,-84.12670135498047,-7.320099830627441,6.8628997802734375,[0. 0. 0.],[0. 0. 0. 1.],5.780256972993651,-1.0195567471635725,"(20, 2)",306886.62797927856,306852.72999298945,-23322555630.35223,1538717.9487179518,4.760700225830078,-1.0195567471635725,23355653518.441925,32020729.98046875,33559447.9291867,31713877.25047576,23355960405.069904,33404774.717673276,0.20033414742542754,1770934613.6530766,1770934613.6530766
4.031749074308149,21,2,23954214672.577965,27764574.061727773,28071531.349035352,23954521658.017643,29610249.297753304,27018330.93721541,-90.77429962158205,-90.8834991455078,-3.949700117111206,3.8090999126434326,[0. 0. 0.],[0. 0. 0. 1.],6.2983455293594135,-2.134345495027138,"(21, 2)",306986.083984375,306957.1001101732,-23927503327.339275,1538717.9487179518,4.164000034332275,-2.134345495027138,23954214672.288067,28071531.26252003,29610249.211237982,27764574.162409857,23954521658.37205,27018331.032777444,0.1834060823690588,1770934613.7098532,1770934613.7098532
4.331347679408125,30,2,23950667012.184765,23832129.013157405,24193782.951599456,23951028696.835102,25732500.900317404,23525371.19254023,-85.76300048828125,-85.97309875488281,-4.7403998374938965,4.82889986038208,[0. 0. 0.],[0. 0. 0. 1.],5.370857095168491,-0.8804572576745944,"(30, 2)",361685.2432632446,361653.489332933,-23927503325.727318,1538717.948717948,4.4903998374938965,-0.8804572576745944,23950667012.031654,24193782.865084134,25732500.813802082,23832129.3757512,23951028697.274918,23525371.547601163,0.1954153311881423,1770934613.7730753,1770934613.7730753
5.0600754347467065,31,2,23944813422.30619,16492432.40938903,16800778.14390715,23945121803.596996,18339496.092625096,17618479.19114445,-90.30979919433594,-90.57720184326172,-6.126200199127197,5.639999866485596,[0. 0. 0.],[0. 0. 0. 1.],5.909298044654857,-0.8142982544632069,"(31, 2)",308381.3320083618,308345.52471454255,-23927503324.318813,1538717.948717948,5.09499979019165,-0.8142982544632069,23944813422.288063,16800778.057391826,18339496.006109774,16492432.532677284,23945121803.62007,17618479.30125701,0.18340672985632508,1770934613.8330135,1770934613.8330135
6.581919170656427,20,3,23597647284.547897,65982392.14084462,66288262.13104506,23597953198.57764,610569.8233527547,6531917.112672116,-90.62059783935548,-89.94730377197266,-0.5009999871253967,0.5252000093460083,[0. 0. 0.],[0. 0. 0. 1.],8.333480663273496,-1.6866806220747659,"(20, 3)",305914.2440414429,305869.76662659645,-23591421281.44084,-65677692.307692304,6.6468000411987305,-1.6866806220747659,23597647284.46756,66288262.0317508,610569.7240584936,65982392.2651242,23597953198.7116,6531917.2707582135,0.18343823058647765,1770934613.8884377,1770934613.8884377
5.936773916876476,21,3,24195208454.629242,61034249.10766125,61340657.964378394,24195514902.348,62879375.913096346,66362334.45040685,-84.41519927978516,-85.10859680175781,1.9967000484466555,-2.66729998588562,[0. 0. 0.],[0. 0. 0. 1.],8.658882207513464,-2.5019822784668335,"(21, 3)",306448.6459579468,306408.3627554104,-24129152568.140175,1538717.9487179518,6.156899929046631,-2.5019822784668335,24195208454.339344,61340657.865084134,62879375.813802086,61034249.50232872,24195514902.985302,66362334.8451272,0.19992858353145143,1770934613.9507916,1770934613.9507916
5.822428801015139,30,3,24191660762.18476,57101960.09993266,57407957.64386557,24191966798.058613,58946675.59258352,62814231.317183994,-88.47450256347656,-87.47650146484375,1.36899995803833,-2.1633999347686768,[0. 0. 0.],[0. 0. 0. 1.],8.088195173008208,-2.135195104343657,"(30, 3)",306036.3926010132,305997.20490284264,-24129152566.809917,1538717.9487179518,5.953000068664551,-2.135195104343657,24191660762.03165,57407957.54457131,58946675.49328926,57101960.33966847,24191966798.42425,62814231.61433293,0.18672289605034842,1770934614.0140004,1770934614.0140004
7.306080889551674,31,3,24187807661.088238,51762894.24775394,52067356.682327114,24188112171.52092,53606074.63104506,58959603.590445936,-91.4542007446289,-90.72589874267578,0.2755999863147735,-0.7357000112533569,[0. 0. 0.],[0. 0. 0. 1.],8.413408825323614,-1.0775089954591124,"(31, 3)",304510.46674728394,304462.24897336215,-24129152567.82717,1538717.9487179443,7.335899829864502,-1.0775089954591124,24187807661.07011,52067356.583032854,53606074.5317508,51762894.33405949,24188112171.536858,58959603.7096855,0.18345041122237227,1770934614.07593,1770934614.07593
4.9880856803523725,20,4,23840641026.535072,49064995.10876337,49416210.845732816,23840992276.333122,50954928.79445077,47921766.904436626,-97.0270004272461,-95.66539764404295,-2.321700096130371,2.505199909210205,[0. 0. 0.],[0. 0. 0. 1.],5.9957967768636635,-1.002396679970352,"(20, 4)",351249.8121986389,351215.71076221764,-23793070509.40871,1538717.9487179518,4.993400096893311,-1.002396679970352,23840641026.454735,49416210.74969952,50954928.69841747,49064995.0389373,23840992276.266933,47921766.858223155,0.1871231415964955,1770934614.1315207,1770934614.1315207
4.285153612407951,21,4,24437202212.642056,43117469.14618051,43423406.35855333,24437508178.393734,44962124.30727128,39489972.98026773,-96.12889862060548,-97.07129669189452,0.6341999769210815,-0.3194000124931335,[0. 0. 0.],[0. 0. 0. 1.],6.075795992695039,-1.7072957599985061,"(21, 4)",305966.21782302856,305937.1713491604,-24398018205.6602,1538717.9487179518,4.368500232696533,-1.7072957599985061,24437202212.352158,43423406.26252003,44962124.21123798,43117469.09117087,24437508178.56998,39489972.90978065,0.18731609504529467,1770934614.192681,1770934614.192681
4.810446198524449,30,4,24433654480.133472,39184780.45200239,39490810.204707175,24433960542.123486,41029528.15342513,35942337.67838083,-92.50749969482422,-92.78569793701172,-0.7337999939918518,0.3129000067710876,[0. 0. 0.],[0. 0. 0. 1.],5.940327473034791,-1.0688274577760017,"(30, 4)",306062.24646759033,306029.61613582075,-24398018204.517746,1538717.9487179518,4.871500015258789,-1.0688274577760017,24433654479.980362,39490810.10867388,41029528.05739183,39184780.49253806,24433960542.22683,35942337.70908453,0.1842769443002989,1770934614.256078,1770934614.256078
4.750873657935282,31,4,24428801947.94721,32845892.94474175,33150217.255989227,24429106304.317295,34688935.204707175,31088100.983698852,-84.43699645996094,-83.30020141601562,-1.5944000482559204,1.6028000116348269,[0. 0. 0.],[0. 0. 0. 1.],6.018622700489663,-1.1593225639235012,"(31, 4)",304356.6268501282,304323.82436899096,-24398018203.23444,1538717.948717948,4.859300136566162,-1.1593225639235012,24428801947.92908,33150217.15995593,34688935.10867388,32845893.33558694,24429106304.55593,31088101.321489383,0.19902598163350588,1770934614.316955,1770934614.316955
2.1720744544112622,20,5,24079634864.676094,29098044.02755504,29402701.458888255,24079939537.75541,30941419.407606207,18003389.733326618,-87.57689666748047,-88.05889892578125,-4.319399833679199,3.892899990081787,[0. 0. 0.],[0. 0. 0. 1.],3.059692769990478,-0.7136928138594971,"(20, 5)",304673.3993110657,304656.5285707116,-24061936147.71124,1538717.9487179518,2.345999956130981,-0.7136928138594971,24079634864.595757,29402701.134314902,30941419.083032854,29098044.60574419,24079939537.995068,18003390.283829127,0.1871257849373207,1770934614.3704681,1770934614.3704681
1.7808027791000876,21,5,24676196042.770256,23151131.131817263,23457669.407606207,24676502593.214123,24996387.356324155,9618748.487357618,-81.42990112304688,-82.21299743652344,-1.6512000560760498,1.0561000108718872,[0. 0. 0.],[0. 0. 0. 1.],2.7001653466200923,-0.7085653099989988,"(21, 5)",306551.1850204468,306537.60078626126,-24666883844.682632,1538717.948717948,1.9916000366210935,-0.7085653099989988,24676196042.48036,23457669.083032854,24996387.031750802,23151131.482246593,24676502593.66538,9618748.982747396,0.14816475808595136,1770934614.4317157,1770934614.4317157
1.7649898279563294,30,5,24697647637.18475,44217385.840908214,44524560.43324723,24697954824.1179,46063278.38196518,31070980.782050308,-80.55899810791016,-80.8895034790039,-2.17549991607666,1.972499966621399,[0. 0. 0.],[0. 0. 0. 1.],3.307452451537286,-1.4471525066596616,"(30, 5)",307187.10874557495,307174.0879156664,-24666883843.117622,1538717.9487179518,1.8602999448776243,-1.4471525066596616,24697647637.03164,44524560.10867388,46063278.05739183,44217386.02075821,24697954824.140385,31070981.02276142,0.08490509508155884,1770934614.519944,1770934614.519944
1.6888026431197531,31,5,24710795265.25489,55878222.83557829,56227036.394785695,24711144091.010193,57765754.34350364,44260248.942354605,-81.92900085449219,-82.07479858398438,-3.430000066757202,3.2669999599456787,[0. 0. 0.],[0. 0. 0. 1.],2.987940860432817,-1.1818408495609298,"(31, 5)",348825.8557434082,348812.78796073794,-24666883841.67782,1538717.9487179443,1.8061000108718872,-1.1818408495609298,24710795265.236763,56227036.07021234,57765754.018930286,55878223.282251604,24711144091.092506,44260249.4146885,0.15760518737229237,1770934614.601631,1770934614.601631
3.2294538511306943,20,11,24372627677.176083,48515107.51556304,48819015.314909056,24372931606.913445,50357733.26362701,42129814.00095024,-83.2802963256836,-83.25810241699219,-1.7015000581741333,1.2180999517440796,[0. 0. 0.],[0. 0. 0. 1.],7.238867807619097,-3.8915677549762746,"(20, 11)",303930.1319618225,303907.40810296685,-24330801792.915432,1538717.9487179518,3.3473000526428223,-3.8915677549762746,24372627677.095745,48819015.236879006,50357733.18559696,48515107.82877604,24372931607.227707,42129814.31227464,0.1937310721141101,1770934614.6634393,1770934614.6634393
3.6617657901142944,21,11,24969188478.667686,42568866.54032146,42944808.584139824,24969564444.605427,44483526.532857776,33814955.20734805,-92.41010284423828,-92.9489974975586,1.409000039100647,-1.6065000295639038,[0. 0. 0.],[0. 0. 0. 1.],6.76620379035099,-2.995603709860878,"(21, 11)",375966.49952316284,375941.944611378,-24935749489.667725,1538717.9487179518,3.770600080490112,-2.995603709860878,24969188478.37779,42944808.506109774,44483526.454827726,42568866.561498396,24969564444.87731,33814955.20958534,0.18429639909570608,1770934614.72484,1770934614.72484
4.908815051202239,21,0,25199182541.16768,6916935.68896265,7221282.87311432,25199486922.26721,8760000.82183227,62088210.17051567,-86.7334976196289,-95.7302017211914,-2.0908000469207764,1.7099000215530396,[0. 0. 0.],[0. 0. 0. 1.],8.86107451211785,-3.8340745617089143,"(21, 0)",304381.58866500854,304346.95512820594,-25137398712.45543,1538717.948717949,5.026999950408936,-3.8340745617089143,25199182540.87778,7221282.865084135,8760000.813802084,6916935.909955929,25199486922.466446,62088210.01101763,0.18415990068874435,1770934614.9547155,1770934614.9547155
2.875080277568388,20,1,24818615826.21454,19361164.82300762,19665016.918584637,24818919698.318695,21203734.867302585,17603035.81657578,-89.61009979248047,-88.7667007446289,-3.142199993133545,2.6243999004364014,[0. 0. 0.],[0. 0. 0. 1.],5.378421035517765,-2.427121129740788,"(20, 1)",303872.38331222534,303851.86611077935,-24801316662.50364,1538717.948717948,2.951299905776977,-2.427121129740788,24818615826.1342,19665016.83944311,21203734.788161058,19361164.97333233,24818919698.517513,17603036.013872195,0.18423473113842967,1770934615.1094162,1770934615.1094162
2.6674202514493714,21,1,25416176940.206135,14416485.756787458,14720834.226276943,25416481306.43936,16259552.174994893,10216947.279513163,-89.01460266113281,-88.24909973144531,0.067900002002716,-0.3585000038146972,[0. 0. 0.],[0. 0. 0. 1.],5.464760744195486,-2.6324607964568383,"(21, 1)",304367.01847839355,304348.20713141,-25406264359.42808,1538717.94871795,2.8322999477386475,-2.6324607964568383,25416176939.916237,14720834.147135416,16259552.095853366,14416485.940004006,25416481306.934715,10216947.506635617,0.18511918271341923,1770934615.1717331,1770934615.1717331
3.049590183313502,30,1,25412629087.50524,10482720.640790982,10787492.880123097,25412933880.343384,12326210.828841047,6669522.621399448,-94.3520965576172,-94.49720001220705,-0.7365999817848206,0.6155999898910522,[0. 0. 0.],[0. 0. 0. 1.],5.318561597208403,-2.2291615441841106,"(30, 1)",304793.04387283325,304772.19801682606,-25406264357.816128,1538717.94871795,3.089400053024292,-2.2291615441841106,25412629087.35213,10787492.80098157,12326210.74969952,10482720.602964744,25412933880.396004,6669522.579877804,0.18569263148870413,1770934615.234949,1770934615.234949
3.212122339457218,31,1,25408778726.79334,5144939.956767571,5449151.533969251,25409082960.25161,6987869.4826872,2818603.5315846493,-91.54879760742188,-90.72589874267578,-2.056299924850464,1.9407999515533447,[0. 0. 0.],[0. 0. 0. 1.],5.403218332373771,-2.1680184040900796,"(31, 1)",304233.4923362732,304211.44143128954,-25406264356.642372,1538717.948717949,3.2351999282836914,-2.1680184040900796,25408778726.77521,5449151.454827724,6987869.403545673,5144940.0133964345,25409082960.267548,2818603.6251752805,0.18346133247664992,1770934615.2969248,1770934615.2969248
4.615995766954882,20,2,25062609544.16325,58247579.07801742,58554440.002881505,25062916438.05327,60093157.95159946,59950551.45510852,-85.1885986328125,-84.78949737548828,-7.379700183868408,6.772500038146973,[0. 0. 0.],[0. 0. 0. 1.],5.780256972993651,-1.0270569188249494,"(20, 2)",306894.3434486389,306860.4611127749,-25002965886.590298,1538717.9487179518,4.753200054168701,-1.0270569188249494,25062609544.082912,58554439.91636618,60093157.865084134,58247579.45525341,25062916438.42636,59950551.8360627,0.19925900257156248,1770934615.3534014,1770934615.3534014
4.089615983305986,21,2,25659170666.167667,52303390.74868819,52607180.387496896,25659474484.32905,54145898.33621484,51560900.82275871,-91.5197982788086,-92.60710144042967,-3.836999893188477,4.009300231933594,[0. 0. 0.],[0. 0. 0. 1.],6.2983455293594135,-2.0921454065261615,"(21, 2)",303818.73497390747,303789.48505108804,-25607913583.765137,1538717.9487179443,4.206200122833252,-2.0921454065261615,25659170665.87777,52607180.300981574,54145898.24969952,52303390.815930486,25659474484.612743,51560900.84760617,0.18386803063401297,1770934615.414773,1770934615.414773
4.28792021149762,30,2,25655622781.415493,48369098.37498534,48734872.6951892,25655988586.174664,50273590.64390715,48075004.10623915,-86.35169982910156,-85.5302963256836,-5.076600074768066,4.420899868011475,[0. 0. 0.],[0. 0. 0. 1.],5.370857095168491,-0.9251569265588717,"(30, 2)",365805.36671066284,365773.8944811672,-25607913582.153183,1538717.9487179518,4.445700168609619,-0.9251569265588717,25655622781.262383,48734872.60867388,50273590.55739183,48369098.71419271,25655988586.629093,48075004.47591146,0.19514552763879736,1770934615.4780636,1770934615.4780636
5.060994493595968,31,2,25650772997.626663,42031388.80164644,42339648.33621484,25651081292.754505,43878366.28493279,43167712.09493726,-90.30039978027344,-90.7052993774414,-6.090799808502197,5.639999866485596,[0. 0. 0.],[0. 0. 0. 1.],5.909298044654857,-0.8141981186599843,"(31, 2)",308295.16288757324,308259.32429386675,-25607913580.57253,1538717.9487179518,5.095099925994873,-0.8141981186599843,25650772997.608536,42339648.24969952,43878366.19841747,42031388.92540565,25651081292.771423,43167712.19889323,0.18340071283064166,1770934615.5390282,1770934615.5390282
6.541205361707674,20,3,25303603334.227345,24310966.63150219,24616170.784891214,25303908582.16385,26154888.733609162,32077044.366914112,-90.74310302734376,-90.0197982788086,-0.4591000080108642,0.333400011062622,[0. 0. 0.],[0. 0. 0. 1.],8.333480663273496,-1.7288807105757424,"(20, 3)",305248.1470375061,305203.93567207456,-25271831537.77281,1538717.948717948,6.604599952697754,-1.7288807105757424,25303603334.147007,24616170.685596954,26154888.634314902,24310966.74992488,25303908582.294044,32077044.521233976,0.18341806063006644,1770934615.5944781,1770934615.5944781
5.962280410454508,21,3,25900164448.218945,18367901.151595447,18674383.925916858,25900470969.96611,20213101.874634806,23691735.104543027,-84.68219757080078,-85.32119750976562,2.075900077819824,-2.7184998989105225,[0. 0. 0.],[0. 0. 0. 1.],8.658882207513464,-2.476682252526892,"(21, 3)",306522.6706466675,306482.27789463475,-25876779235.10415,1538717.948717948,6.182199954986572,-2.476682252526892,25900164447.929047,18674383.826622598,20213101.775340546,18367901.548727963,25900470970.599693,23691735.49554287,0.19924074055626326,1770934615.6556735,1770934615.6556735
5.803787396554695,30,3,25896616531.41549,14433764.887819964,14739576.233609166,25896922381.019993,16278294.182327114,20143147.877987828,-88.6415023803711,-88.24909973144531,1.2841999530792236,-1.9026000499725344,[0. 0. 0.],[0. 0. 0. 1.],8.088195173008208,-2.161995259983305,"(30, 3)",305850.07887649536,305811.0163762029,-25876779233.210495,1538717.948717948,5.926199913024902,-2.161995259983305,25896616531.26238,14739576.134314904,16278294.083032852,14433765.117938701,25896922381.341255,20143148.130759213,0.1854779424194101,1770934615.718923,1770934615.718923
6.7861836441269,31,3,25891767284.485634,8096737.013597042,8402989.695147628,25892073582.20848,9941707.643865576,15294350.209283117,-106.29930114746094,-91.25550079345705,0.2617000043392181,-0.6053000092506409,[0. 0. 0.],[0. 0. 0. 1.],8.413408825323614,-1.6328087543702452,"(31, 3)",306297.73262405396,306252.7074569315,-25876779231.895893,1538717.948717948,6.780600070953369,-1.6328087543702452,25891767284.467506,8402989.595853366,9941707.544571314,8096736.8883964345,25892073582.20013,15294350.304236779,0.18545383268294627,1770934615.7799275,1770934615.7799275
4.97909078903868,20,4,25546596931.98375,7389885.998445946,7739279.755989228,25546946359.770313,9277997.704707177,6249183.815849608,-97.14600372314452,-96.37439727783205,-2.354300022125244,2.345999956130981,[0. 0. 0.],[0. 0. 0. 1.],5.9957967768636635,-1.013596631142227,"(20, 4)",349427.78758621216,349393.7330979565,-25540697175.934486,1538717.948717949,4.982200145721436,-1.013596631142227,25546596931.90341,7739279.659955929,9277997.608673878,7389885.9268579725,25546946359.690998,6249183.756510417,0.18742824082570722,1770934615.8374784,1770934615.8374784
4.31348900810978,21,4,26142158198.218937,447578.372139672,753302.1918866644,26142463950.70182,2292020.140604613,64035488.54948336,-96.37439727783205,-96.7020034790039,0.5252000093460083,-0.6043999791145325,[0. 0. 0.],[0. 0. 0. 1.],6.075795992695039,-1.6787961567270218,"(21, 4)",305752.95473098755,305723.7830528846,-26078428462.39907,1538717.9487179485,4.396999835968018,-1.6787961567270218,26142158197.92904,753302.0958533654,2292020.044571314,447578.31280048075,26142463950.88377,64035488.48470052,0.18728945893379043,1770934615.8977246,1770934615.8977246
4.779859866275853,30,4,26138610257.37702,63729465.40701327,64035690.01239948,26138916514.031265,65574407.96111743,60488053.25419514,-91.84549713134766,-92.17350006103516,-0.6984000205993652,0.3790000081062317,[0. 0. 0.],[0. 0. 0. 1.],5.940327473034791,-1.0923274234437264,"(30, 4)",306256.93296813965,306224.44348457456,-26078428460.849712,1538717.9487179518,4.8480000495910645,-1.0923274234437264,26138610257.22391,64035689.91636618,65574407.865084134,63729465.47288161,26138916514.15688,60488053.307166465,0.18385433045404911,1770934615.9609935,1770934615.9609935
4.703649954541223,31,4,26137761451.152294,61392485.861226395,61698214.05086102,26138067211.13391,63236931.99957897,59638751.624851875,-83.72250366210938,-83.96929931640625,-1.5338000059127808,1.0151000022888184,[0. 0. 0.],[0. 0. 0. 1.],6.018622700489663,-1.2040227096449367,"(31, 4)",305760.27894592285,305727.7268629819,-26078428459.40991,1538717.9487179443,4.814599990844727,-1.2040227096449367,26137761451.134167,61698213.954827726,63236931.90354567,61392486.227964744,26138067211.413113,59638752.00320513,0.19909314092605068,1770934616.0259283,1770934616.0259283
2.1817823618218544,20,5,25789590818.201694,58636600.87110735,58940529.98452928,25789894763.018944,60479247.93324723,47548358.55534698,-87.51239776611328,-88.00530242919922,-4.572700023651123,3.724299907684326,[0. 0. 0.],[0. 0. 0. 1.],3.059692769990478,-0.702892690644775,"(20, 5)",303945.1403465271,303928.2070062086,-25742346404.152756,1538717.9487179518,2.356800079345703,-0.702892690644775,25789590818.121357,58940529.659955926,60479247.60867388,58636601.45294972,25789894763.261703,47548359.10894932,0.1873104203905867,1770934616.080475,1770934616.080475
1.7825928916561127,21,5,26370152316.808678,36695178.637926176,37000778.38196518,26370457928.719437,38539496.33068313,23163827.519852255,-81.43560028076172,-82.11959838867188,-1.3457000255584717,1.2367000579833984,[0. 0. 0.],[0. 0. 0. 1.],2.7001653466200923,-0.7088653597807979,"(21, 5)",305612.63646698,305599.0678836182,-26347294101.15545,1538717.9487179443,1.9912999868392944,-0.7088653597807979,26370152316.51878,37000778.05739183,38539496.006109774,36695178.98950821,26370457929.155247,23163827.99979968,0.14614284834773295,1770934616.125703,1770934616.125703
1.749369200628716,30,5,26352604704.4924,18760693.2483505,19066796.010170307,26352910819.476376,20605513.958888255,5616719.667704434,-80.30419921875,-80.4478988647461,-2.0917000770568848,2.04229998588562,[0. 0. 0.],[0. 0. 0. 1.],3.307452451537286,-1.4801524990302668,"(30, 5)",306115.08100509644,306102.294921875,-26347294099.590443,1538717.948717948,1.827299952507019,-1.4801524990302668,26352604704.33929,19066795.685596954,20605513.634314902,18760693.39067508,26352910819.420296,5616719.8298527645,0.06930409405515214,1770934616.1749384,1770934616.1749384
1.640879647676392,31,5,26347756475.19075,12423972.47926236,12769969.087093383,26348102483.762405,14308687.035811331,808385.7068944506,-81.3311996459961,-81.67140197753906,-2.967099905014038,3.0118000507354736,[0. 0. 0.],[0. 0. 0. 1.],2.987940860432817,-1.2581408745471971,"(31, 5)",346008.59813308716,345995.95289963856,-26347294097.66549,1538717.948717948,1.72979998588562,-1.2581408745471971,26347756475.172623,12769968.762520032,14308686.71123798,12423972.809620393,26348102483.770756,808386.1052684295,0.13159467956119794,1770934616.235982,1770934616.235982
3.24125286171768,20,11,26001621298.97092,64312430.69043384,64616379.096960336,26001925269.378796,66155097.04567829,57929630.23423993,-83.2260971069336,-83.51239776611328,-1.6334999799728394,0.7840999960899353,[0. 0. 0.],[0. 0. 0. 1.],7.238867807619097,-3.877567816011431,"(20, 11)",303970.82206344604,303948.0199569315,-25943995639.14749,1538717.9487179518,3.361299991607666,-3.877567816011431,26001621298.890583,64616379.018930286,66155096.96764824,64312430.998973355,26001925269.712646,57929630.56515425,0.19501375350764025,1770934616.2923741,1770934616.2923741
3.672395196290699,21,11,26598146435.398415,58335436.842680365,58710954.41747316,26598521976.866108,60249672.366191104,49578641.01687347,-92.64969635009766,-93.13059997558594,1.3587000370025637,-1.4742000102996826,[0. 0. 0.],[0. 0. 0. 1.],6.76620379035099,-2.987103849097328,"(21, 11)",375542.02348709106,375517.48422475904,-26548943336.11888,1538717.9487179443,3.779099941253662,-2.987103849097328,26598146435.108517,58710954.33944311,60249672.288161054,58335436.85521835,26598521977.132004,49578641.013120994,0.18445397962739568,1770934616.353759,1770934616.353759
5.3929874220798775,21,0,26923138037.962513,50459144.50403975,50764407.87311432,26923443337.894665,52303125.82183227,38417956.173488684,-86.72799682617188,-87.18240356445312,-1.7359000444412231,1.3950999975204468,[0. 0. 0.],[0. 0. 0. 1.],8.86107451211785,-3.2963743854699015,"(21, 0)",305300.77811813354,305263.13977363706,-26885025382.079914,1538717.9487179518,5.564700126647949,-3.2963743854699015,26923138037.672615,50764407.865084134,52303125.813802086,50459144.7253105,26923443338.450733,38417956.37081831,0.19029836997475705,1770934616.6787698,1770934616.6787698
2.819084217944085,20,1,26584570345.445267,37683844.161721356,37988198.00832823,26584874718.962185,39526915.95704617,35931389.96559331,-89.4124984741211,-88.7864990234375,-3.0583999156951904,2.8824000358581543,[0. 0. 0.],[0. 0. 0. 1.],5.378421035517765,-2.4817211301222573,"(20, 1)",304373.7949447632,304353.60639523715,-26548943328.998116,1538717.9487179443,2.896699905395508,-2.4817211301222573,26584570345.36493,37988197.9291867,39526915.877904646,37683844.322791465,26584874719.159874,35931390.16175881,0.18433965358722318,1770934616.8821108,1770934616.8821108
2.6394072227799557,21,1,27167131739.885582,17744774.668745197,18050337.43140515,27167437320.262188,19589055.380123097,13546294.623514375,-88.08319854736328,-88.47859954833984,0.0260000005364418,-0.1331000030040741,[0. 0. 0.],[0. 0. 0. 1.],5.464760744195486,-2.6543607350402127,"(21, 1)",305581.1485862732,305562.44678986445,-27153891025.906906,1538717.948717948,2.810400009155273,-2.6543607350402127,27167131739.595684,18050337.352263622,19589055.30098157,17744774.905473758,27167437320.74427,13546294.837364784,0.18585446222862537,1770934616.9226358,1770934616.9226358
3.0255300166301753,30,1,27149584023.402637,67025895.62563609,115257.30320002085,27149889815.753906,1653975.2519179694,63215201.51215736,-94.93659973144533,-94.18879699707033,-1.01419997215271,0.534500002861023,[0. 0. 0.],[0. 0. 0. 1.],5.318561597208403,-2.2541616395515423,"(30, 1)",305792.5649795532,-66910638.349484175,-27086674614.33589,1538717.9487179487,3.0643999576568604,-2.2541616395515423,27149584023.249527,115257.2240584936,1653975.1727764423,67025895.57354267,27149889815.814507,63215201.47861578,0.1857922928677463,1770934616.9719696,1770934616.9719696
3.0915438667091455,31,1,27145737556.9215,61690168.51540222,61995169.16217438,27146042578.766827,63533887.110892326,59367966.246937536,-92.93180084228516,-92.62840270996094,-2.086999893188477,1.926900029182434,[0. 0. 0.],[0. 0. 0. 1.],5.403218332373771,-2.308218303763542,"(31, 1)",305021.8005065918,305000.56340144575,-27086674612.442238,1538717.9487179443,3.095000028610229,-2.308218303763542,27145737556.903374,61995169.083032854,63533887.0317508,61690168.51963141,27146042578.70388,59367966.261643626,0.18437450317192536,1770934617.0339067,1770934617.0339067
4.604905807350717,20,2,26798564832.62475,46563931.59895619,46869295.77211228,26798870229.63503,48408013.720830224,48277676.15114331,-84.51439666748047,-83.95480346679688,-7.157199859619141,6.60860013961792,[0. 0. 0.],[0. 0. 0. 1.],5.780256972993651,-1.0401570660722639,"(20, 2)",305397.4484138489,305363.70693109185,-26750592553.47602,1538717.9487179443,4.740099906921387,-1.0401570660722639,26798564832.54441,46869295.68559696,48408013.6343149,46563931.978665866,26798870229.992825,48277676.516801886,0.20028778611659112,1770934617.0894372,1770934617.0894372
4.044966695399514,21,2,27395125858.475323,40624886.67369128,40931563.40031741,27395432563.444504,42470281.34903535,39892313.30288312,-91.16709899902344,-91.44609832763672,-4.312900066375732,3.949700117111206,[0. 0. 0.],[0. 0. 0. 1.],6.2983455293594135,-2.1275453203140033,"(21, 2)",306705.5883140564,306676.55749198794,-27355540250.400467,1538717.9487179443,4.17080020904541,-2.1275453203140033,27395125858.185425,40931563.313802086,42470281.26252003,40624886.7563101,27395432563.77374,39892313.37327223,0.1835185315722244,1770934617.150649,1770934617.150649
4.340522924077625,30,2,27391577749.364174,36688714.072876275,37057524.938778944,27391946591.06898,38596242.887496896,36406342.474777564,-86.68569946289062,-85.20780181884766,-4.871699810028076,4.934999942779541,[0. 0. 0.],[0. 0. 0. 1.],5.370857095168491,-0.8737572187646823,"(30, 2)",368842.3195838928,368810.4561047703,-27355540248.67896,1538717.9487179518,4.497099876403809,-0.8737572187646823,27391577749.211063,37057524.85226362,38596242.800981574,36688714.39615885,27391946591.530647,36406342.8516877,0.19532977082857705,1770934617.213997,1770934617.213997
5.046683827980455,31,2,27386731843.78047,30353042.27023787,30660946.413137916,27387039783.42218,32199664.36185587,31499536.111635376,-90.84089660644533,-90.47540283203124,-6.149499893188477,6.295700073242188,[0. 0. 0.],[0. 0. 0. 1.],5.909298044654857,-0.8307982506485097,"(31, 2)",307939.68787384033,307903.95883413404,-27355540247.223507,1538717.9487179518,5.078499794006348,-0.8307982506485097,27386731843.762344,30660946.326622594,32199664.275340546,30353042.36778846,27387039783.45022,31499536.22671274,0.18339494892050678,1770934617.2750204,1770934617.2750204
6.641417165888497,20,3,27047479840.63756,20559975.833393846,20939728.477198906,27047859637.65727,22478446.425916858,28401432.755502377,-90.54080200195312,-90.48509979248048,-0.7384999990463257,0.3109999895095825,[0. 0. 0.],[0. 0. 0. 1.],8.333480663273496,-1.630880660984678,"(20, 3)",379797.2067832947,379752.416366186,-27019458204.87764,1538717.9487179518,6.702600002288818,-1.630880660984678,27047479840.557224,20939728.377904646,22478446.326622598,20559975.96153846,27047859637.764008,28401432.88636819,0.1833994995356662,1770934617.3383954,1770934617.3383954
5.9255887671458085,21,3,27645119408.1548,15700630.539357336,16004728.47719891,27645423544.848625,17543446.425916858,21017643.42997858,-84.2759017944336,-85.16459655761719,2.519200086593628,-2.699899911880493,[0. 0. 0.],[0. 0. 0. 1.],8.658882207513464,-2.5136824318176636,"(21, 3)",304137.62019348145,304097.4465394635,-27624405901.66123,1538717.94871795,6.145199775695801,-2.5136824318176636,27645119407.864902,16004728.377904648,17543446.326622598,15700630.931365184,27645423545.485096,21017643.82386819,0.20003807698494896,1770934617.403893,1770934617.403893
5.793588210737866,30,3,27625571675.646217,62981397.80893895,63285906.36181429,27625876222.366978,64824624.31053224,1470322.433146811,-88.4623031616211,-87.9395980834961,1.2944999933242798,-1.6512000560760498,[0. 0. 0.],[0. 0. 0. 1.],8.088195173008208,-2.167995301944975,"(30, 3)",304547.2130432129,304508.2131410241,-27624405900.002323,1538717.9487179518,5.920199871063232,-2.167995301944975,27625571675.493107,63285906.26252003,64824624.21123798,62981398.049379006,27625876222.70615,1470322.7038261218,0.1860594915653431,1770934617.4479475,1770934617.4479475
7.245666714014856,31,3,27604726675.511234,40646779.684235774,40952204.43873737,27605032148.37085,42490922.387455314,47842659.9457877,-91.12169647216795,-90.6509017944336,0.4936000108718872,-0.9825000166893004,[0. 0. 0.],[0. 0. 0. 1.],8.413408825323614,-1.1352086757874815,"(31, 3)",305472.89726257324,305424.55428685993,-27557189488.32176,1538717.9487179443,7.278200149536133,-1.1352086757874815,27604726675.493107,40952204.33944311,42490922.288161054,40646779.78515625,27605032148.39037,47842660.068609774,0.18341267525196228,1770934617.4999604,1770934617.4999604
4.9240340731430186,20,4,27264552829.41961,44931140.52124923,45278406.35855333,27264900128.987812,46817124.30727128,43792696.95178664,-100.0081024169922,-100.3727035522461,-2.524800062179565,2.529400110244751,[0. 0. 0.],[0. 0. 0. 1.],5.9957967768636635,-1.080296612831681,"(20, 4)",347299.522983551,347265.84410055727,-27221107432.016052,1538717.9487179518,4.915500164031982,-1.080296612831681,27264552829.33927,45278406.26252003,46817124.21123798,44931140.41841947,27264900128.862255,43792696.84620392,0.18917219838588248,1770934617.555425,1770934617.555425
4.333968287155445,21,4,27861113831.23172,38993753.578214675,39299343.85855333,27861419450.271507,40838061.80727128,35364321.2490946,-96.23770141601562,-96.0697021484375,0.5234000086784363,-0.3472999930381775,[0. 0. 0.],[0. 0. 0. 1.],6.075795992695039,-1.6563957775461136,"(21, 4)",305619.5224876404,305590.24126101285,-27826055129.269146,1538717.9487179518,4.419400215148926,-1.6563957775461136,27861113830.941822,39299343.76252003,40838061.71123798,38993753.52125902,27861419450.46431,35364321.19516226,0.18702453028385663,1770934617.616756,1770934617.616756
4.774275945365653,30,4,27857565658.01801,35057358.54084497,35363390.3329123,27857871721.818462,36902108.281630255,31816594.359115876,-92.3748016357422,-92.21690368652344,-0.3007999956607818,0.5149999856948853,[0. 0. 0.],[0. 0. 0. 1.],5.940327473034791,-1.1012275890015877,"(30, 4)",306064.07752227783,306031.6506410241,-27826055127.53199,1538717.9487179518,4.839099884033203,-1.1012275890015877,27857565657.8649,35363390.236879006,36902108.18559696,35057358.58623798,27857871721.94242,31816594.41043169,0.1840349984827183,1770934617.6799667,1770934617.6799667
4.735037998987004,31,4,27786504359.806103,29722480.65108708,30027052.191886663,27786808963.365406,31565770.14060461,27970247.54002301,-83.45459747314453,-84.2782974243164,-1.2172000408172607,1.3615000247955322,[0. 0. 0.],[0. 0. 0. 1.],6.018622700489663,-1.1738227050673,"(31, 4)",304603.8661880493,304571.095002003,-27758838715.726227,1538717.948717948,4.844799995422363,-1.1738227050673,27786504359.787975,30027052.095853366,31565770.044571314,29722481.000851363,27786808963.654163,27970247.927934695,0.1991077519219984,1770934617.741927,1770934617.741927
2.19600670295652,20,5,27507546571.406784,28958504.876420222,29263238.317862615,27507851320.6593,30801956.266580563,17878249.576025,-87.88749694824219,-88.13590240478516,-4.3566999435424805,3.942199945449829,[0. 0. 0.],[0. 0. 0. 1.],3.059692769990478,-0.6930927333693844,"(20, 5)",304749.5680580139,304732.55646534264,-27489973070.772434,1538717.948717948,2.3666000366210938,-0.6930927333693844,27507546571.326447,29263237.993289262,30801955.94200721,28958505.43682392,27507851320.894505,17878250.122070312,0.18654479992638165,1770934617.7984204,1770934617.7984204
1.7812698526604833,21,5,28104107557.193253,23021738.795206603,23326924.215298515,28104412754.836052,24865642.164016463,9491987.298490845,-81.64759826660156,-82.09449768066406,-1.2731000185012815,0.9060999751091005,[0. 0. 0.],[0. 0. 0. 1.],2.7001653466200923,-0.7044653449034788,"(21, 5)",305198.3642578125,305184.70177283883,-28094920767.493423,1538717.948717948,1.9957000017166135,-0.7044653449034788,28104107556.903355,23326923.890725162,24865641.83944311,23021739.188952323,28104412755.267612,9491987.774188701,0.1512165308721513,1770934617.8596094,1770934617.8596094
1.7474504909583908,30,5,28100559351.928257,19084974.85557124,19391018.766580563,28100865408.05785,20929736.715298515,5944641.629503251,-80.47930145263672,-81.09459686279297,-1.9854999780654907,1.9603999853134155,[0. 0. 0.],[0. 0. 0. 1.],3.307452451537286,-1.460452448676263,"(30, 5)",306056.3464050293,306043.4194711521,-28094920766.210117,1538717.9487179518,1.847000002861023,-1.460452448676263,28100559351.775146,19391018.44200721,20929736.390725162,19084975.022536058,28100865408.12155,5944641.9114332935,0.08799172090958027,1770934617.9230182,1770934617.9230182
1.674016623516352,31,5,28028498630.63943,12750318.099891247,13093302.420426717,28028841627.03842,14632020.369144665,1137272.1344960565,-82.1677017211914,-82.68789672851562,-3.2177000045776367,2.997900009155273,[0. 0. 0.],[0. 0. 0. 1.],2.987940860432817,-1.1764409071628585,"(31, 5)",342996.59141921997,342983.5079877805,-28027704354.513905,1538717.948717948,1.8114999532699585,-1.1764409071628585,28028498630.621304,13093302.095853366,14632020.044571314,12750318.587865585,28028841627.212723,1137272.698818109,0.1740619433781297,1770934617.9838367,1770934617.9838367
3.2253784038161006,20,11,27748540722.047802,63602566.34885553,63906475.25080649,27748844652.835846,65445193.19952444,57222346.97771913,-83.18289947509766,-83.2334976196289,-1.7777999639511108,0.9182000160217284,[0. 0. 0.],[0. 0. 0. 1.],7.238867807619097,-3.8972678663654348,"(20, 11)",303931.1805114746,303908.51925580204,-27691622305.86107,1538717.9487179518,3.341599941253662,-3.8972678663654348,27748540721.967464,63906475.17277644,65445193.12149439,63602566.653520636,27748844653.147976,57222347.28690905,0.1928408082412639,1770934618.0393908,1770934618.0393908
3.6366681619498467,21,11,28345101339.24453,57666325.73120449,58041403.13542188,28345476440.242912,59580121.084139824,48906437.47664789,-92.58070373535156,-92.6981964111328,1.409999966621399,-1.3746000528335571,[0. 0. 0.],[0. 0. 0. 1.],6.76620379035099,-3.0203038746557995,"(21, 11)",375101.5687599182,375077.31119792163,-28296570003.03591,1538717.9487179443,3.7458999156951904,-3.0203038746557995,28345101338.95463,58041403.05739183,59580121.006109774,57666325.74619391,28345476440.52339,48906437.48747997,0.18427310005862596,1770934618.100732,1770934618.100732
5.430936552125821,21,0,28572095481.87273,19003432.56772604,19307685.11670406,28572399771.22375,20846403.06542201,6964133.029752866,-87.02259826660156,-87.26529693603516,-1.9780999422073364,1.910099983215332,[0. 0. 0.],[0. 0. 0. 1.],8.86107451211785,-3.261374538057792,"(21, 0)",304290.19243240356,304252.3349859789,-28565435638.552734,1538717.948717948,5.599699974060059,-3.261374538057792,28572095481.582832,19307685.108673878,20846403.057391826,19003432.7736879,28572399771.775265,6964133.2225310495,0.18949934220766285,1770934618.3277094,1770934618.3277094
2.8613790439289315,20,1,28202528678.77856,42443581.82374205,42747805.3801231,28202832922.222153,44286523.328841045,40695746.743098706,-89.4791030883789,-88.6843032836914,-2.805999994277954,3.221400022506714,[0. 0. 0.],[0. 0. 0. 1.],5.378421035517765,-2.4390210778609047,"(20, 1)",304243.72746658325,304223.3198117018,-28162137175.48058,1538717.9487179443,2.9393999576568604,-2.4390210778609047,28202528678.698223,42747805.300981574,44286523.24969952,42443581.98116987,28202832922.42569,40695746.945112176,0.18437361484716802,1770934618.4933653,1770934618.4933653
2.6878924524194696,21,1,28799089624.50093,36508950.07272529,36815169.16217438,28799395861.47182,38353887.110892326,32310989.397637196,-88.1624984741211,-88.970703125,0.2495000064373016,0.2215999960899353,[0. 0. 0.],[0. 0. 0. 1.],5.464760744195486,-2.6107606526427514,"(21, 1)",306237.714717865,306218.77817007154,-28767084872.34242,1538717.9487179443,2.8540000915527344,-2.6107606526427514,28799089624.211033,36815169.083032854,38353887.0317508,36508950.30486278,28799395861.92575,32310989.583333332,0.18525281090184492,1770934618.5546203,1770934618.5546203
3.035807950231022,30,1,28795541315.069267,32571496.56766776,32876306.9826872,28795846145.994255,34415024.93140515,28761275.46748245,-96.29930114746094,-93.20909881591795,-0.8251000046730042,0.9032999873161316,[0. 0. 0.],[0. 0. 0. 1.],5.318561597208403,-2.243761582712553,"(30, 1)",304831.16736984253,304810.4154146649,-28767084870.62091,1538717.948717948,3.0748000144958496,-2.243761582712553,28795541314.916157,32876306.903545674,34415024.85226362,32571496.48813101,28795846146.083527,28761275.462615184,0.18574221080170372,1770934618.617878,1770934618.617878
3.1222049718148783,31,1,28724482132.241978,27237711.47006534,27541795.76473848,28724786237.91646,29080513.71345643,24917779.13320571,-91.9489974975586,-92.154296875,-1.7247999906539917,1.7611000537872314,[0. 0. 0.],[0. 0. 0. 1.],5.403218332373771,-2.2696183358069986,"(31, 1)",304105.6471633911,304084.17530548945,-28699868458.7056,1538717.948717948,3.1335999965667725,-2.2696183358069986,28724482132.22385,27541795.685596954,29080513.634314902,27237711.510291465,28724786237.871014,24917779.165414665,0.18388055646688933,1770934618.6798875,1770934618.6798875
4.625326905141015,20,2,28444522444.804195,12099642.7832633,12405233.272112276,28444828068.274223,13943951.220830224,13825258.411421543,-84.5624008178711,-84.36959838867188,-7.279200077056885,6.545300006866455,[0. 0. 0.],[0. 0. 0. 1.],5.780256972993651,-1.0178568226945783,"(20, 2)",305623.92014694214,305590.02216045745,-28431002809.854942,1538717.948717948,4.762400150299072,-1.0178568226945783,28444522444.723858,12405233.185596956,13943951.134314904,12099643.163436498,28444828068.644005,13825258.7890625,0.20035413813075373,1770934618.7353823,1770934618.7353823
4.026749428328592,21,2,29040083398.539387,5165500.601677061,5470000.9003174035,29040387926.953243,7008718.8490353525,4437420.41705506,-91.00279998779295,-90.8656997680664,-4.0903000831604,4.0157999992370605,[0. 0. 0.],[0. 0. 0. 1.],6.2983455293594135,-2.140845739167763,"(21, 2)",304529.0589942932,304500.1220703125,-29035950506.795036,1538717.948717949,4.15749979019165,-2.140845739167763,29040083398.24949,5470000.813802083,7008718.762520032,5165500.6917317705,29040387927.308483,4437420.5134465145,0.18342111651530357,1770934618.795566,1770934618.795566
4.344020554734299,30,2,29021535449.684647,53444400.18074759,53816627.502881505,29021907707.85988,55355345.45159946,53173613.0023166,-86.23280334472656,-85.40630340576172,-5.161300182342529,4.628600120544434,[0. 0. 0.],[0. 0. 0. 1.],5.370857095168491,-0.8677571768030115,"(30, 2)",372258.78593063354,372226.8911508396,-28968734094.942318,1538717.9487179518,4.503099918365479,-0.8677571768030115,29021535449.531536,53816627.41636618,55355345.365084134,53444400.52521534,29021907708.317467,53173613.37515024,0.19574285000513322,1770934618.8440497,1770934618.8440497
5.042011431212763,31,2,28933477180.318897,31111137.92842457,31419383.913137916,28933785461.738773,32958101.86185587,32267778.35867666,-91.22840118408205,-90.73619842529295,-6.4893999099731445,5.835599899291992,[0. 0. 0.],[0. 0. 0. 1.],5.909298044654857,-0.8399978699417225,"(31, 2)",308281.45344924927,308245.8183092922,-28901517683.293056,1538717.9487179518,5.069300174713135,-0.8399978699417225,28933477180.30077,31419383.826622594,32958101.775340546,31111138.008313302,28933785461.75422,32267778.46116286,0.18342870028077127,1770934618.894321,1770934618.894321
6.605517367841567,20,3,28658516939.9965,18402467.52306172,18709063.413096342,28658823580.115013,20247781.36181429,26171529.5758932,-90.5374984741211,-92.5438995361328,-0.4041000008583069,0.2187999933958053,[0. 0. 0.],[0. 0. 0. 1.],8.333480663273496,-1.679680652592344,"(20, 3)",306640.21810150146,306595.6624348946,-28632652050.514996,1538717.948717948,6.653800010681152,-1.679680652592344,28658516939.91616,18709063.313802082,20247781.26252003,18402467.651367188,28658823580.134262,26171529.619265825,0.18356390409914386,1770934618.9493716,1770934618.9493716
5.954426115377431,21,3,29255077853.667587,12469331.051384553,12773622.70796814,29255382184.265903,14312340.656686088,17782436.662151013,-84.40799713134766,-85.19529724121094,2.322700023651123,-2.767800092697144,[0. 0. 0.],[0. 0. 0. 1.],8.658882207513464,-2.4845820137268433,"(21, 3)",304331.52418518066,304291.1627353765,-29237599747.846336,1538717.948717948,6.174300193786621,-2.4845820137268433,29255077853.37769,12773622.608673878,14312340.557391826,12469331.445938502,29255382184.901875,17782437.055538863,0.1998433228399899,1770934619.0120904,1770934619.0120904
5.81706635202999,30,3,29252529456.0949,9531509.062722731,9837532.964378396,29252835518.256405,11376250.913096346,15235771.855764778,-88.42160034179688,-87.67449951171875,1.563599944114685,-1.9306000471115112,[0. 0. 0.],[0. 0. 0. 1.],8.088195173008208,-2.1417950074503462,"(30, 3)",306062.66902160645,306023.5595703125,-29237599746.46913,1538717.94871795,5.946400165557861,-2.1417950074503462,29252529455.941788,9837532.865084134,11376250.813802084,9531509.305513822,29252835518.61081,15235772.141676683,0.1864837573438409,1770934619.0748994,1770934619.0748994
6.268785192040962,31,3,29182471274.870174,5198398.082786633,5503486.490019421,29182776405.471973,7042204.43873737,12393073.96050763,-100.06680297851562,-104.3363037109375,0.8027999997138977,-0.923799991607666,[0. 0. 0.],[0. 0. 0. 1.],8.413408825323614,-2.1785088276124327,"(31, 3)",305130.39613342285,305088.40707632154,-29170383331.40816,1538717.948717949,6.234899997711182,-2.1785088276124327,29182471274.852047,5503486.39072516,7042204.339443109,5198397.9836488385,29182776405.24818,12393073.84001903,0.18965143230394943,1770934619.1377997,1770934619.1377997
4.975216025272622,20,4,28886511066.599056,53691382.216704175,54036755.71752769,28886856474.11489,55575473.66624564,52555195.69030645,-95.1981964111328,-97.79540252685548,-2.545300006866455,2.3915998935699463,[0. 0. 0.],[0. 0. 0. 1.],5.9957967768636635,-1.0153966914144448,"(20, 4)",345407.49574279785,345373.44125600904,-28834301278.40461,1538717.9487179518,4.980400085449219,-1.0153966914144448,28886511066.51872,54036755.62149439,55575473.57021234,53691382.18023838,28886856474.01446,52555195.609850764,0.18713179893795398,1770934619.1837442,1770934619.1837442
4.360516114268409,21,4,29484071940.20604,48758767.80301906,49063286.16624564,29484376487.53432,50602004.11496358,45127512.498952985,-96.1769027709961,-96.2499008178711,0.3901999890804291,-0.7840999960899353,[0. 0. 0.],[0. 0. 0. 1.],6.075795992695039,-1.6301959598886429,"(21, 4)",304547.8077430725,304518.3230669126,-29439248975.282104,1538717.9487179443,4.4456000328063965,-1.6301959598886429,29484071939.91614,49063286.07021234,50602004.018930286,48758767.74714543,29484376487.723885,45127512.44178185,0.18706719897474794,1770934619.2396135,1770934619.2396135
4.785294950479551,30,4,29480523542.633354,44820593.99634108,45126411.16624564,29480829391.869522,46665129.11496358,41580418.17811799,-91.90370178222656,-92.58070373535156,-0.6323000192642212,0.19930000603199,[0. 0. 0.],[0. 0. 0. 1.],5.940327473034791,-1.0895274356507576,"(30, 4)",305849.4998245239,305817.01034154743,-29439248973.764046,1538717.9487179443,4.850800037384033,-1.0895274356507576,29480523542.480244,45126411.07021234,46665129.018930286,44820594.059870794,29480829391.98007,41580418.216020636,0.18399190292653977,1770934619.302941,1770934619.302941
4.76054727993334,31,4,29409465898.267605,39487643.829421364,39792669.17906615,29409770955.7942,41331387.127784096,37738393.75241218,-83.7853012084961,-83.70330047607422,-1.6344000101089478,1.3447999954223633,[0. 0. 0.],[0. 0. 0. 1.],6.018622700489663,-1.1485226791273586,"(31, 4)",305057.8112487793,305024.8835637048,-29372032561.94264,1538717.9487179443,4.870100021362305,-1.1485226791273586,29409465898.249477,39792669.083032854,41331387.0317508,39487644.19946915,29409770956.060726,37738394.118088946,0.19850642605053656,1770934619.364905,1770934619.364905
2.173660872170244,20,5,29127504856.663155,35716167.973566644,36020385.753760055,29127809090.109535,37559103.702478,24642172.90375092,-88.02739715576172,-88.1968994140625,-4.473999977111816,3.871500015258789,[0. 0. 0.],[0. 0. 0. 1.],3.059692769990478,-0.717092662797485,"(20, 5)",304233.7583885193,304216.90329527855,-29103166916.894943,1538717.9487179443,2.342600107192993,-0.717092662797485,29127504856.582817,36020385.4291867,37559103.377904646,35716168.52589142,29127809090.341206,24642173.44626402,0.18627024131717168,1770934619.41843,1770934619.41843
1.7812913662773286,21,5,29724065754.3086,29784203.124214526,30087861.715298515,29724369425.01276,31626579.664016463,16254810.773638085,-81.59100341796875,-82.96109771728516,-1.5087000131607056,1.2115999460220337,[0. 0. 0.],[0. 0. 0. 1.],2.7001653466200923,-0.6880653653121089,"(21, 5)",303671.5463485718,303657.883864183,-29708114614.194984,1538717.948717948,2.0120999813079834,-0.6880653653121089,29724065754.018703,30087861.390725162,31626579.33944311,29784203.50686098,29724369425.565052,16254811.370067107,0.16689488670005562,1770934619.479702,1770934619.479702
1.677400016897495,30,5,29720517308.65899,25845648.289070684,26151779.984529283,29720823452.105724,27690497.93324723,12708839.523569994,-81.46810150146484,-80.24620056152344,-1.986500024795532,1.9631999731063845,[0. 0. 0.],[0. 0. 0. 1.],3.307452451537286,-1.5237524622184382,"(30, 5)",306143.5171279907,306131.0127453916,-29708114612.363926,1538717.948717948,1.7836999893188477,-1.5237524622184382,29720517308.50588,26151779.65995593,27690497.608673878,25845648.64721054,29720823452.023006,12708839.659079527,0.09019933142891368,1770934619.542937,1770934619.542937
1.6744711854817225,31,5,29647460257.24196,18512941.346659996,18853166.202478,29647800494.182346,20391884.15119595,6902293.17156018,-82.15139770507812,-81.62210083007812,-2.987600088119507,3.418800115585327,[0. 0. 0.],[0. 0. 0. 1.],2.987940860432817,-1.202540827435686,"(31, 5)",340236.95725631714,340224.045973558,-29640898200.620766,1538717.9487179518,1.7854000329971311,-1.202540827435686,29647460257.22383,18853165.877904646,20391883.826622598,18512941.831931088,29647800494.181087,6902293.5603215145,0.15186780709669112,1770934619.602993,1770934619.602993
3.253509254565747,20,11,29368499007.304176,3148165.8910010587,3452116.2764475145,29368802979.769672,4990834.225165463,63986827.789031826,-83.77980041503906,-83.40850067138672,-1.79830002784729,1.2386000156402588,[0. 0. 0.],[0. 0. 0. 1.],7.238867807619097,-3.8606677534503957,"(20, 11)",303972.8722190857,303949.960561899,-29304816151.983578,1538717.948717949,3.378200054168701,-3.8606677534503957,29368499007.22384,3452116.198417468,4990834.147135417,3148166.237855569,29368802980.096058,63986828.11247997,0.19734109034544767,1770934619.6592703,1770934619.6592703
3.57213261836988,21,11,29965059528.347054,64433130.31288434,64807813.391832136,29965434234.79981,66346531.34055008,55670386.74048997,-92.3397979736328,-93.402099609375,1.3895000219345093,-1.6782000064849854,[0. 0. 0.],[0. 0. 0. 1.],6.76620379035099,-3.087003856345253,"(21, 11)",374706.99995040894,374682.97713842243,-29909763848.328964,1538717.9487179443,3.679199934005737,-3.087003856345253,29965059528.057156,64807813.313802086,66346531.26252003,64433130.33666366,29965434235.057106,55670386.72814003,0.1844201178452108,1770934619.7206464,1770934619.7206464
5.428668360762596,21,0,30207053286.35987,40764515.74130874,41068879.02696047,30207357686.41406,42607596.97567842,28728201.972351678,-87.36399841308594,-87.17019653320312,-1.7740999460220337,1.5738999843597412,[0. 0. 0.],[0. 0. 0. 1.],8.86107451211785,-3.265674655550468,"(21, 0)",304400.9008178711,304363.0903195068,-30178629484.80044,1538717.9487179518,5.595399856567383,-3.265674655550468,30207053286.069973,41068879.018930286,42607596.96764824,40764515.92861078,30207357686.97079,28728202.170347556,0.18901271780946288,1770934619.9626818,1770934619.9626818
2.8619566926090987,20,1,29850486234.868267,9986048.589838453,10292709.226276943,29850792915.436428,11831427.174994893,8245483.719307356,-90.20179748535156,-88.52400207519531,-2.984800100326538,2.7660000324249268,[0. 0. 0.],[0. 0. 0. 1.],5.378421035517765,-2.442820993174625,"(20, 1)",306680.86125183105,306660.437950721,-29842547431.718643,1538717.94871795,2.93560004234314,-2.442820993174625,29850486234.78793,10292709.147135416,11831427.095853366,9986048.709184695,29850792915.64918,8245483.930538862,0.1840966236826625,1770934620.1412613,1770934620.1412613
2.685980147020918,21,1,30447047092.449608,4056299.2949106935,4360561.790379508,30447351372.848152,5899279.739097456,67072654.792308785,-90.0344009399414,-88.62030029296875,0.1256999969482422,-0.1442999988794326,[0. 0. 0.],[0. 0. 0. 1.],5.464760744195486,-2.6253606911711937,"(21, 1)",304281.162361145,304262.2884114585,-30380278718.324074,1538717.948717948,2.839400053024292,-2.6253606911711937,30447047092.15971,4360561.711237981,5899279.659955929,4056299.4228265225,30447351373.32207,67072654.99799679,0.184110812492538,1770934620.2025967,1770934620.2025967
3.0356359359178535,30,1,30441498598.723076,65333501.00766146,65639135.50832823,30441804253.73635,67177853.45704618,61525537.07142314,-95.4052963256836,-93.86530303955078,-1.101699948310852,0.7310000061988831,[0. 0. 0.],[0. 0. 0. 1.],5.318561597208403,-2.244261546472929,"(30, 1)",305655.2358779907,305634.4839242846,-30380278716.759068,1538717.9487179518,3.0743000507354736,-2.244261546472929,30441498598.569965,65639135.4291867,67177853.37790465,65333500.94526242,30441804253.805843,61525537.04677484,0.18580913608682575,1770934620.2639217,1770934620.2639217
3.192361692842623,31,1,30370443117.818863,60001655.70707755,60307092.23909745,30370748576.21682,61845810.187815405,57686271.358010694,-91.6709976196289,-91.310302734375,-1.998600006103516,1.9771000146865845,[0. 0. 0.],[0. 0. 0. 1.],5.403218332373771,-2.192518297278556,"(31, 1)",305458.40532302856,305436.4013671875,-30313062304.781155,1538717.9487179518,3.210700035095215,-2.192518297278556,30370443117.800735,60307092.159955926,61845810.10867388,60001655.75858874,30370748576.20606,57686271.424904846,0.18358894852141813,1770934620.3258855,1770934620.3258855
4.617196484390168,20,2,30092480008.906723,46851710.09088636,47156499.297753304,30092784831.028767,48695217.24647125,48588174.980856895,-84.5707015991211,-84.7345962524414,-7.079899787902832,6.718500137329102,[0. 0. 0.],[0. 0. 0. 1.],5.780256972993651,-1.025457130159178,"(20, 2)",304822.5754928589,304788.74010917544,-30044196656.04005,1538717.9487179443,4.754799842834473,-1.025457130159178,30092480008.826385,47156499.21123798,48695217.159955926,46851710.47112881,30092784831.40188,48588175.36182892,0.20012543383713494,1770934620.383358,1770934620.383358
4.046946308362043,21,2,30689040842.449604,40922411.76756164,41226347.05416356,30689344805.97462,42765065.002881505,40200453.23767586,-91.32209777832033,-90.52429962158205,-4.298900127410889,3.781100034713745,[0. 0. 0.],[0. 0. 0. 1.],6.2983455293594135,-2.1203455560622944,"(21, 2)",303964.18644714355,303935.1243239194,-30649144352.995792,1538717.9487179443,4.177999973297119,-2.1203455560622944,30689040842.159706,41226346.96764824,42765064.91636618,40922411.84332432,30689344806.346153,40200453.35036058,0.18341640300278042,1770934620.444666,1770934620.444666
4.400157739893615,30,2,30685492260.582047,36982622.84905349,37358350.25929177,30685868019.1076,38897068.20800971,36723667.307718165,-85.7291030883789,-85.39620208740234,-5.078499794006348,4.854899883270264,[0. 0. 0.],[0. 0. 0. 1.],5.370857095168491,-0.8086570257410006,"(30, 2)",375759.13649368286,375726.9600110203,-30649144351.88464,1538717.9487179443,4.56220006942749,-0.8086570257410006,30685492260.428936,37358350.172776446,38897068.12149439,36982623.212765425,30685868019.56543,36723667.68078926,0.1968953227566885,1770934620.5080256,1770934620.5080256
5.028286655549643,31,2,30613437364.61373,30650852.136075165,30957340.64390715,30613743888.49858,32496058.592625096,31815948.927365847,-91.072998046875,-90.98079681396484,-5.978099822998047,5.4527997970581055,[0. 0. 0.],[0. 0. 0. 1.],5.909298044654857,-0.8543978752822987,"(31, 2)",306523.90700149536,306488.33446013555,-30581927939.484177,1538717.948717948,5.054900169372559,-0.8543978752822987,30613437364.595604,30957340.557391826,32496058.506109774,30650852.22293169,30613743888.502605,31815949.018429488,0.18343928140265123,1770934620.5716813,1770934620.5716813
6.588271765083245,20,3,30357473181.98364,36947644.850360535,37257973.6695066,30357783554.8517,38796691.61822455,44721247.57371019,-90.79519653320312,-89.96749877929688,-0.461899995803833,-0.0148999998345971,[0. 0. 0.],[0. 0. 0. 1.],8.333480663273496,-1.6817806434370706,"(20, 3)",310373.0813064575,310328.6038912311,-30313062307.253864,1538717.9487179443,6.651700019836426,-1.6817806434370706,30357473181.9033,37257973.57021234,38796691.518930286,36947644.96632111,30357783554.984608,44721247.73074419,0.18341890999356153,1770934620.6483812,1770934620.6483812
5.917834997115642,21,3,30954034007.513702,31019543.42052906,31323839.054121986,30954338341.87269,32862557.002839934,36328337.99956371,-84.95020294189453,-86.30799865722656,2.504300117492676,-2.4651999473571777,[0. 0. 0.],[0. 0. 0. 1.],8.658882207513464,-2.526282376886023,"(21, 3)",304335.2488975525,304295.13784555346,-30918010004.115707,1538717.948717948,6.132599830627441,-2.526282376886023,30954034007.223804,31323838.954827726,32862556.903545674,31019543.816982172,30954338342.472702,36328338.35699619,0.19681668355562895,1770934620.7096307,1770934620.7096307
5.83122518123035,30,3,30949485401.60768,26079893.167456444,26384303.797711726,30949789850.607605,27923021.746429678,31779847.859349348,-87.6541976928711,-86.77069854736328,1.1790000200271606,-1.7257000207901,[0. 0. 0.],[0. 0. 0. 1.],8.088195173008208,-2.1135953347513716,"(30, 3)",304449.5567893982,304410.24389022216,-30918010002.81675,1538717.9487179518,5.974599838256836,-2.1135953347513716,30949485401.45457,26384303.698417466,27923021.647135418,26079893.454527244,30949789851.01136,31779848.194611378,0.18930907232479083,1770934620.7719066,1770934620.7719066
7.210917068322672,31,3,30877431106.600903,19748841.63510639,20054896.746429678,30877737209.59116,21593614.695147626,26943618.633370277,-91.37370300292967,-91.2750015258789,0.2727999985218048,-0.6491000056266785,[0. 0. 0.],[0. 0. 0. 1.],8.413408825323614,-1.175908634588751,"(31, 3)",306102.9991760254,306054.9222506024,-30850793590.85449,1538717.948717948,7.237500190734863,-1.175908634588751,30877431106.582775,20054896.647135418,21593614.595853366,19748841.724884816,30877737209.58195,26943618.727463942,0.18352547694391483,1770934620.8328266,1770934620.8328266
4.927535706307094,20,4,30597524536.150303,17073819.768147863,17381154.755989227,30597831904.817215,18919872.704707175,15903960.085953845,-99.02149963378906,-98.97530364990234,-2.3236000537872314,2.6150999069213867,[0. 0. 0.],[0. 0. 0. 1.],5.9957967768636635,-1.073596573921768,"(20, 4)",307368.63356018066,307334.985977564,-30581927944.71129,1538717.948717948,4.922200202941895,-1.073596573921768,30597524536.069965,17381154.65995593,18919872.608673878,17073819.673978366,30597831904.703526,15903959.992237581,0.18868338080423022,1770934620.8884478,1770934620.8884478
4.296858537449945,21,4,31194027813.60344,11088766.736014018,11395000.909835383,31194334076.403965,12933718.858553331,7458435.140165436,-96.0229034423828,-97.88390350341795,0.3957999944686889,-0.8614000082015991,[0. 0. 0.],[0. 0. 0. 1.],6.075795992695039,-1.6969960773813186,"(21, 4)",306263.2555847168,306234.130859375,-31186875641.510532,1538717.948717948,4.378799915313721,-1.6969960773813186,31194027813.31354,11395000.813802084,12933718.762520032,11088766.682942709,31194334076.569126,7458435.05859375,0.18750097985883724,1770934620.9495902,1770934620.9495902
4.795252730092518,30,4,31190479151.607674,7148705.046511983,7452725.268809741,31190783203.95263,8991443.21752769,3907563.547644605,-92.15910339355467,-92.56490325927734,-0.6751999855041504,0.3073000013828277,[0. 0. 0.],[0. 0. 0. 1.],5.940327473034791,-1.0809276775025642,"(30, 4)",304052.60917663574,304020.07274138555,-31186875640.477627,1538717.948717948,4.859399795532227,-1.0809276775025642,31190479151.454563,7452725.172776442,8991443.12149439,7148705.1000350565,31190783204.06374,3907563.5861127805,0.18407634944355797,1770934621.0129163,1770934621.0129163
4.7078877607452805,31,4,31144424776.472694,26817142.33414315,27121435.204707175,31144729101.1771,28660153.153425124,25069872.51563367,-83.89949798583984,-84.4072036743164,-1.608299970626831,1.6540000438690186,[0. 0. 0.],[0. 0. 0. 1.],6.018622700489663,-1.196722809590005,"(31, 4)",304325.0137710571,304292.3990885429,-31119659228.562313,1538717.948717948,4.821899890899658,-1.196722809590005,31144424776.454567,27121435.108673878,28660153.057391826,26817142.709585335,31144729101.468338,25069872.90602464,0.20015978029793363,1770934621.0998235,1770934621.0998235
2.191347783389898,20,5,30864460129.099014,25037514.4451643,25341379.343503643,30864764009.76477,26880097.29222159,13970425.814105477,-88.1094970703125,-88.24140167236328,-4.218800067901611,3.587399959564209,[0. 0. 0.],[0. 0. 0. 1.],3.059692769990478,-0.7004927692275387,"(20, 5)",303880.9751853943,303864.02619190887,-30850793583.63982,1538717.948717948,2.3592000007629395,-0.7004927692275387,30864460129.018677,25341379.01893029,26880096.967648238,25037514.99273838,30864764009.993862,13970426.354041466,0.18610543519805842,1770934621.1553392,1770934621.1553392
1.7843656839420994,21,5,31445021331.231636,3111113.015598566,3416675.8178626145,31445326906.172016,4955393.766580564,56802035.53832916,-81.39769744873047,-82.34529876708984,-1.4249000549316406,0.7430999875068665,[0. 0. 0.],[0. 0. 0. 1.],2.7001653466200923,-0.7027653012251951,"(21, 5)",305575.70237350464,305562.1337890625,-31388524870.58955,1538717.948717949,1.9974000453948972,-0.7027653012251951,31445021330.94174,3416675.493289263,4955393.442007212,3111113.3595002005,31445326906.64411,56802036.0545623,0.15025457061919006,1770934621.200699,1770934621.200699
1.761849810143318,30,5,31427472997.761517,52387474.01725888,52693711.07427287,31427779247.10864,54232429.02299082,39254377.991065666,-80.32170104980469,-80.7677001953125,-1.982699990272522,2.035799980163574,[0. 0. 0.],[0. 0. 0. 1.],3.307452451537286,-1.4590524547797783,"(30, 5)",306249.4991989136,306236.5879156664,-31388524868.899345,1538717.9487179518,1.8483999967575075,-1.4590524547797783,31427472997.608406,52693710.74969952,54232428.69841747,52387474.16178385,31427779247.107605,39254378.20825821,0.07566705676312963,1770934621.2499647,1770934621.2499647
1.6381650533407532,31,5,31355419776.472687,46056753.97415022,46394063.63837544,31355757098.043446,47932781.58709338,34448640.95109097,-81.99210357666016,-81.79499816894531,-2.9549999237060547,3.0257999897003174,[0. 0. 0.],[0. 0. 0. 1.],2.987940860432817,-1.237840843838884,"(31, 5)",337321.6208457947,337308.88171073794,-31321308456.70233,1538717.9487179443,1.750100016593933,-1.237840843838884,31355419776.45456,46394063.313802086,47932781.26252003,46056754.43209135,31355757098.075405,34448641.37307192,0.1525312668953171,1770934621.3108892,1770934621.3108892
3.229124962570047,20,11,31059455465.63747,13691842.301082034,13995866.276447514,31059759511.54571,15534584.225165462,7316692.976690945,-83.16840362548828,-83.44760131835938,-1.829100012779236,1.2003999948501587,[0. 0. 0.],[0. 0. 0. 1.],7.238867807619097,-3.891167688600542,"(20, 11)",304046.31785964966,304023.594000401,-31052442818.571957,1538717.948717948,3.3477001190185547,-3.891167688600542,31059455465.557133,13995866.198417468,15534584.147135416,13691842.604417067,31059759511.874992,7316693.303034856,0.19423125944175654,1770934621.35747,1770934621.35747
3.6332842828741754,21,11,31764013094.052143,48546365.6366782,48920593.84055008,31764387345.88622,50459311.78926803,39780420.2778613,-92.97200012207033,-92.89769744873048,1.491000056266785,-1.738700032234192,[0. 0. 0.],[0. 0. 0. 1.],6.76620379035099,-3.026803880377845,"(21, 11)",374252.3975868225,374228.12437399477,-31724606925.878006,1538717.9487179518,3.739399909973145,-3.026803880377845,31764013093.762245,48920593.76252003,50459311.71123798,48546365.638146035,31764387346.159832,39780420.28182592,0.1844928459938274,1770934621.5222495,1770934621.5222495
5.44957494212788,21,0,32007006820.013676,25871819.2614269,26175649.860293806,32007310687.501106,27714367.809011754,13838126.042467369,-87.19609832763672,-87.24520111083984,-2.0506999492645264,1.3513000011444092,[0. 0. 0.],[0. 0. 0. 1.],8.86107451211785,-3.24397475015496,"(21, 0)",303868.32995224,303830.3942558095,-31993472561.817375,1538717.948717948,5.617099761962891,-3.24397475015496,32007006819.723778,26175649.852263622,27714367.80098157,25871819.458007812,32007310688.05373,13838126.236353165,0.1891889546242916,1770934621.7626026,1770934621.7626026
2.8597032299675567,20,1,31632440345.44515,44308269.22865764,44612492.8801231,31632744589.040714,46151210.828841045,42570490.8291181,-90.04609680175781,-88.60549926757812,-3.087300062179565,2.623500108718872,[0. 0. 0.],[0. 0. 0. 1.],5.378421035517765,-2.44452091764362,"(20, 1)",304243.8839645386,304223.44501202554,-31590174098.21312,1538717.9487179443,2.933900117874145,-2.44452091764362,31632440345.36481,44612492.800981574,46151210.74969952,44308269.35596955,31632744589.248775,42570491.03565705,0.18411511493701493,1770934621.9298906,1770934621.9298906
2.7365334108687986,21,1,32229001090.847004,38383791.02582072,38689480.05961028,32229306798.096252,40228198.00832823,34185002.99217349,-89.92150115966797,-88.43990325927734,-0.0865999981760978,-0.3855000138282776,[0. 0. 0.],[0. 0. 0. 1.],5.464760744195486,-2.5723607178740746,"(21, 1)",305708.0234642029,305688.820863381,-32195121795.37231,1538717.9487179518,2.892400026321411,-2.5723607178740746,32229001090.557106,38689479.98046875,40228197.9291867,38383791.15960537,32229306798.58057,34185003.20825821,0.18429985920460837,1770934621.984684,1770934621.984684
3.03114083959884,30,1,32249451651.60765,58441915.11021642,58746723.64935387,32249756480.61631,60285441.59807181,54634686.96574678,-95.3750991821289,-93.48570251464844,-0.9937000274658204,1.1296000480651855,[0. 0. 0.],[0. 0. 0. 1.],5.318561597208403,-2.2470615342658977,"(30, 1)",304829.24241256714,304808.5217598155,-32195121793.744705,1538717.9487179443,3.071500062942505,-2.2470615342658977,32249451651.45454,58746723.57021234,60285441.518930286,58441915.04845253,32249756480.696953,54634686.952248596,0.1856146486250269,1770934622.0718913,1770934622.0718913
3.226105358193726,31,1,32178400257.241898,53112213.75601799,53417581.02114874,32178705646.47068,54956298.969866686,50800264.04718673,-92.05509948730467,-91.7748031616211,-2.069299936294556,2.1373000144958496,[0. 0. 0.],[0. 0. 0. 1.],5.403218332373771,-2.1640182171699136,"(31, 1)",305389.2164955139,305367.1499399096,-32127905382.34584,1538717.9487179443,3.2392001152038574,-2.1640182171699136,32178400257.22377,53417580.942007214,54956298.89072516,53112213.792067304,32178705646.440266,50800264.09442608,0.18380026214786477,1770934622.133902,1770934622.133902
4.67023640287712,20,2,31882433911.150272,21949877.16382753,22254744.490060996,31882738811.715164,23793462.438778944,23699078.58771777,-85.32720184326172,-89.95590209960938,-6.8480000495910645,6.900100231170654,[0. 0. 0.],[0. 0. 0. 1.],5.780256972993651,-1.0091569287431623,"(20, 2)",304900.7787437439,304866.86510917544,-31859039733.119587,1538717.948717948,4.771100044250488,-1.0091569287431623,31882433911.069935,22254744.403545674,23793462.352263622,21949877.5384365,31882738811.84868,23699078.729091547,0.18986687967409635,1770934622.1796687,1770934622.1796687
4.0821136369565885,21,2,32478994640.526485,16025883.953328658,16329600.259291762,32479298385.320103,17868318.208009712,15310955.738371618,-91.8188018798828,-92.59649658203124,-4.106200218200684,3.6368000507354736,[0. 0. 0.],[0. 0. 0. 1.],6.2983455293594135,-2.1014456384597553,"(21, 2)",303745.3675880432,303716.164613381,-32463987429.84058,1538717.948717948,4.196899890899658,-2.1014456384597553,32478994640.236588,16329600.172776442,17868318.12149439,16025884.008163061,32479298385.604176,15310955.763596755,0.1839670908464576,1770934622.2345712,1770934622.2345712
4.360634553578349,30,2,32489445265.389694,26083520.00425813,26463198.01570202,32489824974.325188,28001915.96441997,25837545.821369175,-85.75969696044922,-85.16940307617188,-5.226500034332275,4.7469000816345215,[0. 0. 0.],[0. 0. 0. 1.],5.370857095168491,-0.8475569242700534,"(30, 2)",379709.550907135,379677.5622245595,-32463987428.588573,1538717.948717948,4.5233001708984375,-0.8475569242700534,32489445265.236584,26463197.929186698,28001915.877904646,26083520.36696214,32489824974.78749,25837546.198918268,0.19737828617585032,1770934622.312073,1770934622.312073
5.040814564635631,31,2,32401394976.793175,3754518.8700959138,4062589.041343045,32401703082.418777,5601306.9900609935,4932065.846277738,-90.57389831542967,-90.7917022705078,-6.240699768066406,5.9045000076293945,[0. 0. 0.],[0. 0. 0. 1.],5.909298044654857,-0.8369980873794667,"(31, 2)",308105.6565513611,308069.974459135,-32396771016.48546,1538717.9487179485,5.072299957275391,-0.8369980873794667,32401394976.775047,4062588.9548277245,5601306.903545673,3754518.9803685895,32401703082.4316,4932065.9461388225,0.1833955022900848,1770934622.3639061,1770934622.3639061
6.630052731167746,20,3,32112427989.675907,44274953.6106581,44590121.105404034,32112743201.493275,46128839.054121986,52054227.51735874,-90.54740142822266,-90.35060119628906,-0.6238999962806702,0.2104000002145767,[0. 0. 0.],[0. 0. 0. 1.],8.333480663273496,-1.6411808204390237,"(20, 3)",315212.01109313965,315167.26762820035,-32060688973.95179,1538717.9487179518,6.692299842834473,-1.6411808204390237,32112427989.59557,44590121.006109774,46128838.954827726,44274953.738481574,32112743201.606663,52054227.6548728,0.18340593703964755,1770934622.4052668,1770934622.4052668
5.926150641137927,21,3,32708988703.026478,38352041.63756514,38656290.977198906,32709292991.162586,40195008.92591686,43656320.70108823,-84.45970153808594,-84.85220336914062,2.27239990234375,-2.7641000747680664,[0. 0. 0.],[0. 0. 0. 1.],8.658882207513464,-2.5121823021179566,"(21, 3)",304289.06563186646,304248.8450270444,-32665636670.70408,1538717.9487179518,6.146699905395508,-2.5121823021179566,32708988702.73658,38656290.877904646,40195008.8266226,38352042.0328776,32709292991.80221,43656321.098132014,0.20012606949513467,1770934622.4646728,1770934622.4646728
5.82116730762731,30,3,32704439832.697384,33410449.973301016,33714872.70796814,32704744293.746964,35253590.65668609,39107624.39467845,-88.07759857177734,-87.61699676513672,1.337299942970276,-1.5618000030517578,[0. 0. 0.],[0. 0. 0. 1.],8.088195173008208,-2.1342953126261275,"(30, 3)",304461.5603713989,304422.3726712726,-32665636669.420776,1538717.9487179518,5.95389986038208,-2.1342953126261275,32704439832.544273,33714872.60867388,35253590.55739183,33410450.236002605,32704744294.104645,39107624.68386919,0.1870344681471719,1770934622.5270147,1770934622.5270147
7.230957265209724,31,3,32591172468.78035,53080874.75956741,53386883.92591686,32591478525.962517,54925601.8746348,60274678.6101634,-92.46109771728516,-90.91929626464844,0.4824000000953674,-0.5895000100135803,[0. 0. 0.],[0. 0. 0. 1.],8.413408825323614,-1.160008976385626,"(31, 3)",306057.207157135,306009.02068309486,-32531203847.24905,1538717.9487179443,7.253399848937988,-1.160008976385626,32591172468.762222,53386883.8266226,54925601.77534054,53080874.8059395,32591478525.96938,60274678.72032753,0.18364940714243955,1770934622.6138911,1770934622.6138911
4.915289544427652,20,4,32361436435.18872,33354549.61171209,33680994.49957897,32361762913.690243,35219712.44829692,32208302.13585347,-97.95600128173828,-99.97899627685548,-2.278899908065796,2.8694000244140625,[0. 0. 0.],[0. 0. 0. 1.],5.9957967768636635,-1.0854969988790444,"(20, 4)",326478.4592857361,326444.8742988743,-32329554611.534416,1538717.9487179518,4.910299777984619,-1.0854969988790444,32361436435.108383,33680994.40354567,35219712.35226362,33354549.529246796,32361762913.56767,32208302.033253204,0.18861487080070394,1770934622.6588874,1770934622.6588874
4.341566449635883,21,4,32957982845.654682,27417960.23725102,27724335.845732816,32958289250.054203,29263053.794450764,23786941.450827707,-96.62110137939452,-95.74109649658205,0.7142999768257141,-0.4366999864578247,[0. 0. 0.],[0. 0. 0. 1.],6.075795992695039,-1.6487959469186722,"(21, 4)",306404.88844299316,306375.57592147216,-32934502308.85011,1538717.948717948,4.427000045776367,-1.6487959469186722,32957982845.364784,27724335.749699518,29263053.698417466,27417960.173778046,32958289250.253227,23786941.403119992,0.18702875586594792,1770934622.7135632,1770934622.7135632
4.796706165818297,30,4,32953433366.351223,22475393.67018486,22781355.076502047,32953739359.881344,24320073.025219996,19237052.762783878,-92.15910339355467,-92.17350006103516,-0.4824000000953674,0.324999988079071,[0. 0. 0.],[0. 0. 0. 1.],5.940327473034791,-1.0773275569581306,"(30, 4)",305993.80884552,305961.256760817,-32934502307.191204,1538717.948717948,4.86299991607666,-1.0773275569581306,32953433366.198112,22781354.98046875,24320072.929186698,22475393.723707933,32953739360.006958,19237052.815755207,0.1839519209761074,1770934622.7768464,1770934622.7768464
4.69818406640305,31,4,32828166851.793167,30146229.77898695,30451315.012399483,32828471968.775032,31990032.96111743,28402483.593798354,-83.9302978515625,-83.689697265625,-1.6167000532150269,1.430500030517578,[0. 0. 0.],[0. 0. 0. 1.],6.018622700489663,-1.2100227516066067,"(31, 4)",305117.265750885,305084.76061698794,-32800069485.08208,1538717.948717948,4.808599948883057,-1.2100227516066067,32828166851.77504,30451314.916366186,31990032.865084134,30146230.155749198,32828471969.04079,28402483.958708934,0.1988976816550203,1770934622.8531904,1770934622.8531904
2.170001348195845,20,5,32602415369.48359,15358826.137599971,15664207.869144665,32602720766.873764,17202925.817862615,4300516.397324615,-88.92510223388672,-88.25499725341797,-4.185299873352051,3.953399896621704,[0. 0. 0.],[0. 0. 0. 1.],3.059692769990478,-0.7290927467208248,"(20, 5)",305397.6988182068,305380.9063251205,-32598420250.165596,1538717.948717948,2.3306000232696533,-0.7290927467208248,32602415369.40325,15664207.544571314,17202925.493289262,15358826.638246194,32602720767.10207,4300516.9364733575,0.1851937772928867,1770934622.8974066,1770934622.8974066
1.7700061844252246,21,5,33197976082.83416,8437169.574692156,8745153.381965177,33198284078.766994,10283871.330683127,62132541.873585716,-81.91539764404297,-82.49299621582031,-1.337299942970276,0.6919000148773193,[0. 0. 0.],[0. 0. 0. 1.],2.7001653466200923,-0.6988652501082515,"(21, 5)",307996.7166213989,307983.03848657757,-33136151536.849274,1538717.94871795,2.001300096511841,-0.6988652501082515,33197976082.544262,8745153.057391826,10283871.006109776,8437170.018905248,33198284079.260883,62132542.41160858,0.1658071750436983,1770934622.9535758,1770934622.9535758
1.7509057665453387,30,5,33195427076.287113,5494740.132663767,5800417.805042102,33195732766.200466,7339135.753760051,59581230.54146811,-80.27899932861328,-80.33609771728516,-1.9566999673843384,2.2100000381469727,[0. 0. 0.],[0. 0. 0. 1.],3.307452451537286,-1.4814524763328178,"(30, 5)",305689.99461746216,305677.208533654,-33136151535.44077,1538717.948717949,1.825999975204468,-1.4814524763328178,33195427076.134003,5800417.48046875,7339135.429186699,5494740.271935096,33195732766.12862,59581230.68785056,0.06741316374684865,1770934623.017895,1770934623.017895
1.6876169783682298,31,5,33055161475.190598,65382566.57815712,65716860.11273441,33055495780.8918,39167.805042101725,53777067.10752961,-81.2322998046875,-82.13099670410156,-3.007200002670288,3.333199977874756,[0. 0. 0.],[0. 0. 0. 1.],2.987940860432817,-1.2014408833210006,"(31, 5)",334305.81117248535,334292.8998898193,-33001718713.39425,-65677692.307692304,1.7864999771118164,-1.2014408833210006,33055161475.17247,65716859.788161054,39167.48046875,65382566.888271235,33055495780.983643,53777067.58939303,0.1405625357560392,1770934623.077833,1770934623.077833
3.1868882440308393,20,11,32827409936.791275,34017026.25905644,34320970.443114184,32827713902.62934,35859688.391832136,27644417.409345105,-83.26110076904297,-83.51239776611328,-1.5813000202178955,0.9993000030517578,[0. 0. 0.],[0. 0. 0. 1.],7.238867807619097,-3.9314678194446584,"(20, 11)",303966.2522544861,303943.7944461107,-32800069485.22293,1538717.9487179518,3.3073999881744385,-3.9314678194446584,32827409936.710938,34320970.365084134,35859688.313802086,34017026.57063802,32827713902.963192,27644417.740259416,0.19523223027702857,1770934623.1241777,1770934623.1241777
3.6564468133756614,21,11,33424970225.46236,29095795.92814122,29469600.250806488,33425344053.627525,31008318.199524436,20326871.84369898,-92.51789855957033,-92.70359802246094,1.356899976730347,-1.385800004005432,[0. 0. 0.],[0. 0. 0. 1.],6.76620379035099,-3.000303893729286,"(21, 11)",373828.7353515625,373804.22738882154,-33405017182.05347,1538717.948717948,3.765899896621704,-3.000303893729286,33424970225.172462,29469600.172776442,31008318.12149439,29095795.94538762,33425344053.907814,20326871.854341947,0.1842520053745442,1770934623.1806812,1770934623.1806812
4.908703415584431,21,0,33651964368.09056,57632637.40954274,57936891.84747329,33652268656.50466,59475609.79619124,45602252.41347486,-87.39430236816406,-100.18659973144533,-2.2165000438690186,1.7312999963760376,[0. 0. 0.],[0. 0. 0. 1.],8.86107451211785,-3.8479743648705362,"(21, 0)",304288.8465270996,304254.24429086596,-33606666404.449924,1538717.9487179443,5.0131001472473145,-3.8479743648705362,33651964367.800663,57936891.83944311,59475609.788161054,57632637.595152244,33652268656.64719,45602252.197265625,0.18346301246982166,1770934623.4076412,1770934623.4076412
2.833630151710868,20,1,33306397252.49639,37850004.871343166,38154648.328841045,33306701915.71589,39693366.277559,36117561.04712538,-89.28730010986328,-88.86869812011719,-3.0164999961853027,2.867500066757202,[0. 0. 0.],[0. 0. 0. 1.],5.378421035517765,-2.466820922602726,"(20, 1)",304663.49283981323,304643.210386619,-33270584354.670288,1538717.9487179518,2.911600112915039,-2.466820922602726,33306397252.416054,38154648.24969952,39693366.19841747,37850005.0393129,33306701915.908894,36117561.23860677,0.184360582835745,1770934623.604152,1770934623.604152
2.730931833610939,21,1,33904957837.641838,33930426.092898645,34235121.0852513,33905262550.831013,35773839.03396925,29730499.410612572,-88.74490356445312,-89.53630065917969,0.2876999974250793,-0.2746999859809875,[0. 0. 0.],[0. 0. 0. 1.],5.464760744195486,-2.5775606270842797,"(21, 1)",304713.9016189575,304694.71466846764,-33875532051.68863,1538717.9487179518,2.887200117111206,-2.5775606270842797,33904957837.35194,34235121.006109774,35773838.954827726,33930426.29144131,33905262551.25356,29730499.564928886,0.18429353271767546,1770934623.6605473,1770934623.6605473
3.0015808471567356,30,1,33901408742.953766,29987307.464162953,30291675.57243079,33901713131.349422,31830393.521148738,26181081.36689245,-95.00050354003906,-93.42769622802734,-0.6444000005722046,0.5457000136375427,[0. 0. 0.],[0. 0. 0. 1.],5.318561597208403,-2.275161547998808,"(30, 1)",304388.63118362427,304368.0826822929,-33875532050.07667,1538717.948717948,3.0434000492095947,-2.275161547998808,33901408742.800655,30291675.493289262,31830393.44200721,29987307.41060697,33901713131.43184,26181081.355168268,0.18546313865557815,1770934623.7238698,1770934623.7238698
3.18473311979466,31,1,33763144696.344425,24659591.33944928,24965321.405764125,33763450448.22942,26504039.354482073,22351220.309416156,-91.25550079345705,-90.66790008544922,-1.9845999479293823,1.9575999975204468,[0. 0. 0.],[0. 0. 0. 1.],5.403218332373771,-2.193118396842155,"(31, 1)",305751.92182540894,305729.91786859185,-33741099227.84235,1538717.948717948,3.210099935531616,-2.193118396842155,33763144696.326298,24965321.326622598,26504039.275340546,24659591.408754006,33763450448.248123,22351220.40577424,0.18342429618555625,1770934623.7858202,1770934623.7858202
4.634532612233257,20,2,33534391250.89382,60701692.9386161,61008630.70800971,33534698221.71203,62547348.656727664,62464642.602920994,-84.96479797363281,-85.41130065917969,-7.064000129699707,6.841400146484375,[0. 0. 0.],[0. 0. 0. 1.],5.780256972993651,-1.0093572003496076,"(20, 2)",306971.2633972168,306937.30280949175,-33472233579.101246,1538717.9487179518,4.770899772644043,-1.0093572003496076,33534391250.813484,61008630.62149439,62547348.57021234,60701693.3186849,33534698222.07688,62464642.97563602,0.1985377129803933,1770934623.831209,1770934623.831209
4.045616163989446,21,2,34130952004.3085,54782717.15202923,55086499.297753304,34131255814.69241,56625217.24647125,54074538.925570905,-90.7500991821289,-91.80120086669922,-4.080100059509277,3.851900100708008,[0. 0. 0.],[0. 0. 0. 1.],6.2983455293594135,-2.1263455980239643,"(21, 2)",303810.98820495605,303781.9573818147,-34077181276.025684,1538717.9487179443,4.171999931335449,-2.1263455980239643,34130952004.0186,55086499.21123798,56625217.159955926,54782717.25385617,34131255815.006805,54074538.98111979,0.18349828467084808,1770934623.8865948,1770934623.8865948
4.407476216998916,30,2,34111403286.222992,34839578.85503686,35222548.97724048,34111786287.65608,36761266.92595843,34605013.23320284,-85.77069854736328,-85.6343994140625,-5.343900203704834,4.914500236511231,[0. 0. 0.],[0. 0. 0. 1.],5.370857095168491,-0.8024571890100436,"(30, 2)",383002.0376358032,382969.6733523607,-34077181274.507633,1538717.9487179518,4.568399906158447,-0.8024571890100436,34111403286.06988,35222548.89072516,36761266.83944311,34839579.2173728,34111786288.107517,34605013.599884816,0.19621800104051518,1770934623.9339426,1770934623.9339426
5.036754358393185,31,2,33956140121.02391,12512367.51895919,12820545.772112276,33956448334.7175,14359263.720830224,13699882.310199875,-90.5177993774414,-90.88700103759766,-6.12529993057251,5.85699987411499,[0. 0. 0.],[0. 0. 0. 1.],5.909298044654857,-0.8412982048721425,"(31, 2)",308213.72007751465,308178.0536358189,-33942748452.320263,1538717.948717948,5.067999839782715,-0.8412982048721425,33956140121.005783,12820545.685596956,14359263.634314904,12512367.631961137,33956448334.72586,13699882.405598959,0.18339607746794068,1770934623.9838557,1770934623.9838557
6.592670707859057,20,3,33733386130.70151,52038475.624950685,52358254.11822455,33733705953.27885,53896972.0669425,59823133.19607669,-90.31289672851562,-90.50800323486328,-0.5056999921798706,0.2784000039100647,[0. 0. 0.],[0. 0. 0. 1.],8.333480663273496,-1.6779807281233499,"(20, 3)",319822.76329421997,319778.2545823306,-33673882820.058647,1538717.9487179518,6.6554999351501465,-1.6779807281233499,33733386130.621174,52358254.018930286,53896971.96764824,52038475.764347956,33733705953.384468,59823133.32582131,0.1834110994915361,1770934624.0263298,1770934624.0263298
5.939685342009715,21,3,34328946900.141827,45120521.218658015,45424840.65668609,34329251258.43862,46963558.605404034,50420741.682466984,-84.69840240478516,-85.7334976196289,2.579699993133545,-2.824700117111206,[0. 0. 0.],[0. 0. 0. 1.],8.658882207513464,-2.5009823509460816,"(21, 3)",304359.20911026,304318.94155649096,-34278830516.99874,1538717.9487179443,6.157899856567383,-2.5009823509460816,34328946899.85193,45424840.55739183,46963558.506109774,45120521.61583534,34329251259.06104,50420742.062299676,0.19852637922823085,1770934624.0845966,1770934624.0845966
5.8607379117037315,30,3,34309398150.00504,25177472.75113525,25482060.20796814,34309702776.025074,27020778.156686086,30872260.4407336,-88.25299835205078,-87.94869995117188,1.4853999614715576,-1.6624000072479248,[0. 0. 0.],[0. 0. 0. 1.],8.088195173008208,-2.099095193607573,"(30, 3)",304626.51179122925,304587.10499298945,-34278830515.652832,1538717.948717948,5.989099979400635,-2.099095193607573,34309398149.85193,25482060.108673878,27020778.057391826,25177473.00368089,34309702776.36372,30872260.71088742,0.1863049843579894,1770934624.1318421,1770934624.1318421
6.918108438826219,31,3,34155135257.24185,3850618.2216451685,4162116.297711729,34155446800.604923,5700834.246429678,11049103.953101993,-105.4052963256836,-91.55290222167967,0.3519999980926513,-0.6453999876976013,[0. 0. 0.],[0. 0. 0. 1.],8.413408825323614,-1.5025087093568175,"(31, 3)",311543.36000061035,311498.1000851365,-34144397696.54852,1538717.948717949,6.910900115966797,-1.5025087093568175,34155135257.223724,4162116.198417468,5700834.147135417,3850618.0983323315,34155446800.583725,11049104.035206331,0.18566318206321467,1770934624.181774,1770934624.181774
4.927836491251099,20,4,33930381202.81689,56317861.13314627,56657316.61496358,33930720692.025024,58196034.563681535,55188644.557585865,-98.3156967163086,-99.83660125732422,-2.711999893188477,2.8329999446868896,[0. 0. 0.],[0. 0. 0. 1.],5.9957967768636635,-1.0733967791524819,"(20, 4)",339489.16704177856,339455.47250600904,-33875532047.447464,1538717.9487179518,4.922399997711182,-1.0733967791524819,33930381202.736553,56657316.518930286,58196034.46764824,56317861.04642428,33930720691.903595,55188644.456129804,0.18868867484722437,1770934624.2246773,1770934624.2246773
4.31456591666898,21,4,34525941812.00079,49400216.71179249,49705513.7303482,34526247137.67121,51244231.67906615,45767393.37388483,-96.92549896240234,-96.42520141601562,0.3427000045776367,-0.3538999855518341,[0. 0. 0.],[0. 0. 0. 1.],6.075795992695039,-1.6783960903512893,"(21, 4)",305326.14683532715,305296.99081029743,-34480479744.54406,1538717.9487179518,4.39739990234375,-1.6783960903512893,34525941811.7109,49705513.6343149,51244231.583032854,49400216.643504605,34526247137.857735,45767393.313676886,0.1873786791511407,1770934624.2815313,1770934624.2815313
4.789580309591056,30,4,34521392645.19734,44456456.91150423,44762484.88419435,34521698705.26187,46301202.8329123,41218962.324164964,-91.98560333251952,-92.33480072021484,-0.4079000055789947,0.4004000127315521,[0. 0. 0.],[0. 0. 0. 1.],5.940327473034791,-1.0843275264405525,"(30, 4)",306060.3371582031,306027.8163812086,-34480479743.01035,1538717.9487179518,4.855999946594238,-1.0843275264405525,34521392645.044235,44762484.788161054,46301202.736879006,44456456.971779846,34521698705.38139,41218962.37104367,0.1839458815861336,1770934624.3438194,1770934624.3438194
4.762665245759979,31,4,34382130032.88287,38129532.97035727,38434071.422655895,34382434603.52251,39972789.37137384,36387682.49081842,-83.6249008178711,-83.4385986328125,-1.4285999536514282,1.600000023841858,[0. 0. 0.],[0. 0. 0. 1.],6.018622700489663,-1.1503227393995754,"(31, 4)",304570.9072036743,304537.9951672703,-34346046920.932533,1538717.9487179443,4.868299961090088,-1.1503227393995754,34382130032.864746,38434071.3266226,39972789.27534054,38129533.33145533,34382434603.77195,36387682.83941807,0.19679901261098262,1770934624.4063723,1770934624.4063723
2.1789932325437738,20,5,34174374928.778423,41334362.442926764,41638935.43324723,34174679517.474968,43177653.38196518,30281831.054180294,-88.0072021484375,-88.63939666748047,-4.3343000411987305,4.222599983215332,[0. 0. 0.],[0. 0. 0. 1.],3.059692769990478,-0.7154928741317135,"(20, 5)",304588.9829978943,304572.1122546047,-34144397686.109943,1538717.9487179518,2.3441998958587646,-0.7154928741317135,34174374928.698086,41638935.10867388,43177653.05739183,41334362.99641927,34174679517.681084,30281831.57113882,0.18577026082612383,1770934624.4652765,1770934624.4652765
1.7774247745269083,21,5,34769935521.93668,34417343.33972609,34725025.176836975,34770243215.91726,36263743.12555493,20897832.713533595,-81.493896484375,-83.34519958496094,-1.5217000246047974,1.2228000164031982,[0. 0. 0.],[0. 0. 0. 1.],2.7001653466200923,-0.6894653592085933,"(21, 5)",307694.8586502075,307681.14921373874,-34749345383.159584,1538717.9487179518,2.010699987411499,-0.6894653592085933,34769935521.64679,34725024.85226362,36263742.800981574,34417343.70304988,34770243216.50544,20897833.345853366,0.1706310026235745,1770934624.5255744,1770934624.5255744
1.7360791400340814,30,5,34766386283.017845,30473175.304536577,30779392.164016463,34766692511.99542,32318110.11273441,17347130.057412386,-80.24649810791016,-80.73139953613281,-2.13919997215271,2.482899904251098,[0. 0. 0.],[0. 0. 0. 1.],3.307452451537286,-1.4872524851066218,"(30, 5)",306229.12284851074,306216.3993639834,-34749345381.71978,1538717.948717948,1.820199966430664,-1.4872524851066218,34766386282.86474,30779391.83944311,32318109.788161058,30473175.440079127,34766692511.98759,17347130.267803486,0.07320485462017096,1770934624.5887868,1770934624.5887868
1.6645091357901862,31,5,34627124231.60082,24146449.795625094,24478062.035811335,34627455855.82931,26016779.984529283,12543295.812971042,-82.10769653320312,-82.39450073242188,-3.1840999126434326,3.2781999111175537,[0. 0. 0.],[0. 0. 0. 1.],2.987940860432817,-1.1930409199420942,"(31, 5)",331624.38025665283,331611.43767528236,-34614912559.62631,1538717.948717948,1.7948999404907229,-1.1930409199420942,34627124231.582695,24478061.711237982,26016779.65995593,24146450.2735627,34627455855.96295,12543296.336638622,0.16791721801498116,1770934624.6497936,1770934624.6497936
3.217516994273219,20,11,34398369383.906624,58996688.29700438,59300585.82772957,34398673303.270966,60839303.77644752,52626382.028369725,-83.08480072021484,-83.41609954833984,-1.7275999784469604,0.7953000068664551,[0. 0. 0.],[0. 0. 0. 1.],7.238867807619097,-3.9043677332325,"(20, 11)",303919.7716369629,303897.15732672065,-34346046921.245533,1538717.9487179518,3.3345000743865967,-3.9043677332325,34398369383.82629,59300585.74969952,60839303.69841747,58996688.5923728,34398673303.59792,52626382.35238882,0.19341989958347675,1770934624.6955907,1770934624.6955907
3.668969995437885,21,11,35080927493.09052,4645346.917931387,5018718.840550078,35081300888.89429,6557436.789268027,63089860.76884864,-92.6604995727539,-93.2396011352539,1.3950999975204468,-1.7424999475479126,[0. 0. 0.],[0. 0. 0. 1.],6.76620379035099,-2.991203694983558,"(21, 11)",373396.356048584,373371.832431891,-35018211028.39508,1538717.948717949,3.775000095367432,-2.991203694983558,35080927492.80063,5018718.762520032,6557436.711237981,4645346.930088141,35081300889.15668,63089860.76159355,0.1844972037788608,1770934624.8371112,1770934624.8371112
5.41622323340389,21,0,35313921475.46232,39176572.03476792,39480858.19362714,35314225798.29105,41019576.142345086,27149134.28403956,-87.42469787597656,-87.58519744873047,-1.948300004005432,1.1753000020980835,[0. 0. 0.],[0. 0. 0. 1.],8.86107451211785,-3.282074515932548,"(21, 0)",304323.6522140503,304285.96692207456,-35287076664.36575,1538717.9487179443,5.578999996185303,-3.282074515932548,35313921475.172424,39480858.18559696,41019576.1343149,39176572.21867488,35314225798.82464,27149134.458884213,0.18813594391246935,1770934625.0695908,1770934625.0695908
2.8473682586652105,20,1,34927355553.778404,45609684.81155373,45915297.36730258,34927661186.22163,47454015.31602053,43882985.55555452,-89.27249908447266,-89.16560363769531,-3.0192999839782715,2.856300115585327,[0. 0. 0.],[0. 0. 0. 1.],5.378421035517765,-2.455420938242985,"(20, 1)",305632.69982147217,305612.3078175038,-34883778200.667595,1538717.9487179518,2.9230000972747803,-2.455420938242985,34927355553.69807,45915297.288161054,47454015.236879006,45609684.98034355,34927661186.39789,43882985.73029347,0.18417166883304212,1770934625.2253911,1770934625.2253911
2.695115325210729,21,1,35510916395.33411,26695270.939038426,26998975.25191797,35511220117.56473,28537693.200635917,22494219.78706786,-90.1957015991211,-88.18930053710938,-0.259799987077713,-0.527999997138977,[0. 0. 0.],[0. 0. 0. 1.],5.464760744195486,-2.6137606736235863,"(21, 1)",303723.01933288574,303704.11408253014,-35488725898.04589,1538717.948717948,2.8510000705718994,-2.6137606736235863,35510916395.04421,26998975.172776442,28537693.12149439,26695271.058693912,35511220118.063545,22494220.017653245,0.18435412386537606,1770934625.266594,1770934625.266594
2.98217036540679,30,1,35502367164.428085,17750477.293450788,18056122.687815405,35502672830.0218,19594840.636533353,13946934.088905098,-95.34510040283205,-93.9009017944336,-0.9918000102043152,0.7347999811172485,[0. 0. 0.],[0. 0. 0. 1.],5.318561597208403,-2.297761483530424,"(30, 1)",305665.8153076172,305645.3763521649,-35488725896.02704,1538717.948717948,3.0208001136779785,-2.297761483530424,35502367164.27498,18056122.608673878,19594840.557391826,17750477.232321713,35502672830.09029,13946934.063251201,0.1858057715879607,1770934625.324796,1770934625.324796
3.206676389810819,31,1,35363106779.67773,11424712.61305518,11730305.380123097,35363412394.272896,13269023.328841047,9119319.510483595,-92.45600128173828,-91.17849731445312,-1.8252999782562256,1.4881999492645264,[0. 0. 0.],[0. 0. 0. 1.],5.403218332373771,-2.18191844567028,"(31, 1)",305614.6083679199,305592.66701722704,-35354293074.68476,1538717.94871795,3.221299886703491,-2.18191844567028,35363106779.6596,11730305.30098157,13269023.24969952,11424712.633964343,35363412394.26797,9119319.583208133,0.18372306027373367,1770934625.3858855,1770934625.3858855
4.62718787965911,20,2,35133350257.30405,46455523.97959593,46761154.74647125,35133655921.07723,48299872.6951892,48228495.89257198,-84.24410247802734,-85.38510131835938,-7.518499851226807,6.844200134277344,[0. 0. 0.],[0. 0. 0. 1.],5.780256972993651,-1.0173570973527815,"(20, 2)",305664.2189941406,305630.3053635806,-35085427425.1768,1538717.9487179518,4.762899875640869,-1.0173570973527815,35133350257.22371,46761154.659955926,48299872.60867388,46455524.354592346,35133655921.4427,48228496.26590044,0.19985951155608667,1770934625.431058,1770934625.431058
4.071123770042846,21,2,35831908102.064865,8105253.703432805,8409207.631086634,35832212084.41708,9947925.579804583,7404142.061863812,-92.44580078125,-92.78569793701172,-3.822099924087525,3.830499887466431,[0. 0. 0.],[0. 0. 0. 1.],6.2983455293594135,-2.1170453660903705,"(21, 2)",303982.91954803467,303953.8104717545,-35824807942.61407,1538717.948717948,4.181300163269043,-2.1170453660903705,35831908101.77497,8409207.544571314,9947925.493289262,8105253.7340995595,35832212084.69452,7404142.0804537255,0.1842539215900636,1770934625.5897706,1770934625.5897706
4.314052408276344,30,2,35844358286.222946,20159219.262787383,20545866.28493279,35844744963.9075,22084584.23365074,19937022.645853538,-86.15049743652344,-85.43160247802734,-5.01140022277832,5.089600086212158,[0. 0. 0.],[0. 0. 0. 1.],5.370857095168491,-0.8971570486291842,"(30, 2)",386678.2946472168,386646.58766526356,-35824807941.346405,1538717.9487179518,4.473700046539307,-0.8971570486291842,35844358286.06984,20545866.198417466,22084584.147135418,20159219.610752203,35844744964.36449,19937023.018078927,0.1958585720156051,1770934625.6669245,1770934625.6669245
4.989868803636524,31,2,35707098614.61362,15833546.381619597,16141683.592625096,35707406786.9488,17680401.54134305,17031667.85922496,-90.6780014038086,-90.654296875,-5.912000179290772,6.097300052642822,[0. 0. 0.],[0. 0. 0. 1.],5.909298044654857,-0.8876982750625722,"(31, 2)",308172.3726654053,308137.01923076995,-35690375119.00253,1538717.94871795,5.021599769592285,-0.8876982750625722,35707098614.59549,16141683.506109776,17680401.454827726,15833546.486879006,35707406786.968155,17031667.965619992,0.1833951351634975,1770934625.729626,1770934625.729626
6.616777667293365,20,3,35477341403.13737,48366248.72191047,48690698.02848096,35477665896.70008,50229415.977198906,56156409.99763138,-90.07859802246094,-91.0915985107422,-0.8083000183105469,0.3641000092029571,[0. 0. 0.],[0. 0. 0. 1.],8.333480663273496,-1.6561806869246194,"(20, 3)",324493.72120666504,324449.0559895858,-35421509486.67833,1538717.9487179443,6.677299976348877,-1.6561806869246194,35477341403.05703,48690697.9291867,50229415.877904646,48366248.873197116,35477665896.77824,56156410.09990986,0.1833967798037572,1770934625.7743192,1770934625.7743192
5.911143327373864,21,3,36074901828.0264,43453244.04764,43759840.65668609,36075208463.31351,45298558.605404034,48751279.96896862,-84.3458023071289,-85.26609802246094,2.400000095367432,-2.6923999786376958,[0. 0. 0.],[0. 0. 0. 1.],8.658882207513464,-2.5281820961243042,"(21, 3)",306636.21169281006,306596.1162860617,-36026457183.58712,1538717.9487179443,6.13070011138916,-2.5281820961243042,36074901827.7365,43759840.55739183,45298558.506109774,43453244.44110577,36075208463.9482,48751280.361077726,0.1998487786918108,1770934625.8304868,1770934625.8304868
5.8833265472757,30,3,36070352412.82551,38507873.42065816,38814912.772070706,36070659490.86772,40353630.72078865,44202308.52285505,-88.20459747314453,-86.9197998046875,1.7489999532699585,-2.1802000999450684,[0. 0. 0.],[0. 0. 0. 1.],8.088195173008208,-2.067395059330229,"(30, 3)",307078.5913696289,307038.99676983804,-36026457182.41336,1538717.9487179443,6.0208001136779785,-2.067395059330229,36070352412.6724,38814912.672776446,40353630.62149439,38507873.67600661,36070659491.26377,44202308.850410655,0.1880986093819592,1770934625.89284,1770934625.89284
7.293936077927953,31,3,35931093310.12643,32182943.58885739,32487621.105404034,35931398035.54401,34026339.054121986,39373672.663759366,-91.37370300292967,-91.06919860839844,0.303600013256073,-0.9358999729156494,[0. 0. 0.],[0. 0. 0. 1.],8.413408825323614,-1.0915089344239561,"(31, 3)",304725.4356994629,304677.3274739571,-35892024362.77695,1538717.9487179518,7.321899890899658,-1.0915089344239561,35931093310.1083,32487621.006109774,34026338.954827726,32182943.678635817,35931398035.544,39373672.767052285,0.1834903333805852,1770934625.955548,1770934625.955548
4.934345920900967,20,4,35718335201.21429,29424200.02965397,29761555.397014868,35718672590.32904,31300273.345732816,28297465.860312603,-98.70800018310548,-99.97899627685548,-2.53220009803772,2.368299961090088,[0. 0. 0.],[0. 0. 0. 1.],5.9957967768636635,-1.0676966677633217,"(20, 4)",337389.072517395,337355.3623297289,-35690375124.44875,1538717.948717948,4.928100109100342,-1.0676966677633217,35718335201.13395,29761555.30098157,31300273.249699518,29424199.93865184,35718672590.20647,28297465.757712338,0.1888166390928896,1770934626.0093303,1770934626.0093303
4.397374078300994,21,4,36329895249.500755,38511423.91628496,38817076.2303482,36330200930.96005,40355794.17906615,34878109.44233757,-96.4123992919922,-96.47660064697266,0.2737999856472015,-0.6100000143051147,[0. 0. 0.],[0. 0. 0. 1.],6.075795992695039,-1.5944961155282913,"(21, 4)",305681.9348449707,305652.2780198306,-36295322821.76444,1538717.9487179518,4.481299877166748,-1.5944961155282913,36329895249.21086,38817076.1343149,40355794.083032854,38511423.85629507,36330200931.145706,34878109.381260015,0.18722771577593347,1770934626.0856097,1770934626.0856097
4.786048747960316,30,4,36340345401.60755,48565239.142977774,48871114.69188666,36340651309.19356,50409832.64060461,45328489.1763174,-92.6176986694336,-92.32980346679688,-0.4442000091075897,0.200200006365776,[0. 0. 0.],[0. 0. 0. 1.],5.940327473034791,-1.091427631726197,"(30, 4)",305907.8588256836,305875.4162910655,-36295322820.08989,1538717.9487179443,4.848899841308594,-1.091427631726197,36340345401.454445,48871114.595853366,50409832.54457131,48565239.1795623,36340651309.31327,45328489.22338241,0.18415429343091344,1770934626.1628976,1770934626.1628976
4.75090925605671,31,4,36202086883.844376,43240471.543882616,43544896.74316871,36202391341.1493,45083614.69188666,41501343.17893217,-83.1072998046875,-84.61260223388672,-1.4239000082015991,1.6232000589370728,[0. 0. 0.],[0. 0. 0. 1.],6.018622700489663,-1.161622826374673,"(31, 4)",304457.61655426025,304424.7827774435,-36160889997.871216,1538717.9487179518,4.85699987411499,-1.161622826374673,36202086883.82625,43544896.647135414,45083614.595853366,43240471.86435797,36202391341.4428,41501343.571589544,0.19882115452193166,1770934626.224775,1770934626.224775
2.196859827022502,20,5,35972328670.765564,24437493.138899647,24744320.048631847,35972635513.49377,26283037.997349795,13394750.07168834,-87.99610137939453,-88.42569732666016,-4.662199974060059,3.7467000484466553,[0. 0. 0.],[0. 0. 0. 1.],3.059692769990478,-0.6956926879744869,"(20, 5)",306843.02696990967,306826.03102463856,-35959240763.11124,1538717.948717948,2.364000082015991,-0.6956926879744869,35972328670.68523,24744319.724058494,26283037.672776442,24437493.693033855,35972635513.7122,13394750.600961538,0.18602811182781293,1770934626.2699413,1770934626.2699413
1.7821503708643225,21,5,36569889055.59049,19525719.30477132,19832084.47170877,36570195432.974846,21370802.42042672,6006973.067182488,-81.48889923095703,-82.53350067138672,-1.1901999711990356,1.4081000089645386,[0. 0. 0.],[0. 0. 0. 1.],2.7001653466200923,-0.6981652531600093,"(21, 5)",306378.173828125,306364.4800430685,-36564188459.863525,1538717.948717948,2.002000093460083,-0.6981652531600093,36569889055.3006,19832084.147135418,21370802.095853366,19525719.66709235,36570195433.47443,6006973.6109024435,0.15663246990318488,1770934626.325547,1770934626.325547
1.7230253989475817,30,5,36565339552.24857,14579554.473875621,14885425.817862613,36565645435.64472,16424143.766580563,1456976.893229415,-80.29859924316406,-80.62969970703125,-2.2081000804901123,2.08240008354187,[0. 0. 0.],[0. 0. 0. 1.],3.307452451537286,-1.502152454207574,"(30, 5)",305883.5230102539,305870.87777944654,-36564188458.533264,1538717.94871795,1.805299997329712,-1.502152454207574,36565339552.09547,14885425.493289262,16424143.442007212,14579554.615509816,36565645435.61848,1456977.0852113382,0.07235012404242054,1770934626.3878677,1770934626.3878677
1.6644184125042303,31,5,36426081579.357185,8254991.974516373,8583542.805042101,36426410142.227425,10122260.75376005,63870915.826166436,-82.22799682617188,-81.5479965209961,-3.316400051116944,3.3060998916625977,[0. 0. 0.],[0. 0. 0. 1.],2.987940860432817,-1.2124408013050094,"(31, 5)",328562.8724746704,328550.0081380205,-36362539226.01124,1538717.948717948,1.7755000591278076,-1.2124408013050094,36426081579.33906,8583542.48046875,10122260.429186698,8254992.4723307295,36426410142.21153,63870916.20029547,0.1516742469273038,1770934626.4489343,1770934626.4489343
3.230654940039475,20,11,36197323238.07325,43104794.23935917,43408550.57131931,36197627016.36958,44947268.52003726,36737018.423053086,-83.20780181884766,-83.20780181884766,-1.89709997177124,1.0271999835968018,[0. 0. 0.],[0. 0. 0. 1.],7.238867807619097,-3.8920677187366506,"(20, 11)",303778.6865234375,303755.9470152259,-36160889997.94947,1538717.9487179518,3.3468000888824463,-3.8920677187366506,36197323237.99291,43408550.49328926,44947268.442007214,43104794.546274036,36197627016.679436,36737018.72996795,0.19283591099027866,1770934626.4942782,1770934626.4942782
3.6481530720282596,21,11,36778883662.96228,22193889.5905669,22566819.80208854,36779256616.90916,24105537.750806488,13418922.085794194,-92.78569793701172,-92.95469665527344,1.7285000085830688,-1.6492999792099,[0. 0. 0.],[0. 0. 0. 1.],6.76620379035099,-3.0113038117132946,"(21, 11)",372954.50846099854,372930.125701122,-36765837695.09301,1538717.948717948,3.7548999786376953,-3.0113038117132946,36778883662.672386,22566819.724058494,24105537.672776442,22193889.598357372,36779256617.18085,13418922.087840544,0.18444331503965034,1770934626.5345607,1770934626.5345607
5.443988251582203,21,0,36992878142.128944,37720042.231056795,38025866.20644765,36993184002.983925,39564584.1551656,25697082.67624118,-86.91120147705078,-87.90899658203125,-2.42330002784729,1.8625999689102173,[0. 0. 0.],[0. 0. 0. 1.],8.86107451211785,-3.2528744388756623,"(21, 0)",305861.65990448,305823.75550881773,-36967486920.66642,1538717.9487179443,5.608200073242188,-3.2528744388756623,36992878141.83905,38025866.19841747,39564584.147135414,37720042.44290865,36993184003.498955,25697082.832532052,0.18857761538462023,1770934626.7486277,1770934626.7486277
2.850220098771369,20,1,36620312004.09888,58150882.01409427,58455481.66217438,36620616623.678406,59994199.610892326,56428166.74296629,-89.3770980834961,-88.4623031616211,-2.7147998809814453,2.808799982070923,[0. 0. 0.],[0. 0. 0. 1.],5.378421035517765,-2.447421041239811,"(20, 1)",304619.87618255615,304599.40592448413,-36564188456.936966,1538717.9487179443,2.930999994277954,-2.447421041239811,36620312004.01854,58455481.583032854,59994199.5317508,58150882.17710837,36620616623.89472,56428166.95775741,0.18462367167300578,1770934626.9183536,1770934626.9183536
2.6941899337624124,21,1,37216872356.87253,52241124.87321216,52546186.79037951,37217177436.77232,54084904.73909745,48041282.944403,-89.69869995117188,-88.95240020751953,0.067900002002716,-0.4833000004291534,[0. 0. 0.],[0. 0. 0. 1.],5.464760744195486,-2.61736079416802,"(21, 1)",305080.6446533203,305061.6924579367,-37169136154.09615,1538717.9487179443,2.847399950027466,-2.61736079416802,37216872356.582634,52546186.71123798,54084904.659955926,52241125.018780045,37217177437.22729,48041283.131134816,0.18406594478977617,1770934626.9725742,1770934626.9725742
3.013340799636455,30,1,37213322733.3383,48294291.213556476,48598486.469866686,37213626948.9789,50137204.41858464,44490796.526248805,-94.25029754638672,-94.7938995361328,-0.7114999890327454,0.6556000113487244,[0. 0. 0.],[0. 0. 0. 1.],5.318561597208403,-2.2661614850563025,"(30, 1)",304215.83908843994,304195.212339744,-37169136152.5468,1538717.9487179518,3.0524001121521,-2.2661614850563025,37213322733.185196,48598486.39072516,50137204.33944311,48294291.178385414,37213626949.024284,44490796.47748898,0.18576548652086652,1770934627.0358737,1770934627.0358737
3.1218283252199366,31,1,37101065577.75461,1753464.6680904557,2058967.2390974567,37101371101.699234,3597685.1878154054,66667771.09000499,-92.59120178222656,-92.17829895019533,-2.1010000705718994,2.0339999198913574,[0. 0. 0.],[0. 0. 0. 1.],5.403218332373771,-2.273718420111808,"(31, 1)",305523.91638946533,305502.47583633824,-37034703330.53158,1538717.9487179485,3.129499912261963,-2.273718420111808,37101065577.73648,2058967.1599559295,3597685.108673878,1753464.6841195913,37101371101.65287,66667771.121294074,0.18409157312307106,1770934627.1236913,1770934627.1236913
4.645341664353913,20,2,36871305545.76554,36771818.86307553,37076010.515702024,36871609770.5387,38614728.46441997,38555678.70304984,-84.27980041503906,-84.01090240478516,-7.156199932098389,6.807000160217285,[0. 0. 0.],[0. 0. 0. 1.],5.780256972993651,-0.9999568326127912,"(20, 2)",304225.213470459,304191.190279454,-36833054091.82779,1538717.9487179443,4.780300140380859,-0.9999568326127912,36871305545.6852,37076010.4291867,38614728.377904646,36771819.23890725,36871609770.898674,38555679.07088842,0.20015448567093666,1770934627.1693149,1770934627.1693149
4.064465938991168,21,2,37469865826.423805,32862490.771372363,33166427.18236869,37470169791.2025,34705145.13108663,32168002.630871013,-90.36959838867188,-91.2322998046875,-4.140600204467773,4.083799839019775,[0. 0. 0.],[0. 0. 0. 1.],6.2983455293594135,-2.1011457078872455,"(21, 2)",303965.40715026855,303936.204176683,-37438001788.830475,1538717.9487179443,4.197199821472168,-2.1011457078872455,37469865826.13391,33166427.095853366,34705145.04457131,32862490.891676683,37470169791.54106,32168002.71058694,0.18340116811534368,1770934627.2255144,1770934627.2255144
4.413769592272307,30,2,37450316579.49214,12915608.647371711,13222060.195189198,37450623061.97922,14760778.143907147,12621274.563751437,-85.8864974975586,-87.34030151367188,-4.961100101470947,4.904300212860107,[0. 0. 0.],[0. 0. 0. 1.],5.370857095168491,-0.809057092116733,"(30, 2)",306483.01345062256,306451.10301482305,-37438001787.50022,1538717.948717948,4.561800003051758,-0.809057092116733,37450316579.339035,13222060.108673878,14760778.057391826,12915609.005659055,37450623062.352486,12621274.852263622,0.19207598490383923,1770934627.275071,1770934627.275071
5.032780471406814,31,2,37301060842.17768,63808629.76516564,64116803.78493279,37301369051.58313,65655521.73365074,65016496.470952906,-90.36009979248048,-90.55729675292967,-6.249100208282471,5.617700099945068,[0. 0. 0.],[0. 0. 0. 1.],5.909298044654857,-0.8417979302139393,"(31, 2)",308209.44761657715,308173.8124749586,-37236352555.02514,1538717.9487179443,5.067500114440918,-0.8417979302139393,37301060842.15955,64116803.69841747,65655521.647135414,63808629.88594251,37301369051.60717,65016496.58203125,0.18340479746515148,1770934627.3290327,1770934627.3290327
6.606816640130857,20,3,37077300249.291176,35130480.116260745,35459343.86181429,37077629157.22108,36998061.81053224,42925824.33351825,-90.69170379638672,-90.26319885253906,-0.5382999777793884,0.4433000087738037,[0. 0. 0.],[0. 0. 0. 1.],8.333480663273496,-1.6647804450728128,"(20, 3)",328908.12800598145,328863.525390625,-37034703332.863434,1538717.9487179518,6.668700218200684,-1.6647804450728128,37077300249.21084,35459343.76252003,36998061.71123798,35130480.237129405,37077629157.338844,42925824.475410655,0.18340320144066688,1770934627.3702567,1770934627.3702567
5.918796402870376,21,3,37673860562.00072,29222224.89784264,29528710.84899378,37674167086.687515,31067428.797711726,34516057.220477186,-84.6489028930664,-85.79049682617188,2.518199920654297,-3.1496999263763428,[0. 0. 0.],[0. 0. 0. 1.],8.658882207513464,-2.522082395196569,"(21, 3)",306525.5972061157,306485.45485276356,-37639651029.709625,1538717.948717948,6.136799812316895,-2.522082395196569,37673860561.71082,29528710.749699518,31067428.698417466,29222225.294846755,37674167087.30803,34516057.598407455,0.19853777795960217,1770934627.4295986,1770934627.4295986
5.8054792090232645,30,3,37670310866.35111,25275036.771078646,25580778.156686086,37670616645.95708,27119496.105404034,30965617.69314777,-88.447998046875,-88.3197021484375,1.4835000038146973,-1.999500036239624,[0. 0. 0.],[0. 0. 0. 1.],8.088195173008208,-2.1591952721903365,"(30, 3)",305780.07624816895,305741.04504707456,-37639651028.33242,1538717.948717948,5.928999900817871,-2.1591952721903365,37670310866.198006,25580778.057391826,27119496.006109774,25275037.01234475,37670616646.274254,30965617.94183193,0.18560534349125996,1770934627.492803,1770934627.492803
6.748814061987834,31,3,37531055393.459724,18952021.194447443,19256771.746429678,37531360189.375145,20795489.695147626,26141985.896844707,-91.45020294189452,-101.78359985351562,0.4320999979972839,-0.5605999827384949,[0. 0. 0.],[0. 0. 0. 1.],8.413408825323614,-1.6691089367127745,"(31, 3)",304795.7200317383,304750.3662109375,-37505218203.37499,1538717.948717948,6.74429988861084,-1.6691089367127745,37531055393.4416,19256771.647135418,20795489.595853366,18952021.28092448,37531360189.16163,26141985.786633614,0.18540787852688292,1770934627.5537567,1770934627.5537567
4.966537418213183,20,4,37302334592.23989,225666.21070781862,531090.6534251259,37302640050.51759,2069808.6021430746,66287489.901067935,-96.82630157470705,-100.27870178222656,-3.040699958801269,2.4539999961853027,[0. 0. 0.],[0. 0. 0. 1.],5.9957967768636635,-1.0321966181722573,"(20, 4)",305458.23316955566,305424.4134364984,-37236352560.59655,1538717.948717949,4.963600158691406,-1.0321966181722573,37302334592.15955,531090.5573918269,2069808.5061097757,225666.14395532853,37302640050.39272,66287489.79617388,0.18830025027395075,1770934627.5994842,1770934627.5994842
4.356961397796708,21,4,37898854752.70584,61494225.369017296,61799880.71752769,37899160437.08223,63338598.66624564,57860180.43397413,-95.65470123291016,-97.99250030517578,0.7179999947547913,-0.6173999905586243,[0. 0. 0.],[0. 0. 0. 1.],6.075795992695039,-1.6360958660470901,"(21, 4)",305684.8301010132,305655.2984775603,-37841300256.89499,1538717.9487179518,4.439700126647949,-1.6360958660470901,37898854752.41595,61799880.62149439,63338598.57021234,61494225.32301683,37899160437.24605,57860180.3510617,0.18737868576736522,1770934627.654468,1770934627.654468
4.7834458769645885,30,4,37894305049.04341,56546681.08311855,56852669.17906615,37894611069.21514,58391387.127784096,53310813.58219663,-91.61160278320312,-93.21520233154295,-0.9805999994277954,0.5633999705314636,[0. 0. 0.],[0. 0. 0. 1.],5.940327473034791,-1.0927274898194588,"(30, 4)",306020.4139175415,305987.92442908883,-37841300255.70559,1538717.9487179443,4.847599983215332,-1.0927274898194588,37894305048.890305,56852669.083032854,58391387.0317508,56546681.158603765,37894611069.30422,53310813.59863281,0.18406464771002648,1770934627.7167575,1770934627.7167575
4.710515941665542,31,4,37756050064.93408,51223776.570276886,51529023.345732816,37756355343.568436,53067741.29445077,49487909.810218275,-83.98819732666016,-84.82740020751953,-1.454699993133545,1.4574999809265137,[0. 0. 0.],[0. 0. 0. 1.],6.018622700489663,-1.1931226890455715,"(31, 4)",305278.9463119507,305246.3003305271,-37706867433.659065,1538717.9487179518,4.825500011444092,-1.1931226890455715,37756050064.915955,51529023.24969952,53067741.19841747,51223776.94936899,37756355343.86227,49487910.20320012,0.20038090310940582,1770934627.7813118,1770934627.7813118
2.1976990822387954,20,5,37543288270.124504,49413053.47753794,49720081.26658057,37543595313.73525,51258799.21529851,38377114.40011901,-88.07569885253906,-88.67359924316406,-4.292399883270264,3.870500087738037,[0. 0. 0.],[0. 0. 0. 1.],3.059692769990478,-0.6976927814345699,"(20, 5)",307043.8952331543,307026.91493890435,-37505218199.024284,1538717.9487179443,2.361999988555908,-0.6976927814345699,37543288270.04417,49720080.942007214,51258798.89072516,49413054.02706831,37543595313.9394,38377114.91511418,0.1856484569108413,1770934627.834225,1770934627.834225
1.7982013475310035,21,5,38139848534.75712,43505941.16214691,43813278.38196518,38140155884.25561,45351996.33068313,29989988.21579521,-81.24620056152344,-82.80509948730469,-1.2525999546051023,0.9275000095367432,[0. 0. 0.],[0. 0. 0. 1.],2.7001653466200923,-0.6842654499983882,"(21, 5)",307350.32302093506,307336.58228165656,-38110165895.995674,1538717.9487179443,2.015899896621704,-0.6842654499983882,38139848534.467224,43813278.05739183,45351996.006109774,43505941.47511017,38140155884.790245,29989988.794571314,0.1555372070179307,1770934627.8954825,1770934627.8954825
1.746255985952386,30,5,38134298815.06905,37558053.035295516,37863687.035811335,38134604461.26389,39402404.98452928,24438566.552403398,-80.33830261230469,-80.76629638671875,-1.804900050163269,2.158799886703491,[0. 0. 0.],[0. 0. 0. 1.],3.307452451537286,-1.474352490256463,"(30, 5)",305646.3466491699,305633.5292718336,-38110165894.49326,1538717.9487179443,1.8330999612808228,-1.474352490256463,38134298814.91595,37863686.71123798,39402404.659955926,37558053.18196615,38134604461.262596,24438566.76933093,0.07603487256873416,1770934627.9567604,1770934627.9567604
1.645173828620475,31,5,37995044399.86997,31235360.37370105,31561243.125554923,37995370294.53217,33099961.07427287,19637222.008412287,-82.05699920654297,-81.39929962158203,-3.1803998947143555,3.4131999015808105,[0. 0. 0.],[0. 0. 0. 1.],2.987940860432817,-1.2403409010593431,"(31, 5)",325894.63453674316,325881.9580078125,-37975733072.13374,1538717.948717948,1.747599959373474,-1.2403409010593431,37995044399.851845,31561242.80098157,33099960.749699518,31235360.842973758,37995370294.48638,19637222.352639224,0.143620077928364,1770934628.0177212,1770934628.0177212
3.1841274652333738,20,11,37765282917.560394,65084685.216520675,65388638.71234495,37765586892.710365,66927356.6610629,58719458.866437994,-84.0521011352539,-83.5103988647461,-1.7443000078201294,1.0997999906539917,[0. 0. 0.],[0. 0. 0. 1.],7.238867807619097,-3.927267837755205,"(20, 11)",303975.5640258789,303953.0592698306,-37706867433.84687,1538717.9487179518,3.311599969863892,-3.927267837755205,37765282917.48006,65388638.6343149,66927356.583032854,65084685.57504507,37765586893.04408,58719459.19721554,0.19868787286684075,1770934628.0632389,1770934628.0632389
3.620363870191039,21,11,38364842725.46224,62177965.169220634,62550497.68670393,38365215281.57575,64089215.63542188,53400151.04278651,-92.2217025756836,-92.68199920654295,1.6912000179290771,-1.7452000379562378,[0. 0. 0.],[0. 0. 0. 1.],6.76620379035099,-3.034603744193153,"(21, 11)",372556.6844482422,372532.41123297065,-38311815130.80261,1538717.9487179518,3.731600046157837,-3.034603744193153,38364842725.17235,62550497.60867388,64089215.55739183,62177965.19744091,38365215281.8568,53400151.0541867,0.1841365823927327,1770934628.1205437,1770934628.1205437
5.455952888512922,21,0,38588836948.21864,20482206.791938145,20790657.873114318,38589145436.19496,22329375.821832266,8464669.38917086,-86.6802978515625,-87.56690216064453,-1.829100012779236,1.44350004196167,[0. 0. 0.],[0. 0. 0. 1.],8.86107451211785,-3.2360745121178507,"(21, 0)",308488.80083465576,308450.84948417544,-38580680767.16453,1538717.948717948,5.625,-3.2360745121178507,38588836947.92875,20790657.865084134,22329375.813802082,20482207.01559996,38589145436.72958,8464669.565054087,0.18966604206333856,1770934628.3444395,1770934628.3444395
2.850204847223508,20,1,38214271018.52192,38911330.97414371,39215922.36730258,38214575629.82781,40754640.31602053,37193326.64466202,-89.8031005859375,-88.5531005859375,-3.1226999759674072,2.9997000694274902,[0. 0. 0.],[0. 0. 0. 1.],5.378421035517765,-2.4517209203139076,"(20, 1)",304611.59730529785,304591.1740033999,-38177382303.18467,1538717.9487179518,2.9267001152038574,-2.4517209203139076,38214271018.44158,39215922.288161054,40754640.236879006,38911331.114157654,38214575630.03889,37193326.85421675,0.18427947420755827,1770934628.5119731,1770934628.5119731
2.6577935490447744,21,1,38811831195.01351,34006246.542284615,34310794.16217438,38812135760.38553,35849512.110892326,29805760.466393407,-88.67569732666016,-88.92729949951172,0.168500006198883,-0.5187000036239624,[0. 0. 0.],[0. 0. 0. 1.],5.464760744195486,-2.6450607415251977,"(21, 1)",304566.1182937622,304547.3382411897,-38782330000.18736,1538717.9487179443,2.819700002670288,-2.6450607415251977,38811831194.72362,34310794.083032854,35849512.0317508,34006246.744791664,38812135760.84191,29805760.654547274,0.18478197009757355,1770934628.5675576,1770934628.5675576
3.0125694288025424,30,1,38807281331.09467,29057646.03308064,29363598.649353866,38807587304.06367,30902316.598071817,25257305.31635482,-95.5385971069336,-94.21179962158205,-0.8669999837875366,0.7142999768257141,[0. 0. 0.],[0. 0. 0. 1.],5.318561597208403,-2.269161506037138,"(30, 1)",305973.1820907593,305952.60228865966,-38782329998.84145,1538717.9487179518,3.0494000911712646,-2.269161506037138,38807281330.94157,29363598.570212338,30902316.51893029,29057645.96792368,38807587304.12366,25257305.28220152,0.18601646179690934,1770934628.629772,1770934628.629772
3.09293205863875,31,1,38669028438.3315,23735819.696307812,24040810.187815405,38669333450.04011,25579528.136533353,21436273.464868266,-92.0271987915039,-91.91719818115234,-1.9278000593185425,1.680999994277954,[0. 0. 0.],[0. 0. 0. 1.],5.403218332373771,-2.297918382727775,"(31, 1)",305011.690574646,304990.37522536144,-38647897176.49758,1538717.948717948,3.105299949645996,-2.297918382727775,38669028438.31337,24040810.108673878,25579528.057391826,23735819.733448517,38669333450.003944,21436273.506360177,0.18383411271017147,1770934628.6918614,1770934628.6918614
4.612294806319397,20,2,38439350505.7014,58828205.21595781,59135137.11826612,38439657470.53842,60673855.06698407,60625942.883631036,-85.65360260009766,-84.2688980102539,-7.205599784851074,7.054699897766113,[0. 0. 0.],[0. 0. 0. 1.],5.780256972993651,-1.0332567555559065,"(20, 2)",306965.28507995605,306931.4496945068,-38379031527.64693,1538717.9487179518,4.747000217437744,-1.0332567555559065,38439350505.62106,59135137.0317508,60673854.98046875,58828205.58205629,38439657470.90614,60625943.259214744,0.1995066041928441,1770934628.7374222,1770934628.7374222
4.061496175597703,21,2,39036825393.73145,53838259.06432808,54144920.77211228,39037132083.77332,55683638.720830224,53152859.17909665,-90.7155990600586,-90.8126983642578,-3.8873000144958496,3.9683001041412354,[0. 0. 0.],[0. 0. 0. 1.],6.2983455293594135,-2.1036457651077045,"(21, 2)",306690.6894836426,306661.51780349016,-38983979224.85307,1538717.9487179443,4.194699764251709,-2.1036457651077045,39036825393.44156,54144920.68559696,55683638.6343149,53838259.16779347,39037132084.13104,53152859.27796975,0.183399884114453,1770934628.792584,1770934628.792584
4.411577696268495,30,2,39032275489.74851,48889147.266688004,49195353.46441997,39032581726.84166,50734071.41313792,48602503.387952484,-85.5354995727539,-85.58779907226562,-4.872600078582764,4.8084001541137695,[0. 0. 0.],[0. 0. 0. 1.],5.370857095168491,-0.7976568693384127,"(30, 2)",306237.6990737915,306205.7416866943,-38983979223.53847,1538717.9487179518,4.573200225830078,-0.7976568693384127,39032275489.595406,49195353.377904646,50734071.3266226,48889147.63621795,39032581727.29448,48602503.756009616,0.19688547237159357,1770934628.854827,1770934628.854827
5.038635908807888,31,2,38893023125.83149,42567358.91488904,42875858.27211228,38893331660.60596,44414576.220830224,43785259.29301903,-90.91929626464844,-90.654296875,-6.3105998039245605,5.789999961853027,[0. 0. 0.],[0. 0. 0. 1.],5.909298044654857,-0.8406978668899647,"(31, 2)",308534.8119506836,308499.1768078953,-38849546401.2259,1538717.9487179443,5.068600177764893,-0.8406978668899647,38893023125.81336,42875858.18559696,44414576.1343149,42567359.00878906,38893331660.62531,43785259.39941406,0.18340162613303787,1770934628.915807,1770934628.915807
6.61391704277412,20,3,38663259472.047554,7895092.15408753,8228334.246429678,38663592758.35934,9767052.195147628,15695579.255371684,-90.41739654541016,-90.61060333251952,-0.4032000005245209,0.4357999861240387,[0. 0. 0.],[0. 0. 0. 1.],8.333480663273496,-1.658280677769346,"(20, 3)",333286.4927597046,333241.85884915944,-38647897179.07984,1538717.948717949,6.67519998550415,-1.658280677769346,38663259471.96722,8228334.147135417,9767052.095853366,7895092.288286258,38663592758.45998,15695579.380133213,0.18339949457334875,1770934628.9603512,1770934628.9603512
5.9271363432025534,21,3,39260819608.475044,2991488.7667411044,3297893.5413014726,39261126052.01306,4836611.490019421,8281176.251365028,-84.6958999633789,-84.8833999633789,2.4893999099731445,-2.6747000217437744,[0. 0. 0.],[0. 0. 0. 1.],8.658882207513464,-2.510882444024695,"(21, 3)",306444.4673919678,306404.278094952,-39252844876.00428,1538717.9487179485,6.1479997634887695,-2.510882444024695,39260819608.18515,3297893.4420072115,4836611.39072516,2991489.1639122595,39261126052.65254,8281176.6482622195,0.1998313881723478,1770934629.0164754,1770934629.0164754
5.792804574475101,30,3,39256269672.44082,65258951.633543365,65565032.964378394,39256575791.91619,67103750.913096346,3730917.5454087267,-87.99250030517578,-88.27639770507812,1.309399962425232,-1.5217000246047974,[0. 0. 0.],[0. 0. 0. 1.],8.088195173008208,-2.1675952355692427,"(30, 3)",306119.94816589355,306080.9639172703,-39252844874.43928,1538717.9487179518,5.920599937438965,-2.1675952355692427,39256269672.28771,65565032.865084134,67103750.813802086,65258951.901166864,39256575792.23588,3730917.7965995595,0.18621571225762268,1770934629.0802073,1770934629.0802073
6.59165927314304,31,3,39133017444.74174,7721062.047669422,8027853.477198908,39133324280.63169,9566571.425916858,14912231.719486516,-91.75740051269533,-103.4792022705078,0.6611999869346619,-0.579200029373169,[0. 0. 0.],[0. 0. 0. 1.],8.413408825323614,-1.8294087146973936,"(31, 3)",306835.6871032715,306791.25663561653,-39118412048.8089,1538717.948717949,6.584000110626221,-1.8294087146973936,39133017444.72361,8027853.377904647,9566571.326622596,7721062.1212690305,39133324280.41071,14912231.601812901,0.18574221174315475,1770934629.155673,1770934629.155673
4.978427497723597,20,4,38903253302.17575,55162815.64609527,55496443.21752769,38903586963.72201,57035161.16624564,54040556.93601777,-96.59449768066406,-96.45079803466795,-2.3664000034332275,2.293800115585327,[0. 0. 0.],[0. 0. 0. 1.],5.9957967768636635,-1.0131965647664956,"(20, 4)",333661.54597473145,333627.53843649477,-38849546406.766014,1538717.9487179518,4.982600212097168,-1.0131965647664956,38903253302.09541,55496443.12149439,57035161.07021234,55162815.583057895,38903586963.64139,54040556.8753756,0.1872806170461085,1770934629.2012768,1770934629.2012768
4.360584998579841,21,4,39501813390.52631,51259764.98282441,51566499.30727128,39502120153.8153,53105217.25598922,47626050.57503513,-95.67610168457033,-96.78450012207033,0.4246000051498413,-0.4544000029563904,[0. 0. 0.],[0. 0. 0. 1.],6.075795992695039,-1.6299961651193557,"(21, 4)",306763.7595214844,306734.274839744,-39454494103.487,1538717.9487179443,4.445799827575684,-1.6299961651193557,39501813390.23642,51566499.21123798,53105217.159955926,51259764.93639824,39502120153.99594,47626050.5089393,0.18705435668878675,1770934629.257503,1770934629.257503
4.822248088746259,30,4,39497263406.41517,46310410.884860076,46614728.47393794,39497567756.30408,48153446.422655895,43073654.34517422,-92.14949798583984,-92.2853012084961,-0.4925999939441681,0.0688999965786933,[0. 0. 0.],[0. 0. 0. 1.],5.940327473034791,-1.0524275973939217,"(30, 4)",304350.1633911133,304317.4391526431,-39454494102.03155,1538717.9487179518,4.887899875640869,-1.0524275973939217,39497263406.26206,46614728.377904646,48153446.3266226,46310410.938752,39497567756.42545,43073654.393905245,0.1839840846861769,1770934629.3197734,1770934629.3197734
4.696191586011429,31,4,39359012092.177635,40989439.99577547,41294375.90983538,39359317059.907295,42833093.85855333,39255780.26132303,-83.3666000366211,-83.96859741210938,-1.5458999872207642,1.4118000268936155,[0. 0. 0.],[0. 0. 0. 1.],6.018622700489663,-1.2150228660475246,"(31, 4)",304968.0269622803,304935.4748848155,-39320061279.54682,1538717.9487179443,4.803599834442139,-1.2150228660475246,39359012092.15951,41294375.813802086,42833093.76252003,40989440.33891727,39359317060.18647,39255780.63964844,0.19788928753503496,1770934629.381756,1770934629.381756
2.1930506282845585,20,5,39129247492.880875,22171759.377308868,22475618.125554923,39129551367.395515,24014336.07427287,11139321.843978116,-88.37339782714844,-88.77330017089844,-4.368800163269043,3.8434998989105225,[0. 0. 0.],[0. 0. 0. 1.],3.059692769990478,-0.7056926784377437,"(20, 5)",303874.7934188843,303857.89137620106,-39118412045.24069,1538717.948717948,2.3540000915527344,-0.7056926784377437,39129247492.80054,22475617.80098157,24014335.749699518,22171759.90960537,39129551367.593956,11139322.353265224,0.18521056014794182,1770934629.4266593,1770934629.4266593
1.752181373980831,21,5,39727807565.2058,18269279.84260828,18577172.61273441,39728115470.0075,20115890.56145236,4755728.111236543,-81.99810028076172,-82.73519897460938,-1.4211000204086304,1.0812000036239624,[0. 0. 0.],[0. 0. 0. 1.],2.7001653466200923,-0.7096653733229732,"(21, 5)",307905.6177368164,307891.98655348644,-39723359741.85213,1538717.948717948,1.9904999732971191,-0.7096653733229732,39727807564.91591,18577172.288161058,20115890.236879006,18269280.30160757,39728115470.533646,4755728.6815154245,0.1716836383965486,1770934629.483494,1770934629.483494
1.7395276919664846,30,5,39723257541.03055,13319565.74685188,13625546.010170307,39723563533.45013,15164263.958888255,203792.6161265916,-80.25669860839844,-80.2833023071289,-2.0703001022338867,2.256500005722046,[0. 0. 0.],[0. 0. 0. 1.],3.307452451537286,-1.4941524379951103,"(30, 5)",305992.4942474365,305979.8020582944,-39723359740.615776,1538717.948717948,1.8133000135421755,-1.4941524379951103,39723257540.87744,13625545.685596956,15164263.634314904,13319565.883538662,39723563533.37169,203792.75590945513,0.06660231916393448,1770934629.5457318,1770934629.5457318
1.684996353463768,31,5,39583006787.690445,5998816.599033049,6321996.330683128,39583329979.52801,7860714.279401076,61619470.80949058,-81.59349822998047,-82.94560241699219,-2.789299964904785,3.20740008354187,[0. 0. 0.],[0. 0. 0. 1.],2.987940860432817,-1.1758408075992601,"(31, 5)",323192.0604248047,323179.02393830195,-39521710508.3285,1538717.948717948,1.812100052833557,-1.1758408075992601,39583006787.67232,6321996.006109776,7860713.954827724,5998816.982171474,39583329979.73274,61619471.40424679,0.16669572185340287,1770934629.6057513,1770934629.6057513
3.2590584947600716,20,11,39355242044.16292,41847570.52323439,42151467.237985976,39355545963.01323,43690185.18670393,35484682.921588704,-83.42250061035156,-83.0342025756836,-1.9575999975204468,1.1500999927520752,[0. 0. 0.],[0. 0. 0. 1.],7.238867807619097,-3.8634677412433645,"(20, 11)",303919.2238845825,303896.3122245595,-39320061280.094574,1538717.9487179518,3.3754000663757324,-3.8634677412433645,39355242044.08258,42151467.159955926,43690185.10867388,41847570.84773137,39355545963.306465,35484683.21188902,0.19307922058967075,1770934629.6520226,1770934629.6520226
3.7315136647696536,21,11,39935802196.61605,19946005.921931222,20318125.89183213,39936174340.8335,21856843.840550076,11165363.771133272,-92.13999938964844,-92.60710144042967,1.4471999406814575,-1.7890000343322754,[0. 0. 0.],[0. 0. 0. 1.],6.76620379035099,-2.922603755637245,"(21, 11)",372144.7910385132,372119.86052684113,-39925008977.332016,1538717.948717948,3.843600034713745,-2.922603755637245,39935802196.32616,20318125.813802082,21856843.76252003,19946005.95327524,39936174341.117195,11165363.78518129,0.1840830845538086,1770934629.6915004,1770934629.6915004
5.408884546589645,21,0,40166796235.07758,52461289.749579474,52768294.09106304,40167103276.07277,54307012.03978098,40445073.74517976,-87.32769775390625,-87.39430236816406,-1.8020999431610107,1.5404000282287598,[0. 0. 0.],[0. 0. 0. 1.],8.86107451211785,-3.2869744945702433,"(21, 0)",307041.82942962646,307004.14413060993,-40126658202.68633,1538717.9487179443,5.574100017547607,-3.2869744945702433,40166796234.78769,52768294.083032854,54307012.0317508,52461289.938902244,40167103276.61712,40445073.93078926,0.18865398499125438,1770934629.9225104,1770934629.9225104
2.8700157729691838,20,1,39793230433.58599,4672213.161079183,4979439.995507713,39793537680.44183,6518157.944225662,2961530.948379003,-89.40489959716797,-88.63939666748047,-2.586199998855591,2.6682000160217285,[0. 0. 0.],[0. 0. 0. 1.],5.378421035517765,-2.4294211537733803,"(20, 1)",307247.1422958374,307226.59380008,-39790576149.49498,1538717.948717949,2.9489998817443848,-2.4294211537733803,39793230433.50565,4979439.916366186,6518157.865084135,4672213.322566106,39793537680.64795,2961531.1529697515,0.1844565685357115,1770934630.090406,1770934630.090406
2.6768788662846354,21,1,40391790433.795525,771762.8396600839,1077957.6237128412,40392096646.44047,2616675.5724307904,63789210.53003673,-89.85350036621094,-88.59500122070312,-0.0810000002384185,-0.2876999974250793,[0. 0. 0.],[0. 0. 0. 1.],5.464760744195486,-2.6328608628325707,"(21, 1)",306213.41020965576,306194.5675580929,-40328307436.17866,1538717.948717949,2.831899881362915,-2.6328608628325707,40391790433.50563,1077957.544571314,2616675.493289263,771762.9770132211,40392096646.91584,63789210.73717949,0.18422099187193336,1770934630.147433,1770934630.147433
3.017335501349991,30,1,40387240297.44079,63037789.24787306,63343173.969866686,40387545702.546844,64881891.91858464,59238267.902125895,-95.60150146484376,-93.61080169677734,-0.7487000226974487,0.8083000183105469,[0. 0. 0.],[0. 0. 0. 1.],5.318561597208403,-2.2620616391700725,"(30, 1)",305405.3360443115,305384.7092848569,-40328307434.73886,1538717.9487179518,3.05649995803833,-2.2620616391700725,40387240297.28768,63343173.89072516,64881891.83944311,63037789.1814403,40387545702.623726,59238267.88486578,0.18574881042417873,1770934630.2097518,1770934630.2097518
3.2141383642275754,31,1,40247991034.485306,56717884.77209092,57022540.95704617,40248295712.70797,58561258.905764125,54421100.29792513,-91.41380310058594,-91.1938018798828,-1.9967000484466555,1.8272000551223757,[0. 0. 0.],[0. 0. 0. 1.],5.403218332373771,-2.1683183346625894,"(31, 1)",304678.2351760864,304656.0434194729,-40193874612.33239,1538717.9487179518,3.2348999977111816,-2.1683183346625894,40247991034.46718,57022540.877904646,58561258.8266226,56717884.83448517,40248295712.702354,54421100.36996695,0.1835178538760131,1770934630.2708418,1770934630.2708418
4.631113855383168,20,2,40019224616.27829,25497239.89111655,25801507.310573816,40019528916.69601,27340225.259291764,27303542.66830249,-84.6677017211914,-84.26820373535156,-7.177700042724609,6.842400074005127,[0. 0. 0.],[0. 0. 0. 1.],5.780256972993651,-1.0122568471086408,"(20, 2)",304300.8657608032,304266.9521233998,-39992225374.019844,1538717.948717948,4.76800012588501,-1.0122568471086408,40019224616.19795,25801507.224058494,27340225.172776442,25497240.271935094,40019528917.06371,27303543.043870192,0.20035510255826908,1770934630.3167553,1770934630.3167553
4.062222199948328,21,2,40617784600.46219,21597199.966277502,21901066.605445612,40618088495.45998,23439784.55416356,20915424.868440393,-91.84549713134766,-92.0457992553711,-4.37060022354126,4.217899799346924,[0. 0. 0.],[0. 0. 0. 1.],6.2983455293594135,-2.118445359986855,"(21, 2)",303895.5923233032,303866.49889823794,-40597173070.85038,1538717.948717948,4.179900169372559,-2.118445359986855,40617784600.172295,21901066.51893029,23439784.467648238,21597200.020032052,40618088495.76462,20915424.91423778,0.18381833754108545,1770934630.373517,1770934630.373517
4.411076825641732,30,2,40612234448.08181,15646332.266411379,15954760.515702019,40612542907.28393,17493478.46441997,15369837.926810456,-85.66329956054688,-85.2040023803711,-4.715199947357178,4.478700160980225,[0. 0. 0.],[0. 0. 0. 1.],5.370857095168491,-0.797356938765903,"(30, 2)",308459.8169631958,308427.79697516,-40597173069.44188,1538717.948717948,4.573500156402588,-0.797356938765903,40612234447.9287,15954760.429186698,17493478.377904646,15646332.632211538,40612542907.74567,15369838.303786058,0.19749962033524096,1770934630.4348536,1770934630.4348536
5.024107258667954,31,2,40472985705.959656,9326451.910970652,9634792.56698407,40473294081.935036,11173510.515702019,10553834.468286445,-90.46890258789062,-91.02850341796876,-6.253799915313721,6.001399993896484,[0. 0. 0.],[0. 0. 0. 1.],5.909298044654857,-0.854598146888744,"(31, 2)",308375.99534606934,308340.4541015625,-40462740247.37971,1538717.948717948,5.054699897766113,-0.854598146888744,40472985705.94153,9634792.48046875,11173510.429186698,9326452.026367188,40473294081.936874,10553834.557166466,0.18339818386278264,1770934630.495733,1770934630.495733
6.663796915184398,20,3,40244218839.03469,42876260.12730537,43213855.07976301,40244556478.48903,44752573.02848096,50681863.252909385,-90.63739776611328,-91.06549835205078,-0.4675000011920929,0.5047000050544739,[0. 0. 0.],[0. 0. 0. 1.],8.333480663273496,-1.613180465672178,"(20, 3)",337639.6140136719,337594.72969251126,-40193874615.212,1538717.9487179518,6.720300197601318,-1.613180465672178,40244218838.95435,43213854.98046875,44752572.9291867,42876260.25077624,40244556478.56837,50681863.35637019,0.18340817956444502,1770934630.541706,1770934630.541706
5.9515204503948125,21,3,40839778871.29552,35977365.30976659,36283774.95155788,40840085319.84166,37822492.900275834,41263008.07301226,-84.76940155029297,-84.90229797363281,2.5871999263763428,-2.6421000957489014,[0. 0. 0.],[0. 0. 0. 1.],8.658882207513464,-2.4864822098022827,"(21, 3)",306449.4754104614,306409.1452574134,-40798822312.01123,1538717.9487179518,6.172399997711182,-2.4864822098022827,40839778871.00562,36283774.85226362,37822492.800981574,35977365.70700621,40840085320.48103,41263008.46980168,0.19970981635117527,1770934630.595472,1770934630.595472
5.854132957698907,30,3,40834228678.851036,30026653.484820634,30332685.20796814,40834534749.09071,31871403.156686086,35712438.634724155,-88.48269653320312,-87.99430084228516,1.2516000270843506,-1.972499966621399,[0. 0. 0.],[0. 0. 0. 1.],8.088195173008208,-2.107995359165434,"(30, 3)",306070.7287979126,306031.38459034637,-40798822310.52448,1538717.948717948,5.980199813842773,-2.107995359165434,40834228678.69793,30332685.108673878,31871403.057391826,30026653.72408353,40834534749.42673,35712438.90224359,0.1859634199833513,1770934630.6567826,1770934630.6567826
6.227817938453629,31,3,40694980449.5494,23707446.46575934,24013774.951557882,40695286820.04197,25552492.90027583,30897335.10717136,-98.33550262451172,-104.57990264892578,0.6146000027656555,-0.333400011062622,[0. 0. 0.],[0. 0. 0. 1.],8.413408825323614,-2.2172089313721983,"(31, 3)",306370.28620147705,306328.469300881,-40664389484.8315,1538717.948717948,6.196199893951416,-2.2172089313721983,40694980449.53127,24013774.852263622,25552492.80098157,23707446.38296274,40695286819.817474,30897334.985977564,0.1892561348907507,1770934630.717807,1770934630.717807
4.9256965095490735,20,4,40466212989.67571,4924625.885608291,5256563.409835382,40466544960.89671,6795281.358553331,3804708.3168662433,-98.97530364990234,-99.23580169677734,-2.684999942779541,2.914999961853028,[0. 0. 0.],[0. 0. 0. 1.],5.9957967768636635,-1.0757967005697182,"(20, 4)",331971.1851501465,331937.52191005554,-40462740252.559875,1538717.948717949,4.920000076293945,-1.0757967005697182,40466212989.595375,5256563.313802083,6795281.262520032,4924625.7918920275,40466544960.780525,3804708.220653045,0.18873114647193046,1770934630.7630274,1770934630.7630274
4.337555566190481,21,4,41062773118.090385,66242787.757190466,66547805.39701487,41063078164.588356,870113.0893225619,62606625.685440704,-95.69770050048828,-98.1227035522461,0.6294999718666077,-0.6518999934196472,[0. 0. 0.],[0. 0. 0. 1.],6.075795992695039,-1.655795916401094,"(21, 4)",305046.95011901855,305017.5906450376,-41000471539.14965,-65677692.30769231,4.420000076293945,-1.655795916401094,41062773117.80049,66547805.300981574,870112.9932892629,66242787.710336536,41063078164.75061,62606625.600961536,0.18742824814674913,1770934630.8184025,1770934630.8184025
4.7828267653599115,30,4,41058222861.54334,61291670.610734336,61597773.345732816,41058528996.3158,63136491.29445077,58057458.459506385,-92.3397979736328,-92.19270324707033,-0.8148999810218811,0.4079000055789947,[0. 0. 0.],[0. 0. 0. 1.],5.940327473034791,-1.0923274234437264,"(30, 4)",306135.05045318604,306102.5922726318,-41000471537.92895,1538717.9487179518,4.8480000495910645,-1.0923274234437264,41058222861.390236,61597773.24969952,63136491.19841747,61291670.657426886,41058528996.44069,58057458.51174379,0.18401564547011545,1770934630.880744,1770934630.880744
4.729060403956105,31,4,40919975121.02375,55972574.255333245,56277508.922655895,40920280087.62987,57816226.87137384,54241371.6013362,-83.67479705810547,-84.42890167236328,-1.5059000253677368,1.5645999908447266,[0. 0. 0.],[0. 0. 0. 1.],6.018622700489663,-1.1772225540052883,"(31, 4)",304966.91581726074,304934.20723157376,-40866038715.929375,1538717.9487179443,4.841400146484375,-1.1772225540052883,40919975121.00562,56277508.8266226,57816226.77534054,55972574.619391024,40920280087.92144,54241371.9920623,0.1998822694993477,1770934630.9427822,1770934630.9427822
2.1785103953816174,20,5,40690207372.68853,37147631.67115341,37451483.51017031,40690511240.22779,38990201.458888255,26121758.935361713,-87.96320343017578,-88.85299682617188,-4.591400146484375,3.721499919891357,[0. 0. 0.],[0. 0. 0. 1.],3.059692769990478,-0.7173928317885738,"(20, 5)",303867.8134994507,303850.95840846,-40664389480.98159,1538717.9487179443,2.3422999382019043,-0.7173928317885738,40690207372.60819,37451483.18559696,38990201.1343149,37147632.2271885,40690511240.42169,26121759.440104168,0.1856008909351757,1770934630.9878457,1770934630.9878457
1.8146994048641225,21,5,41287767316.80833,32249781.301163863,32555626.138375435,41288073174.01118,34094344.08709338,18735995.810607202,-81.34819793701172,-82.8196029663086,-1.37090003490448,0.8353000283241272,[0. 0. 0.],[0. 0. 0. 1.],2.7001653466200923,-0.6643653664565181,"(21, 5)",305858.02909851074,305844.17881109565,-41269337178.15643,1538717.948717948,2.035799980163574,-0.6643653664565181,41287767316.51843,32555625.813802082,34094343.76252003,32249781.634990986,41288073174.54753,18735996.39110076,0.15852843575163583,1770934631.0434618,1770934631.0434618
1.7835898976518407,30,5,41282217044.23564,26298336.12782483,26604215.88196518,41282522936.42435,28142933.830683127,13185759.614698231,-80.55400085449219,-81.05069732666016,-1.982699990272522,1.972499966621399,[0. 0. 0.],[0. 0. 0. 1.],3.307452451537286,-1.4237524383765803,"(30, 5)",305892.3965835571,305879.250550881,-41269337176.59142,1538717.948717948,1.8837000131607056,-1.4237524383765803,41282217044.082535,26604215.557391826,28142933.506109774,26298336.306840945,41282522936.47912,13185759.887695312,0.08909364126259431,1770934631.107224,1770934631.107224
1.6728668544627985,31,5,41153969576.15195,30979135.095531024,31299640.56145236,41154290093.62919,32838358.510170307,19385738.725560967,-82.0875015258789,-82.47450256347656,-3.1449999809265137,3.5817999839782715,[0. 0. 0.],[0. 0. 0. 1.],2.987940860432817,-1.183040810269548,"(31, 5)",320517.6407318115,320504.66684194654,-41134904354.51361,1538717.948717948,1.804900050163269,-1.183040810269548,41153969576.13382,31299640.236879006,32838358.185596954,30979135.57003706,41154290093.77455,19385739.260942508,0.16897533619131544,1770934631.178227,1770934631.178227
3.2126147892069197,20,11,40929201579.4193,2610893.027617432,2914696.4046526426,40929505404.62493,4453414.353370591,63466688.65154085,-83.956298828125,-84.21179962158203,-1.7015000581741333,0.8939999938011169,[0. 0. 0.],[0. 0. 0. 1.],7.238867807619097,-3.894367742769244,"(20, 11)",303825.65229034424,303802.9440855365,-40866038715.976326,1538717.948717949,3.344500064849853,-3.894367742769244,40929201579.33896,2914696.326622596,4453414.275340545,2610893.3825370595,40929505404.99125,63466689.01492388,0.20001434858575748,1770934631.223811,1770934631.223811
3.6025278253512507,21,11,41524761195.01345,62930021.487600096,63301747.68670393,41525132944.62273,64840465.63542188,54146531.75686516,-92.56490325927734,-92.38490295410156,1.4127999544143677,-1.7777999639511108,[0. 0. 0.],[0. 0. 0. 1.],6.76620379035099,-3.052803903266029,"(21, 11)",371750.19092559814,371726.1055188328,-41470986413.13551,1538717.9487179518,3.713399887084961,-3.052803903266029,41524761194.72356,63301747.60867388,64840465.55739183,62930021.503155045,41525132944.91448,54146531.77897135,0.18415610150200726,1770934631.2820907,1770934631.2820907
5.490577801346707,21,0,41784754488.28267,57222860.62182891,57528887.03978098,41785060551.34367,59067604.98849893,45208500.07656805,-87.31829833984375,-87.2114028930664,-1.857900023460388,1.3624999523162842,[0. 0. 0.],[0. 0. 0. 1.],8.86107451211785,-3.2036743808922648,"(21, 0)",306063.905380249,306026.22007711977,-41739852051.62585,1538717.9487179518,5.657400131225586,-3.2036743808922648,41784754487.992775,57528887.0317508,59067604.98046875,57222860.81167368,41785060551.898155,45208500.2723107,0.1890184707139139,1770934631.540412,1770934631.540412
2.8258925285313206,20,1,41411188831.02185,9431965.008984547,9737869.482687201,41411494755.21567,11276587.43140515,7724759.552746864,-89.59950256347656,-88.65859985351562,-3.166399955749512,2.8647000789642334,[0. 0. 0.],[0. 0. 0. 1.],5.378421035517765,-2.475321021784855,"(20, 1)",305924.47916412354,305904.24366486445,-41403769995.664444,1538717.948717948,2.90310001373291,-2.475321021784855,41411188830.94151,9737869.403545674,11276587.352263622,9431965.15988081,41411494755.42068,7724759.7562349755,0.18431883395323298,1770934631.7090626,1770934631.7090626
2.686444377441396,21,1,42009748678.98779,5536292.21618839,5841331.021148739,42010053735.76713,7380048.969866687,1336043.6968819995,-89.35700225830078,-89.4176025390625,-0.0819000005722045,-0.3082000017166137,[0. 0. 0.],[0. 0. 0. 1.],5.464760744195486,-2.6262607213073017,"(21, 1)",305057.49825286865,305038.561698718,-42008717692.33848,1538717.948717948,2.838500022888184,-2.6262607213073017,42009748678.6979,5841330.942007212,7380048.89072516,5536292.380308494,42010053736.19615,1336043.8576722757,0.18398258871096984,1770934631.7654834,1770934631.7654834
2.9952402984653608,30,1,42006198230.133064,1584057.000517275,1888550.57243079,42006502743.96874,3427268.521148739,65001463.31106976,-95.1218032836914,-94.14330291748048,-0.9042999744415284,0.7608000040054321,[0. 0. 0.],[0. 0. 0. 1.],5.318561597208403,-2.2849615052741985,"(30, 1)",304514.0506057739,304493.5490534855,-41941501280.751816,1538717.9487179487,3.033600091934204,-2.2849615052741985,42006198229.97996,1888550.4932892628,3427268.4420072115,1584056.9442357772,42006502744.03056,65001463.278745994,0.18583963510292772,1770934631.8286934,1770934631.8286934
3.110931227600958,31,1,41867952669.10065,63482489.268426545,63787556.9826872,41868257758.13676,65326274.93140515,61189299.43206267,-92.72540283203124,-92.3397979736328,-2.053499937057495,1.7489999532699585,[0. 0. 0.],[0. 0. 0. 1.],5.403218332373771,-2.286218229376945,"(31, 1)",305089.0017776489,305067.62382311374,-41807068458.62704,1538717.9487179518,3.117000102996826,-2.286218229376945,41867952669.08252,63787556.90354567,65326274.85226362,63482489.27972256,41868257758.0843,61189299.45725661,0.18419410817806706,1770934631.8907347,1770934631.8907347
4.609718378299928,20,2,41639182973.65005,32250238.83025817,32555898.33621484,41639488666.036606,34094616.28493279,34069445.93333809,-84.6227035522461,-84.02189636230469,-6.699900150299072,6.693399906158447,[0. 0. 0.],[0. 0. 0. 1.],5.780256972993651,-1.0347568852556135,"(20, 2)",305692.8272781372,305659.03883713856,-41605419220.095406,1538717.9487179518,4.745500087738037,-1.0347568852556135,41639182973.56971,32555898.249699518,34094616.19841747,32250239.21086238,41639488666.39699,34069446.30158253,0.20036383683992579,1770934631.9361947,1770934631.9361947
4.049395680069276,21,2,42235742853.667274,26355038.054491267,26661996.092625096,42236049839.98491,28200714.04134305,25682923.208267648,-91.12169647216795,-90.26940155029295,-4.185299873352051,4.191800117492676,[0. 0. 0.],[0. 0. 0. 1.],6.2983455293594135,-2.114645444673134,"(21, 2)",306986.99169158936,306957.86696213856,-42210366917.03549,1538717.9487179518,4.183700084686279,-2.114645444673134,42235742853.37738,26661996.006109774,28200713.954827726,26355038.139147636,42236049840.36907,25682923.333583735,0.1833953226103687,1770934631.9914336,1770934631.9914336
4.289540624262482,30,2,42231192380.774086,21402310.50670874,21708470.451599456,42231498570.97105,23247188.400317404,21131656.07046729,-85.76409912109375,-85.21849822998047,-5.317800045013428,4.500100135803223,[0. 0. 0.],[0. 0. 0. 1.],5.370857095168491,-0.9194572920068698,"(30, 2)",306190.8115463257,306159.4958183095,-42210366914.98534,1538717.948717948,4.451399803161621,-0.9194572920068698,42231192380.62098,21708470.365084134,23247188.313802082,21402310.869265825,42231498571.432526,21131656.447190505,0.1972500263302938,1770934632.053715,1770934632.053715
5.024581229530267,31,2,42091947356.60065,15084375.279871289,15392364.682368686,42092255381.36436,16931082.631086636,16321287.9472554,-90.87989807128906,-90.50469970703124,-6.147600173950195,6.021900177001953,[0. 0. 0.],[0. 0. 0. 1.],5.909298044654857,-0.8533979477615459,"(31, 2)",308024.8084411621,307989.220252404,-42075934093.33006,1538717.948717948,5.055900096893311,-0.8533979477615459,42091947356.58252,15392364.595853366,16931082.544571314,15084375.375600962,42092255381.39096,16321288.060897436,0.18339571128445148,1770934632.1163301,1770934632.1163301
6.635709875689646,20,3,41881176747.6885,66639543.104842976,66981667.57976301,41881518916.50614,1303975.2720707033,7234044.985009486,-90.76390075683594,-90.2323989868164,-0.8343999981880188,0.0586000010371208,[0. 0. 0.],[0. 0. 0. 1.],8.333480663273496,-1.6361807059981057,"(20, 3)",342169.0173034668,342124.25818809867,-41874284871.49701,-65677692.307692304,6.697299957275391,-1.6361807059981057,41881176747.60816,66981667.48046875,1303975.1727764423,66639543.22228065,41881518916.625465,7234045.128455529,0.18340144190202853,1770934632.172137,1770934632.172137
5.926965493978824,21,3,42476736627.705734,59745484.177978866,60049584.246429674,42477040766.533165,61588302.195147626,65024608.67331281,-84.38719940185547,-85.42350006103516,2.48009991645813,-3.280100107192993,[0. 0. 0.],[0. 0. 0. 1.],8.658882207513464,-2.512782163262976,"(21, 3)",304139.7485961914,304099.5749449134,-42412016158.10244,1538717.9487179518,6.146100044250488,-2.512782163262976,42476736627.41584,60049584.147135414,61588302.095853366,59745484.5721905,42477040767.16444,65024609.0619992,0.19960028815470443,1770934632.2324429,1770934632.2324429
5.846472062680109,30,3,42472186114.748436,54792898.17698631,55097749.31053224,42472491004.34331,56636467.25925019,60474847.70221248,-88.43990325927734,-87.34349822998047,1.2200000286102295,-1.8766000270843504,[0. 0. 0.],[0. 0. 0. 1.],8.088195173008208,-2.1097949426004927,"(30, 3)",304890.1210708618,304850.7925180271,-42412016156.70959,1538717.9487179443,5.978400230407715,-2.1097949426004927,42472186114.59533,55097749.21123798,56636467.159955926,54792898.418719955,42472491004.7164,60474848.006810896,0.1869862709315725,1770934632.2946668,1770934632.2946668
6.833062130708023,31,3,42332941651.472435,48475663.194923826,48781122.70796814,42333247156.3651,50319840.65668609,55663821.92737556,-103.6781005859375,-90.59719848632812,0.786899983882904,-0.4357999861240387,[0. 0. 0.],[0. 0. 0. 1.],8.413408825323614,-1.5803089832520811,"(31, 3)",305504.9328918457,305459.53212640435,-42277583334.33441,1538717.9487179518,6.833099842071533,-1.5803089832520811,42332941651.45431,48781122.60867388,50319840.55739183,48475663.07654747,42333247156.3872,55663822.05278446,0.1848568561605339,1770934632.355818,1770934632.355818
4.945965584524562,20,4,42104171018.521835,29684589.523425844,30014464.050861023,42104500926.84262,31553181.99957897,28566827.95247197,-97.10099792480467,-100.43659973144533,-2.222100019454956,2.595499992370605,[0. 0. 0.],[0. 0. 0. 1.],5.9957967768636635,-1.0535965929952553,"(20, 4)",329908.2751083374,329874.5023287274,-42075934098.87018,1538717.948717948,4.942200183868408,-1.0535965929952553,42104171018.4415,30014463.954827726,31553181.903545674,29684589.452499,42104500926.716606,28566827.84642929,0.1884226705116554,1770934632.4014142,1770934632.4014142
4.361439423553187,21,4,42700730850.462135,23791035.88580158,24097476.871373843,42701037320.43366,25636194.82009179,20155524.964034338,-97.19149780273438,-97.55690002441406,0.426499992609024,-0.0922000035643577,[0. 0. 0.],[0. 0. 0. 1.],6.075795992695039,-1.6346958721506057,"(21, 4)",306470.4308166504,306440.96178886294,-42680881795.71636,1538717.948717948,4.441100120544434,-1.6346958721506057,42700730850.17224,24097476.775340546,25636194.724058494,23791035.813551683,42701037320.60306,20155524.88669371,0.18782320086135093,1770934632.456433,1770934632.456433
4.774579164347249,30,4,42697180273.402275,19838042.533900052,20144151.550861023,42697486414.41723,21682869.49957897,16604620.228959708,-92.59649658203124,-92.56490325927734,-0.7542999982833862,0.3454999923706054,[0. 0. 0.],[0. 0. 0. 1.],5.940327473034791,-1.1040275767945564,"(30, 4)",306141.2791748047,306108.88358874246,-42680881794.26092,1538717.948717948,4.836299896240234,-1.1040275767945564,42697180273.24917,20144151.454827726,21682869.403545674,19838042.571238983,42697486414.52834,16604620.267427884,0.1842312001154837,1770934632.5196886,1770934632.5196886
4.790281917008445,31,4,42557936322.94679,13520944.295389213,13825441.614963587,42558240852.60078,15364159.563681537,11791880.099423988,-83.55500030517578,-83.41419982910156,-2.025599956512451,1.6540000438690186,[0. 0. 0.],[0. 0. 0. 1.],6.018622700489663,-1.1236227195631496,"(31, 4)",304529.9197463989,304496.86686197855,-42546448972.4022,1538717.94871795,4.894999980926514,-1.1236227195631496,42557936322.928665,13825441.518930288,15364159.467648238,13520944.65206831,42558240852.84841,11791880.446213942,0.1963345354418211,1770934632.5806565,1770934632.5806565
2.182698755164749,20,5,42329165233.26541,62904752.106565006,63208606.90760621,42329469103.791565,64747324.85632415,51885776.32966781,-87.89099884033203,-88.81300354003906,-4.148099899291992,3.608799934387207,[0. 0. 0.],[0. 0. 0. 1.],3.059692769990478,-0.7121926841597896,"(20, 5)",303870.80266571045,303853.9162660241,-42277583327.151054,1538717.9487179443,2.3475000858306885,-0.7121926841597896,42329165233.185074,63208606.583032854,64747324.5317508,62904752.66676683,42329469103.98774,51885776.836688705,0.1857333083875908,1770934632.6258776,1770934632.6258776
1.7952408877395238,21,5,42925725049.180084,57011769.34257645,57318037.99734979,42926031330.080345,58856755.94606774,43500305.7729287,-81.41940307617188,-82.43499755859375,-1.1753000020980835,0.6230000257492065,[0. 0. 0.],[0. 0. 0. 1.],2.7001653466200923,-0.6892653260207275,"(21, 5)",306281.6756744385,306267.9818960279,-42882531024.26328,1538717.9487179518,2.010900020599365,-0.6892653260207275,42925725048.89019,57318037.67277644,58856755.62149439,57011769.69088041,42926031330.565865,43500306.302584134,0.1527784973582075,1770934632.6816049,1770934632.6816049
1.7855083872449675,30,5,42922174424.0433,53058406.28293875,53364432.22811902,42922480462.47034,54903150.176836975,39949439.67902767,-80.37590026855469,-81.0291976928711,-2.134500026702881,1.9678000211715696,[0. 0. 0.],[0. 0. 0. 1.],3.307452451537286,-1.426652442763482,"(30, 5)",306038.6305618286,306025.46887519956,-42882531022.57308,1538717.9487179518,1.880800008773804,-1.426652442763482,42922174423.89019,53364431.90354567,54903149.85226362,53058406.43467047,42922480462.52075,39949439.947666265,0.08322425342072165,1770934632.7447674,1770934632.7447674
1.6895016973590309,31,5,42781931018.4596,45741512.014166564,46059247.93324723,42782248766.51954,47597965.88196518,34150565.58730524,-82.05139923095703,-81.66120147705078,-3.2762999534606934,2.974600076675415,[0. 0. 0.],[0. 0. 0. 1.],2.987940860432817,-1.1880408055011764,"(31, 5)",317748.0844345093,317735.1262019202,-42748098200.54221,1538717.9487179518,1.7999000549316406,-1.1880408055011764,42781931018.441475,46059247.60867388,47597965.55739183,45741512.48247196,42782248766.52591,34150565.98369892,0.15056076014445613,1770934632.8047934,1770934632.8047934
3.152205417172677,20,11,42553159832.62438,13372865.574916797,13676739.673883412,42553463728.17982,15215457.62260136,7014755.952713149,-83.63289642333984,-83.74169921875,-1.6437000036239624,1.1966999769210815,[0. 0. 0.],[0. 0. 0. 1.],7.238867807619097,-3.9600677969379445,"(20, 11)",303895.9835739136,303873.6822666265,-42546448972.23004,1538717.948717948,3.2788000106811523,-3.9600677969379445,42553159832.544044,13676739.595853366,15215457.544571314,13372865.91358674,42553463728.52762,7014756.297576122,0.1981124020430194,1770934632.849725,1770934632.849725
3.6277408728197478,21,11,43134719656.55187,59697130.010017164,60068454.41747316,43135091004.5611,61607172.366191104,50910745.63532677,-92.35980224609376,-92.6981964111328,1.4387999773025513,-1.4229999780654907,[0. 0. 0.],[0. 0. 0. 1.],6.76620379035099,-3.028103738471107,"(21, 11)",371348.57959747314,371324.3063902259,-43084180259.19542,1538717.9487179443,3.738100051879883,-3.028103738471107,43134719656.26198,60068454.33944311,61607172.288161054,59697130.033052884,43135091004.841576,50910745.64615885,0.18419226560667895,1770934632.8904507,1770934632.8904507
4.89478273509475,21,0,43346714183.795456,5985973.955297888,6291731.591063038,43347019975.29564,7830449.5397809865,61190494.15640175,-86.89409637451172,-96.8123016357422,-2.224900007247925,1.4808000326156616,[0. 0. 0.],[0. 0. 0. 1.],8.86107451211785,-3.8521743465599894,"(21, 0)",305791.9702758789,305757.4149889825,-43285829481.49797,1538717.948717948,5.008900165557861,-3.8521743465599894,43346714183.50556,6291731.583032853,7830449.531750801,5985974.1680438705,43347019975.47584,61190493.977864586,0.18388847450598766,1770934633.1024842,1770934633.1024842
2.825545688270708,20,1,42948149327.81668,410458.63453311287,715874.290379508,42948454763.18895,2254592.239097457,65923741.88503967,-89.3947982788086,-88.7886962890625,-3.4207000732421875,2.522900104522705,[0. 0. 0.],[0. 0. 0. 1.],5.378421035517765,-2.4751209885969887,"(20, 1)",305435.65016937256,305415.4146634615,-42882531021.305435,1538717.9487179487,2.9033000469207764,-2.4751209885969887,42948149327.73634,715874.2112379808,2254592.1599559295,410458.79657451925,42948454763.38651,65923742.08107973,0.1843492776605857,1770934633.2419791,1770934633.2419791
2.677136813508535,21,1,43544709079.628784,61735785.3383051,62040113.07243079,43545013425.24411,63578831.02114874,57534707.376374006,-89.8563003540039,-88.67359924316406,-0.0130000002682209,-0.0716999992728233,[0. 0. 0.],[0. 0. 0. 1.],5.464760744195486,-2.633260690789724,"(21, 1)",304346.3760757446,304327.51777844876,-43487478718.13596,1538717.9487179518,2.8315000534057617,-2.633260690789724,43544709079.33889,62040112.99328926,63578830.942007214,61735785.47551081,43545013425.714966,57534707.579001404,0.18416429505529874,1770934633.3004782,1770934633.3004782
2.985886992754593,30,1,43539158398.40226,55781857.43770102,56085633.905764125,43539462195.05248,57624351.85448207,51983478.40350793,-94.5967025756836,-93.37039947509766,-1.1753000020980835,0.7254999876022339,[0. 0. 0.],[0. 0. 0. 1.],5.318561597208403,-2.2891614869636516,"(30, 1)",303796.8875198364,303776.4329176694,-43487478716.74312,1538717.9487179443,3.029400110244751,-2.2891614869636516,43539158398.24915,56085633.8266226,57624351.77534054,55781857.39370493,43539462195.13667,51983478.39355469,0.18529689225744633,1770934633.3617759,1770934633.3617759
3.1146333151300887,31,1,43400916354.99805,50465724.5051735,50771290.95704617,43401221942.791176,52310008.905764125,48176048.15777822,-92.23629760742188,-92.08319854736328,-2.0404999256134038,1.833699941635132,[0. 0. 0.],[0. 0. 0. 1.],5.403218332373771,-2.2784183655616372,"(31, 1)",305587.7685546875,305566.34364984185,-43353045894.55574,1538717.9487179518,3.124799966812134,-2.2784183655616372,43400916354.97992,50771290.877904646,52310008.8266226,50465724.534254804,43401221942.748474,48176048.19273337,0.1839473765388554,1770934633.4236572,1770934633.4236572
4.628134486877333,20,2,43171143590.63719,18222525.3795872,18527252.50288151,43171448350.72963,20065970.451599456,20051694.588121407,-84.58830261230469,-84.197998046875,-7.205599784851074,6.912199974060059,[0. 0. 0.],[0. 0. 0. 1.],5.780256972993651,-1.0155570370805647,"(20, 2)",304760.53873443604,304726.65640024096,-43151396656.13365,1538717.948717948,4.764699935913086,-1.0155570370805647,43171143590.556854,18527252.416366186,20065970.365084134,18222525.759965945,43171448351.09559,20051694.961939104,0.20038081996870005,1770934633.4690585,1770934633.4690585
4.099153021518342,21,2,43769703270.33391,14331787.085416012,14635481.669548173,43770006993.50696,16174199.618266122,13662640.785966001,-91.43399810791016,-92.81900024414062,-3.99810004234314,3.760600090026856,[0. 0. 0.],[0. 0. 0. 1.],6.2983455293594135,-2.0831455820022358,"(21, 2)",303723.7392349243,303694.42670773156,-43756344352.979836,1538717.94871795,4.215199947357178,-2.0831455820022358,43769703270.044014,14635481.583032852,16174199.531750802,14331787.15632512,43770006993.78325,13662640.803410457,0.1838932946348423,1770934633.5254781,1770934633.5254781
4.30252486419163,30,2,43766152500.966354,10377293.098733213,10683606.669548173,43766458844.77701,12222324.618266122,10114493.47822617,-85.60050201416016,-85.58360290527344,-5.298200130462647,4.984399795532227,[0. 0. 0.],[0. 0. 0. 1.],5.370857095168491,-0.9069570059045748,"(30, 2)",306344.4166946411,306313.11661157757,-43756344351.38354,1538717.94871795,4.463900089263916,-0.9069570059045748,43766152500.81325,10683606.583032852,12222324.531750802,10377293.466421274,43766458845.22994,10114493.846404247,0.19674240657683856,1770934633.5886574,1770934633.5886574
5.008127027832082,31,2,43627910978.395485,5061180.48341067,5369399.938778942,43628219233.12557,6908117.8874968905,6307703.920614315,-90.6072006225586,-91.27890014648438,-5.94920015335083,5.848700046539307,[0. 0. 0.],[0. 0. 0. 1.],5.909298044654857,-0.873298269721996,"(31, 2)",308254.7388305664,308219.2601913065,-43621911529.11791,1538717.948717948,5.035999774932861,-0.873298269721996,43627910978.37736,5369399.852263622,6908117.80098157,5061180.5920723155,43628219233.11619,6307703.9982722355,0.18342049793865717,1770934633.6531665,1770934633.6531665
6.597188273623047,20,3,43356920681.98334,63621710.1864949,63968101.8746348,43357267117.81074,65506819.823352754,4221220.883364138,-89.92150115966797,-90.7707977294922,-0.8633000254631042,0.4357999861240387,[0. 0. 0.],[0. 0. 0. 1.],8.333480663273496,-1.6723807525374124,"(20, 3)",346436.0007247925,346391.4294120595,-43353045896.90325,1538717.9487179518,6.661099910736084,-1.6723807525374124,43356920681.903,63968101.77534054,65506819.724058494,63621710.34592848,43357267117.903725,4221221.0004757615,0.18342591502995395,1770934633.7151482,1770934633.7151482
5.981508900485507,21,3,44020696795.97493,57732182.17305578,58038550.59258352,44021003203.4523,59577268.541301474,63009609.39770146,-84.70020294189453,-85.59200286865234,2.1774001121521,-2.498699903488159,[0. 0. 0.],[0. 0. 0. 1.],8.658882207513464,-2.4583821960693726,"(21, 3)",306408.39405059814,306367.92305188626,-43957993594.29719,1538717.9487179518,6.200500011444092,-2.4583821960693726,44020696795.685036,58038550.49328926,59577268.442007214,57732182.570237376,44021003204.07909,63009609.78190104,0.19876576023717665,1770934633.776396,1770934633.776396
5.827410907572044,30,3,44017145978.53045,53777817.926460765,54083005.72078865,44017451204.6676,55621723.6695066,59457612.17605892,-87.94869995117188,-87.68820190429688,1.6651999950408936,-1.6130000352859497,[0. 0. 0.],[0. 0. 0. 1.],8.088195173008208,-2.1274951379129927,"(30, 3)",305226.64388275146,305187.42487980425,-43957993592.560036,1538717.9487179518,5.960700035095215,-2.1274951379129927,44017145978.37734,54083005.62149439,55621723.57021234,53777818.196614586,44017451205.021225,59457612.4611879,0.18710959634010776,1770934633.8396988,1770934633.8396988
6.848184295261545,31,3,43877905056.92112,47462447.10611688,47768734.887455314,43878211389.99548,49307452.836173266,54650618.721360184,-91.35369873046876,-99.11540222167967,0.3855000138282776,-0.4442000091075897,[0. 0. 0.],[0. 0. 0. 1.],8.413408825323614,-1.5663090442872374,"(31, 3)",306332.8982620239,306287.5913962275,-43823560771.17082,1538717.9487179518,6.847099781036377,-1.5663090442872374,43877905056.90299,47768734.788161054,49307452.736879006,47462447.19676483,43878211389.801254,54650618.63043369,0.18509363231850853,1770934633.9008079,1770934633.9008079
4.956368777316427,20,4,43580914920.76539,27663480.400664814,27991555.397014868,43581243029.640236,29530273.345732816,26547905.20298564,-99.41000366210938,-98.25689697265624,-2.427000045776367,2.5899999141693115,[0. 0. 0.],[0. 0. 0. 1.],5.9957967768636635,-1.0441967020955971,"(20, 4)",328108.8491592407,328074.9981219955,-43554695124.417274,1538717.948717948,4.951600074768066,-1.0441967020955971,43580914920.68505,27991555.30098157,29530273.249699518,27663480.302859575,43581243029.53421,26547905.1169371,0.188588654086209,1770934633.945612,1770934633.945612
4.319113097762167,21,4,44244691018.73133,21774489.642451487,22079071.422655895,44244995629.16929,23617789.371373843,18136397.567505345,-96.93990325927734,-96.77069854736328,0.4740000069141388,-0.3837000131607055,[0. 0. 0.],[0. 0. 0. 1.],6.075795992695039,-1.6747959698068557,"(21, 4)",304610.90870666504,304581.7526792884,-44226859231.84852,1538717.948717948,4.401000022888184,-1.6747959698068557,44244691018.44144,22079071.326622598,23617789.275340546,21774489.57394331,44244995629.35014,18136397.501627605,0.1875009814031505,1770934634.0005388,1770934634.0005388
4.801683797056393,30,4,44241140161.222755,17819738.429213177,18124031.358553328,44241444486.33635,19662749.30727128,14585256.281978823,-92.4406967163086,-92.25090026855467,-1.0513999462127686,0.4869999885559082,[0. 0. 0.],[0. 0. 0. 1.],5.940327473034791,-1.0744274333619392,"(30, 4)",304325.3893737793,304292.7903395407,-44226859230.127014,1538717.9487179518,4.865900039672852,-1.0744274333619392,44241140161.06965,18124031.26252003,19662749.211237982,17819738.47218049,44241444486.45902,14585256.33200621,0.18406796353566618,1770934634.063691,1770934634.063691
4.721949793676884,31,4,44102899728.39547,12504479.881545544,12809640.332912305,44103204920.7695,14348358.281630255,10778512.589855576,-84.0291976928711,-84.40080261230469,-1.302899956703186,0.9545999765396118,[0. 0. 0.],[0. 0. 0. 1.],6.018622700489663,-1.1819227378736965,"(31, 4)",305192.6832962036,305159.974709535,-44092426408.0805,1538717.94871795,4.836699962615967,-1.1819227378736965,44102899728.37734,12809640.236879006,14348358.185596956,12504480.262169471,44103204921.06064,10778512.980143229,0.200268658165845,1770934634.1256545,1770934634.1256545
2.1980366695925473,20,5,43805909135.50897,60881122.748005144,61186435.43324723,43806214464.03035,62725153.38196518,49870110.94311536,-88.89559936523438,-88.64790344238281,-4.735700130462647,3.958100080490112,[0. 0. 0.],[0. 0. 0. 1.],3.059692769990478,-0.7041927871566158,"(20, 5)",305328.8073425293,305311.8583483547,-43756344352.77639,1538717.9487179518,2.3554999828338623,-0.7041927871566158,43805909135.428635,61186435.10867388,62725153.05739183,60881123.25032552,43806214464.23598,49870111.45958534,0.18483325787430713,1770934634.1714861,1770934634.1714861
1.7844851824591468,21,5,44472685129.30825,57992611.949788705,58300185.43324723,44472992714.98845,59838903.38196518,44484254.89318056,-81.94080352783203,-82.5105972290039,-1.6334999799728394,0.8111000061035156,[0. 0. 0.],[0. 0. 0. 1.],2.7001653466200923,-0.6833654198622798,"(21, 5)",307586.46646881104,307572.71008613706,-44428508460.05113,1538717.9487179518,2.0167999267578125,-0.6833654198622798,44472685129.01836,58300185.10867388,59838903.05739183,57992612.39858774,44472992715.484825,44484255.43369391,0.16666522622908364,1770934634.228509,1770934634.228509
1.7704447129323737,30,5,44469134239.74839,54037504.92750711,54343454.66401646,44469440201.83498,55882172.61273441,40931742.98976523,-80.5260009765625,-81.10399627685547,-1.903599977493286,2.0302000045776367,[0. 0. 0.],[0. 0. 0. 1.],3.307452451537286,-1.4360524528724299,"(30, 5)",305962.30531311035,305949.23753005266,-44428508458.62698,1538717.9487179443,1.871399998664856,-1.4360524528724299,44469134239.59528,54343454.33944311,55882172.288161054,54037505.10191306,44469440201.9006,40931743.27361278,0.08968025577397706,1770934634.291668,1770934634.291668
1.6770074303581695,31,5,44329894351.7929,47722447.0245257,48037557.22811902,44330209474.05002,49576275.176836975,36133837.236034416,-81.40010070800781,-81.70149993896484,-3.1654999256134038,3.58270001411438,[0. 0. 0.],[0. 0. 0. 1.],2.987940860432817,-1.2178408629123703,"(31, 5)",315122.28941345215,315109.5346304029,-44294075636.423965,1538717.9487179518,1.7700999975204468,-1.2178408629123703,44329894351.77477,48037556.90354567,49576274.85226362,47722447.36891527,44330209474.064186,36133837.64022436,0.13446064859100787,1770934634.3527496,1770934634.3527496
3.2392421794039628,20,11,44033903638.714096,15353326.072114237,15657140.314909052,44034207474.94157,17195858.263627,8997476.807420865,-83.7238998413086,-83.46880340576172,-1.7508000135421753,1.191100001335144,[0. 0. 0.],[0. 0. 0. 1.],7.238867807619097,-3.874767828218462,"(20, 11)",303836.63861846924,303813.820863381,-44025209998.137085,1538717.948717948,3.3640999794006348,-3.874767828218462,44033903638.63376,15657140.236879006,17195858.185596954,15353326.416015625,44034207475.27238,8997477.135291466,0.19737820472628886,1770934634.3985298,1770934634.3985298
3.5855248980153416,21,11,44683679688.60312,62682127.86428918,63053061.78926803,44684050645.89783,64591779.737985976,53892951.27810223,-92.31490325927734,-92.82460021972656,1.448199987411499,-1.854200005531311,[0. 0. 0.],[0. 0. 0. 1.],6.76620379035099,-3.0708037907324606,"(21, 11)",370957.86070251465,370933.8222405836,-44630157694.88937,1538717.9487179443,3.6953999996185294,-3.0708037907324606,44683679688.313225,63053061.71123798,64591779.659955926,62682127.8889974,44684050646.17393,53892951.284555286,0.18421811525410758,1770934634.4394743,1770934634.4394743
5.383476753461455,21,0,44917673654.949265,30965252.584599003,31271186.719268166,44917979625.57858,32809904.667986114,18956295.108578235,-86.93699645996094,-87.44730377197266,-2.191400051116944,1.4211000204086304,[0. 0. 0.],[0. 0. 0. 1.],8.86107451211785,-3.309674327486503,"(21, 0)",305971.46058654785,305933.9161408283,-44899023330.82874,1538717.948717948,5.551400184631348,-3.309674327486503,44917673654.65937,31271186.711237982,32809904.65995593,30965252.795097154,44917979626.11996,18956295.291215945,0.18933027403946534,1770934634.673461,1770934634.673461
2.853767421893026,20,1,44476301298.97049,49796662.346469626,50101082.62371284,44476605739.15278,51639800.57243079,48097281.967125215,-89.48169708251953,-88.447998046875,-3.039799928665161,2.811599969863892,[0. 0. 0.],[0. 0. 0. 1.],5.378421035517765,-2.444621053446842,"(20, 1)",304440.4797668457,304420.04081530124,-44428508457.18718,1538717.9487179518,2.933799982070923,-2.444621053446842,44476301298.89015,50101082.54457131,51639800.49328926,49796662.50375601,44476605739.36992,48097282.18274239,0.1845633386553234,1770934634.8410306,1770934634.8410306
2.665081734723069,21,1,45157667461.039,61500444.89714506,61804792.55961028,45157971826.4465,63343510.50832823,57299262.143258706,-89.45590209960938,-88.58439636230469,0.258899986743927,-0.1527000069618225,[0. 0. 0.],[0. 0. 0. 1.],5.464760744195486,-2.641360723596121,"(21, 1)",304366.1733779907,304347.42462940514,-45100672564.57147,1538717.9487179518,2.823400020599365,-2.641360723596121,45157667460.74911,61804792.48046875,63343510.4291867,61500445.055839345,45157971826.922485,57299262.35101162,0.1844667758310927,1770934634.9134731,1770934634.9134731
3.040406740975514,30,1,45153116467.31248,56544656.55985884,56849488.07243079,45153421319.35642,58388206.02114874,52748756.47538742,-96.22550201416016,-93.43409729003906,-1.0384000539779663,0.7049999833106995,[0. 0. 0.],[0. 0. 0. 1.],5.318561597208403,-2.2399616673988323,"(30, 1)",304852.2792739868,304831.5116686672,-45100672562.97518,1538717.9487179518,3.0785999298095703,-2.2399616673988323,45153116467.15937,56849487.99328926,58388205.942007214,56544656.481620595,45153421319.438644,52748756.46346655,0.18584306087329436,1770934634.9757366,1770934634.9757366
3.1653250036369114,31,1,44997878518.45956,34230906.49380967,34535681.9826872,44998183315.558334,36074399.93140515,31943574.426823672,-92.95469665527344,-92.30010223388672,-1.5664000511169434,2.379499912261963,[0. 0. 0.],[0. 0. 0. 1.],5.403218332373771,-2.232818428122673,"(31, 1)",304797.06592559814,304775.40627503395,-44966239741.053856,1538717.9487179518,3.170399904251098,-2.232818428122673,44997878518.44143,34535681.90354567,36074399.85226362,34230906.497270636,44998183315.507355,31943574.453500602,0.18425582739193996,1770934635.0260262,1770934635.0260262
4.6063744801886335,20,2,44706885978.457664,7976078.037578946,8282893.5285225315,44707192826.83051,9821611.47724048,9818735.010705395,-85.28970336914062,-84.1395034790039,-6.869400024414063,6.959700107574463,[0. 0. 0.],[0. 0. 0. 1.],5.780256972993651,-1.0383570058000462,"(20, 2)",306848.8174819946,306815.029046474,-44697374091.81194,1538717.948717949,4.741899967193604,-1.0383570058000462,44706885978.37733,8282893.442007211,9821611.39072516,7976078.412960737,44707192827.19481,9818735.382862581,0.20007949693780175,1770934635.0683277,1770934635.0683277
4.059360085775713,21,2,45370661964.244125,2090130.936777475,2396659.5541635575,45370968521.171455,3935377.5028815065,1430322.171457532,-90.76740264892578,-91.2593994140625,-3.9795000553131104,4.058700084686279,[0. 0. 0.],[0. 0. 0. 1.],6.2983455293594135,-2.109245740693641,"(21, 2)",306557.5545883179,306528.42986278026,-45369538199.25884,1538717.948717949,4.189099788665772,-2.109245740693641,45370661963.95423,2396659.467648237,3935377.416366186,2090131.0377854567,45370968521.50882,1430322.24997496,0.1834349536711842,1770934635.1263716,1770934635.1263716
4.322644218514543,30,2,45367110906.41504,65350221.29671869,65656339.04134305,45367417054.501656,67195056.990061,65095267.14898302,-86.35299682617188,-86.30049896240234,-4.946199893951416,5.004899978637695,[0. 0. 0.],[0. 0. 0. 1.],5.370857095168491,-0.8951571935876803,"(30, 2)",306148.6659851074,306117.31896033883,-45302321787.43743,1538717.9487179518,4.4756999015808105,-0.8951571935876803,45367110906.26193,65656338.954827726,67195056.90354568,65350221.63586739,45367417054.92792,65095267.490484774,0.19315506867494717,1770934635.1897457,1770934635.1897457
5.023422422500781,31,2,45226873093.78006,58036101.466288865,58344375.90031741,45227181403.594345,59883093.84903535,59292438.5076468,-90.28800201416016,-91.19000244140624,-6.439099788665772,5.584199905395508,[0. 0. 0.],[0. 0. 0. 1.],5.909298044654857,-0.8549982132644764,"(31, 2)",308309.8269729614,308274.2231320143,-45167888964.999664,1538717.9487179443,5.054299831390381,-0.8549982132644764,45226873093.76193,58344375.813802086,59883093.76252003,58036101.59067007,45227181403.588905,59292438.589242786,0.18339683159502693,1770934635.2497106,1770934635.2497106
6.620307166665294,20,3,44929880249.29099,23386674.573288396,23737404.75925019,44930231023.72912,25276122.70796814,31207690.71653534,-90.67120361328124,-90.70880126953124,-0.4059999883174896,-0.1014999970793724,[0. 0. 0.],[0. 0. 0. 1.],8.333480663273496,-1.6544807624556253,"(20, 3)",350774.6143875122,350729.9648187123,-44899023332.98846,1538717.948717948,6.678999900817871,-1.6544807624556253,44929880249.210655,23737404.65995593,25276122.608673878,23386674.695137218,44930231023.82504,31207690.836588543,0.18339576823882356,1770934635.2942953,1770934635.2942953
5.943043882420241,21,3,45593656211.038994,17501790.79596911,17806002.515660446,45593960461.61539,19344720.464378394,22773021.657375123,-83.96710205078125,-84.9220962524414,2.4214000701904297,-2.98580002784729,[0. 0. 0.],[0. 0. 0. 1.],8.658882207513464,-2.4972820945984253,"(21, 3)",304251.50553131104,304211.2379807681,-45571187440.20059,1538717.948717948,6.161600112915039,-2.4972820945984253,45593656210.7491,17806002.416366186,19344720.365084134,17501791.178385418,45593960462.25463,22773022.054036457,0.20037540088401332,1770934635.349453,1770934635.349453
5.802071908965952,30,3,45590105113.1458,13545635.795869991,13850089.054121986,45590409604.60077,15388807.002839934,19222166.064962085,-89.34449768066406,-88.3853988647461,1.3587000370025637,-1.9882999658584597,[0. 0. 0.],[0. 0. 0. 1.],8.088195173008208,-2.170795289737944,"(30, 3)",304491.9214553833,304452.968499599,-45571187438.6043,1538717.948717948,5.917399883270264,-2.170795289737944,45590105112.99269,13850088.954827724,15388806.903545672,13545635.986328125,45590409604.91415,19222166.309845753,0.18471652597901103,1770934635.4126005,1770934635.4126005
6.886584062264799,31,3,45450867789.29288,7232160.689358063,7538494.502839934,45451174168.138374,9077212.451557884,14419548.112536695,-105.3053970336914,-91.09539794921876,0.362199991941452,-0.5047000050544739,[0. 0. 0.],[0. 0. 0. 1.],8.413408825323614,-1.53100878946546,"(31, 3)",306378.8624267578,306333.8372646235,-45436754619.92253,1538717.948717949,6.882400035858154,-1.53100878946546,45450867789.27475,7538494.403545673,9077212.352263622,7232160.5662810495,45451174168.13718,14419548.21464343,0.18529984141854852,1770934635.4737027,1770934635.4737027
4.933056825431069,20,4,45153874496.08586,54641560.122597456,54967797.38419435,45154200767.07916,56506515.3329123,53528206.80711994,-99.13919830322266,-99.46109771728516,-2.6280999183654785,2.475399971008301,[0. 0. 0.],[0. 0. 0. 1.],5.9957967768636635,-1.0689970026937416,"(20, 4)",326270.95540618896,326237.26086738706,-45100672560.25207,1538717.9487179518,4.926799774169922,-1.0689970026937416,45153874496.00552,54967797.288161054,56506515.236879006,54641560.02729367,45154200766.96093,53528206.708859175,0.18881663862314194,1770934635.5186849,1770934635.5186849
4.418717622922218,21,4,45918647821.615906,15321824.19906038,15628630.71752769,45918954657.43377,17167348.666245636,11685169.312224818,-97.55690002441406,-97.22209930419922,0.3874000012874603,-0.3296000063419342,[0. 0. 0.],[0. 0. 0. 1.],6.075795992695039,-1.5773957813608108,"(21, 4)",306836.2817993164,306806.49977463856,-45907269488.36828,1538717.948717948,4.4984002113342285,-1.5773957813608108,45918647821.32601,15628630.62149439,17167348.570212338,15321824.121719752,45918954657.60781,11685169.239533253,0.18783275727308862,1770934635.6766737,1770934635.6766737
4.804267121941655,30,4,45948095810.26118,44364295.03959728,44670193.21752769,45948401740.60401,46208911.16624564,41132253.95162722,-91.8188018798828,-92.3748016357422,-0.765500009059906,0.5074999928474426,[0. 0. 0.],[0. 0. 0. 1.],5.940327473034791,-1.0689275935792244,"(30, 4)",305930.6139831543,305898.0149489194,-45907269486.72504,1538717.9487179518,4.871399879455566,-1.0689275935792244,45948095810.10807,44670193.12149439,46208911.07021234,44364295.10654547,45948401740.72205,41132253.99702023,0.18390327398285078,1770934635.7706776,1770934635.7706776
4.7023171804942585,31,4,45809859271.664665,39051090.91810226,39356250.90983538,45810164463.47288,40894968.85855333,37327799.00821305,-83.88590240478516,-84.62020111083984,-1.5729999542236328,1.5198999643325806,[0. 0. 0.],[0. 0. 0. 1.],6.018622700489663,-1.202022854603432,"(31, 4)",305192.11988830566,305159.5208583772,-45772836664.36551,1538717.9487179443,4.816599845886231,-1.202022854603432,45809859271.64654,39356250.813802086,40894968.76252003,39051091.29294371,45810164463.766426,37327799.400916465,0.20030209740285865,1770934635.8327382,1770934635.8327382
2.183709469821598,20,5,45512865257.3038,20203391.821770504,20507324.856324155,45513169206.06742,22046042.805042103,9198186.282255247,-87.90899658203125,-88.3197021484375,-4.594200134277344,3.6898000240325928,[0. 0. 0.],[0. 0. 0. 1.],3.059692769990478,-0.7070926723342281,"(20, 5)",303949.0685119629,303932.1508163065,-45503971019.47432,1538717.948717948,2.35260009765625,-0.7070926723342281,45512865257.223465,20507324.531750802,22046042.48046875,20203392.380934495,45513169206.29198,9198186.817658253,0.18627505370188355,1770934635.878333,1770934635.878333
1.7545569163952344,21,5,46180641058.79539,18319893.84860146,18627765.56145236,46180948942.53685,20166483.510170307,4813815.931449874,-81.62039947509766,-82.69770050048828,-1.575700044631958,1.2525999546051023,[0. 0. 0.],[0. 0. 0. 1.],2.7001653466200923,-0.7185653004622554,"(21, 5)",307884.55278778076,307870.99984975904,-46176135126.561264,1538717.948717948,1.981600046157837,-0.7185653004622554,46180641058.50549,18627765.236879006,20166483.185596954,18319894.237029247,46180948943.05828,4813816.4970202325,0.16300456552211862,1770934635.936409,1770934635.936409
1.7866054356546726,30,5,46177089856.73553,14362835.642172001,14668847.292221589,46177395880.84983,16207565.240939537,1260755.369290157,-80.4384994506836,-80.91600036621094,-2.3413000106811523,1.9585000276565552,[0. 0. 0.],[0. 0. 0. 1.],3.307452451537286,-1.4275524728995903,"(30, 5)",306024.29512786865,306011.16473858245,-46176135125.262314,1538717.948717948,1.8798999786376955,-1.4275524728995903,46177089856.58242,14668846.967648238,16207564.916366186,14362835.802909655,46177395880.87755,1260755.615234375,0.08217791734663163,1770934635.9996457,1770934635.9996457
1.6992483420461841,31,5,46037853871.02363,8049839.472031947,8362068.446067743,46038166112.159966,9900786.394785691,63680218.77925929,-82.18399810791016,-81.75910186767578,-3.203700065612793,3.2455999851226807,[0. 0. 0.],[0. 0. 0. 1.],2.987940860432817,-1.171940875691606,"(31, 5)",312241.17964172363,312228.15880408697,-45974485892.990685,1538717.948717949,1.815999984741211,-1.171940875691606,46037853871.0055,8362068.121494391,9900786.07021234,8049839.962690304,46038166112.18514,63680219.19446114,0.15601232496797843,1770934636.0607488,1770934636.0607488
3.269231708946669,20,11,45740859752.4961,41896634.57388289,42200449.60978085,45741163589.716805,43739167.5584988,35543335.172442034,-82.76860046386719,-83.88520050048828,-1.8597999811172483,1.1556999683380127,[0. 0. 0.],[0. 0. 0. 1.],7.238867807619097,-3.853667783967974,"(20, 11)",303837.65587615967,303814.697265625,-45705620254.5473,1538717.9487179518,3.385200023651123,-3.853667783967974,45740859752.415764,42200449.5317508,43739167.48046875,41896634.83448517,45741163590.07164,35543335.524338946,0.19403388368944555,1770934636.1100972,1770934636.1100972
3.623344963386517,21,11,46415634993.090256,47013465.07452431,47383959.225165464,46416005510.795845,48922677.173883416,38221149.22779567,-92.5386962890625,-92.51789855957033,1.075600028038025,-1.9919999837875368,[0. 0. 0.],[0. 0. 0. 1.],6.76620379035099,-3.032603889151649,"(21, 11)",370518.2823791504,370494.0561147779,-46377784361.8377,1538717.9487179518,3.733599901199341,-3.032603889151649,46415634992.80036,47383959.147135414,48922677.095853366,47013465.091020636,46416005511.08274,38221149.24504207,0.1841940820153331,1770934636.1715496,1770934636.1715496
4.901666663696274,21,0,46643629103.667175,9291017.114017317,9596963.96285791,46643935084.42089,11135681.91157586,64501500.68632348,-86.81510162353516,-96.6613998413086,-1.8645000457763672,1.6717000007629397,[0. 0. 0.],[0. 0. 0. 1.],8.86107451211785,-3.844274585360038,"(21, 0)",305981.22621154785,305946.62397335656,-46579433584.0933,1538717.94871795,5.0167999267578125,-3.844274585360038,46643629103.37728,9596963.954827724,11135681.903545674,9291017.330854367,46643935084.60349,64501500.51019131,0.18397223796706233,1770934636.3993552,1770934636.3993552
2.848315389075956,20,1,46203847500.89353,29711067.695737984,30017348.649353866,46204153801.73665,31556066.598071817,28018677.962615825,-89.84510040283203,-88.3833999633789,-3.1273000240325928,3.107800006866455,[0. 0. 0.],[0. 0. 0. 1.],5.378421035517765,-2.45242091726215,"(20, 1)",306301.14432525635,306280.736678686,-46176135123.77555,1538717.9487179518,2.9260001182556152,-2.45242091726215,46203847500.813194,30017348.570212338,31556066.51893029,29711067.833533652,46204153801.95752,28018678.181966145,0.18438828138055796,1770934636.5686061,1770934636.5686061
2.7522893163646054,21,1,46869623270.33383,25829727.335773066,26136507.30320002,46869930068.64354,27675225.25191797,21630837.75192089,-89.04720306396484,-89.30709838867188,-0.3790000081062317,-0.4487999975681305,[0. 0. 0.],[0. 0. 0. 1.],5.464760744195486,-2.556860649209524,"(21, 1)",306799.0347061157,306779.70690605044,-46848299231.15985,1538717.948717948,2.907900094985962,-2.556860649209524,46869623270.04394,26136507.224058494,27675225.172776442,25829727.517152444,46869930069.07864,21630837.91879507,0.1842255505580122,1770934636.625503,1770934636.625503
3.0459260194617577,30,1,46865071980.13295,20871994.307465013,21176154.739097457,46865376161.14463,22714872.687815405,17076931.659573212,-93.28279876708984,-93.2581024169922,-1.131500005722046,0.3855000138282776,[0. 0. 0.],[0. 0. 0. 1.],5.318561597208403,-2.2230616048377976,"(30, 1)",304181.2525024414,304160.3597005196,-46848299229.5792,1538717.948717948,3.095499992370605,-2.2230616048377976,46865071979.97984,21176154.65995593,22714872.608673878,20871994.30025541,46865376161.232346,17076931.65314503,0.18475435178977295,1770934636.6876726,1770934636.6876726
3.0276825311839386,31,1,46726837548.90823,15559878.950450927,15863863.07243079,46727141553.90892,17402581.021148738,13275147.06543429,-92.27050018310548,-93.62419891357422,-2.069299936294556,1.908200025558472,[0. 0. 0.],[0. 0. 0. 1.],5.403218332373771,-2.3734183941718667,"(31, 1)",304004.92350006104,303984.01504907757,-46713866406.76583,1538717.948717948,3.0297999382019043,-2.3734183941718667,46726837548.89011,15863862.993289262,17402580.94200721,15559878.978240184,46727141553.81361,13275147.047776442,0.18446254921765468,1770934636.7497208,1770934636.7497208
4.634789956959736,20,2,46433841587.431984,54509150.87281813,54816090.64390715,46434148560.250496,56354808.5926251,56364211.89526775,-85.1010971069336,-85.27790069580078,-7.0304999351501465,6.9131999015808105,[0. 0. 0.],[0. 0. 0. 1.],5.780256972993651,-1.0089571339738752,"(20, 2)",306973.2666015625,306939.3060146272,-46377784348.34737,1538717.9487179443,4.771299839019775,-1.0089571339738752,46433841587.35165,54816090.55739183,56354808.506109774,54509151.2513772,46434148560.61825,56364212.27088341,0.19851287120579253,1770934636.7987525,1770934636.7987525
4.118786018970358,21,2,47098617364.88511,49628262.564821124,49932276.54134305,47098921407.57977,51470994.49006099,48972952.27911089,-92.04109954833984,-93.13059997558594,-4.471199989318848,4.192800045013428,[0. 0. 0.],[0. 0. 0. 1.],6.2983455293594135,-2.0688457124648822,"(21, 2)",304043.2504501343,304013.8440254405,-47049948455.55951,1538717.9487179443,4.229499816894531,-2.0688457124648822,47098617364.595215,49932276.454827726,51470994.40354567,49628262.610802285,47098921407.845665,48972952.286157854,0.18421066753999354,1770934636.8543322,1770934636.8543322
4.301408731885038,30,2,47095066002.56884,45669976.84837591,45978614.68236869,47095374670.621704,47517332.63108663,45426216.63370078,-86.46749877929688,-85.82820129394531,-5.371799945831299,4.765500068664551,[0. 0. 0.],[0. 0. 0. 1.],5.370857095168491,-0.9143570417627291,"(30, 2)",308668.6510925293,308637.4136117771,-47049948454.07276,1538717.9487179443,4.456500053405762,-0.9143570417627291,47095066002.41573,45978614.595853366,47517332.54457131,45669977.18224159,47095374671.066826,45426216.99406551,0.1940871381790988,1770934636.9176657,1770934636.9176657
5.040835562194952,31,2,46955832116.21592,39357910.08285117,39665521.73365074,46956139763.32164,41204239.68236869,40624131.38050876,-91.0248031616211,-91.02110290527344,-5.911099910736084,6.162499904632568,[0. 0. 0.],[0. 0. 0. 1.],5.909298044654857,-0.8417979302139393,"(31, 2)",307647.12602996826,307611.4752353728,-46915515631.854095,1538717.9487179518,5.067500114440918,-0.8417979302139393,46955832116.19779,39665521.647135414,41204239.595853366,39357910.17190004,46956139763.32382,40624131.46972656,0.1834384738563979,1770934636.9785318,1770934636.9785318
6.637579444618782,20,3,46658835802.17557,4714731.5322060045,5070233.284891216,46659191348.28221,6608951.233609165,12541348.540414887,-91.47869873046876,-90.76390075683594,-0.8568000197410583,0.3901999890804291,[0. 0. 0.],[0. 0. 0. 1.],8.333480663273496,-1.643080539677305,"(20, 3)",355546.2802963257,355501.5681340145,-46646649999.717674,1538717.948717949,6.690400123596191,-1.643080539677305,46658835802.09523,5070233.185596955,6608951.134314904,4714731.6174629405,46659191348.37553,12541348.657852564,0.1834583877280702,1770934637.024269,1770934637.024269
5.932461495561551,21,3,47324611531.55177,834898.8009064669,1139047.3874553188,47324915718.93385,2677765.3361732676,6101612.35616783,-84.70189666748047,-84.989501953125,2.5099000930786133,-2.6747000217437744,[0. 0. 0.],[0. 0. 0. 1.],8.658882207513464,-2.5057821937805542,"(21, 3)",304188.3106689453,304148.0900691106,-47318814106.82027,1538717.9487179487,6.15310001373291,-2.5057821937805542,47324611531.26188,1139047.2881610577,2677765.2368790065,834899.1980919471,47324915719.57255,6101612.7522786455,0.19968805658190633,1770934637.0803668,1770934637.0803668
5.793473216480857,30,3,47321060129.1714,64093183.95668856,64397733.28489122,47321364716.66356,65936451.23360916,2550611.5863325763,-88.8865966796875,-88.26270294189453,1.313099980354309,-1.9184999465942385,[0. 0. 0.],[0. 0. 0. 1.],8.088195173008208,-2.174495069248442,"(30, 3)",304587.96574401855,304549.0127954781,-47318814105.14572,1538717.9487179443,5.913700103759766,-2.174495069248442,47321060129.018295,64397733.18559696,65936451.1343149,64093184.17280148,47321364716.98404,2550611.838316306,0.1852211924005993,1770934637.1436753,1770934637.1436753
6.444760510880406,31,3,47181826763.65181,57781795.83410251,58088053.79771173,47182133064.306656,59626771.746429674,64968190.9223609,-103.35150146484376,-95.3551025390625,0.426499992609024,-0.7458999752998352,[0. 0. 0.],[0. 0. 0. 1.],8.413408825323614,-1.9926086162782042,"(31, 3)",306300.53398132324,306257.9815204367,-47117164873.281,1538717.9487179443,6.42080020904541,-1.9926086162782042,47181826763.63368,58088053.69841747,59626771.647135414,57781795.71689703,47182133064.16766,64968190.88666867,0.18803121885196114,1770934637.2045462,1770934637.2045462
4.912704443660441,20,4,46884830000.89352,37965933.93092731,38290153.15342513,46885154253.70688,39828871.10214307,36855026.76821045,-98.90689849853516,-99.72599792480467,-2.2416000366210938,2.471699953079224,[0. 0. 0.],[0. 0. 0. 1.],5.9957967768636635,-1.089296914192765,"(20, 4)",324252.77318573,324219.2195012048,-46848299226.91869,1538717.9487179443,4.906499862670898,-1.089296914192765,46884830000.81318,38290153.05739183,39828871.006109774,37965933.837890625,46885154253.586365,36855026.66766827,0.18881663850718575,1770934637.2505054,1770934637.2505054
4.271405987827834,21,4,47567605257.513306,51086194.34497975,51391779.75598922,47567910871.33465,52930497.704707175,47447537.52879702,-96.36180114746094,-96.56800079345705,0.5419999957084656,-0.3398999869823456,[0. 0. 0.],[0. 0. 0. 1.],6.075795992695039,-1.7204960430490432,"(21, 4)",305614.2953720093,305585.37409855425,-47520463334.05259,1538717.9487179518,4.355299949645996,-1.7204960430490432,47567605257.22341,51391779.659955926,52930497.60867388,51086194.28585737,47567910871.51878,47447537.46619591,0.18724090729438725,1770934637.3233511,1770934637.3233511
4.797150203311906,30,4,47578053454.491905,61127299.45359444,61433109.88419435,47578359297.04922,62971827.8329123,57895964.28997636,-92.57540130615234,-92.25579833984376,-0.8651000261306763,0.3734000027179718,[0. 0. 0.],[0. 0. 0. 1.],5.940327473034791,-1.0796273425721434,"(30, 4)",305842.8329086304,305810.2964743525,-47520463332.83189,1538717.9487179518,4.860700130462647,-1.0796273425721434,47578053454.3388,61433109.788161054,62971827.736879006,61127299.4916867,47578359297.17171,57895964.33981871,0.18411387756259442,1770934637.400604,1770934637.400604
4.767046783456961,31,4,47439820649.86975,55816061.563456394,56120417.57650205,47440125038.09913,57659135.52522,54094527.32416093,-83.78459930419922,-84.32610321044922,-1.3978999853134155,1.176200032234192,[0. 0. 0.],[0. 0. 0. 1.],6.018622700489663,-1.1386225860487453,"(31, 4)",304388.5372848511,304355.54700019956,-47386030510.67582,1538717.9487179518,4.880000114440918,-1.1386225860487453,47439820649.85162,56120417.48046875,57659135.4291867,55816061.93346855,47440125038.38891,54094527.71309095,0.19991663679793528,1770934637.4625778,1770934637.4625778
2.18820346162888,20,5,47142823366.27812,36960785.80152047,37264568.44606774,47143127164.68424,38803286.394785695,25962298.760925733,-88.06079864501953,-88.73179626464844,-4.44789981842041,3.744800090789795,[0. 0. 0.],[0. 0. 0. 1.],3.059692769990478,-0.7074927387099605,"(20, 5)",303798.68727111816,303781.7695813328,-47117164865.61247,1538717.9487179518,2.3522000312805176,-0.7074927387099605,47142823366.197784,37264568.12149439,38803286.07021234,36960786.35191306,47143127164.885056,25962299.272586137,0.18560539969943535,1770934637.5079746,1770934637.5079746
1.7610781785766711,21,5,47807599063.60304,32082166.5401554,32389344.087093383,47807906253.1714,33928062.035811335,18577280.161798917,-82.08419799804688,-82.5780029296875,-1.4211000204086304,0.7906000018119812,[0. 0. 0.],[0. 0. 0. 1.],2.7001653466200923,-0.7015653405165763,"(21, 5)",307190.3639602661,307176.74842247367,-47789328972.96547,1538717.9487179518,1.998600006103516,-0.7015653405165763,47807599063.31315,32389343.76252003,33928061.71123798,32082167.014097556,47807906253.67711,18577280.711638622,0.17071951494008045,1770934637.5633323,1770934637.5633323
1.7230556038038531,30,5,47804047581.09447,28123263.417557094,28429231.907606207,47804353561.64328,29967949.856324155,15024590.102834513,-80.2157974243164,-80.45659637451172,-2.181999921798706,2.2081000804901123,[0. 0. 0.],[0. 0. 0. 1.],3.307452451537286,-1.5077524297935114,"(30, 5)",305980.6471633911,305968.0332281664,-47789328971.32222,1538717.948717948,1.7997000217437744,-1.5077524297935114,47804047580.94136,28429231.583032854,29967949.531750802,28123263.549804688,47804353561.588524,15024590.266301082,0.06810420604733836,1770934637.6266391,1770934637.6266391
1.6718072301235765,31,5,47664815321.34411,21812227.30606658,22121707.869144667,47665124813.920044,23660425.817862615,10228664.332570637,-82.1969985961914,-81.79329681396484,-3.583699941635132,3.2177000045776367,[0. 0. 0.],[0. 0. 0. 1.],2.987940860432817,-1.1980409151737228,"(31, 5)",309492.6257019043,309479.7457181476,-47654896149.19745,1538717.948717948,1.7898999452590942,-1.1980409151737228,47664815321.32598,22121707.544571314,23660425.493289262,21812227.798853166,47665124813.95168,10228664.754231771,0.15711498315230013,1770934637.6876824,1770934637.6876824
3.2188084084170283,20,11,47368817781.34222,56658376.697419584,56962348.64824239,47369121775.17246,58501066.596960336,50307674.63079442,-83.51110076904297,-83.60009765625,-1.7173000574111938,1.0262999534606934,[0. 0. 0.],[0. 0. 0. 1.],7.238867807619097,-3.8958678724689504,"(20, 11)",303994.2501754761,303971.54196715355,-47318814100.54461,1538717.9487179443,3.3429999351501465,-3.8958678724689504,47368817781.26188,56962348.57021234,58501066.518930286,56658377.02824519,47369121775.512054,50307674.967447914,0.1970300863391123,1770934637.7334242,1770934637.7334242
3.6418748472875477,21,11,48019593598.85945,37780719.85743901,38150818.19952444,48019963720.869514,39689536.14824239,28985513.100706153,-92.63369750976562,-92.1020965576172,1.4229999780654907,-1.8859000205993648,[0. 0. 0.],[0. 0. 0. 1.],6.76620379035099,-3.012203841849403,"(21, 11)",370122.6024093628,370098.2509515211,-47990978208.03845,1538717.9487179518,3.753999948501587,-3.012203841849403,48019593598.56956,38150818.12149439,39689536.07021234,37780719.87054287,48019963721.17197,28985513.133513622,0.18407803187742103,1770934637.775624,1770934637.775624
4.940135919034817,21,0,48242587837.641495,62269516.84666719,62575465.56542201,48242893820.49384,64114183.51413996,50266390.46462055,-86.97019958496094,-96.75679779052734,-1.9156999588012693,1.385800004005432,[0. 0. 0.],[0. 0. 0. 1.],8.86107451211785,-3.8072744060692667,"(21, 0)",305983.32331848145,305948.5019781664,-48192627430.38796,1538717.9487179443,5.053800106048584,-3.8072744060692667,48242587837.3516,62575465.55739183,64114183.506109774,62269517.05541366,48242893820.67492,50266390.286959134,0.18383099003094727,1770934637.9982975,1770934637.9982975
2.815322492302786,20,1,48032800497.688354,43815540.89249122,44121515.31602053,48033106491.85813,45660233.264738485,42128291.55231677,-89.13690185546875,-89.2947006225586,-3.3229000568389893,2.8582000732421875,[0. 0. 0.],[0. 0. 0. 1.],5.378421035517765,-2.4874210030928383,"(20, 1)",305994.4191970825,305974.16804386675,-47990978200.307335,1538717.9487179518,2.8910000324249268,-2.4874210030928383,48032800497.60802,44121515.236879006,45660233.18559696,43815541.06883514,48033106492.027214,42128291.7198768,0.18417609254022058,1770934638.403523,1770934638.403523
2.691788487892777,21,1,48706575850.46199,47939384.26454047,48245529.73909745,48706882013.844,49784247.687815405,43739705.872845285,-90.08159637451172,-89.20659637451172,0.0865999981760978,-0.0894000008702278,[0. 0. 0.],[0. 0. 0. 1.],5.464760744195486,-2.6248607274108178,"(21, 1)",306164.1125869751,306145.26993189007,-48663142308.23939,1538717.9487179518,2.839900016784668,-2.6248607274108178,48706575850.1721,48245529.659955926,49784247.60867388,47939384.390024036,48706882014.28468,43739706.04529747,0.1837682335767189,1770934638.4623454,1770934638.4623454
3.181819173817587,31,1,48750789536.08767,23015623.046861917,23319840.636533353,48751093775.36548,24858558.5852513,20735059.718578544,-91.85880279541016,-90.6780014038086,-1.857900023460388,1.7005000114440918,[0. 0. 0.],[0. 0. 0. 1.],5.403218332373771,-2.1999183331367105,"(31, 1)",304239.3141555786,304217.4666967131,-48730358715.569244,1538717.948717948,3.2032999992370605,-2.1999183331367105,48750789536.06954,23319840.557391826,24858558.506109774,23015623.090695113,48751093775.3837,20735059.814453125,0.18349333929840203,1770934638.77613,1770934638.77613
4.6008298214571255,20,2,48501788430.38065,38732562.46965613,39037797.37467638,48502093698.100914,40576515.32339433,40600631.828315474,-84.69499969482422,-84.09300231933594,-7.183199882507324,6.893599987030029,[0. 0. 0.],[0. 0. 0. 1.],5.780256972993651,-1.0432569844377424,"(20, 2)",305268.16343688965,305234.43760015815,-48461493066.26473,1538717.9487179518,4.736999988555908,-1.0432569844377424,48501788430.300316,39037797.288161054,40576515.236879006,38732562.850560896,48502093698.46375,40600632.199018426,0.2003811000413408,1770934638.8723097,1770934638.8723097
4.088565676193282,21,2,49174563751.10301,41857523.70932786,42161395.13108663,49174867651.040665,43700113.079804584,41210477.79133208,-92.00409698486328,-92.30999755859376,-4.0,4.085700035095215,[0. 0. 0.],[0. 0. 0. 1.],6.2983455293594135,-2.094545327943398,"(21, 2)",303900.52208709717,303871.28781048954,-49133657173.50818,1538717.9487179518,4.203800201416016,-2.094545327943398,49174563750.81312,42161395.04457131,43700112.99328926,41857523.75676082,49174867651.335205,41210477.82702324,0.18394441395995606,1770934638.9303207,1770934638.9303207
4.336199194226123,30,2,49171012020.197,37896893.670579605,38203053.78493279,49171318210.80317,39741771.73365074,37661039.13254209,-85.28279876708984,-85.33609771728516,-5.27400016784668,4.7758002281188965,[0. 0. 0.],[0. 0. 0. 1.],5.370857095168491,-0.8711570257410006,"(30, 2)",306191.2184524536,306159.6523187086,-49133657171.75539,1538717.9487179443,4.49970006942749,-0.8711570257410006,49171012020.04389,38203053.69841747,39741771.647135414,37896894.04609876,49171318211.262344,37661039.50696114,0.19801631797955707,1770934638.993597,1770934638.993597
5.034100941663405,31,2,49031782861.40818,31587312.037552323,31893262.118266124,49032088846.8984,33431980.066984072,32864497.055551093,-90.8022003173828,-90.6072006225586,-6.054500102996826,5.88129997253418,[0. 0. 0.],[0. 0. 0. 1.],5.909298044654857,-0.8439980568618886,"(31, 2)",305985.5299682617,305949.8948317319,-48999224349.755806,1538717.948717948,5.065299987792969,-0.8439980568618886,49031782861.39005,31893262.031750802,33431979.98046875,31587312.13691907,49032088846.92002,32864497.16421274,0.1833962846091522,1770934639.054659,1770934639.054659
6.608154637057818,20,3,48734782444.80373,64168055.89958015,64529279.75925019,48735143712.862366,66067997.70796814,4784995.3440507045,-91.15570068359376,-90.76390075683594,-0.2942000031471252,0.2849000096321106,[0. 0. 0.],[0. 0. 0. 1.],8.333480663273496,-1.6703808974959085,"(20, 3)",361268.2322921753,361223.66098257154,-48730358717.494194,1538717.9487179518,6.663099765777588,-1.6703808974959085,48734782444.72339,64529279.659955926,66067997.60867388,64168055.998973355,48735143712.95568,4784995.461488381,0.18342495292316205,1770934639.099689,1770934639.099689
5.952338542080205,21,3,49399557941.80813,59294355.568495534,59598262.13104506,49399861887.25621,61136980.07976301,64555472.767157964,-84.0468978881836,-84.53170013427734,2.448400020599365,-3.1273000240325928,[0. 0. 0.],[0. 0. 0. 1.],8.658882207513464,-2.4875822731262573,"(21, 3)",303946.3767089844,303906.0778495595,-49335306414.73163,1538717.9487179518,6.171299934387207,-2.4875822731262573,49399557941.518234,59598262.0317508,61136979.98046875,59294355.95390124,49399861887.89494,64555473.163311295,0.2003449565028548,1770934639.155319,1770934639.155319
5.815988746203492,30,3,49396006170.83802,55333887.741079114,55638206.041301474,49396310527.440445,57176923.99001942,61004114.60835496,-89.20169830322266,-88.45210266113281,1.843000054359436,-2.036799907684326,[0. 0. 0.],[0. 0. 0. 1.],8.088195173008208,-2.156295148594144,"(30, 3)",304357.06505584717,304318.00255408883,-49335306412.90059,1538717.9487179443,5.931900024414063,-2.156295148594144,49396006170.68491,55638205.942007214,57176923.89072516,55333887.939453125,49396310527.74997,61004114.84938402,0.18476312831614303,1770934639.2186508,1770934639.2186508
6.433818092492048,31,3,49256777532.88253,49024987.15476904,49330954.43873737,49257083542.84725,50869672.387455314,56209951.8272892,-102.34480285644533,-105.4052963256836,0.396699994802475,-0.7878000140190125,[0. 0. 0.],[0. 0. 0. 1.],8.413408825323614,-2.0160089229798643,"(31, 3)",306009.75623321533,305967.29767628014,-49200873590.91666,1538717.9487179443,6.39739990234375,-2.0160089229798643,49256777532.8644,49330954.33944311,50869672.288161054,49024987.04176683,49257083542.620636,56209951.70397636,0.19008018690318668,1770934639.279628,1770934639.279628
4.94331829354866,20,4,48958776691.598595,28198552.97132859,28520361.48675846,48959098533.88027,30059079.435476407,27090588.88338501,-98.04779815673828,-99.38469696044922,-2.4195001125335693,2.4883999824523926,[0. 0. 0.],[0. 0. 0. 1.],5.9957967768636635,-1.0568967829671791,"(20, 4)",321842.24446105957,321808.5029797703,-48932007944.97691,1538717.948717948,4.938899993896484,-1.0568967829671791,48958776691.51826,28520361.390725162,30059079.33944311,28198552.88774539,48959098533.76272,27090588.785807293,0.18852605288003568,1770934639.3240325,1770934639.3240325
4.351762516969885,21,4,49638551771.93633,38325002.66225307,38630345.46111743,49638857143.625946,40169063.40983538,34685091.58972218,-96.67489624023438,-96.92549896240234,0.3725000023841858,-0.8371999859809875,[0. 0. 0.],[0. 0. 0. 1.],6.075795992695039,-1.6417959774362503,"(21, 4)",305372.157951355,305342.76717748493,-49604172052.28296,1538717.9487179518,4.434000015258789,-1.6417959774362503,49638551771.64644,38630345.365084134,40169063.313802086,38325002.59790665,49638857143.80439,34685091.52143429,0.1874644949233749,1770934639.3943157,1770934639.3943157
4.850371128294876,30,4,49648999592.31237,48363758.55990059,48669055.39701487,49649304921.58459,50207773.345732816,45132870.64192585,-92.31490325927734,-105.3053970336914,-0.9713000059127808,0.2867999970912933,[0. 0. 0.],[0. 0. 0. 1.],5.940327473034791,-1.0515273288392342,"(30, 4)",305329.37074279785,305296.6934595406,-49604172051.015305,1538717.9487179443,4.888800144195557,-1.0515273288392342,49648999592.15926,48669055.300981574,50207773.24969952,48363758.60752203,49649304921.53001,45132870.51469852,0.18624457482676282,1770934639.471729,1770934639.471729
4.701368914188255,31,4,49510771507.2415,43055007.86155477,43359536.16624564,49511076067.35234,44898254.11496358,41336838.769549415,-83.7916030883789,-84.5177001953125,-1.6390999555587769,1.0533000230789185,[0. 0. 0.],[0. 0. 0. 1.],6.018622700489663,-1.2038229148756496,"(31, 4)",304560.42167663574,304527.83829126507,-49469739228.48364,1538717.9487179443,4.814799785614014,-1.2038229148756496,49510771507.22337,43359536.07021234,44898254.018930286,43055008.23192108,49511076067.64505,41336839.16140825,0.20014687003017326,1770934639.5335824,1770934639.5335824
2.1771278961864917,20,5,49213770145.12422,24190112.502714943,24493975.497349795,49214074023.797554,26032693.446067743,13200439.87861974,-88.01270294189453,-88.42769622802734,-4.491700172424316,3.552900075912476,[0. 0. 0.],[0. 0. 0. 1.],3.059692769990478,-0.7154928741317135,"(20, 5)",303878.9719848633,303862.1168870181,-49200873583.60809,1538717.948717948,2.3441998958587646,-0.7154928741317135,49213770145.043884,24493975.172776442,26032693.12149439,24190113.055889424,49214074024.01587,13200440.407777444,0.18600402130304045,1770934639.578389,1770934639.578389
1.8044621509079937,21,5,49863545962.64146,4317994.489700968,4625497.93324723,49863853478.396225,6164215.881965179,58032197.69436657,-81.90769958496094,-82.20819854736328,-1.6819000244140625,0.9610999822616576,[0. 0. 0.],[0. 0. 0. 1.],2.7001653466200923,-0.6711653027510738,"(21, 5)",307516.4951400757,307502.67615685053,-49805821280.65772,1538717.948717949,2.0290000438690186,-0.6711653027510738,49863545962.35156,4625497.608673878,6164215.557391827,4317994.9325170275,49863853478.8467,58032198.18897736,0.16000380847906198,1770934639.6194365,1770934639.6194365
1.766397452464443,30,5,49845994472.12006,53573562.41647846,53879592.48452928,49846300514.51755,55418310.43324723,40479235.19094057,-80.52529907226562,-81.05220031738281,-2.125200033187866,1.9603999853134155,[0. 0. 0.],[0. 0. 0. 1.],3.307452451537286,-1.4416524284583674,"(30, 5)",306042.60566711426,306029.56918569654,-49805821279.10838,1538717.9487179518,1.8658000230789185,-1.4416524284583674,49845994471.96696,53879592.159955926,55418310.10867388,53573562.59077023,49846300514.572624,40479235.464242786,0.08826066296691071,1770934639.6686532,1770934639.6686532
1.6897854413882516,31,5,49734766194.74149,8047813.100675905,8353807.228119025,49735072200.961,9892525.176836973,63683743.52477058,-82.0239028930664,-81.69539642333984,-3.4988999366760254,3.333199977874756,[0. 0. 0.],[0. 0. 0. 1.],2.987940860432817,-1.1870408779804245,"(31, 5)",306006.25062561035,305993.339342949,-49671388457.0462,1538717.948717949,1.8008999824523926,-1.1870408779804245,49734766194.723366,8353806.903545673,9892524.852263622,8047813.564202724,49735072200.97399,63683743.92778446,0.15078792044733802,1770934639.7577057,1770934639.7577057
3.2339982941638263,20,11,49438764728.45756,42893504.07101997,43197476.85337059,49439068723.22688,44736194.802088544,36545904.76784476,-82.99220275878906,-83.59880065917969,-2.078700065612793,0.9833999872207642,[0. 0. 0.],[0. 0. 0. 1.],7.238867807619097,-3.8873677732868215,"(20, 11)",303995.1891708374,303972.41836939007,-49402522818.461975,1538717.9487179518,3.3515000343322754,-3.8873677732868215,49438764728.37722,43197476.77534054,44736194.724058494,42893504.35697115,49439068723.56639,36545905.10441707,0.1939492438751328,1770934639.8038573,1770934639.8038573
3.5853624718405737,21,11,50103539768.73119,38021458.42432522,38391034.54567829,50103909368.24579,39929752.49439623,29222442.950870078,-92.48169708251952,-92.875,1.7173000574111938,-1.6371999979019165,[0. 0. 0.],[0. 0. 0. 1.],6.76620379035099,-3.072203784628944,"(21, 11)",369600.07887268066,369576.0247646272,-50074686925.56457,1538717.9487179443,3.694000005722046,-3.072203784628944,50103539768.4413,38391034.46764824,39929752.41636618,38021458.44288361,50103909368.52017,29222442.955603965,0.1842983639678201,1770934639.859438,1770934639.859438
4.919344153045673,21,0,50330533903.34657,66503247.832021944,66809231.59106304,50330839921.091255,1131539.28337073,54503773.06641598,-86.97309875488281,-100.34120178222656,-2.0571999549865723,1.377400040626526,[0. 0. 0.],[0. 0. 0. 1.],8.86107451211785,-3.8339744259056925,"(21, 0)",306018.1759567261,305983.542417869,-50276336148.383575,-65677692.30769231,5.027100086212158,-3.8339744259056925,50330533903.05668,66809231.583032854,1131539.2753405448,66503248.040614985,50330839921.232635,54503772.849058494,0.1836492149179544,1770934640.086361,1770934640.086361
2.8486600518798046,20,1,49912752196.40626,41702137.73055213,42008077.81602053,49913058156.382545,43546795.764738485,40020468.506038085,-89.17040252685547,-88.49919891357422,-3.1412999629974365,3.099400043487549,[0. 0. 0.],[0. 0. 0. 1.],5.378421035517765,-2.447621074427677,"(20, 1)",305960.2708129883,305939.83185596764,-49873037687.87804,1538717.9487179518,2.930799961090088,-2.447621074427677,49912752196.32592,42008077.736879006,43546795.68559696,41702137.90502304,49913058156.59673,40020468.71869992,0.1847443930531219,1770934640.2776194,1770934640.2776194
2.676958790671783,21,1,50576527557.19272,35831779.5651569,36137028.13653336,50576832823.64726,37675746.0852513,31631028.872275133,-88.64360046386719,-89.34449768066406,-0.0260000005364418,-0.2300000041723251,[0. 0. 0.],[0. 0. 0. 1.],5.464760744195486,-2.629060709100271,"(21, 1)",305267.177482605,305248.2878856212,-50545201795.04322,1538717.9487179443,2.835700035095215,-2.629060709100271,50576527556.902824,36137028.05739183,37675746.006109774,35831779.76950621,50576832824.08031,31631029.037084334,0.18449396577272595,1770934640.3323054,1770934640.3323054
2.9912814676866395,30,1,50571975601.927734,30869835.220253963,31174608.26473848,50572280395.21912,32713326.21345643,27078601.7880755,-94.69840240478516,-94.4727020263672,-0.5745999813079834,0.9563999772071838,[0. 0. 0.],[0. 0. 0. 1.],5.318561597208403,-2.2887616590064983,"(30, 1)",304793.49772644043,304773.01181890815,-50545201793.525185,1538717.948717948,3.0297999382019043,-2.2887616590064983,50571975601.77463,31174608.185596954,32713326.134314902,30869835.173778046,50572280395.272354,27078601.747170474,0.18582266020009236,1770934640.3960164,1770934640.3960164
3.1990971962648223,31,1,50444749359.80558,36561891.99722936,36867060.187815405,50445054549.89104,38405778.13653336,34285578.28777562,-91.08419799804688,-91.12539672851562,-1.944599986076355,2.0376999378204346,[0. 0. 0.],[0. 0. 0. 1.],5.403218332373771,-2.1807182465430826,"(31, 1)",305190.1010360718,305168.0344801694,-50410768971.52561,1538717.9487179518,3.2225000858306885,-2.1807182465430826,50444749359.78745,36867060.10867388,38405778.05739183,36561892.07419371,50445054549.88849,34285578.36288061,0.18345790738004053,1770934640.4675307,1770934640.4675307
4.593425954817462,20,2,50147746162.75241,4268292.713465845,4573013.720830224,50148050916.546844,6111731.669548173,6147593.989229751,-85.59100341796875,-84.60759735107422,-7.10129976272583,6.787399768829346,[0. 0. 0.],[0. 0. 0. 1.],5.780256972993651,-1.0511567456376936,"(20, 2)",304754.24742126465,304720.55288461596,-50141903322.54975,1538717.948717949,4.729100227355957,-1.0511567456376936,50147746162.67207,4573013.634314904,6111731.583032853,4268293.081430288,50148050916.919495,6147594.369741587,0.19895699124862307,1770934640.5126622,1770934640.5126622
4.064489724511922,21,2,50812521459.4363,66614747.36329126,66919103.46441997,50812825843.89772,1241411.1567276604,65974824.51023306,-90.0022964477539,-91.49099731445312,-4.233699798583984,3.5882999897003174,[0. 0. 0.],[0. 0. 0. 1.],6.2983455293594135,-2.0999455087600483,"(21, 2)",304385.07862854004,304355.8756510392,-50746851019.64634,-65677692.307692304,4.198400020599365,-2.0999455087600483,50812521459.14641,66919103.377904646,1241411.0702123397,66614747.50225361,50812825844.22504,65974824.57870092,0.1833955528104773,1770934640.5683272,1770934640.5683272
4.281565434249705,30,2,50807969472.12004,61652285.20066747,61961042.56698407,50808278259.62992,63499760.515702024,61427241.8211398,-85.76629638671875,-85.27100372314453,-4.791600227355957,4.940599918365479,[0. 0. 0.],[0. 0. 0. 1.],5.370857095168491,-0.9275573248132662,"(30, 2)",308788.1234970093,308756.9173177108,-50746851017.89354,1538717.9487179518,4.443299770355225,-0.9275573248132662,50807969471.966934,61961042.48046875,63499760.4291867,61652285.56315104,50808278260.09043,61427242.19689003,0.1971175780235011,1770934640.6305382,1770934640.6305382
5.010503155516984,31,2,50668744055.3184,55344685.36612804,55651138.720830224,50669050543.91565,57189856.669548176,56632347.85639539,-90.8022003173828,-90.7155990600586,-6.374899864196777,6.156899929046631,[0. 0. 0.],[0. 0. 0. 1.],5.909298044654857,-0.8683978142471425,"(31, 2)",306488.6318054199,306453.16882011294,-50612418195.97221,1538717.9487179518,5.040900230407715,-0.8683978142471425,50668744055.30027,55651138.6343149,57189856.583032854,55344685.46549479,50669050543.932076,56632347.95986078,0.1833994902810905,1770934640.6915154,1770934640.6915154
6.552948731648294,20,3,50371740417.5601,20714936.164158303,21080682.002839934,50372106207.327324,22619399.951557882,28553644.06209721,-90.29730224609376,-89.92440032958984,-0.8604999780654907,0.324999988079071,[0. 0. 0.],[0. 0. 0. 1.],8.333480663273496,-1.713280506107969,"(20, 3)",365789.9827194214,365745.59920873493,-50343552563.2411,1538717.948717948,6.620200157165527,-1.713280506107969,50371740417.47976,21080681.903545674,22619399.852263622,20714936.30433694,50372106207.46248,28553644.221379206,0.18348871230395367,1770934640.7364829,1770934640.7364829
5.954031768708977,21,3,51036515682.19271,15846053.635333864,16149976.874634806,51036819644.38135,17688694.823352754,21102973.74813425,-84.4281005859375,-85.5468978881836,2.174599885940552,-2.75570011138916,[0. 0. 0.],[0. 0. 0. 1.],8.658882207513464,-2.4860821434265503,"(21, 3)",303963.106590271,303922.74514222704,-51015716670.87579,1538717.94871795,6.172800064086914,-2.4860821434265503,51036515681.90282,16149976.775340544,17688694.724058494,15846054.030198317,51036819645.00941,21102974.13361378,0.1993660662118561,1770934640.7923124,1770934640.7923124
5.852752851632886,30,3,51031963646.79952,10883741.53071991,11188638.733609166,51032268582.57379,12727356.682327114,16551913.45668647,-88.51570129394531,-87.82710266113281,1.1621999740600586,-1.865399956703186,[0. 0. 0.],[0. 0. 0. 1.],8.088195173008208,-2.108295289737944,"(30, 3)",304936.2730331421,304896.86623597704,-51015716669.1856,1538717.948717948,5.979899883270264,-2.108295289737944,51031963646.646416,11188638.634314904,12727356.583032852,10883741.768078927,51032268582.91945,16551913.733849159,0.1861493692018057,1770934640.8545778,1770934640.8545778
6.305195180444528,31,3,50892738742.81839,4576815.724367352,4882252.515660447,50893044222.01968,6420970.464378396,11760377.547350714,-103.10669708251952,-102.875,0.5755000114440918,-1.0095000267028809,[0. 0. 0.],[0. 0. 0. 1.],8.413408825323614,-2.1439090465760557,"(31, 3)",305479.00077819824,305436.8082682295,-50881283844.369026,1538717.948717949,6.269499778747559,-2.1439090465760557,50892738742.80026,4882252.416366186,6420970.365084135,4576815.6080979565,50893044221.80104,11760377.432016226,0.18995939388352615,1770934640.9156475,1770934640.9156475
4.962195859221453,20,4,50596734640.3165,52958388.48538374,53278286.16624564,50597054571.90774,54817004.11496358,51852780.86659363,-96.6479034423828,-97.28389739990234,-2.612299919128418,2.478199958801269,[0. 0. 0.],[0. 0. 0. 1.],5.9957967768636635,-1.0313969622579506,"(20, 4)",319931.5780258179,319897.6487379819,-50545201791.021164,1538717.9487179443,4.964399814605713,-1.0313969622579506,50596734640.23616,53278286.07021234,54817004.018930286,52958388.42147436,50597054571.814186,51852780.79301883,0.187565197639713,1770934640.961637,1770934640.961637
4.318103028491232,21,4,51260509896.936295,47090061.52205375,47396074.627784096,51260815938.72339,48934792.57650205,43450040.61161202,-96.67489624023438,-97.60700225830078,0.8511999845504761,-0.3185000121593475,[0. 0. 0.],[0. 0. 0. 1.],6.075795992695039,-1.6768959606515823,"(21, 4)",306042.2457122803,306013.07404346764,-51217365898.358505,1538717.9487179518,4.398900032043457,-1.6768959606515823,51260509896.6464,47396074.5317508,48934792.48046875,47090061.45770733,51260815938.89211,43450040.533603765,0.18766734874522092,1770934641.0163774,1770934641.0163774
4.80151453113071,30,4,51256957797.440544,43127339.913583726,43433101.87137384,51257263591.59147,44971819.82009179,39897694.91754359,-91.49510192871094,-93.12460327148438,-0.1816000044345855,0.4842000007629394,[0. 0. 0.],[0. 0. 0. 1.],5.940327473034791,-1.07352764164441,"(30, 4)",305794.3960342407,305761.78135015815,-51217365896.746574,1538717.9487179518,4.866799831390381,-1.07352764164441,51256957797.28744,43433101.77534054,44971819.724058494,43127339.993990384,51257263591.68347,39897694.936899036,0.1839950300983832,1770934641.0795379,1770934641.0795379
4.664505689873627,31,4,51118733390.25428,37820535.81329666,38124960.845732816,51119037846.90555,39663678.79445077,36104772.466294736,-83.83989715576172,-84.33080291748047,-1.3513000011444092,1.2152999639511108,[0. 0. 0.],[0. 0. 0. 1.],6.018622700489663,-1.2407224815260403,"(31, 4)",304456.9592666626,304424.5636768788,-51082933074.3401,1538717.9487179518,4.777900218963623,-1.2407224815260403,51118733390.23615,38124960.74969952,39663678.69841747,37820536.18602264,51119037847.19542,36104772.85531851,0.2000045443341744,1770934641.1416342,1770934641.1416342
2.18523421041143,20,5,50754512452.8165,18948165.12388489,19252965.88196518,50822033679.59213,20791683.830683127,7966249.644594137,-88.59919738769531,-88.72750091552734,-4.461900234222412,3.891900062561035,[0. 0. 0.],[0. 0. 0. 1.],3.059692769990478,-0.715092807755981,"(20, 5)",67521227.05703735,304799.91423777863,-50814067429.636696,1538717.948717948,2.344599962234497,-0.715092807755981,50754512452.73616,19252965.557391826,20791683.506109774,18948165.643154047,50822033679.7932,7966250.156500401,0.18502756958192149,1770934641.1798978,1770934641.1798978
1.7565623389153684,21,5,51470504480.26962,65297219.76401595,65602869.72811902,51470810142.20813,67141587.67683697,51795015.27420835,-82.09549713134766,-82.68250274658203,-1.2014000415802002,0.79339998960495,[0. 0. 0.],[0. 0. 0. 1.],2.7001653466200923,-0.7037653479552364,"(21, 5)",305662.7478942871,305649.16366185993,-51419015126.889786,1538717.9487179443,1.996399998664856,-0.7037653479552364,51470504479.97973,65602869.40354567,67141587.35226361,65297220.23988381,51470810142.72762,51795015.83784054,0.1726665789641085,1770934641.2278109,1770934641.2278109
1.7510709837082437,30,5,51474952132.376434,2117516.2472891905,2423478.702477999,51475258107.071106,3962196.6511959475,56242981.6532895,-80.39179992675781,-80.35469818115234,-2.1205999851226807,2.093600034713745,[0. 0. 0.],[0. 0. 0. 1.],3.307452451537286,-1.4786524885398495,"(30, 5)",305974.77839660645,305961.9766626605,-51419015125.19959,1538717.9487179485,1.8287999629974363,-1.4786524885398495,51474952132.22333,2423478.3779046475,3962196.326622596,2117516.401241987,51475258107.001724,56242981.80213341,0.06923365305613445,1770934641.2985408,1770934641.2985408
1.6625179456819343,31,5,51350727789.29274,10810401.881915944,11114776.779401075,51351032176.10529,12653494.728119023,66449872.56220519,-81.53260040283203,-82.24359893798828,-3.085400104522705,3.335900068283081,[0. 0. 0.],[0. 0. 0. 1.],2.987940860432817,-1.213540864628984,"(31, 5)",304386.9409790039,304374.2018479556,-51284582303.15307,1538717.948717948,1.774399995803833,-1.213540864628984,51350727789.27461,11114776.454827724,12653494.403545672,10810402.252979768,51351032176.21559,66449873.06252504,0.1516190811313695,1770934641.3735693,1770934641.3735693
3.209346898141784,20,11,50987506827.81649,45655701.51403788,45959720.443114184,51055027278.805954,47498438.391832136,39310614.09920388,-83.26609802246094,-83.19450378417969,-1.9342999458312988,0.7534000277519226,[0. 0. 0.],[0. 0. 0. 1.],7.238867807619097,-3.9127676966114064,"(20, 11)",67520451.37845612,304018.5390374586,-51015716664.70969,1538717.9487179518,3.3261001110076904,-3.9127676966114064,50987506827.73615,45959720.365084134,47498438.313802086,45655701.826046675,51055027279.11461,39310614.40492287,0.19317006998513328,1770934641.4129217,1770934641.4129217
3.6422806324577124,21,11,51718498070.01321,39788430.92895907,40157597.04567829,51718867259.81723,41696314.99439623,30986488.008543197,-92.19270324707033,-92.63899993896484,1.4677000045776367,-1.7424999475479126,[0. 0. 0.],[0. 0. 0. 1.],6.76620379035099,-3.0124038750372693,"(21, 11)",369190.37648010254,369166.00936498493,-51687880772.07833,1538717.9487179443,3.7537999153137207,-3.0124038750372693,51718498069.72331,40157596.96764824,41696314.91636618,39788430.95828325,51718867260.09979,30986488.021459334,0.18411214415434493,1770934641.4743485,1770934641.4743485
5.524266683646869,21,0,51964491723.85935,20047961.368135713,20353846.97567842,51964797646.19165,21892564.92439637,8051235.2305249255,-86.86720275878906,-87.42949676513672,-1.7136000394821167,1.5356999635696411,[0. 0. 0.],[0. 0. 0. 1.],8.86107451211785,-3.1681743313012003,"(21, 0)",305923.16456604004,305885.38536658883,-51956746411.31986,1538717.948717948,5.69290018081665,-3.1681743313012003,51964491723.56946,20353846.967648238,21892564.916366186,20047961.58228165,51964797646.734024,8051235.41416266,0.18951137984444286,1770934641.7203083,1770934641.7203083
2.8907210550128792,20,1,51479493839.03443,62461443.07167894,62768702.81602053,51547017529.16986,64307420.764738485,60785994.93609115,-90.03150177001953,-88.39540100097656,-3.0910000801086426,3.0732998847961426,[0. 0. 0.],[0. 0. 0. 1.],5.378421035517765,-2.4116210610762367,"(20, 1)",67523690.4359436,307259.5371344164,-51486231534.23529,1538717.9487179518,2.9667999744415283,-2.4116210610762367,51479493838.954094,62768702.736879006,64307420.68559696,62461443.19974459,51547017529.39004,60785995.1547476,0.1842747984655072,1770934641.9113674,1770934641.9113674
2.6507713027743973,21,1,52226484961.03883,5379067.501677169,5683310.187815405,52226789221.44879,7222028.136533354,1177170.3418375775,-89.964599609375,-88.83290100097656,0.0577000007033348,-0.135000005364418,[0. 0. 0.],[0. 0. 0. 1.],5.464760744195486,-2.6618606682830097,"(21, 1)",304261.16160583496,304242.475460737,-52225612051.37519,1538717.948717949,2.802900075912476,-2.6618606682830097,52226484960.74894,5683310.108673878,7222028.057391827,5379067.633213141,52226789221.910545,1177170.5353565705,0.18400894253741343,1770934641.9823012,1770934641.9823012
3.014569836823017,30,1,52236932332.69693,15414848.01909249,15720473.649353867,52237237978.70543,17259191.598071817,11625928.738978531,-94.57990264892578,-93.65779876708984,-0.7785000205039978,0.3770999908447265,[0. 0. 0.],[0. 0. 0. 1.],5.318561597208403,-2.26166157279434,"(30, 1)",305646.23709869385,305625.59470152296,-52225612050.06059,1538717.94871795,3.0569000244140625,-2.26166157279434,52236932332.54382,15720473.57021234,17259191.51893029,15414847.975510817,52237237978.78092,11625928.720327524,0.18542310093615927,1770934642.0595999,1770934642.0595999
3.158586282225696,31,1,52098710153.074776,10109199.681546636,10414423.969866687,52099015399.05913,11953141.918584635,7836171.405601091,-91.25550079345705,-91.05809783935548,-1.5571000576019287,1.9557000398635864,[0. 0. 0.],[0. 0. 0. 1.],5.403218332373771,-2.221918407523307,"(31, 1)",305246.00297546387,305224.1398737971,-52091179227.575874,1538717.948717948,3.181299924850464,-2.221918407523307,52098710153.05665,10414423.89072516,11953141.839443108,10109199.750851363,52099015399.05962,7836171.4837489985,0.18347164108910313,1770934642.121568,1770934642.121568
4.639044993975953,20,2,51735487268.5216,46020137.67493219,46326948.015702024,51803010522.17498,47865665.96441997,47913353.21316111,-85.35209655761719,-84.11239624023438,-7.02400016784668,6.871200084686279,[0. 0. 0.],[0. 0. 0. 1.],5.780256972993651,-1.0059568745744611,"(20, 2)",67523254.09718323,306809.8801832944,-51755097168.95396,1538717.9487179443,4.7743000984191895,-1.0059568745744611,51735487268.44126,46326947.9291867,47865665.877904646,46020138.04900341,51803010522.538445,47913353.58448517,0.2000569700742876,1770934642.1674576,1770934642.1674576
4.041123181985077,21,2,52468478711.03883,42155018.908770815,42459952.82339433,52468783673.16637,43998670.77211228,41522397.39996208,-91.3458023071289,-91.30239868164062,-4.039100170135498,4.0177001953125,[0. 0. 0.],[0. 0. 0. 1.],6.2983455293594135,-2.1317453020034565,"(21, 2)",304962.7528991699,304933.7533804104,-52427261276.02525,1538717.9487179518,4.166600227355957,-2.1317453020034565,52468478710.74894,42459952.736879006,43998670.68559696,42155018.983498596,52468783673.50184,41522397.47658754,0.18352546781714624,1770934642.224406,1770934642.224406
4.366652676238374,30,2,52464926403.20975,38190636.62851689,38499031.34903535,52465234828.530014,40037749.297753304,37973553.76326687,-85.3053970336914,-85.23200225830078,-5.14739990234375,4.663099765777588,[0. 0. 0.],[0. 0. 0. 1.],5.370857095168491,-0.840457295821567,"(30, 2)",308425.93461608887,308394.25893930346,-52427261274.85151,1538717.9487179518,4.530399799346924,-0.840457295821567,52464926403.05664,38499031.26252003,40037749.21123798,38190637.00358073,52465234828.99126,37973554.139748596,0.198188057561065,1770934642.2875745,1770934642.2875745
5.032552846993446,31,2,52325704768.45938,31885040.793808192,32191210.83621484,52326010973.90227,33729928.78493279,33182521.49539087,-90.46890258789062,-91.0915985107422,-6.139200210571289,5.72760009765625,[0. 0. 0.],[0. 0. 0. 1.],5.909298044654857,-0.8465982498855702,"(31, 2)",306205.4599914551,306169.8404947892,-52292828452.31984,1538717.9487179518,5.062699794769287,-0.8465982498855702,52325704768.44125,32191210.749699518,33729928.69841747,31885040.90920473,52326010973.901245,33182521.58140525,0.1834002958689829,1770934642.3486679,1770934642.3486679
6.5879011826788325,20,3,51977481058.5857,13260865.930918345,13631226.874634806,52045067873.91623,15169944.823352756,21105054.099935908,-90.90129852294922,-91.22840118408205,-0.6258000135421753,0.0157999992370605,[0. 0. 0.],[0. 0. 0. 1.],8.333480663273496,-1.6921804618574807,"(20, 3)",67586815.4828949,370360.73342347704,-52023962819.79217,1538717.94871795,6.641300201416016,-1.6921804618574807,51977481058.50536,13631226.775340544,15169944.724058494,13260866.041917067,52045067873.98826,21105054.196088742,0.18344728616823744,1770934642.4101048,1770934642.4101048
5.939583307247702,21,3,52710472461.038826,9396875.295462158,9703222.0669425,52710778846.64763,11241940.015660448,14651919.557253633,-85.20980072021484,-85.3821029663086,2.407399892807007,-3.049999952316284,[0. 0. 0.],[0. 0. 0. 1.],8.658882207513464,-2.5001822181946167,"(21, 3)",306386.5309448242,306346.2790464759,-52696126927.33296,1538717.948717948,6.158699989318848,-2.5001822181946167,52710472460.74893,9703221.967648238,11241939.916366186,9396875.688601762,52710778847.27988,14651919.946915064,0.1980767723983318,1770934642.4663024,1770934642.4663024
5.860818365424035,30,3,52706920121.158455,5432646.029190946,5737420.784891216,52707224934.48376,7276138.733609165,11098008.67473687,-88.81069946289062,-88.3156967163086,1.5534000396728516,-2.012500047683716,[0. 0. 0.],[0. 0. 0. 1.],8.088195173008208,-2.106994954807524,"(30, 3)",304813.79582214355,304774.43597255554,-52696126925.87752,1538717.948717949,5.981200218200684,-2.106994954807524,52706920121.00535,5737420.685596955,7276138.634314904,5432646.2496243995,52707224934.80117,11098008.923652845,0.18523593431170873,1770934642.5295556,1770934642.5295556
6.781905926476727,31,3,52568699015.25425,127722.32046262415,433911.1695066008,52569005249.088066,1972629.1182245496,7311145.153763858,-104.57990264892578,-90.4656982421875,0.6118000149726868,-1.1390000581741333,[0. 0. 0.],[0. 0. 0. 1.],8.413408825323614,-1.630909035131964,"(31, 3)",306233.8804550171,306188.8709435096,-52561694103.83099,1538717.9487179487,6.78249979019165,-1.630909035131964,52568699015.23612,433911.07021233975,1972629.0189302885,127722.19926883013,52569005249.11658,7311145.2855819315,0.18478641090762252,1770934642.59155,1770934642.59155
4.966407918608791,20,4,52205499063.39339,48524594.09361088,48829496.10214307,52273020409.568794,50368214.05086102,47408362.16438461,-99.97899627685548,-99.38469696044922,-2.8666000366210938,2.444700002670288,[0. 0. 0.],[0. 0. 0. 1.],5.9957967768636635,-1.0365968714681557,"(20, 4)",67521346.13819122,304902.0150991604,-52225612047.38443,1538717.9487179518,4.959199905395508,-1.0365968714681557,52205499063.31305,48829496.006109774,50368213.954827726,48524593.991010614,52273020409.45124,47408362.06680689,0.18897364466569402,1770934642.6372354,1770934642.6372354
4.334062874897921,21,4,52936466627.70548,42637335.94565918,42942036.16624564,52936771356.71761,44480754.11496358,38995202.21126313,-96.88269805908205,-97.4103012084961,0.4320999979972839,-0.7114999890327454,[0. 0. 0.],[0. 0. 0. 1.],6.075795992695039,-1.6610959614145218,"(21, 4)",304729.47341156006,304700.1921824962,-52897776154.75308,1538717.9487179443,4.414700031280518,-1.6610959614145218,52936466627.41559,42942036.07021234,44480754.018930286,42637335.878029846,52936771356.889,38995202.13591747,0.18768137371398477,1770934642.6923397,1770934642.6923397
4.779413057131872,30,4,52932914247.76102,38672716.95144347,38978454.43547641,52933220017.25648,40517172.38419435,35443864.00018137,-93.08300018310548,-92.47650146484376,-0.3770999908447265,0.1937000006437301,[0. 0. 0.],[0. 0. 0. 1.],5.940327473034791,-1.1012275890015877,"(30, 4)",305769.7628707886,305737.36728765815,-52897776153.32894,1538717.9487179443,4.839099884033203,-1.1012275890015877,52932914247.60791,38978454.33944311,40517172.288161054,38672716.97215545,52933220017.37078,35443864.04184195,0.18436835898990364,1770934642.7555537,1770934642.7555537
4.719813978787845,31,4,52795693630.63886,34367907.05382899,34672933.60214307,52795998689.12953,36211651.55086102,32655358.04531379,-83.66799926757812,-84.26270294189453,-1.503100037574768,1.4184000492095947,[0. 0. 0.],[0. 0. 0. 1.],6.018622700489663,-1.187022511280679,"(31, 4)",305058.79719543457,305026.0886167884,-52763343330.98506,1538717.9487179518,4.831600189208984,-1.187022511280679,52795693630.620735,34672933.506109774,36211651.454827726,34367907.417492986,52795998689.41793,32655358.432867587,0.19960126457356964,1770934642.8186245,1770934642.8186245
2.174693079178502,20,5,52432469375.89338,16487729.913717762,16791579.664016463,52499989651.5903,18330297.61273441,5511965.24818821,-88.08879852294922,-88.8239974975586,-4.321300029754639,3.999000072479248,[0. 0. 0.],[0. 0. 0. 1.],3.059692769990478,-0.7219928798537594,"(20, 5)",67520275.97280884,303848.87695312686,-52494477686.031265,1538717.948717948,2.3376998901367188,-0.7219928798537594,52432469375.81304,16791579.33944311,18330297.288161058,16487730.462489983,52499989651.78585,5511965.7545823315,0.1854779673666475,1770934642.8636684,1770934642.8636684
1.7666142367826718,21,5,53163460770.33369,10624905.900192067,10932092.484529281,53163767968.99202,12470810.43324723,64342585.80438158,-81.61499786376953,-82.37830352783203,-1.6354000568389893,1.2610000371932983,[0. 0. 0.],[0. 0. 0. 1.],2.7001653466200923,-0.7132653746581172,"(21, 5)",307199.4253311157,307185.87239583395,-53099425383.1435,1538717.948717948,1.986899971961975,-0.7132653746581172,53163460770.04379,10932092.15995593,12470810.108673878,10624906.287560096,53163767969.469124,64342586.325620994,0.15663403779803706,1770934642.9193656,1770934642.9193656
1.7650973112928228,30,5,53159908350.32511,6659924.699693101,6965682.228119025,53160214120.18936,8504400.176836973,60788738.37698229,-80.73690032958984,-80.24960327148438,-1.9854999780654907,2.061000108718872,[0. 0. 0.],[0. 0. 0. 1.],3.307452451537286,-1.4579525106650935,"(30, 5)",305769.9350204468,305756.992437901,-53099425381.594154,1538717.948717949,1.8494999408721924,-1.4579525106650935,53159908350.172005,6965681.903545673,8504399.852263622,6659924.911107772,53160214120.107025,60788738.512870595,0.07338007485189296,1770934642.982555,1770934642.982555
1.703004523348762,31,5,53318759792.49782,29560271.795860983,29865698.25376005,53319065231.08788,31404416.202478,17990619.570829604,-81.87359619140625,-82.44219970703125,-2.8041999340057373,2.989500045776367,[0. 0. 0.],[0. 0. 0. 1.],2.987940860432817,-1.158740831059648,"(31, 5)",305438.748878479,305425.69673978165,-53301074611.12703,1538717.948717948,1.829200029373169,-1.158740831059648,53318759792.47969,29865697.929186698,31404415.877904646,29560272.232446916,53319065231.22857,17990620.10153746,0.16394981851048804,1770934643.3440263,1770934643.3440263
3.241100939638932,20,11,53016454728.457466,58108206.77630062,58412084.225165464,53083975038.18153,59950802.173883416,51766065.79818058,-82.77359771728516,-83.11389923095703,-1.854200005531311,0.7990000247955322,[0. 0. 0.],[0. 0. 0. 1.],7.238867807619097,-3.889767694704058,"(20, 11)",67520310.10554504,303877.1096253991,-53032208972.38629,1538717.9487179518,3.349100112915039,-3.889767694704058,53016454728.37713,58412084.147135414,59950802.095853366,58108207.037510015,53083975038.48267,51766066.096379206,0.18806182642725772,1770934643.441972,1770934643.441972
3.6376295289243807,21,11,53747445682.19264,52246915.243587606,52615569.802088544,53747814360.41952,54154287.75080649,43441280.96553038,-92.33480072021484,-92.4000015258789,1.664199948310852,-1.6093000173568726,[0. 0. 0.],[0. 0. 0. 1.],6.76620379035099,-3.016603856726722,"(21, 11)",368678.80796813965,368654.4565054104,-53704373079.72364,1538717.9487179443,3.749599933624268,-3.016603856726722,53747445681.90275,52615569.724058494,54154287.67277644,52246915.26755308,53747814360.71072,43441280.98707933,0.18408308804261025,1770934643.5033712,1770934643.5033712
5.476086169838378,21,0,53972439864.88495,11500304.37096067,11806146.655165602,53972745743.68128,13344864.603883551,66723435.83206366,-86.94419860839844,-87.19149780273438,-2.003200054168701,1.219099998474121,[0. 0. 0.],[0. 0. 0. 1.],8.86107451211785,-3.2149744678673624,"(21, 0)",305879.64179992676,305842.066055689,-53906022308.20796,1538717.94871795,5.646100044250488,-3.2149744678673624,53972439864.595055,11806146.647135416,13344864.595853366,11500304.581079727,53972745744.236855,66723436.028896235,0.18980896849608922,1770934643.7283442,1770934643.7283442
2.8977235517555515,20,1,53464442877.49592,30912226.39104302,31218438.39294361,53531965519.96702,32757156.341661558,29241678.213144135,-89.80039978027344,-88.33149719238281,-2.841399908065796,2.8329999446868896,[0. 0. 0.],[0. 0. 0. 1.],5.378421035517765,-2.4022209317579994,"(20, 1)",67522642.77531433,306211.78260216117,-53502723841.7554,1538717.948717948,2.9762001037597656,-2.4022209317579994,53464442877.41558,31218438.313802082,32757156.26252003,30912226.53119992,53531965520.190895,29241678.435496796,0.18445826741118623,1770934643.8965597,1770934643.8965597
2.693341462631347,21,1,54188512733.474686,18131125.871997695,18440770.12371284,54188822395.69712,19979488.07243079,13934446.966501344,-89.94159698486328,-89.34950256347656,-0.268200010061264,-0.333400011062622,[0. 0. 0.],[0. 0. 0. 1.],5.464760744195486,-2.62336083612969,"(21, 1)",309662.94509124756,309644.03983874246,-54174887948.99885,1538717.948717948,2.841399908065796,-2.62336083612969,54188512733.18479,18440770.044571314,19979487.993289262,18131126.00473257,54188822396.12988,13934447.131034655,0.1837576759498226,1770934643.9443305,1770934643.9443305
3.0196076677883803,30,1,54198881331.094315,28086241.262465328,28391074.61089233,54199186184.84462,29929792.559610277,24298237.395359803,-94.52179718017578,-93.9875030517578,-0.9071000218391418,0.8409000039100647,[0. 0. 0.],[0. 0. 0. 1.],5.318561597208403,-2.2578616574806194,"(30, 1)",304853.9694824219,304833.31142327935,-54174887947.5434,1538717.948717948,3.060699939727783,-2.2578616574806194,54198881330.94121,28391074.531750802,29929792.48046875,28086241.220327523,54199186184.91069,24298237.367287662,0.18554759820998248,1770934644.0215802,1770934644.0215802
3.1925270977920603,31,1,54043664015.25421,5783400.488262305,6088566.598071815,54043969203.25229,7627284.546789764,3514077.9907565187,-91.79679870605467,-91.71399688720705,-1.669800043106079,1.8794000148773196,[0. 0. 0.],[0. 0. 0. 1.],5.403218332373771,-2.1957183514472574,"(31, 1)",305187.98828125,305165.98432491906,-54040455125.183876,1538717.948717949,3.2074999809265137,-2.1957183514472574,54043664015.236084,6088566.518930288,7627284.467648237,5783400.534605369,54043969203.224365,3514078.0404897835,0.18371515625877982,1770934644.071884,1770934644.071884
4.6390724668866365,20,2,53685437204.41899,46680243.618797146,46985585.83621484,53752958989.99506,48524303.78493279,48585923.87909557,-84.76589965820312,-84.73290252685547,-7.386300086975098,6.77899980545044,[0. 0. 0.],[0. 0. 0. 1.],5.780256972993651,-1.0034568173540022,"(20, 2)",67521786.02951813,305341.7499248758,-53704373066.10811,1538717.9487179518,4.776800155639648,-1.0034568173540022,53685437204.33865,46985585.74969952,48524303.69841747,46680243.99977464,53752958990.36817,48585924.26006611,0.19992560421773642,1770934644.114017,1770934644.114017
4.071282570521872,21,2,54416428406.551605,40820922.13080554,41124632.31057382,54416732145.13746,42663350.25929177,40194971.91955575,-89.08470153808594,-92.74720001220705,-4.054900169372559,3.704799890518189,[0. 0. 0.],[0. 0. 0. 1.],6.2983455293594135,-2.093045675080849,"(21, 2)",303739.15451812744,303709.9045973569,-54376537173.47675,1538717.9487179518,4.2052998542785645,-2.093045675080849,54416428406.26171,41124632.224058494,42663350.172776446,40820922.31946114,54416732145.41623,40194971.93947817,0.18339758881573018,1770934644.1722505,1770934644.1722505
4.321897042800892,30,2,54411875794.23534,35854361.20762385,36162396.73365074,54412183860.07641,37701114.68236869,35646687.95205913,-87.09359741210938,-85.87750244140625,-5.451000213623047,4.95550012588501,[0. 0. 0.],[0. 0. 0. 1.],5.370857095168491,-0.8988569730981784,"(30, 2)",308066.43755340576,308035.13746994734,-54376537172.209114,1538717.9487179518,4.4720001220703125,-0.8988569730981784,54411875794.08223,36162396.647135414,37701114.595853366,35854361.50966547,54412183860.51978,35646688.310672075,0.19259483396456262,1770934644.234589,1770934644.234589
5.026540205861476,31,2,54272658582.5619,29551116.943264175,29857124.297753304,54272964625.25399,31395842.246471252,30860275.30171224,-91.26329803466795,-90.6272964477539,-6.202600002288818,5.888700008392334,[0. 0. 0.],[0. 0. 0. 1.],5.909298044654857,-0.8548980774612529,"(31, 2)",306042.7308731079,306007.18962840736,-54242104349.865234,1538717.948717948,5.054399967193604,-0.8548980774612529,54272658582.54377,29857124.211237982,31395842.15995593,29551117.021609575,54272964625.27464,30860275.40940505,0.18342110903831393,1770934644.2955961,1770934644.2955961
6.615020170987615,20,3,53908431483.26514,62150804.35513905,62526499.31053224,53976023632.691376,64065217.25925019,2784915.0323278103,-91.40969848632812,-90.8550033569336,-0.6305000185966492,0.517799973487854,[0. 0. 0.],[0. 0. 0. 1.],8.333480663273496,-1.6658805083967874,"(20, 3)",67592149.59560394,375694.7678786069,-53973238717.63492,1538717.9487179443,6.667600154876709,-1.6658805083967874,53908431483.1848,62526499.21123798,64065217.159955926,62150804.443359375,53976023632.7804,2784915.1454827725,0.1834628211568676,1770934644.3411293,1770934644.3411293
5.961029093676734,21,3,54642422573.21826,59292476.87922608,59596315.01566044,54642726450.37567,61135032.964378394,64540036.27800601,-84.6312026977539,-85.89099884033203,2.3608999252319336,-3.1738998889923096,[0. 0. 0.],[0. 0. 0. 1.],8.658882207513464,-2.480482167840613,"(21, 3)",303878.0642776489,303837.6402243525,-54578186414.34025,1538717.9487179518,6.178400039672852,-2.480482167840613,54642422572.92837,59596314.91636618,61135032.865084134,59292477.27614183,54642726450.992645,64540036.65239383,0.19840505053043497,1770934644.3982687,1770934644.3982687
5.822207762083319,30,3,54638869896.79944,55326046.93187486,55631018.541301474,54639174906.75458,57169736.49001942,60988493.93826169,-88.40750122070312,-88.09259796142578,1.3167999982833862,-2.352499961853028,[0. 0. 0.],[0. 0. 0. 1.],8.088195173008208,-2.1401952187845747,"(30, 3)",305010.4385757446,304971.26652644575,-54578186412.88481,1538717.9487179443,5.947999954223633,-2.1401952187845747,54638869896.64633,55631018.442007214,57169736.39072516,55326047.17548077,54639174907.08491,60988494.200095154,0.18592523046533682,1770934644.4616506,1770934644.4616506
6.411052137770379,31,3,54499653197.94651,49023477.197413854,49328005.72078865,54499957769.0092,50866723.6695066,56204178.0363045,-100.56719970703124,-97.34660339355467,0.4544000029563904,-0.6676999926567078,[0. 0. 0.],[0. 0. 0. 1.],8.413408825323614,-2.029308864996466,"(31, 3)",304570.9072036743,304528.5268930271,-54443753590.86959,1538717.9487179518,6.384099960327148,-2.029308864996466,54499653197.92838,49328005.62149439,50866723.57021234,49023477.09460136,54499957768.83559,56204177.965995595,0.18852603219355743,1770934644.522582,1770934644.522582
4.94827463818149,20,4,54136425633.90616,30170232.42551084,30485938.40983538,54203957783.96999,32024656.358553328,29069839.161030665,-96.05789947509766,-100.43659973144533,-2.782700061798096,2.879600048065185,[0. 0. 0.],[0. 0. 0. 1.],5.9957967768636635,-1.0486966143575591,"(20, 4)",67532150.01815796,315705.9420072101,-54174887944.788994,1538717.948717948,4.947100162506104,-1.0486966143575591,54136425633.82582,30485938.313802082,32024656.26252003,30170232.371794872,54203957783.84398,29069839.054987982,0.18802627792535198,1770934644.5682714,1770934644.5682714
4.352170573258934,21,4,54866416787.96185,23312539.551622797,23619135.525219996,54866723412.84078,25157853.473937944,19671360.86728602,-95.90799713134766,-96.7156982421875,0.6128000020980835,-0.5019000172615051,[0. 0. 0.],[0. 0. 0. 1.],6.075795992695039,-1.6388958538400589,"(21, 4)",306625.3505554199,306595.92848557606,-54847052052.22023,1538717.948717948,4.4369001388549805,-1.6388958538400589,54866416787.67196,23619135.429186698,25157853.377904646,23312539.500701122,54866723413.022514,19671360.802283652,0.1871231714569127,1770934644.6222732,1770934644.6222732
4.781780284132867,30,4,54862864079.49174,19345729.025968205,19651619.49957897,54863170001.9833,21190337.44829692,16117951.244207859,-91.93080139160156,-92.51270294189452,-0.3016999959945678,0.4582000076770782,[0. 0. 0.],[0. 0. 0. 1.],5.940327473034791,-1.0928276256226814,"(30, 4)",305922.7576599121,305890.3151292093,-54847052050.81174,1538717.948717948,4.847499847412109,-1.0928276256226814,54862864079.33863,19651619.403545674,21190337.352263622,19345729.088416465,54863170002.09629,16117951.284555288,0.18398097117314177,1770934644.6855485,1770934644.6855485
4.710908853649771,31,4,54723647885.4465,13043294.414824957,13348590.653425125,54723953213.5529,14887308.602143075,11333984.954588346,-83.83429718017578,-84.4281005859375,-1.5906000137329102,1.5132999420166016,[0. 0. 0.],[0. 0. 0. 1.],6.018622700489663,-1.1941226165663235,"(31, 4)",305328.41609191895,305295.77010717057,-54712619228.49917,1538717.94871795,4.82450008392334,-1.1941226165663235,54723647885.428375,13348590.557391826,14887308.506109776,13043294.787284655,54723953213.84447,11333985.345302483,0.200107731380932,1770934644.7466433,1770934644.7466433
2.181470037831973,20,5,54359419912.75231,61370616.68429581,61674480.3050421,54426940202.36187,63213198.253760055,50403028.82466961,-88.01080322265625,-88.54679870605469,-4.398600101470947,3.982300043106079,[0. 0. 0.],[0. 0. 0. 1.],3.059692769990478,-0.7121926841597896,"(20, 5)",67520289.90133667,303862.742888622,-54376537173.22636,1538717.9487179518,2.3475000858306885,-0.7121926841597896,54359419912.671974,61674479.98046875,63213197.9291867,61370617.23758013,54426940202.57331,50403029.34695513,0.1858685748860964,1770934644.7914648,1770934644.7914648
1.792705100933473,21,5,55092410954.62851,57513404.70947186,57819199.85632415,55092716762.00352,59357917.8050421,44015481.28612894,-81.49549865722656,-82.34380340576172,-1.4322999715805054,0.3986000120639801,[0. 0. 0.],[0. 0. 0. 1.],2.7001653466200923,-0.6915653500533199,"(21, 5)",305808.13677215576,305794.4586338103,-55048701280.673256,1538717.9487179518,2.0085999965667725,-0.6915653500533199,55092410954.338615,57819199.5317508,59357917.48046875,57513405.07311699,55092716762.47539,44015481.80213341,0.15284516807993145,1770934644.8482363,1770934644.8482363
1.7283855531584476,30,5,55088858206.0943,53546231.15782007,53852284.79222159,55089164271.82319,55391002.740939535,40462992.59060306,-80.28829956054688,-80.8302993774414,-1.9351999759674072,1.9306000471115112,[0. 0. 0.],[0. 0. 0. 1.],3.307452451537286,-1.4913524502021418,"(30, 5)",306065.89292907715,306053.1694461182,-55048701279.01436,1538717.9487179443,1.816100001335144,-1.4913524502021418,55088858205.94119,53852284.46764824,55391002.41636618,53546231.29820212,55089164271.83412,40462992.81976162,0.07621093454300204,1770934644.9115596,1770934644.9115596
1.7007827421244022,31,5,54949642532.8824,47243976.849464715,47551179.02299082,54949949747.19335,49089896.97170877,35681289.60074595,-81.70449829101562,-82.75650024414062,-3.037899971008301,3.0826001167297363,[0. 0. 0.],[0. 0. 0. 1.],2.987940860432817,-1.1594408280078903,"(31, 5)",307214.5119628906,307201.44418569654,-54914268457.20258,1538717.9487179443,1.8285000324249268,-1.1594408280078903,54949642532.86427,47551178.69841747,49089896.647135414,47243977.25423177,54949949747.376236,35681290.17365284,0.16597070494806548,1770934644.9724798,1770934644.9724798
3.2312558507338642,20,11,54585414472.04717,13871702.738466825,14175577.814909052,54652934779.29603,15714295.763627002,7531960.571066118,-83.50189971923828,-83.14019775390625,-1.7144999504089355,1.1883000135421753,[0. 0. 0.],[0. 0. 0. 1.],7.238867807619097,-3.8888679029865285,"(20, 11)",67520307.63283539,303874.668219151,-54645402818.7279,1538717.94871795,3.3499999046325684,-3.8888679029865285,54585414471.966835,14175577.736879006,15714295.685596956,13871703.068659855,54652934779.59967,7531960.8717698315,0.1943838575711936,1770934645.0182583,1770934645.0182583
3.602145014274566,21,11,55319405089.24389,11014946.020103471,11383222.045678284,55319773388.72788,12921939.994396232,2206463.2296350664,-92.48169708251952,-92.5022964477539,1.4881999492645264,-1.6073999404907229,[0. 0. 0.],[0. 0. 0. 1.],6.76620379035099,-3.053403764411049,"(21, 11)",368300.0613479614,368275.9289863799,-55317566925.7679,1538717.948717948,3.712800025939941,-3.053403764411049,55319405088.953995,11383221.967648238,12921939.916366186,11014946.038661858,55319773389.01534,2206463.2474459135,0.18416863973888709,1770934645.075452,1770934645.075452
5.410236742198611,21,0,55544399287.96183,37479550.197670884,37785024.860293806,55544704799.265755,39323742.80901176,25488648.126682024,-86.98470306396484,-88.05149841308594,-1.9119999408721924,2.0227999687194824,[0. 0. 0.],[0. 0. 0. 1.],8.86107451211785,-3.2884746242699503,"(21, 0)",305512.1006164551,305474.4466145858,-55519216151.49781,1538717.9487179518,5.5725998878479,-3.2884746242699503,55544399287.671936,37785024.85226362,39323742.800981574,37479550.405649036,55544704799.77255,25488648.274739582,0.1882021508564714,1770934645.300462,1770934645.300462
2.8824568334572183,20,1,55037402516.91896,57889688.257232,58196819.80320002,55104926078.81301,59735537.751917966,56224801.05218289,-89.6073989868164,-88.30979919433594,-3.075200080871582,2.8889000415802,[0. 0. 0.],[0. 0. 0. 1.],5.378421035517765,-2.41582104276569,"(20, 1)",67523562.1995163,307131.3163561672,-55048701277.762344,1538717.9487179443,2.962599992752075,-2.41582104276569,55037402516.83862,58196819.724058494,59735537.67277644,57889688.40770233,55104926079.03814,56224801.275791265,0.18460049442597184,1770934645.4691393,1770934645.4691393
2.7160508251263726,21,1,55769393478.666954,53034579.053220734,53341146.72627694,55769700064.40618,54879864.67499489,48834679.49647842,-87.98509979248047,-88.8218002319336,0.1908999979496002,-0.6955999732017517,[0. 0. 0.],[0. 0. 0. 1.],5.464760744195486,-2.5798606511168725,"(21, 1)",306586.4915084839,306567.3515124172,-55720865385.17794,1538717.9487179518,2.8849000930786133,-2.5798606511168725,55769393478.37706,53341146.647135414,54879864.595853366,53034579.295623,55769700064.86857,48834679.69063001,0.1856054445916302,1770934645.5252807,1770934645.5252807
3.0414156448081098,30,1,55765841194.87633,49067293.52544772,49371811.79037951,55766145733.71009,50910529.73909745,45280350.47299264,-94.57160186767578,-93.7603988647461,-0.7272999882698059,0.9350000023841858,[0. 0. 0.],[0. 0. 0. 1.],5.318561597208403,-2.235261483530424,"(30, 1)",304539.05937194824,304518.22916667163,-55720865383.331245,1538717.9487179443,3.0833001136779785,-2.235261483530424,55765841194.72322,49371811.71123798,50910529.659955926,49067293.48207131,55766145733.78259,45280350.45134716,0.18546625300300898,1770934645.5885298,1770934645.5885298
3.1901228407329962,31,1,55627626459.16444,43765324.5622283,44070064.99550771,55627931221.45363,45608782.94422566,41498660.21644763,-91.31809997558594,-91.4259033203125,-1.7116999626159668,1.8933000564575195,[0. 0. 0.],[0. 0. 0. 1.],5.403218332373771,-2.1932182942267984,"(31, 1)",304762.2915344238,304740.2875851318,-55586432561.15952,1538717.9487179518,3.2100000381469727,-2.1932182942267984,55627626459.14631,44070064.91636618,45608782.865084134,43765324.62878105,55627931221.43784,41498660.27832031,0.18354291875667744,1770934645.650702,1770934645.650702
4.6170644195182895,20,2,55264396691.59844,12434566.00429429,12739552.182368686,55331918120.9796,14278270.131086634,14351208.678516066,-84.96749877929688,-84.7468032836914,-7.577199935913086,7.087299823760986,[0. 0. 0.],[0. 0. 0. 1.],5.780256972993651,-1.025656924928465,"(20, 2)",67521429.83460999,304985.71151342243,-55317566912.29322,1538717.948717948,4.7546000480651855,-1.025656924928465,55264396691.518105,12739552.095853366,14278270.044571314,12434566.384339944,55331918121.352715,14351209.059495192,0.19965358969208602,1770934645.6955934,1770934645.6955934
4.074228632610243,21,2,55979388062.00028,57796789.59675974,58100433.5926251,55979691734.42162,59639151.54134305,57177125.30632099,-89.94730377197266,-91.62000274658205,-4.144299983978272,3.967400074005127,[0. 0. 0.],[0. 0. 0. 1.],6.2983455293594135,-2.0906457536636127,"(21, 2)",303673.0331039429,303643.7675280422,-55922514609.37415,1538717.9487179518,4.207699775695801,-2.0906457536636127,55979388061.71039,58100433.506109774,59639151.454827726,57796789.73858173,55979691734.74349,57177125.36934095,0.18339628500183214,1770934645.7352877,1770934645.7352877
4.378399031425752,30,2,55960835561.86351,38828897.294667505,39134800.579804584,55961141495.89588,40673518.528522536,38626888.20278457,-85.73680114746094,-85.66329956054688,-5.119400024414063,4.938799858093262,[0. 0. 0.],[0. 0. 0. 1.],5.370857095168491,-0.8320573324426608,"(30, 2)",305934.6360397339,305902.8351612538,-55922514607.777855,1538717.9487179518,4.53879976272583,-0.8320573324426608,55960835561.7104,39134800.49328926,40673518.442007214,38828897.65812801,55961141496.34644,38626888.56858473,0.19622821184625375,1770934645.783535,1770934645.783535
5.021918929640067,31,2,55805622244.42084,16527989.481992109,16833943.208009712,55805928233.44708,18372661.15672766,17846447.566105988,-90.82679748535156,-90.91929626464844,-5.763000011444092,6.184899806976318,[0. 0. 0.],[0. 0. 0. 1.],5.909298044654857,-0.8585978569717518,"(31, 2)",305989.0512313843,305953.5412910655,-55788081785.79394,1538717.948717948,5.0507001876831055,-0.8585978569717518,55805622244.40271,16833943.12149439,18372661.070212338,16527989.580203325,55805928233.45394,17846447.66000601,0.18341167451789586,1770934645.833873,1770934645.833873
6.643949038982116,20,3,55447391859.86767,55132926.86191807,55513021.746429674,55514988409.432365,57051739.695147626,62988666.19492356,-91.44210052490234,-90.95179748535156,-0.7813000082969666,0.583899974822998,[0. 0. 0.],[0. 0. 0. 1.],8.333480663273496,-1.6378806304670999,"(20, 3)",67596549.72956848,380094.69839242846,-55451999743.21331,1538717.9487179518,6.6956000328063965,-1.6378806304670999,55447391859.78733,55513021.647135414,57051739.595853366,55132926.948742986,55514988409.5169,62988666.30358574,0.18348159141886242,1770934645.875583,1770934645.875583
5.982559252859223,21,3,56177382949.82079,48279368.674288906,48585954.43873737,56177689574.67443,50124672.387455314,53525724.33505792,-84.39520263671875,-86.3467025756836,2.263999938964844,-3.0127999782562256,[0. 0. 0.],[0. 0. 0. 1.],8.658882207513464,-2.4620819755798706,"(21, 3)",306625.74181365967,306585.2708082944,-56124163850.581955,1538717.9487179443,6.196800231933594,-2.4620819755798706,56177382949.5309,48585954.33944311,50124672.288161054,48279369.068634816,56177689575.27271,53525724.69075521,0.19821420335417395,1770934645.9332943,1770934645.9332943
5.887746696174342,30,3,56173830033.01735,44311210.71866609,44616298.99001942,56174135159.99711,46155016.93873737,49971310.90779002,-88.56559753417969,-87.43440246582031,1.2935999631881714,-1.9696999788284304,[0. 0. 0.],[0. 0. 0. 1.],8.088195173008208,-2.070395318729643,"(30, 3)",305127.5008773804,305087.93757511675,-56124163849.157814,1538717.9487179518,6.0177998542785645,-2.070395318729643,56173830032.86424,44616298.89072516,46155016.83944311,44311210.95315004,56174135160.36512,49971311.20730669,0.18667607070011719,1770934645.9965274,1770934645.9965274
6.432754835810544,31,3,56035616787.69006,39010455.52313249,39316435.20796814,56035922809.98942,40855153.15668609,46191782.77482582,-101.20919799804688,-97.99250030517578,0.296099990606308,-0.7357000112533569,[0. 0. 0.],[0. 0. 0. 1.],8.413408825323614,-2.0095086788392393,"(31, 3)",306022.13541412354,305979.69250801206,-55989731027.11129,1538717.9487179518,6.403900146484375,-2.0095086788392393,56035616787.671936,39316435.10867388,40855153.05739183,39010455.416165866,56035922809.80735,46191782.696063705,0.18882202874665405,1770934646.058524,1770934646.058524
4.940777781602903,20,4,55671386250.8933,19149376.622718427,19463318.217527688,55738916636.49715,21002036.166245636,18051255.71253388,-100.247802734375,-99.02149963378906,-2.7688000202178955,2.634700059890747,[0. 0. 0.],[0. 0. 0. 1.],5.9957967768636635,-1.0619965563741616,"(20, 4)",67530385.57003784,313941.6034405045,-55720865380.76464,1538717.948717948,4.933800220489502,-1.0619965563741616,55671386250.812965,19463318.12149439,21002036.070212338,19149376.518053886,55738916636.383,18051255.618364383,0.18894094713369822,1770934646.1032846,1770934646.1032846
4.370066319824025,21,4,56404377092.44899,15296139.445942232,15600569.820091793,56404681551.842674,17139287.76880974,11652063.940471282,-96.43800354003906,-97.44239807128906,0.5327000021934509,-0.9740999937057496,[0. 0. 0.],[0. 0. 0. 1.],6.075795992695039,-1.6240957821237503,"(21, 4)",304459.8545227051,304430.3385416679,-56393029488.14893,1538717.948717948,4.451700210571289,-1.6240957821237503,56404377092.159096,15600569.724058494,17139287.672776442,15296139.385516826,56404681552.01362,11652063.864683494,0.18753761222730747,1770934646.1602266,1770934646.1602266
4.7819318935974975,30,4,56400824135.58144,11327592.308466444,11633414.371373843,56401129989.700615,13172132.320091793,8100503.251921397,-91.65390014648438,-92.58589935302734,-0.8148999810218811,0.4246000051498413,[0. 0. 0.],[0. 0. 0. 1.],5.940327473034791,-1.0913274959229744,"(30, 4)",305854.3826370239,305821.89315404557,-56393029486.52134,1538717.94871795,4.848999977111816,-1.0913274959229744,56400824135.42834,11633414.275340544,13172132.224058494,11327592.382186498,56401129989.810974,8100503.2896384215,0.18390757908877958,1770934646.2234297,1770934646.2234297
4.67306996020368,31,4,56261611435.12595,5027007.160760071,5332813.409835382,56261917273.00348,6871531.358553331,3320608.570367572,-83.99700164794922,-84.29779815673828,-1.6791000366210938,1.270300030708313,[0. 0. 0.],[0. 0. 0. 1.],6.018622700489663,-1.2312229316603176,"(31, 4)",305838.1848449707,305805.7736127805,-56258596664.33396,1538717.948717949,4.787399768829346,-1.2312229316603176,56261611435.10783,5332813.313802083,6871531.262520032,5027007.5401893025,56261917273.29267,3320608.9587089345,0.20015752448813612,1770934646.2845328,1770934646.2845328
2.1787213164144785,20,5,55899380409.54714,55347112.919827096,55651211.07427287,55966900933.676056,57189929.02299082,44386324.25710535,-88.7864990234375,-88.60759735107422,-4.280300140380859,3.8471999168396,[0. 0. 0.],[0. 0. 0. 1.],3.059692769990478,-0.722192674623046,"(20, 5)",67520524.41719055,304097.3213391453,-55922514609.1081,1538717.9487179518,2.337500095367432,-0.722192674623046,55899380409.466805,55651210.74969952,57189928.69841747,55347113.42836037,55966900933.883995,44386324.77589142,0.18496567664241104,1770934646.3305898,1770934646.3305898
1.7903616007770276,21,5,56631371235.077194,50494466.39613522,50799912.99734979,56631676693.85956,52338630.94606774,36997977.0882683,-81.96959686279297,-82.3677978515625,-1.2869999408721924,0.3510999977588653,[0. 0. 0.],[0. 0. 0. 1.],2.7001653466200923,-0.6797652993178462,"(21, 5)",305459.54777526855,305445.822691299,-56594678716.72715,1538717.9487179518,2.020400047302246,-0.6797652993178462,56631371234.7873,50799912.67277644,52338630.62149439,50494466.85008514,56631676694.335075,36997977.60792267,0.16458368908700058,1770934646.3872337,1770934646.3872337
1.7459382667783996,30,5,56627818238.145546,46525555.98621444,46831531.58709338,56628124225.942345,48370249.535811335,33445510.734115403,-80.2677993774414,-80.54239654541016,-2.150399923324585,2.1140999794006348,[0. 0. 0.],[0. 0. 0. 1.],3.307452451537286,-1.4819524400931938,"(30, 5)",305987.9087753296,305975.1383463517,-56594678714.990005,1538717.9487179518,1.825500011444092,-1.4819524400931938,56627818237.99244,46831531.26252003,48370249.21123798,46525556.12417368,56628124225.901215,33445510.911207933,0.07020718686851768,1770934646.4505095,1770934646.4505095
1.6612683493895617,31,5,56488606050.51057,40225141.302870005,40529736.71529851,56488910657.84581,42068454.66401646,28664764.637502115,-81.72260284423828,-82.06729888916016,-3.118000030517578,3.095700025558472,[0. 0. 0.],[0. 0. 0. 1.],2.987940860432817,-1.2136408812229171,"(31, 5)",304607.4343948364,304594.6796123758,-56460245892.81828,1538717.9487179518,1.7742999792099,-1.2136408812229171,56488606050.49244,40529736.39072516,42068454.33944311,40225141.71111278,56488910657.926834,28664765.10854868,0.15248793350463408,1770934646.5142496,1770934646.5142496
3.226710788988199,20,11,56153374247.68816,35851631.26190309,36155505.69952444,56220894554.304955,37694223.64824239,29514299.870395627,-83.33070373535156,-83.6229019165039,-1.875599980354309,1.0002000331878662,[0. 0. 0.],[0. 0. 0. 1.],7.238867807619097,-3.889767694704058,"(20, 11)",67520307.03813171,303874.0422175452,-56191380254.4375,1538717.9487179518,3.349100112915039,-3.889767694704058,56153374247.60783,36155505.62149439,37694223.57021234,35851631.579276845,56220894554.64596,29514300.20845853,0.1962339286948209,1770934646.5788076,1770934646.5788076
3.580316485284025,21,11,56884364696.61565,29999567.4951895,30367476.853370592,56884732629.27967,31906194.80208854,21188267.852719426,-91.73989868164062,-92.5386962890625,1.7508000135421753,-1.7127000093460083,[0. 0. 0.],[0. 0. 0. 1.],6.76620379035099,-3.071203857108192,"(21, 11)",367933.2400588989,367909.2328976393,-56863544361.696594,1538717.948717948,3.694999933242798,-3.071203857108192,56884364696.32575,30367476.775340546,31906194.724058494,29999567.542442907,56884732629.56581,21188267.869215745,0.1839236006756959,1770934646.6402884,1770934646.6402884
5.0695150240647235,21,0,57121358582.83359,1242244.7763985838,1549199.5397809865,57121665571.42704,3087917.488498935,56471981.68311336,-95.4458999633789,-87.0094985961914,-1.7340999841690063,1.4471999406814575,[0. 0. 0.],[0. 0. 0. 1.],8.86107451211785,-3.6745744396386026,"(21, 0)",306989.44874572754,306954.90910456725,-57065193590.10267,1538717.9487179487,5.186500072479248,-3.6745744396386026,57121358582.54369,1549199.5317508013,3087917.48046875,1242244.622646234,57121665571.99244,56471981.88977364,0.18393143521015168,1770934646.8772268,1770934646.8772268
2.821601656700129,20,1,56614414191.59841,21702763.63698598,22008959.226276945,56681936817.21427,23547677.174994893,20041693.737842392,-89.4303970336914,-89.15119934082031,-3.2987000942230225,2.9914000034332275,[0. 0. 0.],[0. 0. 0. 1.],5.378421035517765,-2.4824211270704994,"(20, 1)",67522625.87326813,306195.3500600979,-56661895123.47796,1538717.948717948,2.8959999084472656,-2.4824211270704994,56614414191.518074,22008959.147135418,23547677.095853366,21702763.79707532,56681936817.39134,20041693.91338642,0.18408957530699463,1770934647.0467467,1770934647.0467467
2.704510544825016,21,1,57346352773.53871,16800164.681893893,17106347.046789765,57346658973.88661,18645064.995507713,12599742.79179188,-88.32759857177734,-89.49980163574219,-0.132200002670288,-0.1395999938249588,[0. 0. 0.],[0. 0. 0. 1.],5.464760744195486,-2.6000606652312523,"(21, 1)",306201.0623245239,306182.0631760843,-57334059231.36305,1538717.948717948,2.8647000789642334,-2.6000606652312523,57346352773.24882,17106346.967648238,18645064.916366186,16800164.904472154,57346658974.31114,12599742.948091947,0.1846579622369848,1770934647.102174,1770934647.102174
2.9906031793285703,30,1,57342799664.427574,12830533.076966327,13136451.213456431,57343105602.819954,14675169.16217438,9046373.554242024,-94.30490112304688,-94.0020980834961,-0.9722999930381776,0.4386000037193298,[0. 0. 0.],[0. 0. 0. 1.],5.318561597208403,-2.2860615685981736,"(30, 1)",305938.6111526489,305918.09395032004,-57334059229.359856,1538717.948717948,3.032500028610229,-2.2860615685981736,57342799664.27447,13136451.134314904,14675169.083032852,12830533.040364584,57343105602.88562,9046373.525766226,0.18546934429577855,1770934647.1654787,1770934647.1654787
3.245514163698749,31,1,57204589079.356705,7531024.803914946,7836114.674994892,57204894191.43537,9374832.623712841,5267783.950474537,-91.9810028076172,-91.68810272216795,-2.0162999629974365,1.8532999753952024,[0. 0. 0.],[0. 0. 0. 1.],5.403218332373771,-2.14371830567089,"(31, 1)",305112.06993865967,305089.7529797675,-57199626407.40724,1538717.948717949,3.259500026702881,-2.14371830567089,57204589079.33858,7836114.595853365,9374832.544571314,7531024.8428735975,57204894191.408516,5267784.0012770435,0.18375576328102133,1770934647.2290528,1770934647.2290528
4.6218324375216575,20,2,56791139383.9061,60404807.56172971,60709576.220830224,56858660595.80788,62248294.169548176,62332657.912761025,-84.76329803466797,-84.12590026855469,-7.235400199890137,7.196300029754639,[0. 0. 0.],[0. 0. 0. 1.],5.780256972993651,-1.0220568043840315,"(20, 2)",67521212.34600067,304768.1916065663,-56796327937.88725,1538717.9487179518,4.758200168609619,-1.0220568043840315,56791139383.82576,60709576.1343149,62248294.083032854,60404807.942708336,56858660596.17176,62332658.28450521,0.200370414990076,1770934647.2838922,1770934647.2838922
4.061207181631315,21,2,57589346499.500244,54554831.68216286,54858766.92595843,57589650463.108536,56397484.87467638,53942007.964622974,-91.59049987792967,-91.67530059814452,-3.946000099182129,3.999000072479248,[0. 0. 0.],[0. 0. 0. 1.],6.2983455293594135,-2.115645372193886,"(21, 2)",303964.2177505493,303935.0930238366,-57535708455.40276,1538717.9487179443,4.182700157165527,-2.115645372193886,57589346499.21035,54858766.83944311,56397484.788161054,54554831.74641927,57589650463.4281,53942008.02534054,0.1836544053813362,1770934647.345189,1770934647.345189
4.35445345196434,30,2,57592793174.04295,57584452.985813215,57891355.06698407,57593100106.66349,59430073.015702024,57391652.55052957,-85.8864974975586,-85.2886962890625,-4.5355000495910645,4.608099937438965,[0. 0. 0.],[0. 0. 0. 1.],5.370857095168491,-0.8553570265039401,"(30, 2)",306933.2338027954,306901.63636819273,-57535708454.197716,1538717.9487179518,4.515500068664551,-0.8553570265039401,57592793173.88985,57891354.98046875,59430072.9291867,57584453.34410056,57593100107.12365,57391652.92593149,0.19681167417521941,1770934647.4153814,1770934647.4153814
5.036437998314307,31,2,57455583133.84387,53284962.71401214,53590906.34903535,57455889112.85417,55129624.297753304,54613480.70984219,-91.09539794921876,-90.59049987792967,-6.507999897003174,5.909200191497803,[0. 0. 0.],[0. 0. 0. 1.],5.909298044654857,-0.8435979904861561,"(31, 2)",305979.05085754395,305943.46266525984,-57401275632.05729,1538717.9487179518,5.065700054168701,-0.8435979904861561,57455583133.825745,53590906.26252003,55129624.21123798,53284962.79985477,57455889112.8766,54613480.819310896,0.18340690192495518,1770934647.4784863,1770934647.4784863
6.544518582569969,20,3,57024219752.495834,18766110.919391952,19073125.913096342,57091743221.59255,20611843.86181429,26549632.717762753,-90.30979919433594,-89.84220123291016,-0.6528000235557556,0.5242999792098999,[0. 0. 0.],[0. 0. 0. 1.],8.333480663273496,-1.720980472538633,"(20, 3)",67523469.31652832,307014.7548577711,-57065193588.85066,1538717.948717948,6.612500190734863,-1.720980472538633,57024219752.4155,19073125.813802082,20611843.76252003,18766111.05894431,57091743221.732025,26549632.881360177,0.18350304299774947,1770934647.5242755,1770934647.5242755
5.908471740724811,21,3,57825340409.75665,15830816.62919456,16137220.464378396,57825646852.27749,17675938.413096342,21072745.981748607,-84.61090087890625,-84.89510345458984,2.551800012588501,-2.711999893188477,[0. 0. 0.],[0. 0. 0. 1.],8.658882207513464,-2.5295820900207886,"(21, 3)",306443.45014190674,306403.3390925471,-57804574106.53832,1538717.948717948,6.129300117492676,-2.5295820900207886,57825340409.46676,16137220.365084134,17675938.313802082,15830817.025991587,57825646852.9169,21072746.37858073,0.19992258773152996,1770934647.5811613,1770934647.5811613
5.870448635484912,30,3,57821787228.53013,11860809.189465156,12166443.220788652,57822092901.1596,13705161.169506602,17518795.691364855,-88.63300323486328,-88.44390106201172,1.4853999614715576,-1.7740999460220337,[0. 0. 0.],[0. 0. 0. 1.],8.088195173008208,-2.0968950669596236,"(30, 3)",305673.09257507324,305633.7014222741,-57804574105.53673,1538717.94871795,5.991300106048584,-2.0968950669596236,57821787228.37702,12166443.12149439,13705161.07021234,11860809.420072116,57822092901.4696,17518795.932867587,0.18527403966102196,1770934647.6443915,1770934647.6443915
6.863336255002051,31,3,57682577749.228485,5562050.532388436,5868294.182327114,57682884038.419014,7407012.131045062,12742755.060252443,-95.99960327148438,-90.84439849853516,0.0372000001370906,-0.7627000212669373,[0. 0. 0.],[0. 0. 0. 1.],8.413408825323614,-1.5413089489198057,"(31, 3)",306289.21900177,306243.59913361445,-57670141283.255455,1538717.948717948,6.872099876403809,-1.5413089489198057,57682577749.21036,5868294.083032853,7407012.031750801,5562050.4838992385,57682884038.42936,12742755.173903245,0.18431607336722203,1770934647.70549,1770934647.70549
4.992572484634257,20,4,57253127532.94455,54908899.37164923,55220930.39701487,57320656008.25954,56759648.345732816,53813191.28017566,-97.05650329589844,-95.81819915771484,-2.561100006103516,2.5592000484466557,[0. 0. 0.],[0. 0. 0. 1.],5.9957967768636635,-0.9983969698873452,"(20, 4)",67528475.32614136,312030.99959935993,-57266842816.95938,1538717.9487179443,4.997399806976318,-0.9983969698873452,57253127532.86421,55220930.300981574,56759648.24969952,54908899.301382214,57320656008.19035,53813191.23096955,0.18719268267023906,1770934647.7523024,1770934647.7523024
4.30991610622766,21,4,58054334496.295105,52060483.79056132,52365762.127784096,58054639803.30906,53904480.07650205,48416469.550400734,-96.62110137939452,-97.33090209960938,0.6657999753952026,-0.5504000186920166,[0. 0. 0.],[0. 0. 0. 1.],6.075795992695039,-1.6843961323129593,"(21, 4)",305307.47634124756,305278.3046624586,-58006223334.005394,1538717.9487179518,4.39139986038208,-1.6843961323129593,58054334496.00521,52365762.0317508,53904479.98046875,52060483.72708834,58054639803.48155,48416469.47616186,0.18756982672261338,1770934647.8101325,1770934647.8101325
4.8200040573429295,30,4,58074780650.00448,4873038.023026399,5178871.102143075,58075086515.34416,6717589.050861023,1646772.2348549727,-91.68810272216795,-92.57009887695312,-0.9527000188827516,0.7347999811172485,[0. 0. 0.],[0. 0. 0. 1.],5.940327473034791,-1.0534275249146736,"(30, 4)",305865.60372161865,305832.9107822515,-58073439743.18195,1538717.948717948,4.886899948120117,-1.0534275249146736,58074780649.85137,5178871.006109776,6717588.954827724,4873038.0953275245,58075086515.45509,1646772.2731370192,0.18391482789161356,1770934647.8974364,1770934647.8974364
4.708517493397151,31,4,57936571731.60027,66790846.14227256,67095633.922655895,57936876551.20388,1417941.6149635874,65086040.413504675,-84.13200378417969,-84.57740020751953,-1.4322999715805054,1.7760000228881836,[0. 0. 0.],[0. 0. 0. 1.],6.018622700489663,-1.1945226829420559,"(31, 4)",304819.91499328613,304787.3003054932,-57871790510.69122,-65677692.30769231,4.824100017547607,-1.1945226829420559,57936571731.582146,67095633.8266226,1417941.5189302885,66790846.526317105,57936876551.49714,65086040.80591446,0.20037775465481603,1770934647.9595075,1770934647.9595075
2.1784491188365305,20,5,57505121066.59839,47886803.71842097,48190738.317862615,57572641427.18221,49729456.26658057,36932971.67204805,-88.45210266113281,-88.5698013305664,-4.41349983215332,3.995300054550171,[0. 0. 0.],[0. 0. 0. 1.],3.059692769990478,-0.7192927894454342,"(20, 5)",67520360.87427521,303933.7471203953,-57535708455.19932,1538717.9487179518,2.340399980545044,-0.7192927894454342,57505121066.51805,48190737.99328926,49729455.942007214,47886804.24616887,57572641427.39233,36932972.19300881,0.18532952968010974,1770934648.0044458,1770934648.0044458
1.7990761441986947,21,5,58305328021.93613,44039058.11585914,44346227.099913895,58305635203.18892,45884945.04863185,30546230.14826086,-81.48770141601562,-82.19609832763672,-1.5273000001907349,0.590399980545044,[0. 0. 0.],[0. 0. 0. 1.],2.7001653466200923,-0.6888652596449947,"(21, 5)",307181.9911880493,307168.2974008396,-58275088972.99652,1538717.9487179518,2.0113000869750977,-0.6888652596449947,58305328021.64623,44346226.77534054,45884944.724058494,44039058.4779397,58305635203.63742,30546230.64090044,0.14935049949863677,1770934648.0613563,1770934648.0613563
1.7896226845307204,30,5,58301774752.56858,40068264.066666074,40374199.85632415,58302080700.8705,41912917.8050421,26991729.377252657,-80.40679931640625,-80.68890380859375,-2.128000020980835,2.5209999084472656,[0. 0. 0.],[0. 0. 0. 1.],3.307452451537286,-1.4317524545890434,"(30, 5)",305948.43937683105,305935.30899439007,-58275088971.275024,1538717.9487179518,1.8756999969482424,-1.4317524545890434,58301774752.415474,40374199.5317508,41912917.48046875,40068264.22275641,58302080700.85485,26991729.579827726,0.07596748406622841,1770934648.1244361,1770934648.1244361
1.685289773562832,31,5,58161566395.061806,32769884.188301183,33074199.856324155,58161870722.80908,34612917.8050421,21214573.174911972,-81.64199829101562,-82.06729888916016,-3.3396999835968018,3.353600025177002,[0. 0. 0.],[0. 0. 0. 1.],2.987940860432817,-1.1919408566181198,"(31, 5)",304327.8464279175,304314.95079627633,-58140656149.24415,1538717.948717948,1.7960000038146973,-1.1919408566181198,58161566395.04368,33074199.531750802,34612917.48046875,32769884.580954526,58161870722.89011,21214573.645958535,0.15043895294353438,1770934648.184517,1770934648.184517
3.235180681962287,20,11,57731115625.89325,396652.578937097,700529.7379859759,57798635935.25709,2239247.6867039246,61278244.7686281,-83.31009674072266,-82.96279907226562,-1.9492000341415403,1.220900058746338,[0. 0. 0.],[0. 0. 0. 1.],7.238867807619097,-3.889767694704058,"(20, 11)",67520309.72994232,303876.76532451925,-57737357690.491394,1538717.9487179485,3.349100112915039,-3.889767694704058,57731115625.81291,700529.6599559295,2239247.608673878,396652.89463141025,57798635935.542854,61278245.05145733,0.1916470240241754,1770934648.2304738,1770934648.2304738
3.586544364681219,21,11,58532322156.551506,64765769.11788433,65133278.13542188,58532689688.94325,66671996.084139824,55951481.47205267,-92.05509948730467,-91.94450378417967,1.3382999897003174,-1.499400019645691,[0. 0. 0.],[0. 0. 0. 1.],6.76620379035099,-3.063503890677528,"(21, 11)",367532.99028015137,367508.90487279743,-58476738207.74085,1538717.9487179443,3.702699899673462,-3.063503890677528,58532322156.26161,65133278.05739183,66671996.006109774,64765769.15251903,58532689689.25189,55951481.51104267,0.18385023600423417,1770934648.2882283,1770934648.2882283
5.515584979806164,21,0,58760316275.14124,27003231.23134261,27309359.79619124,58760622440.40705,28848077.74490919,15018593.720801687,-86.74859619140625,-87.66940307617188,-2.1726999282836914,1.3000999689102173,[0. 0. 0.],[0. 0. 0. 1.],8.86107451211785,-3.177974288576591,"(21, 0)",306166.08448791504,306128.3365885429,-58745603847.04498,1538717.948717948,5.68310022354126,-3.177974288576591,58760316274.85135,27309359.788161058,28848077.736879006,27003231.451572515,58760622440.93584,15018593.89085036,0.18933034534020982,1770934648.517034,1770934648.517034
2.8540557818301844,20,1,58199103254.09837,60409425.917748064,60716931.9826872,58266627190.30102,62255649.93140515,58754630.3794334,-89.3594970703125,-88.42369842529297,-2.754800081253052,2.828399896621704,[0. 0. 0.],[0. 0. 0. 1.],5.378421035517765,-2.443120923747135,"(20, 1)",67523936.50152588,307505.8218149021,-58207872559.92311,1538717.9487179518,2.93530011177063,-2.443120923747135,58199103254.018036,60716931.90354567,62255649.85226362,60409426.08173077,58266627190.51956,58754630.59645433,0.18467065582939013,1770934648.698517,1770934648.698517
2.7131460176781212,21,1,59014309712.641235,4346997.1649789,4651619.4826872,59014614353.040184,6190337.431405149,144865.73859890926,-89.51020050048828,-88.9386978149414,0.2057999968528747,-0.0976999998092651,[0. 0. 0.],[0. 0. 0. 1.],5.464760744195486,-2.5967607136779076,"(21, 1)",304641.14458465576,304622.082832532,-59014469487.56982,1538717.948717949,2.868000030517578,-2.5967607136779076,59014309712.35134,4651619.403545673,6190337.352263622,4346997.320713141,59014614353.495926,144865.92610677084,0.18417612834764346,1770934648.7702491,1770934648.7702491
3.0399322737597867,30,1,58995756731.73523,52592310.663427085,52897036.14935387,58996061477.73998,54435754.09807181,48808401.99181522,-96.09329986572266,-93.11270141601562,-0.9434000253677368,0.3436000049114227,[0. 0. 0.],[0. 0. 0. 1.],5.318561597208403,-2.238561673502348,"(30, 1)",304746.25025177,304725.48264724016,-58947253075.842316,1538717.9487179443,3.0799999237060547,-2.238561673502348,58995756731.58212,52897036.07021234,54435754.018930286,52592310.5875651,58996061477.832375,48808401.99005909,0.18563401194594453,1770934648.8210053,1770934648.8210053
3.0757151753747958,31,1,58840550305.3182,30295219.394259762,30600089.033969253,58840855196.047485,32138806.9826872,28034942.487033773,-92.9489974975586,-92.20240020751952,-1.6455999612808228,1.8532999753952024,[0. 0. 0.],[0. 0. 0. 1.],5.403218332373771,-2.321818414771232,"(31, 1)",304890.70012664795,304869.55691606924,-58812820253.482796,1538717.948717948,3.081399917602539,-2.321818414771232,58840550305.30007,30600088.954827726,32138806.903545674,30295219.397911657,58840855196.0002,28034942.517402843,0.18421626760956164,1770934648.8694656,1770934648.8694656
4.636881615287862,20,2,58416097685.18811,4941212.982723288,5245393.528522532,58483618309.069786,6784111.4772404805,6880114.7488052035,-84.61090087890625,-84.16449737548828,-7.194399833679199,6.76039981842041,[0. 0. 0.],[0. 0. 0. 1.],5.780256972993651,-1.006956802095213,"(20, 2)",67520624.32704163,304180.07875100244,-58476738194.31312,1538717.948717948,4.7733001708984375,-1.006956802095213,58416097685.10777,5245393.442007212,6784111.39072516,4941213.3632562095,58483618309.434814,6880115.121694711,0.2003811459899391,1770934648.9107208,1770934648.9107208
4.0657742236384316,21,2,59214304552.38482,66312426.45014949,66616138.720830224,59214608293.03101,938446.4131379167,65705991.6393974,-89.4791030883789,-92.168701171875,-4.200200080871582,4.002799987792969,[0. 0. 0.],[0. 0. 0. 1.],6.2983455293594135,-2.0986456506667865,"(21, 2)",303741.23597717285,303712.01735275984,-59148902301.65047,-65677692.307692304,4.199699878692627,-2.0986456506667865,59214304552.094925,66616138.6343149,938446.3266225961,66312426.61696214,59214608293.3309,65705991.680438705,0.18339490463036776,1770934648.9702234,1770934648.9702234
4.387886917662349,30,2,59210751146.799324,62340437.15434047,62646627.502881505,59211057367.91625,64185345.45159946,62155067.69644025,-85.36299896240234,-86.10279846191406,-5.085000038146973,4.812099933624268,[0. 0. 0.],[0. 0. 0. 1.],5.370857095168491,-0.8234570974573092,"(30, 2)",306221.70472717285,306189.8881961107,-59148902300.30457,1538717.9487179518,4.547399997711182,-0.8234570974573092,59210751146.64622,62646627.41636618,64185345.365084134,62340437.52817007,59211057368.350945,62155068.0463742,0.19614490657360686,1770934649.0335658,1770934649.0335658
5.037483913530116,31,2,59071544824.548965,56042938.36191306,56348887.11826612,59071850808.74673,57887605.06698407,57381330.74593574,-90.6780014038086,-91.08039855957033,-5.745299816131592,6.176499843597412,[0. 0. 0.],[0. 0. 0. 1.],5.909298044654857,-0.8430982651443593,"(31, 2)",305984.2153701782,305948.56457832456,-59014469477.91375,1538717.9487179518,5.066199779510498,-0.8430982651443593,59071544824.53084,56348887.0317508,57887604.98046875,56042938.46717247,59071850808.74621,57381330.83245693,0.18341191652347372,1770934649.095961,1770934649.095961
6.617935398447062,20,3,58663091347.04707,44443020.116461776,44749632.323352754,58730614413.76248,46288350.272070706,52226978.31133152,-90.66449737548828,-91.05069732666016,-0.968500018119812,0.5056999921798706,[0. 0. 0.],[0. 0. 0. 1.],8.333480663273496,-1.6590808105208108,"(20, 3)",67523066.87575531,306611.9854266867,-58678387435.427025,1538717.9487179518,6.6743998527526855,-1.6590808105208108,58663091346.966736,44749632.224058494,46288350.172776446,44443020.23863181,58730614413.84249,52226978.415464744,0.18340907728837594,1770934649.1557956,1770934649.1557956
5.899672608947127,21,3,59461298174.17969,38598954.68392698,38902989.695147626,59461602247.81122,40441707.64386557,43834295.29907248,-84.38639831542969,-85.50849914550781,2.204400062561035,-2.2667999267578125,[0. 0. 0.],[0. 0. 0. 1.],8.658882207513464,-2.540381974816931,"(21, 3)",304074.55052948,304034.51772836596,-59417767952.75472,1538717.9487179443,6.118500232696533,-2.540381974816931,59461298173.88979,38902989.595853366,40441707.54457131,38598955.078125,59461602248.44032,43834295.68559696,0.19949144377144545,1770934649.2172198,1770934649.2172198
5.8038835166296945,30,3,59442745121.158295,19627475.020931885,19933654.75925019,59443051339.158516,21472372.70796814,25283388.084227685,-89.0822982788086,-88.1416015625,1.458400011062622,-1.8467999696731567,[0. 0. 0.],[0. 0. 0. 1.],8.088195173008208,-2.1646951119730513,"(30, 3)",306218.48081970215,306179.4339693524,-59417767951.142784,1538717.948717948,5.923500061035156,-2.1646951119730513,59442745121.00519,19933654.65995593,21472372.608673878,19627475.225986578,59443051339.48601,25283388.343224157,0.1851751016970699,1770934649.2656276,1770934649.2656276
6.9311068647287,31,3,59287539704.35665,64547441.64991285,64854047.387455314,59287846355.40067,66392765.336173266,4511222.445094817,-100.56719970703124,-91.38970184326172,0.0399999991059303,-0.7635999917984009,[0. 0. 0.],[0. 0. 0. 1.],8.413408825323614,-1.4854088520264952,"(31, 3)",306651.04792785645,306605.74106069654,-59283335132.85227,1538717.9487179518,6.927999973297119,-1.4854088520264952,59287539704.338524,64854047.288161054,66392765.236879006,64547441.54710036,59287846355.38645,4511222.5341796875,0.1852675016252201,1770934649.3166265,1770934649.3166265
4.924889865916521,20,4,58863086218.84194,51669528.45621716,51979688.40983538,58930612822.686005,53518406.35855333,50576159.834544525,-98.2375030517578,-100.15630340576172,-2.8078999519348145,2.3199000358581543,[0. 0. 0.],[0. 0. 0. 1.],5.9957967768636635,-1.076596833321183,"(20, 4)",67526603.80045319,310159.9434094578,-58880036662.83149,1538717.9487179443,4.9191999435424805,-1.076596833321183,58863086218.761604,51979688.313802086,53518406.26252003,51669528.37039263,58930612822.56206,50576159.73056891,0.18872582948914898,1770934649.3582919,1770934649.3582919
4.319787292227284,21,4,59660293037.96174,44825943.882606074,45130513.7303482,59660597636.577065,46669231.67906615,41180456.78979932,-96.4123992919922,-97.36239624023438,0.7430999875068665,-0.7002999782562256,[0. 0. 0.],[0. 0. 0. 1.],6.075795992695039,-1.6740959728586136,"(21, 4)",304599.0772705078,304569.81169871986,-59619417180.034,1538717.9487179518,4.401700019836426,-1.6740959728586136,59660293037.671844,45130513.6343149,46669231.583032854,44825943.82261618,59660597636.749115,41180456.71511919,0.1875055130700483,1770934649.4161677,1770934649.4161677
4.783036427065529,30,4,59641739952.88906,25854138.696954526,26160345.46111743,59642046191.7295,27699063.40983538,22629013.035795633,-91.8498992919922,-92.93180084228516,-0.324999988079071,0.7337999939918518,[0. 0. 0.],[0. 0. 0. 1.],5.940327473034791,-1.0932276919984139,"(30, 4)",306239.0919189453,306206.6024389006,-59619417178.76635,1538717.948717948,4.847099781036377,-1.0932276919984139,59641739952.735954,26160345.365084134,27699063.313802082,25854138.762645233,59642046191.82787,22629013.061523438,0.18407633697629275,1770934649.4646046,1770934649.4646046
4.711907470471731,31,4,59487534808.523315,4557657.005423863,4867060.204707177,59487844243.621735,6405778.153425126,2859886.912299768,-83.54060363769531,-85.00969696044922,-1.5189000368118286,1.1519999504089355,[0. 0. 0.],[0. 0. 0. 1.],6.018622700489663,-1.195522610462807,"(31, 4)",309435.4091567993,309402.7475210335,-59484984356.61028,1538717.948717949,4.823100090026856,-1.195522610462807,59487534808.50519,4867060.108673878,6405778.057391827,4557657.3611528445,59487844243.914345,2859887.3040614985,0.20027180094263128,1770934649.5148206,1770934649.5148206
2.1922958528554224,20,5,59061080994.48296,57862681.63154715,58166892.16401646,59128601631.07474,59705610.11273441,46915739.573285736,-88.59919738769531,-88.36540222167969,-4.294300079345703,3.9972000122070312,[0. 0. 0.],[0. 0. 0. 1.],3.059692769990478,-0.704892784104858,"(20, 5)",67520636.89402771,304209.68862680346,-59081685891.19061,1538717.9487179443,2.35479998588562,-0.704892784104858,59061080994.402626,58166891.83944311,59705609.788161054,57862682.15081631,59128601631.29665,46915740.10604467,0.185392255987992,1770934649.5570872,1770934649.5570872
1.7842794221498028,21,5,59858287933.79507,51019730.67001648,51326916.202478,59858595131.56315,52865634.15119595,37528722.95374255,-81.59809875488281,-82.168701171875,-1.2618999481201172,0.8223000168800354,[0. 0. 0.],[0. 0. 0. 1.],2.7001653466200923,-0.7010653767562003,"(21, 5)",307198.5019760132,307184.82384315133,-59821066408.56527,1538717.9487179518,1.999099969863892,-0.7010653767562003,59858287933.50517,51326915.877904646,52865633.8266226,51019731.054061495,59858595132.00715,37528723.441882014,0.1516419045731462,1770934649.6157014,1770934649.6157014
1.817745305914343,30,5,59866734111.5429,59046861.89211384,59354215.88196518,59867041478.17593,60892933.83068313,45975070.48792627,-80.36070251464844,-80.93769836425781,-1.920300006866455,2.0703001022338867,[0. 0. 0.],[0. 0. 0. 1.],3.307452451537286,-1.397452484915887,"(30, 5)",307366.81816101074,307353.515625,-59821066407.46977,1538717.9487179443,1.909999966621399,-1.397452484915887,59866734111.38979,59354215.55739183,60892933.506109774,59046862.04176683,59867041478.207954,45975070.73818109,0.08055559963143169,1770934649.6895435,1770934649.6895435
1.6912221699217969,31,5,59744528871.02331,2533457.143450819,2837437.0358113325,59744832863.01195,4376154.984529281,58199277.37082133,-82.04299926757812,-81.65650177001953,-3.095700025558472,3.310800075531006,[0. 0. 0.],[0. 0. 0. 1.],2.987940860432817,-1.186140847844316,"(31, 5)",303992.01222229004,303979.1009364985,-59686633585.2511,1538717.948717948,1.801800012588501,-1.186140847844316,59744528871.00518,2837436.711237981,4376154.659955929,2533457.6103014825,59744832863.0174,58199277.76630108,0.15024214655971546,1770934649.767476,1770934649.767476
3.1659570947547024,20,11,59314088398.32912,37389579.26147731,37693462.43029367,59381608713.28405,39232180.37901162,31057176.860876296,-82.97889709472656,-83.243896484375,-1.7862000465393066,1.409999966621399,[0. 0. 0.],[0. 0. 0. 1.],7.238867807619097,-3.9595678331775686,"(20, 11)",67520315.34830475,303882.80623998493,-59350551536.42611,1538717.9487179518,3.2792999744415283,-3.9595678331775686,59314088398.24878,37693462.35226362,39232180.300981574,37389579.54602364,59381608713.597084,31057177.170973558,0.19124904807122228,1770934649.8138642,1770934649.8138642
3.6323094777230014,21,11,60099281707.83352,18533932.06995434,18901066.596960336,60099648865.95856,20439784.545678284,9716811.989240836,-91.68389892578124,-92.0457992553711,1.5534000396728516,-1.5152000188827517,[0. 0. 0.],[0. 0. 0. 1.],6.76620379035099,-3.016103892966346,"(21, 11)",367158.7195739746,367134.3994140625,-60089932054.23896,1538717.948717948,3.750099897384644,-3.016103892966346,60099281707.543625,18901066.51893029,20439784.467648238,18533932.119516227,60099648866.2632,9716812.024238782,0.1837715494720852,1770934649.8552804,1770934649.8552804
4.889039663113676,21,0,60311276235.0771,31983039.45906621,32289992.809011754,60311583222.273445,33828710.7577297,20001946.34106502,-87.11000061035156,-99.61810302734376,-1.8280999660491943,1.3382999897003174,[0. 0. 0.],[0. 0. 0. 1.],8.86107451211785,-3.864474361055839,"(21, 0)",306987.6333389282,306953.1406500414,-60291581276.291115,1538717.948717948,4.996600151062012,-3.864474361055839,60311276234.78721,32289992.80098157,33828710.74969952,31983039.66033153,60311583222.42055,20001946.12943209,0.18359218508130573,1770934650.0672338,1770934650.0672338
2.863215089233106,20,1,59669847380.7009,52387898.500146635,52695529.73909745,59737371442.15779,54234247.687815405,50737856.68912504,-89.55460357666016,-88.5447006225586,-3.1803998947143555,2.8712000846862797,[0. 0. 0.],[0. 0. 0. 1.],5.378421035517765,-2.4366209180250893,"(20, 1)",67524061.74879456,307631.0064853728,-59686633585.47019,1538717.9487179518,2.941800117492676,-2.4366209180250893,59669847380.62056,52695529.659955926,54234247.60867388,52387898.65347055,59737371442.369354,50737856.89916366,0.1844347383432286,1770934650.2297935,1770934650.2297935
2.687417383264562,21,1,60535270457.8335,46546838.6769577,46853053.777559,60535576690.837296,48391771.72627694,42346177.86342433,-87.58519744873047,-89.3947982788086,0.2252999991178512,-0.6536999940872192,[0. 0. 0.],[0. 0. 0. 1.],5.464760744195486,-2.6098608609252216,"(21, 1)",306233.72396087646,306214.7561097741,-60493230513.2421,1538717.9487179443,2.854899883270264,-2.6098608609252216,60535270457.54361,46853053.69841747,48391771.647135414,46546838.942307696,60535576691.26757,42346178.02546574,0.1855760456889874,1770934650.291288,1770934650.291288
3.030471414601134,30,1,60531716843.91468,42573628.80391632,42878999.29037951,60532022234.87596,44417717.23909745,38791723.32428822,-96.1051025390625,-93.1968994140625,-0.8436999917030334,0.7756999731063843,[0. 0. 0.],[0. 0. 0. 1.],5.318561597208403,-2.248461528162382,"(30, 1)",305391.20405578613,305370.4833984375,-60493230511.64582,1538717.9487179443,3.0701000690460205,-2.248461528162382,60531716843.76157,42878999.21123798,44417717.159955926,42573628.727839544,60532022234.96563,38791723.3198117,0.18568280822171887,1770934650.3559527,1770934650.3559527
3.208841547965803,31,1,60408513133.8438,52277550.23181708,52581771.72627694,60408817377.31503,54120489.67499489,50019687.85719224,-91.29850006103516,-90.99539947509766,-1.9063999652862549,1.8690999746322632,[0. 0. 0.],[0. 0. 0. 1.],5.403218332373771,-2.1715183888312906,"(31, 1)",304243.4927139282,304221.3479066491,-60358797689.38019,1538717.9487179518,3.2316999435424805,-2.1715183888312906,60408513133.825676,52581771.647135414,54120489.595853366,52277550.299228765,60408817377.31839,50019687.93820112,0.18346846832796526,1770934650.43137,1770934650.43137
4.647263195462596,20,2,59910841194.80346,20912509.24409545,21218149.938778944,59978363278.91977,22756867.887496892,22864058.989091642,-85.68800354003906,-84.69329833984375,-7.229800224304199,7.303400039672852,[0. 0. 0.],[0. 0. 0. 1.],5.780256972993651,-0.9976570469987776,"(20, 2)",67522084.56968689,305640.2431390211,-59955499219.92281,1538717.948717948,4.782599925994873,-0.9976570469987776,59910841194.72312,21218149.852263622,22756867.80098157,20912509.6091246,59978363279.29281,22864059.369991988,0.19861634751702203,1770934650.470825,1770934650.470825
4.114719978148266,21,2,60776264231.87196,15071896.397046916,15375970.451599455,60776568334.63323,16914688.400317404,14472187.103452273,-92.52310180664062,-93.18479919433594,-3.958100080490112,4.227200031280518,[0. 0. 0.],[0. 0. 0. 1.],6.2983455293594135,-2.075845681947304,"(21, 2)",304103.3153076172,304073.9401792865,-60762096147.78863,1538717.948717948,4.222499847412109,-2.075845681947304,60776264231.58207,15375970.365084134,16914688.313802082,15071896.424904848,60776568334.89738,14472187.108748998,0.1844222285804259,1770934650.5321298,1770934650.5321298
4.3989771494606025,30,2,60770710633.978775,9098221.54123191,9406651.541343044,60771019094.82588,10945369.490060994,8922948.420955881,-85.72589874267578,-85.29660034179688,-4.931300163269043,4.764599800109863,[0. 0. 0.],[0. 0. 0. 1.],5.370857095168491,-0.810057019637485,"(30, 2)",308461.4602127075,308429.54977964796,-60762096146.489685,1538717.94871795,4.560800075531006,-0.810057019637485,60770710633.82567,9406651.454827724,10945369.403545674,9098221.905048076,60771019095.28588,8922948.796198918,0.1971435866089574,1770934650.5933917,1770934650.5933917
5.028865712580831,31,2,60631507853.39508,2802591.837271698,3108462.4387789425,60631813759.40491,4647180.3874968905,4150435.3755082604,-90.98079681396484,-91.072998046875,-6.12060022354126,5.9268999099731445,[0. 0. 0.],[0. 0. 0. 1.],5.909298044654857,-0.8537980141372792,"(31, 2)",305906.0277709961,305870.4239282855,-60627663323.94236,1538717.948717948,5.055500030517578,-0.8537980141372792,60631507853.37695,3108462.352263622,4647180.30098157,2802591.9283353365,60631813759.404724,4150435.4623647835,0.18343928140265123,1770934650.6568193,1770934650.6568193
6.575930422349309,20,3,60159834800.572685,62424654.693767525,62731619.50283993,60227358219.67251,64270337.45155788,2993348.6369596054,-90.52429962158205,-90.88700103759766,-0.3986000120639801,0.4478999972343445,[0. 0. 0.],[0. 0. 0. 1.],8.333480663273496,-1.6989806365706155,"(20, 3)",67523419.2677002,306964.58082932234,-60224364871.01143,1538717.9487179518,6.634500026702881,-1.6989806365706155,60159834800.49235,62731619.40354567,64270337.35226362,62424654.82271635,60227358219.76005,2993348.7486227965,0.18339621251942922,1770934650.719809,1770934650.719809
5.926105235202134,21,3,61024257829.628365,55585207.47033204,55889784.5669425,61024562445.501755,57428502.51566044,60817056.99831209,-85.1885986328125,-85.48069763183594,2.4502999782562256,-2.5592000484466557,[0. 0. 0.],[0. 0. 0. 1.],8.658882207513464,-2.5139823623901734,"(21, 3)",304616.7931213379,304576.6038161069,-60963745388.746025,1538717.9487179443,6.144899845123291,-2.5139823623901734,61024257829.33847,55889784.46764824,57428502.41636618,55585207.86383213,61024562446.13159,60817057.385566905,0.19791869826434666,1770934650.7802315,1770934650.7802315
5.893483509662653,30,3,61020704135.58134,51611607.50882002,51917420.78489122,61021009987.612045,53456138.73360916,57264600.10825702,-88.54889678955078,-88.25689697265625,1.309399962425232,-1.8178999423980715,[0. 0. 0.],[0. 0. 0. 1.],8.088195173008208,-2.0714953820536177,"(30, 3)",305852.5046310425,305812.94133113325,-60963745387.57228,1538717.9487179443,6.01669979095459,-2.0714953820536177,61020704135.42823,51917420.68559696,53456138.6343149,51611607.744265825,61021009987.93286,57264600.36057692,0.1855670550953365,1770934650.8434355,1770934650.8434355
6.835641346435971,31,3,60881501931.920715,45316690.10867858,45622717.25925019,60881808004.43036,47161435.20796814,52495439.03604475,-96.7156982421875,-90.7155990600586,0.0754000023007392,-0.9117000102996826,[0. 0. 0.],[0. 0. 0. 1.],8.413408825323614,-1.5699086879945128,"(31, 3)",306072.5441970825,306027.11212940514,-60829312565.29101,1538717.9487179518,6.843500137329102,-1.5699086879945128,60881501931.90259,45622717.159955926,47161435.10867388,45316690.04782652,60881808004.446785,52495439.155774236,0.18435615834837413,1770934650.9043968,1770934650.9043968
4.934835516049397,20,4,60383829055.38037,26430778.01571383,26739103.473937944,60451353824.80654,28277821.42265589,25339726.13592255,-99.56510162353516,-98.60130310058594,-2.357100009918213,2.5592000484466557,[0. 0. 0.],[0. 0. 0. 1.],5.9957967768636635,-1.0664969454732827,"(20, 4)",67524769.39665985,308325.4613631815,-60426014098.65064,1538717.948717948,4.929299831390381,-1.0664969454732827,60383829055.30003,26739103.377904646,28277821.326622594,26430777.916541465,60451353824.69669,25339726.04604868,0.1887098946737141,1770934650.9501507,1770934650.9501507
4.307922354637483,21,4,61249252020.33349,20591831.731134884,20898502.512399483,61249558719.777794,22437220.46111743,16947693.7115205,-96.78450012207033,-97.28389739990234,0.6258000135421753,-0.8827999830245972,[0. 0. 0.],[0. 0. 0. 1.],6.075795992695039,-1.686695917926973,"(21, 4)",306699.9073562622,306670.7513271235,-61232611026.313,1538717.948717948,4.389100074768066,-1.686695917926973,61249252020.043594,20898502.416366186,22437220.365084134,20591831.665039062,61249558719.95095,16947693.63794571,0.18761144763244825,1770934651.0051377,1770934651.0051377
4.830402715328588,30,4,61245698294.235176,16617852.013981571,16923638.7303482,61246004113.29393,18462356.67906615,13393088.196020227,-91.8677978515625,-92.46620178222656,-0.8827999830245972,0.5895000100135803,[0. 0. 0.],[0. 0. 0. 1.],5.940327473034791,-1.0435274318360603,"(30, 4)",305819.32654571533,305786.5553635806,-61232611025.17056,1538717.9487179518,4.8968000411987305,-1.0435274318360603,61245698294.08207,16923638.634314902,18462356.583032854,16617852.078951322,61246004113.408615,13393088.238055889,0.1839458866647819,1770934651.0683787,1770934651.0683787
4.763684814165004,31,4,61108496555.318146,12323021.560804095,12627629.114963587,61108801195.06034,14166347.063681537,10622991.946698694,-83.74649810791016,-84.2782974243164,-1.6512000560760498,1.3698999881744385,[0. 0. 0.],[0. 0. 0. 1.],6.018622700489663,-1.142422501362466,"(31, 4)",304640.049079895,304607.090094151,-61098178203.01449,1538717.94871795,4.876200199127197,-1.142422501362466,61108496555.30002,12627629.018930288,14166346.967648238,12323021.928836137,61108801195.3491,10622992.334610377,0.19978123253485536,1770934651.1313827,1770934651.1313827
2.1822355893244336,20,5,60626822821.406006,10403723.862764064,10707797.612734409,60694343321.169266,12246515.561452357,66679993.87995985,-88.07759857177734,-88.63300323486328,-4.256100177764893,4.013999938964844,[0. 0. 0.],[0. 0. 0. 1.],3.059692769990478,-0.7127927837233883,"(20, 5)",67520500.05007935,304072.8759765625,-60627663326.97846,1538717.948717948,2.34689998626709,-0.7127927837233883,60626822821.32567,10707797.288161058,12246515.236879006,10403724.412184495,60694343321.37575,66679994.397285655,0.18568960104701882,1770934651.1867697,1770934651.1867697
1.7749810405065065,21,5,61492245746.29502,4565390.531592122,4872421.010170307,61492552788.93764,6411138.958888256,58292534.127483465,-81.6323013305664,-82.38140106201172,-1.4453999996185305,0.9480000138282776,[0. 0. 0.],[0. 0. 0. 1.],2.7001653466200923,-0.7043653283095455,"(21, 5)",307043.41007995605,307029.7632461935,-61434260254.76602,1538717.948717949,1.9958000183105469,-0.7043653283095455,61492245746.00513,4872420.685596955,6411138.634314904,4565390.9223507615,61492552789.41521,58292534.649188705,0.1571268530099934,1770934651.2481573,1770934651.2481573
1.7331633334098804,30,5,61488691980.13261,591032.3788754706,897180.6255549223,61488998140.5214,2435898.5742728706,54737887.00824713,-80.45890045166016,-81.17780303955078,-2.0553998947143555,1.8560999631881716,[0. 0. 0.],[0. 0. 0. 1.],3.307452451537286,-1.4726524465781794,"(30, 5)",306160.6226196289,306147.75828826125,-61434260253.29493,1538717.9487179485,1.8348000049591064,-1.4726524465781794,61488691979.9795,897180.3009815705,2435898.249699519,591032.5426933093,61488998140.60212,54737887.307191506,0.08957027628779604,1770934651.3127234,1770934651.3127234
1.6898099626773833,31,5,61363490513.651474,8296071.739669573,8600193.446067741,61363794647.451294,10138911.394785691,63967215.687666714,-81.58760070800781,-81.8718032836914,-2.981100082397461,3.274499893188477,[0. 0. 0.],[0. 0. 0. 1.],2.987940860432817,-1.1942408806507125,"(31, 5)",304133.86418151855,304120.99984975904,-61299827431.373604,1538717.94871795,1.7936999797821045,-1.1942408806507125,61363490513.63335,8600193.12149439,10138911.07021234,8296072.121644631,61363794647.49753,63967216.12392328,0.1442331121034751,1770934651.3863542,1770934651.3863542
3.2252671537847797,20,11,60881816491.277794,59137745.39655622,59441627.49439623,60949336805.54827,60980345.443114184,52807833.180753365,-82.91639709472656,-83.0342025756836,-1.924100041389465,1.0988999605178833,[0. 0. 0.],[0. 0. 0. 1.],7.238867807619097,-3.904267835847857,"(20, 11)",67520314.6440506,303881.74203725904,-60896528972.37045,1538717.9487179518,3.33459997177124,-3.904267835847857,60881816491.19746,59441627.41636618,60980345.365084134,59137745.67432892,60949336805.84151,52807833.47105368,0.18876189710816144,1770934651.4418132,1770934651.4418132
3.6748058436044917,21,11,61747239167.76938,53300124.18334913,53666835.82772957,61747605903.32969,55205553.77644752,44480003.34741908,-92.57009887695312,-92.09739685058594,1.4639999866485596,-2.183900117874145,[0. 0. 0.],[0. 0. 0. 1.],6.76620379035099,-2.9790038162909314,"(21, 11)",366736.15283966064,366711.5509815663,-61703125900.251915,1538717.9487179518,3.7871999740600586,-2.9790038162909314,61747239167.479485,53666835.74969952,55205553.69841747,53300124.19871795,61747605903.632324,44480003.38040865,0.1840563189811825,1770934651.503234,1770934651.503234
4.914845476771665,21,0,61977233230.26937,17526866.41015107,17833814.92439637,61977540212.76162,19372532.873114318,5548680.215575383,-87.10700225830078,-98.66500091552734,-2.156899929046631,1.7955000400543213,[0. 0. 0.],[0. 0. 0. 1.],8.86107451211785,-3.8372746158776163,"(21, 0)",306982.9383239746,306948.3047876619,-61971991532.90478,1538717.948717948,5.023799896240234,-3.8372746158776163,61977233229.97948,17833814.916366186,19372532.865084134,17526866.611578524,61977540212.9178,5548680.013020833,0.18362661352389237,1770934651.7331932,1770934651.7331932
2.813154295388554,20,1,61336804600.252144,38929848.616530664,39237116.277559,61404328297.90229,40775834.22627694,37284456.55550288,-89.77539825439453,-88.98909759521484,-3.062099933624268,2.795799970626831,[0. 0. 0.],[0. 0. 0. 1.],5.378421035517765,-2.4923209817305336,"(20, 1)",67523697.91666412,307267.4404046461,-61367043841.34831,1538717.9487179443,2.8861000537872314,-2.4923209817305336,61336804600.17181,39237116.19841747,40775834.147135414,38929848.758012824,61404328298.08847,37284456.74015926,0.18400631396856834,1770934651.9030466,1770934651.9030466
2.6646934547746657,21,1,62219226980.26936,50093245.4814766,50397597.046789765,62219531349.63284,51936314.99550771,45890580.48350507,-89.63410186767578,-88.52400207519531,0.0241999998688697,-0.2569999992847442,[0. 0. 0.],[0. 0. 0. 1.],5.464760744195486,-2.6426608201079613,"(21, 1)",304370.1328353882,304351.33713942766,-62173640769.417564,1538717.9487179443,2.8220999240875244,-2.6426608201079613,62219226979.97947,50397596.96764824,51936314.91636618,50093245.63050881,62219531350.112305,45890580.69473658,0.18440146487006645,1770934651.9751954,1770934651.9751954
3.0355034852675944,30,1,62214673117.9531,45118174.13037468,45424071.405764125,62214979035.762215,46962789.35448207,41338267.925530925,-95.65470123291016,-93.35150146484376,-0.9610999822616576,0.5569000244140625,[0. 0. 0.],[0. 0. 0. 1.],5.318561597208403,-2.2428615525764446,"(30, 1)",305918.0469970703,305897.2637469992,-62173640767.930824,1538717.9487179443,3.075700044631958,-2.2428615525764446,62214673117.799995,45424071.3266226,46962789.27534054,45118174.0628756,62214979035.84699,41338267.916165866,0.18563401985136244,1770934652.037421,1770934652.037421
3.074504740629723,31,1,62076473622.62582,39824511.29846444,40129375.89294361,62076778508.30179,41668093.84166156,37570562.4337297,-92.66580200195312,-92.24610137939452,-1.937100052833557,1.843999981880188,[0. 0. 0.],[0. 0. 0. 1.],5.403218332373771,-2.321818414771232,"(31, 1)",304885.64515686035,304864.501953125,-62039207945.790405,1538717.9487179443,3.081399917602539,-2.321818414771232,62076473622.60769,40129375.813802086,41668093.76252003,39824511.31184896,62076778508.252846,37570562.4624399,0.18414011905733355,1770934652.10118,1770934652.10118
4.615090079816871,20,2,61614797468.84188,44446322.9009278,44751851.861855865,61682319441.01827,46290569.81057382,46409964.72433496,-84.1530990600586,-84.29080200195312,-7.091000080108643,7.316400051116943,[0. 0. 0.],[0. 0. 0. 1.],5.780256972993651,-1.0294568402421858,"(20, 2)",67521972.6249466,305528.5018529594,-61635909476.28608,1538717.9487179518,4.750800132751465,-1.0294568402421858,61614797468.76154,44751851.77534054,46290569.724058494,44446323.27348758,61682319441.38649,46409965.100410655,0.20028247760262227,1770934652.1747122,1770934652.1747122
4.074596897858459,21,2,62480220241.487305,38610715.36116684,38914488.079804584,62480524042.64985,40453206.028522536,38017638.74115487,-92.36979675292967,-90.0344009399414,-3.8510000705718994,3.795099973678589,[0. 0. 0.],[0. 0. 0. 1.],6.2983455293594135,-2.0953454606948627,"(21, 2)",303801.84858703613,303772.5986578539,-62442506404.16754,1538717.9487179518,4.203000068664551,-2.0953454606948627,62480220241.19741,38914487.99328926,40453205.942007214,38610715.39463141,62480524043.046,38017638.87845553,0.18344383860194902,1770934652.2361822,1770934652.2361822
4.282008402339613,30,2,62476666315.06848,34635066.66016093,34943470.45159946,62476974748.90427,36482188.40031741,34468345.979578905,-86.38569641113281,-85.32820129394531,-4.904300212860107,5.283299922943115,[0. 0. 0.],[0. 0. 0. 1.],5.370857095168491,-0.9310573095544772,"(30, 2)",308434.4482421875,308403.36726261675,-62442506403.00945,1538717.9487179518,4.439799785614014,-0.9310573095544772,62476666314.915375,34943470.365084134,36482188.313802086,34635066.99782152,62476974749.36362,34468346.354166664,0.19562100969450721,1770934652.2996252,1770934652.2996252
5.017786588893732,31,2,62337467436.72838,28341489.48547331,28647028.14390715,62337773010.7223,30185746.092625096,29699430.298332788,-91.46240234375,-90.72940063476562,-6.144800186157227,5.876599788665772,[0. 0. 0.],[0. 0. 0. 1.],5.909298044654857,-0.8656979622573964,"(31, 2)",305574.02781677246,305538.5022285655,-62308073580.33693,1538717.948717948,5.043600082397461,-0.8656979622573964,62337467436.71025,28647028.057391826,30185746.006109774,28341489.55516326,62337773010.73807,29699430.401141826,0.18345179325631167,1770934652.3604834,1770934652.3604834
6.6572891606978635,20,3,61855791290.95726,10753615.92682421,11061675.592583524,61923315805.35384,12600393.541301474,18540677.391628314,-90.9480972290039,-90.50469970703124,-0.9545999765396118,0.0967999994754791,[0. 0. 0.],[0. 0. 0. 1.],8.333480663273496,-1.6178806495405862,"(20, 3)",67524514.58270264,308059.4576322101,-61904775127.93809,1538717.94871795,6.71560001373291,-1.6178806495405862,61855791290.87692,11061675.493289262,12600393.442007212,10753616.035657052,61923315805.459625,18540677.521534454,0.18339709039269153,1770934652.4157627,1770934652.4157627
5.94880145544851,21,3,62720214047.57704,3919148.3825002774,4226034.566942498,62720520972.62458,5764752.515660447,9148917.157161564,-84.98310089111328,-84.28299713134766,2.566699981689453,-2.962500095367432,[0. 0. 0.],[0. 0. 0. 1.],8.658882207513464,-2.4900823303467163,"(21, 3)",306925.97218322754,306885.6889773635,-62711372055.71,1538717.948717949,6.168799877166748,-2.4900823303467163,62720214047.28715,4226034.467648237,5764752.416366186,3919148.7786708735,62720520973.25933,9148917.549328927,0.20018116679372755,1770934652.4760938,1770934652.4760938
5.795649037995845,30,3,62716660081.09412,67160059.25784642,248502.51566044698,62716964972.777016,1787220.4643783956,5592918.935246788,-88.40750122070312,-87.73629760742188,1.5822999477386477,-1.804900050163269,[0. 0. 0.],[0. 0. 0. 1.],8.088195173008208,-2.1636951844522994,"(30, 3)",304892.18687438965,-66911557.085086145,-62711372053.91026,1538717.9487179485,5.924499988555908,-2.1636951844522994,62716660080.94101,248502.4163661859,1787220.3650841345,67160059.50145233,62716964973.127884,5592919.2176231975,0.18641022556372705,1770934652.5393734,1770934652.5393734
7.341825199084725,31,3,62577461747.62581,60867175.032425344,61172364.695147626,62577766985.37747,62711082.64386557,827750.0456703492,-91.40570068359376,-90.7052993774414,0.426499992609024,-1.0039000511169434,[0. 0. 0.],[0. 0. 0. 1.],8.413408825323614,-1.0413089489198057,"(31, 3)",305237.7867050171,305189.4750350565,-62576939235.22849,1538717.9487179443,7.372099876403809,-1.0413089489198057,62577461747.60768,61172364.595853366,62711082.54457131,60867175.12081831,62577766985.39439,827750.1658904246,0.18344256717899884,1770934652.6013522,1770934652.6013522
4.929768615433943,20,4,62092785209.22648,54972200.928684615,55278534.563681535,62160307986.774994,56817252.51239948,53883631.615918465,-99.091796875,-99.95020294189452,-2.7790000438690186,2.602099895477295,[0. 0. 0.],[0. 0. 0. 1.],5.9957967768636635,-1.0727969180074624,"(20, 4)",67522777.50650787,306333.6338141039,-62106424355.1391,1538717.9487179443,4.922999858856201,-1.0727969180074624,62092785209.14614,55278534.46764824,56817252.41636618,54972200.833834134,62160307986.65265,53883631.513546675,0.1889029515173721,1770934652.6527607,1770934652.6527607
4.415453825444747,21,4,62958207901.743706,49138273.72999758,49442188.40983538,62958511845.69057,50980906.35855333,45490562.63502756,-97.05650329589844,-96.59449768066406,0.6453999876976013,-0.6611999869346619,[0. 0. 0.],[0. 0. 0. 1.],6.075795992695039,-1.5782960499154983,"(21, 4)",303944.4204483032,303914.6540715173,-62913021283.30227,1538717.9487179443,4.497499942779541,-1.5782960499154983,62958207901.45381,49442188.313802086,50980906.26252003,49138273.65973057,62958511845.87426,45490562.571990184,0.1874781695701549,1770934652.7142236,1770934652.7142236
4.791366835179203,30,4,62940654263.786415,31162748.901659288,31468927.191886663,62940960474.17424,33007645.14060461,27939192.74436175,-92.42539978027344,-92.46109771728516,-0.4348999857902527,0.4460999965667724,[0. 0. 0.],[0. 0. 0. 1.],5.940327473034791,-1.085727520337037,"(30, 4)",306210.6557998657,306178.1506660655,-62913021281.502525,1538717.948717948,4.854599952697754,-1.085727520337037,62940654263.63331,31468927.095853366,33007645.044571314,31162748.9451873,62940960474.28911,27939192.78658353,0.18413483009033993,1770934652.7635584,1770934652.7635584
4.751577793305336,31,4,62785456819.74119,8870403.243806574,9174720.461117433,62785761169.06536,10713438.409835383,7172709.541500695,-84.21489715576172,-84.28839874267578,-1.5571000576019287,1.4574999809265137,[0. 0. 0.],[0. 0. 0. 1.],6.018622700489663,-1.151722733296059,"(31, 4)",304349.6312866211,304316.7349008415,-62778588459.42471,1538717.94871795,4.866899967193604,-1.151722733296059,62785456819.72306,9174720.365084134,10713438.313802084,8870403.630183293,62785761169.35435,7172709.92963742,0.20031721971806826,1770934652.8136423,1770934652.8136423
2.184743111165182,20,5,62308826555.380325,11990044.835261747,12294207.869144665,62376347144.44149,13832925.817862613,1057150.4699154582,-88.07009887695312,-89.16320037841797,-4.386499881744385,3.7997000217437744,[0. 0. 0.],[0. 0. 0. 1.],3.059692769990478,-0.7146927413802491,"(20, 5)",67520589.31790161,304162.159455128,-62375289993.660736,1538717.948717948,2.345000028610229,-0.7146927413802491,62308826555.29999,12294207.544571314,13832925.493289262,11990045.385116186,62376347144.61789,1057150.9571564503,0.18518340121394858,1770934652.8687413,1770934652.8687413
1.7713862232669992,21,5,63174202324.820625,6109768.285935605,6415441.84350364,63174508010.48574,7954159.792221589,59837499.10886688,-82.14810180664062,-82.55599975585938,-1.3522000312805176,1.0849000215530396,[0. 0. 0.],[0. 0. 0. 1.],2.7001653466200923,-0.6900654587721919,"(21, 5)",305686.4577026367,305672.7482722355,-63114670511.33273,1538717.948717949,2.0100998878479004,-0.6900654587721919,63174202324.53073,6415441.518930288,7954159.467648237,6109768.7706580525,63174508010.988434,59837499.65569912,0.17155005036918128,1770934652.930224,1770934652.930224
1.749274455462703,30,5,63170648286.22231,2133524.014052202,2439223.894785691,63170953998.32696,3977941.84350364,56283488.27838976,-80.1332015991211,-80.339599609375,-2.2929000854492188,2.0488998889923096,[0. 0. 0.],[0. 0. 0. 1.],3.307452451537286,-1.4851524942618954,"(30, 5)",305712.1863708496,305699.4315905445,-63114670509.830345,1538717.948717949,1.8222999572753904,-1.4851524942618954,63170648286.06921,2439223.5702123395,3977941.5189302885,2133524.138621795,63170953998.25558,56283488.42523037,0.0660117990431929,1770934652.993382,1770934652.993382
1.6751521877908784,31,5,63031450986.407845,63057361.00675666,63361675.817862615,63031755313.23984,64900393.76658057,51517625.19119888,-81.42549896240234,-81.93260192871094,-3.4159998893737797,3.275399923324585,[0. 0. 0.],[0. 0. 0. 1.],2.987940860432817,-1.2120408541385665,"(31, 5)",304326.90742492676,304314.1369941905,-62980237687.65862,1538717.9487179518,1.7759000062942505,-1.2120408541385665,63031450986.38972,63361675.49328926,64900393.442007214,63057361.35629507,63031755313.29714,51517625.638521634,0.1412748444437733,1770934653.0543997,1770934653.0543997
3.2279496652243695,20,11,62533774255.70083,30682704.519638307,30986579.417473156,62601294562.7861,32525297.366191104,24355333.99272133,-83.0552978515625,-83.05229949951172,-1.8170000314712524,1.5961999893188477,[0. 0. 0.],[0. 0. 0. 1.],7.238867807619097,-3.8990679266376516,"(20, 11)",67520307.46068573,303874.5273687914,-62576939228.79632,1538717.948717948,3.3397998809814453,-3.8990679266376516,62533774255.62049,30986579.33944311,32525297.288161058,30682704.81207432,62601294563.08118,24355334.284855768,0.1902670760928731,1770934653.1007614,1770934653.1007614
3.647422156409343,21,11,63405196363.28216,30849643.865606055,31215914.353370592,63405562657.50757,32754632.30208854,22026501.13073233,-91.69670104980467,-93.33260345458984,1.430500030517578,-1.5300999879837036,[0. 0. 0.],[0. 0. 0. 1.],6.76620379035099,-3.007803826972084,"(21, 11)",366294.77476501465,366270.3607021235,-63383536156.646484,1538717.948717948,3.758399963378906,-3.007803826972084,63405196362.99226,31215914.275340546,32754632.224058494,30849643.914638422,63405562657.76703,22026501.12054287,0.1841312959135148,1770934653.1612475,1770934653.1612475
5.521458718923367,21,0,63669189544.371895,29069974.795204543,29377020.052601498,63669496626.4191,30915738.001319446,17094831.26542149,-87.76229858398438,-87.7052993774414,-1.8597999811172483,1.7331000566482544,[0. 0. 0.],[0. 0. 0. 1.],8.86107451211785,-3.1806746174034943,"(21, 0)",307082.8638305664,307045.0846354179,-63652401795.51241,1538717.948717948,5.680399894714356,-3.1806746174034943,63669189544.082,29377020.044571314,30915737.993289262,29069974.959935896,63669496626.94583,17094831.433418468,0.18736792044648443,1770934653.4250915,1770934653.4250915
2.8335915357467276,20,1,63027761218.84184,49471109.681706734,49776771.72627694,63095283310.966484,51315489.67499489,47829213.00603025,-89.2114028930664,-88.6521987915039,-2.898200035095215,3.078900098800659,[0. 0. 0.],[0. 0. 0. 1.],5.378421035517765,-2.464321103800846,"(20, 1)",67522092.41035461,305661.7932441905,-63047454097.961975,1538717.9487179518,2.914099931716919,-2.464321103800846,63027761218.761505,49776771.647135414,51315489.595853366,49471109.85389122,63095283311.17186,47829213.20988582,0.18458094850499548,1770934653.5933213,1770934653.5933213
2.6697997698199107,21,1,63892183791.16676,42639942.25882035,42946234.86730258,63892490101.66678,44484952.81602053,38439076.404573664,-89.63410186767578,-89.0634994506836,0.0772000029683113,0.1759999990463256,[0. 0. 0.],[0. 0. 0. 1.],5.464760744195486,-2.6421608563475854,"(21, 1)",306311.23860168457,306292.380308494,-63854051025.53043,1538717.9487179518,2.8225998878479004,-2.6421608563475854,63892183790.87687,42946234.788161054,44484952.736879006,42639942.40785256,63892490102.11547,38439076.585036054,0.1840330947585452,1770934653.648142,1770934653.648142
2.9899264243671704,30,1,63887629664.42742,37662996.28189591,37968991.277559,63887935679.65586,39507709.22627694,33884655.42461126,-94.8647003173828,-93.802001953125,-1.1240999698638916,1.097000002861023,[0. 0. 0.],[0. 0. 0. 1.],5.318561597208403,-2.2879615262550335,"(30, 1)",306015.4528503418,305994.96694711596,-63854051024.32539,1538717.9487179443,3.030600070953369,-2.2879615262550335,63887629664.274315,37968991.19841747,39507709.147135414,37662996.231470354,63887935679.727165,33884655.40176783,0.18559215747306373,1770934653.7103767,1770934653.7103767
3.075011564549249,31,1,63749433975.18988,32371331.333819505,32676186.79037951,63749738851.7654,34214904.73909745,30120649.659273226,-92.19270324707033,-92.9032974243164,-2.1382999420166016,1.7871999740600586,[0. 0. 0.],[0. 0. 0. 1.],5.403218332373771,-2.3222182427283853,"(31, 1)",304876.5211868286,304855.3466796875,-63719618202.02847,1538717.9487179443,3.0810000896453857,-2.3222182427283853,63749433975.17175,32676186.711237982,34214904.659955926,32371331.364558294,63749738851.69294,30120649.66446314,0.18419774417260912,1770934653.7725008,1770934653.7725008
4.627687731115004,20,2,63250755497.687996,67198775.41038464,289295.77211227576,63318278871.575,1828013.7208302245,1959138.6673891235,-84.8228988647461,-83.85469818115234,-7.688899993896484,6.903800010681152,[0. 0. 0.],[0. 0. 0. 1.],5.780256972993651,-1.0178568226945783,"(20, 2)",67523374.32078552,-66909480.10566907,-63316319732.89975,1538717.9487179485,4.762400150299072,-1.0178568226945783,63250755497.60766,289295.6855969551,1828013.6343149038,67198775.79126602,63318278871.928444,1959139.0286959135,0.20036381309111234,1770934653.8175125,1770934653.8175125
4.148395425376995,21,2,64118178526.743675,63368493.134499066,63674375.90031741,64118484438.41414,65213093.84903535,62784188.1481902,-91.9810028076172,-92.6981964111328,-4.381800174713135,3.852799892425537,[0. 0. 0.],[0. 0. 0. 1.],6.2983455293594135,-2.0366453760085834,"(21, 2)",305912.24083709717,305882.6309595406,-64055700250.524796,1538717.9487179443,4.26170015335083,-2.0366453760085834,64118178526.45378,63674375.813802086,65213093.76252003,63368493.182842545,64118484438.69462,62784188.16982172,0.1840546497946639,1770934653.8740945,1770934653.8740945
4.328452747303772,30,2,64113623791.02998,58390462.00889026,58698919.169548176,64113932278.62361,60237637.11826612,58232029.936367586,-86.96440124511719,-85.86730194091797,-5.004899978637695,4.791600227355957,[0. 0. 0.],[0. 0. 0. 1.],5.370857095168491,-0.891257142470737,"(30, 2)",308488.19047546387,308456.7651993185,-64055700248.772,1538717.9487179443,4.479599952697754,-0.891257142470737,64113623790.87688,58698919.083032854,60237637.0317508,58390462.317833535,64113932279.06735,58232030.29534756,0.19289115249538444,1770934653.9363773,1770934653.9363773
5.024876176937701,31,2,64000428029.677055,10881665.160650205,11187605.06698407,64000734004.95617,12726323.015702019,12250168.05938758,-90.5145034790039,-91.47869873046876,-6.091700077056885,5.870999813079834,[0. 0. 0.],[0. 0. 0. 1.],5.909298044654857,-0.857098204109203,"(31, 2)",305975.2791976929,305939.70665564947,-63988483836.809746,1538717.948717948,5.052199840545654,-0.857098204109203,64000428029.65893,11187604.98046875,12726322.929186698,10881665.2738131,64000734004.938126,12250168.128380409,0.1834276591539301,1770934654.0233128,1770934654.0233128
6.601170148022233,20,3,63449532268.521324,58516317.04877346,58822484.887455314,63517054890.73783,60361202.836173266,66302326.98776505,-90.68479919433594,-90.26319885253906,-0.8270000219345093,0.1462000012397766,[0. 0. 0.],[0. 0. 0. 1.],8.333480663273496,-1.6703808974959085,"(20, 3)",67522622.41461182,306167.61818909645,-63450752563.725945,1538717.9487179518,6.663099765777588,-1.6703808974959085,63449532268.44099,58822484.788161054,60361202.736879006,58516317.16997196,63517054890.8556,66302327.129657455,0.18340354818150756,1770934654.0767572,1770934654.0767572
5.911861883038281,21,3,64382171138.92316,52686705.95984509,52991026.554121986,64382475498.206,54529744.50283993,57909596.91342156,-84.46050262451172,-85.05609893798828,2.51449990272522,-2.7325000762939453,[0. 0. 0.],[0. 0. 0. 1.],8.658882207513464,-2.5266824432617554,"(21, 3)",304360.21071624756,304320.0996594578,-64324565901.53516,1538717.9487179443,6.132199764251709,-2.5266824432617554,64382171138.63326,52991026.454827726,54529744.40354567,52686706.35516827,64382475498.84398,57909597.30881911,0.19992852725799024,1770934654.1381223,1770934654.1381223
5.862297488287243,30,3,64362617324.68382,32709734.20768133,33014167.57976301,64362921796.62979,34552885.52848096,38355896.43076966,-88.42769622802734,-87.12650299072266,1.3065999746322632,-2.1205999851226807,[0. 0. 0.],[0. 0. 0. 1.],8.088195173008208,-2.092095224125151,"(30, 3)",304472.4841003418,304433.030348558,-64324565900.26752,1538717.9487179518,5.996099948883057,-2.092095224125151,64362617324.530716,33014167.48046875,34552885.4291867,32709734.450120192,64362921797.01482,38355896.74729567,0.18738433755846323,1770934654.1854758,1770934654.1854758
6.329781184911378,31,3,64223501322.94628,26497402.383876923,26803446.425916854,64223807409.569275,28342164.374634806,33674334.359337576,-98.72959899902344,-99.72599792480467,0.6621000170707703,-0.8203999996185303,[0. 0. 0.],[0. 0. 0. 1.],8.413408825323614,-2.1121087764954893,"(31, 3)",306086.4414291382,306044.0298227146,-64190133075.106636,1538717.9487179518,6.301300048828125,-2.1121087764954893,64223501322.928154,26803446.326622594,28342164.275340546,26497402.29679988,64223807409.36958,33674334.26294571,0.18877378485763663,1770934654.2621343,1770934654.2621343
4.947398409489933,20,4,63715446699.61106,64435419.81586934,64818534.563681535,63783046258.56868,66357252.51239948,63428057.20883738,-97.90180206298828,-96.86859893798828,-2.863800048828125,2.4539999961853027,[0. 0. 0.],[0. 0. 0. 1.],5.9957967768636635,-1.0480967532125405,"(20, 4)",67599558.95056915,383114.73357371986,-63719618201.33987,1538717.9487179443,4.947700023651123,-1.0480967532125405,63715446699.53072,64818534.46764824,66357252.41636618,64435419.73407452,63783046258.48129,63428057.14142628,0.18781368605937165,1770934654.342749,1770934654.342749
4.460672911361081,21,4,64634164632.51289,44685556.299601704,44991491.29445077,64634470597.02231,46530209.24316871,41039057.29050063,-96.77069854736328,-96.68840026855467,0.5698999762535095,-0.5159000158309937,[0. 0. 0.],[0. 0. 0. 1.],6.075795992695039,-1.5325959766733108,"(21, 4)",305964.9814758301,305934.96469350904,-64593431539.97854,1538717.9487179443,4.5432000160217285,-1.5325959766733108,64634164632.223,44991491.19841747,46530209.147135414,44685556.23372396,64634470597.204475,41039057.225936495,0.1874191961945424,1770934654.397097,1770934654.397097
4.783948620641863,30,4,64631610337.504326,41707752.55819323,42013061.80727128,64631915678.81357,43551779.75598922,38484141.03607062,-92.27539825439452,-92.44580078125,-0.6025000214576721,0.4814000129699707,[0. 0. 0.],[0. 0. 0. 1.],5.940327473034791,-1.0923274234437264,"(30, 4)",305341.57777404785,305309.1039413065,-64593431537.85014,1538717.9487179443,4.8480000495910645,-1.0923274234437264,64631610337.35122,42013061.71123798,43551779.659955926,41707752.607296675,64631915678.92899,38484141.07885116,0.18407802890633881,1770934654.4544406,1770934654.4544406
4.749553348957569,31,4,64426199928.71551,36417003.12617041,36721507.32009179,64426504465.04019,38260225.26880974,34722159.55032782,-83.39070129394531,-84.38079833984375,-1.435099959373474,1.437000036239624,[0. 0. 0.],[0. 0. 0. 1.],6.018622700489663,-1.1597226302992336,"(31, 4)",304536.6336135864,304503.7528796047,-64391782305.39072,1538717.9487179518,4.85890007019043,-1.1597226302992336,64426199928.69738,36721507.224058494,38260225.172776446,36417003.47117889,64426504465.33099,34722159.94027945,0.199162444546204,1770934654.5163846,1770934654.5163846
2.2079100010635577,20,5,63944519560.18797,34481961.503125496,34788775.176836975,64012042800.01962,36327493.12555493,23558959.72208863,-88.19889831542969,-89.1272964477539,-4.428400039672852,4.114500045776367,[0. 0. 0.],[0. 0. 0. 1.],3.059692769990478,-0.6923927364211422,"(20, 5)",67523240.09039307,306812.80674078315,-63988483839.98669,1538717.9487179518,2.367300033569336,-0.6923927364211422,63944519560.107635,34788774.85226362,36327492.800981574,34481962.04552284,64012042800.19803,23558960.21133814,0.1850741613261529,1770934654.571723,1770934654.571723
1.7944443001198485,21,5,64809941948.21802,28653579.470155332,28960834.47170877,64810249215.4731,30499552.42042672,15168447.639057046,-81.9208984375,-82.69770050048828,-1.4853999614715576,1.270300030708313,[0. 0. 0.],[0. 0. 0. 1.],2.7001653466200923,-0.6701653752303218,"(21, 5)",307268.06640625,307254.2317708358,-64795080767.7899,1538717.948717948,2.0299999713897705,-0.6701653752303218,64809941947.92812,28960834.147135418,30499552.095853366,28653579.915364582,64810249215.99453,15168448.204627404,0.16954376672102803,1770934654.633115,1770934654.633115
1.7435074960036647,30,5,64873604047.440216,24675421.30479472,24981427.42042672,64873910065.73249,26520145.369144667,11612888.970350312,-80.66210174560547,-80.08480072021484,-1.972499966621399,1.9538999795913696,[0. 0. 0.],[0. 0. 0. 1.],3.307452451537286,-1.4838523977500542,"(30, 5)",306018.3481063843,306005.5933243185,-64862297176.54392,1538717.948717948,1.8236000537872317,-1.4838523977500542,64873604047.28711,24981427.095853366,26520145.044571314,24675421.502529047,64873910065.635216,11612889.091296073,0.06894614348706626,1770934654.6964831,1770934654.6964831
1.679558611935402,31,5,64667194215.57448,18384889.757661857,18688943.446067743,64667498281.30627,20227661.39478569,6850336.816100749,-82.58809661865234,-81.57589721679688,-3.232599973678589,3.161799907684326,[0. 0. 0.],[0. 0. 0. 1.],2.987940860432817,-1.1875408417408004,"(31, 5)",304065.7395553589,304052.81262519956,-64660647944.10014,1538717.948717948,1.8004000186920166,-1.1875408417408004,64667194215.55635,18688943.12149439,20227661.070212338,18384890.30886919,64667498281.295906,6850337.195763221,0.15988262217228796,1770934654.7574012,1770934654.7574012
3.212065323648912,20,11,64187513678.77771,4009203.3270399915,4313029.737985975,64255033937.300934,5851747.686703924,64900862.510246016,-83.59480285644531,-83.95120239257812,-1.9258999824523928,1.0980000495910645,[0. 0. 0.],[0. 0. 0. 1.],7.238867807619097,-3.8990679266376516,"(20, 11)",67520258.96121216,303825.996594551,-64190133074.793625,1538717.948717949,3.3397998809814453,-3.8990679266376516,64187513678.69737,4313029.659955929,5851747.608673878,4009203.663361378,64255033937.658585,64900862.864958934,0.1986665588534319,1770934654.8147035,1770934654.8147035
3.634460713899598,21,11,65052935674.17955,65397761.06047726,65763582.62260136,65053301519.397285,85890.31490905289,56571516.88229216,-92.19750213623048,-92.19750213623048,1.4565000534057615,-1.676300048828125,[0. 0. 0.],[0. 0. 0. 1.],6.76620379035099,-3.017903714819984,"(21, 11)",365845.80641937256,365821.454952918,-64996730002.784645,-65677692.307692304,3.748300075531006,-3.017903714819984,65052935673.889656,65763582.54457131,85890.2368790064,65397761.08961839,65053301519.696075,56571516.911433294,0.18397169778973232,1770934654.8761318,1770934654.8761318
4.947145274290484,21,0,65279929816.807755,26613474.270574007,26919407.873114318,65280235784.57194,28458125.821832266,14640149.321013981,-87.22820281982422,-96.6613998413086,-1.6371999979019165,1.6689000129699707,[0. 0. 0.],[0. 0. 0. 1.],8.86107451211785,-3.8020744968590616,"(21, 0)",305968.23667907715,305933.399689503,-65265595635.60966,1538717.948717948,5.059000015258789,-3.8020744968590616,65279929816.51786,26919407.865084134,28458125.813802082,26613474.46539463,65280235784.75454,14640149.144881811,0.18366091262630288,1770934655.103078,1770934655.103078
2.8157275726170856,20,1,64656501290.95719,65012231.29902642,65317885.50832823,64724023375.17707,66856603.45704617,63375431.313213274,-89.98190307617188,-88.90019989013672,-2.98580002784729,2.8666000366210938,[0. 0. 0.],[0. 0. 0. 1.],5.378421035517765,-2.4905209214583173,"(20, 1)",67522084.49143219,305653.9995242432,-64660647943.86538,1538717.9487179443,2.887900114059448,-2.4905209214583173,64656501290.876854,65317885.4291867,66856603.377904646,65012231.42966246,64724023375.368286,63375431.502904646,0.18396188464662666,1770934655.2836733,1770934655.2836733
2.743670475009949,21,1,65521923566.80775,59186016.11335348,59489624.29037951,65522227193.30994,61028342.23909745,54982321.596576065,-89.847900390625,-88.5094985961914,0.1889999955892563,0.035300001502037,[0. 0. 0.],[0. 0. 0. 1.],5.464760744195486,-2.5652608510070087,"(21, 1)",303627.27238464355,303607.960236378,-65467244871.98159,1538717.9487179443,2.899499893188477,-2.5652608510070087,65521923566.51785,59489624.21123798,61028342.159955926,59186016.251001604,65522227193.79024,54982321.80864383,0.18428727382723178,1770934655.3451345,1770934655.3451345
3.0193159303365475,30,1,65583585609.9402,53207196.46621396,53511931.9826872,65583890365.85963,55050649.93140515,49429085.09296106,-95.3551025390625,-93.37039947509766,-0.6937999725341797,0.8418999910354614,[0. 0. 0.],[0. 0. 0. 1.],5.318561597208403,-2.2582614854377727,"(30, 1)",304756.15672302246,304735.4986728728,-65534461280.86081,1538717.9487179518,3.06030011177063,-2.2582614854377727,65583585609.787094,53511931.90354567,55050649.85226362,53207196.4048728,65583890365.94382,49429085.08300781,0.1855507975288013,1770934655.4063792,1770934655.4063792
3.0471012233895443,31,1,65377177957.56164,46918152.16554754,47222164.35448207,65377481990.68781,48760882.30320002,44669942.45918105,-92.1020965576172,-91.89019775390624,-1.8783999681472776,2.192300081253052,[0. 0. 0.],[0. 0. 0. 1.],5.403218332373771,-2.3440182839271153,"(31, 1)",304033.1092224121,304012.07557091117,-65332812048.15098,1538717.9487179518,3.0592000484466557,-2.3440182839271153,65377177957.54351,47222164.27534054,48760882.224058494,46918152.19976963,65377481990.65273,44669942.5017528,0.1838475375113934,1770934655.4674294,1770934655.4674294
4.596997962085902,20,2,64896495129.09821,32515883.86732996,32822693.208009712,64964018381.52396,34361411.156727664,34504802.57209294,-84.2688980102539,-83.88310241699219,-7.282899856567383,6.98859977722168,[0. 0. 0.],[0. 0. 0. 1.],5.780256972993651,-1.049056754792967,"(20, 2)",67523252.86082458,306808.8785807267,-64929513578.94401,1538717.9487179518,4.731200218200684,-1.049056754792967,64896495129.017876,32822693.12149439,34361411.07021234,32515884.242913663,64964018381.8787,34504802.93469551,0.1999866904824552,1770934655.5237427,1770934655.5237427
4.091460712636086,21,2,65761917372.897484,26690121.018947188,26993911.15672766,65762221191.54543,28532629.105445612,26110684.837964255,-90.53089904785156,-91.44609832763672,-4.040999889373779,3.924499988555908,[0. 0. 0.],[0. 0. 0. 1.],6.2983455293594135,-2.0767454736648334,"(21, 2)",303819.26708221436,303789.938902244,-65736110506.96632,1538717.9487179518,4.22160005569458,-2.0767454736648334,65761917372.60759,26993911.070212338,28532629.01893029,26690121.131310094,65762221191.87467,26110684.908353366,0.18342662779359437,1770934655.585131,1770934655.585131
4.398518985210658,30,2,65810579712.504295,7711177.947587199,8019528.143907147,65810888093.48772,9558246.092625096,7561177.570439545,-85.85050201416016,-85.21549987792969,-5.466800212860107,5.10830020904541,[0. 0. 0.],[0. 0. 0. 1.],5.370857095168491,-0.8108571523889498,"(30, 2)",308381.5980606079,308349.7502253605,-65803326916.00204,1538717.948717949,4.559999942779541,-0.8108571523889498,65810579712.35119,8019528.057391827,9558246.006109776,7711178.3071664665,65810888093.94925,7561177.947215545,0.1970722707440537,1770934655.6334472,1770934655.6334472
5.044797539865657,31,2,65588172388.651375,52638475.77895073,52944496.0926251,65588478444.399666,54483214.04134305,54017171.24553127,-90.56719970703124,-90.71219635009766,-6.191400051116943,5.731299877166748,[0. 0. 0.],[0. 0. 0. 1.],5.909298044654857,-0.8323980393142811,"(31, 2)",306055.78300476074,306020.11656149477,-65534461273.06709,1538717.9487179518,5.076900005340576,-0.8323980393142811,65588172388.63325,52944496.006109774,54483213.954827726,52638475.88954828,65588478444.41625,54017171.34915865,0.1833948352685644,1770934655.6837742,1770934655.6837742
6.633360937198927,20,3,65112489584.22641,41062553.87726571,41370698.02848096,65180014182.93311,42909415.977198906,48851362.58503413,-90.48190307617188,-90.25700378417967,-0.4460999965667724,-0.1331000030040741,[0. 0. 0.],[0. 0. 0. 1.],8.333480663273496,-1.6366804313399026,"(20, 3)",67524598.90512085,308143.9208984375,-65131162820.32395,1538717.9487179443,6.696800231933594,-1.6366804313399026,65112489584.14607,41370697.9291867,42909415.877904646,41062554.008288264,65180014183.05119,48851362.72723858,0.18341778030400066,1770934655.7396502,1770934655.7396502
5.920118610839291,21,3,65976911820.01286,34237858.81952295,34542084.246429674,65977216084.17439,36080802.195147626,39456336.6810566,-84.50289916992188,-85.02359771728516,2.4391000270843506,-3.040699958801269,[0. 0. 0.],[0. 0. 0. 1.],8.658882207513464,-2.518282003045691,"(21, 3)",304265.08977508545,304224.93176582456,-65937759747.73592,1538717.9487179518,6.140600204467773,-2.518282003045691,65976911819.72297,34542084.147135414,36080802.095853366,34237859.21536959,65977216084.812744,39456337.076822914,0.1999115116556581,1770934655.8000407,1770934655.8000407
5.822942681404618,30,3,66024574159.619675,14259027.85913284,14563654.759250192,66024878824.85549,16102372.70796814,19902668.371451557,-87.8927993774414,-88.70580291748047,1.708899974822998,-1.8904999494552608,[0. 0. 0.],[0. 0. 0. 1.],8.088195173008208,-2.1402953545877974,"(30, 3)",304665.68384552,304626.52744391,-66004976156.55253,1538717.948717948,5.94789981842041,-2.1402953545877974,66024574159.46657,14563654.65995593,16102372.608673878,14259028.13251202,66024878825.15041,19902668.59788161,0.1858450928170044,1770934655.8474452,1770934655.8474452
6.300044804210099,31,3,65802167308.52316,59186869.53185934,59493133.92591686,65802473614.81716,61031851.8746348,66363101.28406916,-100.63410186767578,-103.88670349121094,0.6919000148773193,-0.5774000287055969,[0. 0. 0.],[0. 0. 0. 1.],8.413408825323614,-2.1477089618897764,"(31, 3)",306306.0897445679,306264.39803685993,-65736110513.429794,1538717.9487179443,6.265699863433838,-2.1477089618897764,65802167308.505035,59493133.8266226,61031851.77534054,59186869.42858574,65802473614.59478,66363101.16498898,0.1897217392145579,1770934655.8978317,1770934655.8978317
4.922388125675001,20,4,65341404968.84179,9979189.460224172,10360425.589322561,65409002649.04409,11899143.538040511,8974191.414880214,-99.78099822998048,-99.59149932861328,-2.9867000579833984,2.5136001110076904,[0. 0. 0.],[0. 0. 0. 1.],5.9957967768636635,-1.0807968150106362,"(20, 4)",67597680.16326141,381236.134064503,-65400028457.60923,1538717.94871795,4.914999961853027,-1.0807968150106362,65341404968.76145,10360425.493289262,11899143.442007212,9979189.359224759,65409002648.92471,8974191.315479768,0.18897911258446937,1770934655.9687064,1770934655.9687064
4.354861072861473,21,4,66192906251.1026,57450519.80890248,57756363.08932256,66193212123.31598,59295081.03804051,53803148.31278064,-98.3156967163086,-97.20680236816406,0.6136999726295471,-0.8306999802589417,[0. 0. 0.],[0. 0. 0. 1.],6.075795992695039,-1.6426957691537796,"(21, 4)",305872.67753601074,305843.27110877633,-66139408975.24993,1538717.9487179518,4.43310022354126,-1.6426957691537796,66192906250.812706,57756362.99328926,59295080.942007214,57450519.722180486,66193212123.49024,53803148.24030949,0.18803119829877593,1770934656.0213118,1770934656.0213118
4.838340668254946,30,4,66257568109.940186,54470892.826153934,54776747.704707175,66257873997.20479,56315465.65342513,51248613.08568078,-91.71399688720705,-93.00090026855467,-0.6873000264167786,0.490799993276596,[0. 0. 0.],[0. 0. 0. 1.],5.940327473034791,-1.0374272540711678,"(30, 4)",305887.5137710571,305854.7112880647,-66206625384.19175,1538717.9487179518,4.902900218963623,-1.0374272540711678,66257568109.78708,54776747.60867388,56315465.55739183,54470892.89738581,66257873997.30085,51248613.10909956,0.18404478875075614,1770934656.080433,1770934656.080433
4.735091481523095,31,4,66051161411.087265,48182103.84115031,48486339.05086102,66051465678.30609,50025056.99957897,46489526.53722345,-83.77140045166016,-83.95339965820312,-1.965000033378601,1.6093000173568726,[0. 0. 0.],[0. 0. 0. 1.],6.018622700489663,-1.172322575367593,"(31, 4)",304267.5155181885,304234.74434094876,-66004976151.669716,1538717.9487179443,4.84630012512207,-1.172322575367593,66051161411.06914,48486338.954827726,50025056.90354567,48182104.21048678,66051465678.584656,46489526.914938904,0.19918188826026917,1770934656.1412897,1770934656.1412897
2.205674392020112,20,5,65568483157.94435,45244811.01269926,45549536.394785695,65636004309.44911,47088254.34350364,34326622.935162984,-87.88030242919922,-89.10600280761719,-4.4070000648498535,4.031599998474121,[0. 0. 0.],[0. 0. 0. 1.],3.059692769990478,-0.6916927394729,"(20, 5)",67521151.76469421,304724.49669471383,-65601677686.2031,1538717.9487179443,2.368000030517578,-0.6916927394729,65568483157.86401,45549536.07021234,47088254.018930286,45244811.57351763,65636004309.62871,34326623.42560597,0.18545800794625503,1770934656.1957686,1770934656.1957686
1.7512881919395893,21,5,66432900057.192345,38415959.62525298,38721667.8050421,66433205777.336266,40260385.753760055,24931163.348412197,-81.73600006103516,-82.65989685058594,-1.5087000131607056,1.017899990081787,[0. 0. 0.],[0. 0. 0. 1.],2.7001653466200923,-0.7191654000258538,"(21, 5)",305720.95039367676,305707.44441105425,-66408274613.94372,1538717.9487179518,1.9809999465942385,-0.7191654000258538,66432900056.90245,38721667.48046875,40260385.4291867,38415960.036057696,66433205777.852844,24931163.90912961,0.16495955756791547,1770934656.256091,1770934656.256091
1.7216425912204651,30,5,66495561924.04275,33436007.57684686,33742004.34350364,66495867932.877464,35280722.29222159,20376910.14930986,-80.32450103759766,-81.24970245361328,-1.9390000104904173,1.9221999645233157,[0. 0. 0.],[0. 0. 0. 1.],3.307452451537286,-1.4847524278861628,"(30, 5)",306009.0832824707,305996.2972005196,-66475491022.50993,1538717.9487179518,1.822700023651123,-1.4847524278861628,66495561923.88964,33742004.018930286,35280721.96764824,33436007.721729767,66495867932.97292,20376910.462990787,0.08722072044941606,1770934656.3182912,1770934656.3182912
1.6704445118832951,31,5,66288155794.100075,26147435.33956822,26451491.52299082,66288459862.26607,27990209.47170877,14618071.622097768,-81.52760314941406,-82.42179870605469,-3.124500036239624,2.934499979019165,[0. 0. 0.],[0. 0. 0. 1.],2.987940860432817,-1.2016409165088668,"(31, 5)",304068.3218154907,304055.4887820482,-66273841790.253944,1538717.9487179518,1.7862999439239502,-1.2016409165088668,66288155794.08195,26451491.198417466,27990209.147135418,26147435.709635418,66288459862.40376,14618072.149814703,0.1553353186162913,1770934656.3783152,1770934656.3783152
3.21610499249583,20,11,65807472108.264854,10771277.421132674,11075185.186703924,65874992448.15432,12613903.135421872,4449116.875166041,-83.25129699707031,-83.91089630126953,-1.8467999696731567,1.0468000173568726,[0. 0. 0.],[0. 0. 0. 1.],7.238867807619097,-3.8990679266376516,"(20, 11)",67520340.32576752,303907.37680288404,-65870543331.2821,1538717.948717948,3.3397998809814453,-3.8990679266376516,65807472108.18452,11075185.108673878,12613903.057391826,10771277.731870994,65874992448.510284,4449117.2281901045,0.19715029559917846,1770934656.4347272,1770934656.4347272
3.613831573629674,21,11,66672893855.26926,4948180.171642697,5313590.635421873,66673259289.2851,6852308.584139822,63335440.75714893,-91.87670135498048,-91.87220001220705,1.3065999746322632,-1.7396999597549438,[0. 0. 0.],[0. 0. 0. 1.],6.76620379035099,-3.0348037773810197,"(21, 11)",365434.61726379395,365410.344050481,-66609923848.7976,1538717.948717949,3.7314000129699703,-3.0348037773810197,66672893854.97936,5313590.557391827,6852308.506109776,4948180.213341346,66673259289.59663,63335440.79902845,0.18377891264894103,1770934656.4961698,1770934656.4961698
5.5190003100077805,21,0,66924887348.85899,58374283.90773473,58680137.03978098,66925193238.72422,60218854.98849893,46403751.05947895,-87.19149780273438,-87.2698974609375,-2.038599967956543,1.2768000364303589,[0. 0. 0.],[0. 0. 0. 1.],8.86107451211785,-3.1746745754418253,"(21, 0)",305890.70638275146,305852.927183494,-66878789488.023476,1538717.9487179518,5.686399936676025,-3.1746745754418253,66924887348.5691,58680137.0317508,60218854.98046875,58374284.104567304,66925193239.27548,46403751.25200321,0.18915015688393277,1770934656.7480419,1770934656.7480419
2.8886997253187645,20,1,66282459560.18792,10555354.2368722,10862300.57243079,66349982936.90646,12401018.52114874,8924736.037686037,-89.18000030517578,-88.50740051269531,-3.034199953079224,2.928999900817871,[0. 0. 0.],[0. 0. 0. 1.],5.378421035517765,-2.407721009959293,"(20, 1)",67523377.01259613,306946.082481971,-66341058200.8703,1538717.94871795,2.970700025558472,-2.407721009959293,66282459560.10758,10862300.493289262,12401018.442007212,10555354.410807291,66349982937.12018,8924736.2498748,0.18472957073668064,1770934656.9165757,1770934656.9165757
2.686982138295957,21,1,67148881571.6154,5733892.43112007,6040225.251917969,67149187922.342705,7578943.200635918,1532794.0156713354,-89.78929901123047,-89.46620178222656,-0.0697999969124794,-0.6220999956130981,[0. 0. 0.],[0. 0. 0. 1.],5.464760744195486,-2.629560672860647,"(21, 1)",306351.44355773926,306332.600911458,-67147655128.59526,1538717.948717949,2.835200071334839,-2.629560672860647,67148881571.32551,6040225.172776442,7578943.121494391,5733892.571864984,67149187922.769066,1532794.173803085,0.1837661278685867,1770934656.9721346,1770934656.9721346
3.019135513062318,30,1,67212543302.247856,1753190.9588729506,2057781.3416615592,67212847913.04466,3596499.290379508,65192786.18678155,-95.89659881591795,-93.37670135498048,-0.5950999855995178,0.7152000069618225,[0. 0. 0.],[0. 0. 0. 1.],5.318561597208403,-2.260161681513212,"(30, 1)",304611.0339050293,304590.37585136225,-67147655126.95202,1538717.9487179485,3.0583999156951904,-2.260161681513212,67212543302.09475,2057781.262520032,3596499.2112379805,1753190.8866686698,67212847913.128654,65192786.17663261,0.1857189747885745,1770934657.0353577,1770934657.0353577
3.186009282695895,31,1,67007138750.830826,63681901.04126424,63986186.79037951,67007443058.41994,65524904.73909745,61437163.912296146,-91.0469970703125,-90.98809814453124,-1.8896000385284424,1.8122999668121336,[0. 0. 0.],[0. 0. 0. 1.],5.403218332373771,-2.192618433081779,"(31, 1)",304307.6109313965,304285.5913211182,-66946005894.42999,1538717.9487179443,3.210599899291992,-2.192618433081779,67007138750.8127,63986186.71123798,65524904.659955926,63681901.119916864,67007443058.42363,61437163.99363983,0.1834372851741396,1770934657.097382,1770934657.097382
4.584060676832079,20,2,66458315762.11099,48347414.45356739,48651579.42595843,66525836370.08213,50190297.37467638,50345355.32676845,-84.44989776611328,-83.9977035522461,-7.086400032043457,6.914999961853027,[0. 0. 0.],[0. 0. 0. 1.],5.780256972993651,-1.0608570439470197,"(20, 2)",67520608.41095734,304164.50696113706,-66475491014.747505,1538717.9487179443,4.719399929046631,-1.0608570439470197,66458315762.030655,48651579.33944311,50190297.288161054,48347414.83248197,66525836370.44161,50345355.69411058,0.20027794062549223,1770934657.1527455,1770934657.1527455
4.070965406115828,21,2,67404874961.038475,56447169.38756026,56751162.75929176,67405178982.8277,58289880.70800971,55874630.18552439,-91.50330352783205,-91.17469787597656,-4.079100131988525,3.77649998664856,[0. 0. 0.],[0. 0. 0. 1.],6.2983455293594135,-2.102045499604775,"(21, 2)",304022.42024230957,303993.2172726318,-67349304352.90102,1538717.9487179518,4.196300029754639,-2.102045499604775,67404874960.74858,56751162.67277644,58289880.62149439,56447169.45550381,67405178983.16882,55874630.26780348,0.1835297208170398,1770934657.2281208,1770934657.2281208
4.40149141488679,30,2,67491536058.658104,8248801.312550303,8557372.695189198,67491844660.84871,10096090.643907147,8107488.521219011,-86.49469757080078,-85.61530303955078,-5.026299953460693,5.0690999031066895,[0. 0. 0.],[0. 0. 0. 1.],5.370857095168491,-0.8133572096094088,"(30, 2)",308602.7957229614,308570.963541667,-67483737172.41225,1538717.948717948,4.557499885559082,-0.8133572096094088,67491536058.505,8557372.608673878,10096090.557391826,8248801.645132211,67491844661.30072,8107488.888471554,0.19459682684033225,1770934657.3143344,1770934657.3143344
5.034452464637522,31,2,67285132148.26672,1961193.3200728325,2265762.118266122,67285436752.48716,3804480.0669840705,3348812.9950556145,-91.01750183105467,-90.66449737548828,-6.168099880218506,6.221199989318848,[0. 0. 0.],[0. 0. 0. 1.],5.909298044654857,-0.84559784552766,"(31, 2)",304604.2574310303,304568.62229567324,-67282087939.40507,1538717.9487179485,5.063700199127197,-0.84559784552766,67285132148.2486,2265762.0317508015,3804479.98046875,1961193.4094551282,67285436752.50603,3348813.1009615385,0.18340711511584665,1770934657.3753843,1770934657.3753843
6.566813697978445,20,3,66736229768.52124,51608069.98731343,51916258.92591686,66803754411.66528,53454976.8746348,59397745.6328961,-91.5780029296875,-90.08450317382812,-0.7990000247955322,0.303600013256073,[0. 0. 0.],[0. 0. 0. 1.],8.333480663273496,-1.7093804549910256,"(20, 3)",67524643.35123444,308188.7582632229,-66744356666.008255,1538717.9487179443,6.624100208282471,-1.7093804549910256,66736229768.4409,51916258.8266226,53454976.77534054,51608070.068359375,66803754411.79214,59397745.783879206,0.18340015748900604,1770934657.430728,1770934657.430728
5.977610797990908,21,3,67667868166.16667,44788343.408369705,45092492.900275834,67668172354.721375,46631210.84899378,50002350.536124,-84.42649841308594,-84.75289916992188,2.1010000705718994,-2.6617000102996826,[0. 0. 0.],[0. 0. 0. 1.],8.658882207513464,-2.460782117486608,"(21, 3)",304189.48442077637,304148.9977714345,-67618170004.42783,1538717.9487179443,6.198100090026856,-2.460782117486608,67667868165.87678,45092492.800981574,46631210.74969952,44788343.80321014,67668172355.3612,50002350.93336839,0.20022975225918016,1770934657.4910622,1770934657.4910622
5.8140565501037,30,3,67731529824.68374,40807229.700117566,41111723.6695066,67731834356.93285,42650441.61822455,46447944.054252505,-88.42160034179688,-87.47319793701172,1.357800006866455,-2.058199882507324,[0. 0. 0.],[0. 0. 0. 1.],8.088195173008208,-2.143095342380766,"(30, 3)",304532.76805114746,304493.6273036897,-67685386412.9471,1538717.9487179443,5.945099830627441,-2.143095342380766,67731529824.53063,41111723.57021234,42650441.518930286,40807229.94290865,67731834357.29868,46447944.35158754,0.18679610300964983,1770934657.554336,1770934657.554336
7.298678538663078,31,3,67525126467.17697,34520323.89217574,34825008.92591686,67525431200.01322,36363726.8746348,41694015.96359085,-91.25550079345705,-90.42060089111328,0.3826999962329864,-0.6398000121116638,[0. 0. 0.],[0. 0. 0. 1.],8.413408825323614,-1.0814090465760557,"(31, 3)",304732.88511657715,304684.83949319273,-67483737183.94633,1538717.9487179443,7.331999778747559,-1.0814090465760557,67525126467.158844,34825008.8266226,36363726.77534054,34520323.987129405,67525431200.04396,41694016.09763121,0.18340491093804118,1770934657.6154087,1770934657.6154087
4.9626107681183695,20,4,66991144488.07252,46520384.724935845,46899632.32009179,67058740179.9811,48438350.26880974,45517876.104191944,-96.56800079345705,-97.81300354003906,-2.5601999759674072,2.687700033187866,[0. 0. 0.],[0. 0. 0. 1.],5.9957967768636635,-1.0319968234029702,"(20, 4)",67595691.88826752,379247.56172376126,-67013222303.85693,1538717.9487179518,4.963799953460693,-1.0319968234029702,66991144487.99218,46899632.224058494,48438350.172776446,46520384.66233473,67058740179.88045,45517876.02351262,0.18768606786554445,1770934657.6858017,1770934657.6858017
4.340955246453132,21,4,67909861924.17949,26780347.94169624,27085914.371373843,67910167519.50849,28624632.32009179,23131878.136012204,-96.23770141601562,-98.10379791259766,0.6238999962806702,-0.554099977016449,[0. 0. 0.],[0. 0. 0. 1.],6.075795992695039,-1.6538961971628128,"(21, 4)",305595.7813720703,305566.3905999623,-67887035641.61921,1538717.948717948,4.421899795532227,-1.6538961971628128,67909861923.889595,27085914.275340546,28624632.224058494,26780347.884740584,67910167519.67097,23131878.051757812,0.18763934665606036,1770934657.738593,1770934657.738593
4.800471761132165,30,4,67983523278.20937,32798558.22528447,33104800.58932256,67983829552.74737,34643518.53804051,29577502.165086098,-91.9489974975586,-92.92610168457033,-0.8399999737739563,0.5978999733924866,[0. 0. 0.],[0. 0. 0. 1.],5.940327473034791,-1.0764272884034431,"(30, 4)",306274.78966522217,306242.20628004894,-67954252050.65493,1538717.9487179518,4.863900184631348,-1.0764272884034431,67983523278.05627,33104800.493289262,34643518.442007214,32798558.287009213,67983829552.84593,29577502.19100561,0.18411214873284584,1770934657.8062906,1770934657.8062906
4.704851224293432,31,4,67795120056.920555,44511356.02402361,44816948.02522,67795425680.74022,46355665.97393794,42822862.351668164,-84.02850341796875,-84.16300201416016,-1.9789999723434448,1.1604000329971311,[0. 0. 0.],[0. 0. 0. 1.],6.018622700489663,-1.1998227279554836,"(31, 4)",305624.1235961914,305591.52456430346,-67752602818.2894,1538717.9487179443,4.81879997253418,-1.1998227279554836,67795120056.90243,44816947.9291867,46355665.877904646,44511356.4046224,67795425681.026024,42822862.73662861,0.20004737463585232,1770934657.886233,1770934657.886233
2.1893805155972443,20,5,67244216723.64944,40560723.230176456,40864945.04863185,67311737371.51707,42403662.9973498,29649428.780701876,-88.28820037841797,-88.77330017089844,-4.367899894714356,3.742000102996826,[0. 0. 0.],[0. 0. 0. 1.],3.059692769990478,-0.7086926994185787,"(20, 5)",67520648.14640808,304220.95665565133,-67282087942.42552,1538717.9487179518,2.3510000705718994,-0.7086926994185787,67244216723.5691,40864944.724058494,42403662.672776446,40560723.76740284,67311737371.71551,29649429.289988983,0.1853016797989472,1770934657.9386466,1770934657.9386466
1.7781581187929172,21,5,68176855025.141014,34742240.68114267,35049464.27940108,68177162260.89659,36588182.22811902,21260980.30472309,-81.5438003540039,-82.1395034790039,-1.253499984741211,1.030900001525879,[0. 0. 0.],[0. 0. 0. 1.],2.7001653466200923,-0.7095653567290403,"(21, 5)",307236.48462677,307222.900390625,-68155901280.54774,1538717.9487179443,1.990599989891052,-0.7095653567290403,68176855024.85112,35049463.954827726,36588181.90354567,34742241.0544371,68177162261.33575,21260980.788010817,0.1495483077217906,1770934658.0025592,1770934658.0025592
1.7597021800106893,30,5,68264515978.52988,54759643.853560075,55065610.11273441,68264821957.08303,56604328.06145236,41704267.5474069,-80.12210083007812,-80.13379669189453,-2.043299913406372,1.9557000398635864,[0. 0. 0.],[0. 0. 0. 1.],3.307452451537286,-1.478252422164117,"(30, 5)",305978.61265563965,305965.81092247367,-68223117689.3174,1538717.9487179518,1.829200029373169,-1.478252422164117,68264515978.37677,55065609.788161054,56604327.736879006,54759643.97723858,68264821956.989426,41704267.67202524,0.06530685352844148,1770934658.0873594,1770934658.0873594
1.7105411732360312,31,5,68075113422.30516,65472678.95301264,65776932.22811902,68075417687.790726,99239.92042671712,53949230.27668039,-81.91089630126953,-81.51399993896484,-3.124500036239624,3.5380001068115234,[0. 0. 0.],[0. 0. 0. 1.],2.987940860432817,-1.1746408468906415,"(31, 5)",304265.4810180664,304252.5071364194,-68021468457.12402,-65677692.307692304,1.8133000135421755,-1.1746408468906415,68075113422.28703,65776931.90354567,99239.59585336539,65472679.39640925,68075417687.76805,53949230.64403045,0.14320858915248105,1770934658.1651824,1770934658.1651824
3.2410036477145607,20,11,67510254287.752,33140471.579991408,33444415.955934692,67577774664.430405,34983133.90465265,26821076.8036302,-82.97720336914062,-82.66639709472656,-1.8020999431610107,0.9350000023841858,[0. 0. 0.],[0. 0. 0. 1.],7.238867807619097,-3.893867779008868,"(20, 11)",67520377.00946045,303944.0135466717,-67550953587.629715,1538717.9487179518,3.345000028610229,-3.893867779008868,67510254287.67166,33444415.877904646,34983133.8266226,33140471.864357974,67577774664.68112,26821077.05140725,0.1853849988411973,1770934658.2047737,1770934658.2047737
3.648337334630584,21,11,68426848574.820496,11278939.726848967,11643911.148242386,68427213570.0249,13182629.096960334,2446644.57391996,-92.60179901123048,-92.27539825439452,1.3737000226974487,-1.7164000272750854,[0. 0. 0.],[0. 0. 0. 1.],6.76620379035099,-3.006703763648109,"(21, 11)",364995.7901382446,364971.32912660204,-68424766925.72063,1538717.948717948,3.759500026702881,-3.006703763648109,68426848574.5306,11643911.07021234,13182629.018930288,11278939.741085738,68427213570.32074,2446644.6001101765,0.1841295470252102,1770934658.2502637,1770934658.2502637
5.426136086024382,21,0,68653842717.4487,39699966.62340789,40005393.4500374,68654148181.02576,41544111.39875534,27732029.90265171,-87.71910095214844,-87.88030242919922,-1.7350000143051147,1.5132999420166016,[0. 0. 0.],[0. 0. 0. 1.],8.86107451211785,-3.2771745372948526,"(21, 0)",305464.3836364746,305426.6513922289,-68626416151.48184,1538717.9487179443,5.583899974822998,-3.2771745372948526,68653842717.158806,40005393.442007214,41544111.39072516,39699966.790614985,68654148181.54244,27732030.060596954,0.18716350561389847,1770934658.477098,1770934658.477098
2.820823779654678,20,1,67978197877.495575,25878119.88460017,26185425.57243079,68045721613.195694,27724143.521148738,24253156.323599223,-89.82820129394531,-88.52400207519531,-3.283799886703491,2.7492001056671143,[0. 0. 0.],[0. 0. 0. 1.],5.378421035517765,-2.481021133174015,"(20, 1)",67523735.99320984,307305.470002003,-68021468456.87362,1538717.948717948,2.89739990234375,-2.481021133174015,67978197877.41524,26185425.493289262,27724143.44200721,25878120.02328726,68045721613.40845,24253156.53483073,0.18428729521225087,1770934658.672686,1770934658.672686
2.702156003607214,21,1,68909836106.87178,19061906.517028574,19366619.4826872,68910140837.87943,20905337.43140515,14859043.05791678,-88.89559936523438,-88.30590057373047,0.0511999987065792,-0.5047000050544739,[0. 0. 0.],[0. 0. 0. 1.],5.464760744195486,-2.59716078005364,"(21, 1)",304731.7896118164,304712.696564503,-68895281795.08974,1538717.948717948,2.8675999641418457,-2.59716078005364,68909836106.58188,19366619.403545674,20905337.352263622,19061906.70698117,68910140838.37149,14859043.281750802,0.1851667499487498,1770934658.7330434,1770934658.7330434
3.0022025204526765,30,1,68973497573.08115,15079245.080715053,15384608.264738483,68973802956.60103,16923326.21345643,11304752.992256602,-94.38400268554688,-94.58830261230467,-1.3559999465942385,1.0440000295639038,[0. 0. 0.],[0. 0. 0. 1.],5.318561597208403,-2.2770615056556682,"(30, 1)",305383.7233428955,305363.14352964796,-68962498203.70291,1538717.9487179462,3.0415000915527344,-2.2770615056556682,68973497572.92804,15384608.185596956,16923326.134314902,15079245.042067308,68973802956.65138,11304752.948467549,0.18574220602719277,1770934658.7962425,1770934658.7962425
3.1862259531594344,31,1,68768096988.01028,9793613.840090374,10097853.457046175,68768401249.47787,11636571.405764123,7552278.094129348,-91.6709976196289,-91.31809997558594,-1.5738999843597412,1.9510999917984009,[0. 0. 0.],[0. 0. 0. 1.],5.403218332373771,-2.1987183724280923,"(31, 1)",304261.474609375,304239.48630308546,-68760848971.30609,1538717.948717948,3.2044999599456787,-2.1987183724280923,68768096987.99216,10097853.377904648,11636571.326622596,9793613.891601562,68768401249.46677,7552278.1606820915,0.1835906643610655,1770934658.8583152,1770934658.8583152
4.61972359394767,20,2,68220191667.55967,62584044.232132085,62887861.47724048,68287711928.026695,64426579.42595843,64594246.542110994,-84.98680114746094,-84.38800048828125,-7.297800064086914,6.580699920654297,[0. 0. 0.],[0. 0. 0. 1.],5.780256972993651,-1.0234567982805158,"(20, 2)",67520260.91746521,303816.77872095257,-68223117681.47672,1538717.9487179518,4.756800174713135,-1.0234567982805158,68220191667.47933,62887861.39072516,64426579.33944311,62584044.612004206,68287711928.3968,64594246.920072116,0.20007862629352546,1770934658.9147377,1770934658.9147377
4.055347806234391,21,2,69151829856.87178,55768286.01046816,56074880.70800971,69152136479.91824,57613598.656727664,55205460.734644406,-89.72319793701172,-92.35980224609376,-4.134099960327148,4.093999862670898,[0. 0. 0.],[0. 0. 0. 1.],6.2983455293594135,-2.1120457284866108,"(21, 2)",306623.6290435791,306594.45738180727,-69096931019.44244,1538717.9487179518,4.186299800872803,-2.1120457284866108,69151829856.58188,56074880.62149439,57613598.57021234,55768286.16411258,69152136480.21092,55205460.76847956,0.18340796214591748,1770934658.9750414,1770934658.9750414
4.388333170014769,30,2,69214491315.06833,50785126.48192464,51091595.45159946,69214797814.79514,52630313.40031741,50650386.29217883,-86.85440063476562,-85.90229797363281,-5.344799995422363,4.5970001220703125,[0. 0. 0.],[0. 0. 0. 1.],5.370857095168491,-0.8306568617090182,"(30, 2)",306500.3223876953,306468.56845953315,-69164147428.58772,1538717.9487179518,4.540200233459473,-0.8306568617090182,69214491314.91522,51091595.365084134,52630313.313802086,50785126.7966246,69214797815.23761,50650386.64988983,0.19303097327179852,1770934659.037226,1770934659.037226
5.043425358262224,31,2,69007091322.94617,43499584.90606068,43805385.515702024,69007397159.02043,45344103.46441997,44898962.992898494,-90.7500991821289,-90.8302993774414,-6.139200210571289,5.9268999099731445,[0. 0. 0.],[0. 0. 0. 1.],5.909298044654857,-0.8358980240554921,"(31, 2)",305836.1033935547,305800.421299085,-68962498195.94049,1538717.9487179443,5.073400020599365,-0.8358980240554921,69007091322.92804,43805385.4291867,45344103.377904646,43499585.00788762,69007397159.03143,44898963.09094551,0.1834021020725848,1770934659.097393,1770934659.097393
6.6007336971952615,20,3,68458185553.77761,25936362.69766796,26243117.90027583,68525708763.380226,27781835.84899378,33725430.52471477,-90.63739776611328,-90.76390075683594,-0.4711999893188476,0.0046000001020729,[0. 0. 0.],[0. 0. 0. 1.],8.333480663273496,-1.6740806770064065,"(20, 3)",67523209.776268,306754.9798427485,-68491983332.83139,1538717.948717948,6.65939998626709,-1.6740806770064065,68458185553.69727,26243117.80098157,27781835.749699518,25936362.82113882,68525708763.47354,33725430.64215244,0.18339614481899666,1770934659.1526513,1770934659.1526513
5.9276421247232145,21,3,69389823711.03844,19121710.825725187,19425714.054121986,69390127753.03368,20964432.002839934,24331082.36959758,-84.58329772949219,-84.37920379638672,2.477299928665161,-2.724100112915039,[0. 0. 0.],[0. 0. 0. 1.],8.658882207513464,-2.5109821029907593,"(21, 3)",304042.92179870605,304002.7324969955,-69365796670.90666,1538717.948717948,6.147900104522705,-2.5109821029907593,69389823710.74854,19425713.954827726,20964431.903545674,19121711.22233073,69390127753.67033,24331082.763671875,0.200343976945173,1770934659.2130618,1770934659.2130618
5.792647027531585,30,3,69436485545.83755,65355499.59489608,65661747.70796814,69436791832.1094,67200465.65668608,3778752.6893656384,-88.81069946289062,-87.42949676513672,1.7797000408172607,-2.1140999794006348,[0. 0. 0.],[0. 0. 0. 1.],8.088195173008208,-2.167495099766019,"(30, 3)",306286.7932434082,306247.79334434867,-69433013079.48854,1538717.9487179443,5.920700073242188,-2.167495099766019,69436485545.68445,65661747.60867388,67200465.55739182,65355499.81532953,69436791832.47769,3778752.989157652,0.18639271072542693,1770934659.259278,1770934659.259278
7.353777019473371,31,3,69214086411.08719,43070968.78200898,43376026.554121986,69214391517.00357,44914744.50283993,50244076.41851838,-91.22460174560548,-90.71900177001952,0.4377000033855438,-0.7580000162124634,[0. 0. 0.],[0. 0. 0. 1.],8.413408825323614,-1.028308937475714,"(31, 3)",305105.9507751465,305057.5764973983,-69164147440.48175,1538717.9487179443,7.3850998878479,-1.028308937475714,69214086411.06906,43376026.454827726,44914744.40354567,43070968.87833033,69214391517.01984,50244076.53808594,0.18342663020244432,1770934659.3097641,1770934659.3097641
4.936044796564532,20,4,68669180137.11094,44141399.79203366,44448839.05086102,68736704020.32166,45987556.99957897,43071460.0032314,-99.59149932861328,-100.27870178222656,-2.737099885940552,2.657900094985962,[0. 0. 0.],[0. 0. 0. 1.],5.9957967768636635,-1.0675970087972573,"(20, 4)",67523883.1661911,307439.2621945143,-68693632560.298454,1538717.9487179443,4.928199768066406,-1.0675970087972573,68669180137.0306,44448838.954827726,45987556.90354567,44141399.69263321,68736704020.1968,43071459.89833734,0.18907241907292882,1770934659.3636718,1770934659.3636718
4.409292662313789,21,4,69601818238.28201,38327210.79878131,38632853.47393794,69602123910.20993,40171571.422655895,34678011.91079137,-96.32420349121094,-97.47480010986328,0.3212999999523163,-0.3472999930381775,[0. 0. 0.],[0. 0. 0. 1.],6.075795992695039,-1.584596022449678,"(21, 4)",305672.38832092285,305642.63759515435,-69567445898.54587,1538717.9487179518,4.491199970245361,-1.584596022449678,69601818237.99211,38632853.377904646,40171571.3266226,38327210.74030949,69602123910.38043,34678011.8345603,0.18750553578413456,1770934659.4249997,1770934659.4249997
4.840107484002727,30,4,69665479600.32472,34343807.59610827,34649672.38419435,69665785497.51376,36188390.3329123,31123190.33346863,-92.0271987915039,-93.07119750976562,-0.6463000178337097,0.1898999959230423,[0. 0. 0.],[0. 0. 0. 1.],5.940327473034791,-1.0379274562501228,"(30, 4)",305897.43589782715,305864.6334134564,-69634662307.25294,1538717.9487179518,4.902400016784668,-1.0379274562501228,69665479600.17162,34649672.288161054,36188390.236879006,34343807.6547476,69665785497.60751,31123190.354567308,0.18418678148860124,1770934659.488304,1770934659.488304
4.691099908162758,31,4,69459080601.79231,28059039.350384932,28363614.691886663,69459385208.91487,29902332.64060461,26372134.397795916,-83.42379760742188,-84.65229797363281,-1.8794000148773196,1.3698999881744385,[0. 0. 0.],[0. 0. 0. 1.],6.018622700489663,-1.2173226516615383,"(31, 4)",304607.4344024658,304574.89796173945,-69433013074.41792,1538717.948717948,4.801300048828125,-1.2173226516615383,69459080601.77419,28363614.595853366,29902332.544571314,28059039.697891627,69459385209.20859,26372134.790665064,0.19974841353226047,1770934659.5493212,1770934659.5493212
2.1855328550564863,20,5,68908173999.29042,24100684.91093644,24404776.77940108,68975694517.18806,25943494.728119027,13196318.072780408,-87.88030242919922,-89.11309814453125,-4.56440019607544,3.832299947738648,[0. 0. 0.],[0. 0. 0. 1.],3.059692769990478,-0.7118927535872799,"(20, 5)",67520518.15718079,304090.9830729179,-68962498198.80444,1538717.948717948,2.3478000164031982,-0.7118927535872799,68908173999.21008,24404776.454827726,25943494.403545674,24100685.471754808,68975694517.36726,13196318.562825521,0.1854514151770948,1770934659.602674,1770934659.602674
1.7755127857460977,21,5,69840812068.41022,18287102.319516696,18594360.11273441,69841119338.365,20133078.06145236,4807801.472461812,-81.9540023803711,-82.75980377197266,-1.401600003242493,0.981599986553192,[0. 0. 0.],[0. 0. 0. 1.],2.7001653466200923,-0.6870654377913565,"(21, 5)",307270.7738647461,307257.01747796685,-69836311536.8484,1538717.948717948,2.013099908828736,-0.6870654377913565,69840812068.12032,18594359.788161058,20133077.736879006,18287102.77068309,69841119338.89418,4807802.045773237,0.17122848638109314,1770934659.6640072,1770934659.6640072
1.7433187571492244,30,5,69904473390.38882,14303325.827046204,14609231.907606203,69904779308.66637,16147949.856324153,1251362.7831107334,-80.368896484375,-80.34519958496094,-2.11680006980896,2.0804998874664307,[0. 0. 0.],[0. 0. 0. 1.],3.307452451537286,-1.4870524519187553,"(30, 5)",305918.36000061035,305905.605218349,-69903527945.66502,1538717.94871795,1.8203999996185305,-1.4870524519187553,69904473390.23572,14609231.583032852,16147949.531750802,14303325.977814503,69904779308.59572,1251362.9306891025,0.06874168205116381,1770934659.7272053,1770934659.7272053
1.68649451866991,31,5,69697074960.76666,7018771.459042507,7322821.651195948,69697379023.05466,8861539.599913895,62716719.621539526,-81.38569641113281,-82.37879943847656,-3.0369999408721924,3.1879000663757324,[0. 0. 0.],[0. 0. 0. 1.],2.987940860432817,-1.1908409125034347,"(31, 5)",304062.43740844727,304049.5261167865,-69634662303.04309,1538717.948717948,1.7970999479293823,-1.1908409125034347,69697074960.74854,7322821.326622596,8861539.275340544,7018771.8005058095,69697379023.18594,62716720.142853566,0.150659229694201,1770934659.787289,1770934659.787289
3.221017327942975,20,11,69148168198.00836,57858012.42427705,58161891.91747316,69215688509.60565,59700609.866191104,51541075.49641602,-83.33830261230469,-83.56300354003906,-1.7350000143051147,1.1157000064849854,[0. 0. 0.],[0. 0. 0. 1.],7.238867807619097,-3.8958678724689504,"(20, 11)",67520312.0148468,303879.0971804932,-69164147434.11217,1538717.9487179443,3.3429999351501465,-3.8958678724689504,69148168197.92802,58161891.83944311,59700609.788161054,57858012.74226262,69215688509.94287,51541075.83070412,0.1959655930008819,1770934659.8426294,1770934659.8426294
3.7685800574876485,21,11,70080805874.49995,52044946.35799629,52409504.096960336,70081170456.72858,53948222.04567829,43209684.716879986,-91.90370178222656,-93.09480285644533,1.4192999601364136,-1.7275999784469604,[0. 0. 0.],[0. 0. 0. 1.],6.76620379035099,-2.886903672858314,"(21, 11)",364582.7855834961,364557.6203175038,-70037960772.28134,1538717.9487179518,3.879300117492676,-2.886903672858314,70080805874.21005,52409504.018930286,53948221.96764824,52044946.39861278,70081170456.99564,43209684.71429287,0.1841454122446542,1770934659.9040954,1770934659.9040954
4.885135280546869,21,0,70319799704.62816,25243789.339908876,25550449.539780986,70320106398.6129,27089167.488498934,13279994.303482011,-86.68569946289062,-100.60050201416016,-2.2407000064849854,1.6958999633789062,[0. 0. 0.],[0. 0. 0. 1.],8.86107451211785,-3.8662744213280558,"(21, 0)",306694.4141845703,306659.9684495218,-70306826404.66815,1538717.948717948,4.994800090789795,-3.8662744213280558,70319799704.33826,25550449.531750802,27089167.48046875,25243789.56330128,70320106398.75244,13279994.084284855,0.18385176447870785,1770934660.1430483,1770934660.1430483
2.8263216033223952,20,1,69626155561.7904,60637015.25779335,60942621.0852513,69693677597.63371,62481339.03396925,59015294.46696037,-89.25039672851562,-89.13690185546875,-2.973700046539306,2.4326000213623047,[0. 0. 0.],[0. 0. 0. 1.],5.378421035517765,-2.4761211545363198,"(20, 1)",67522036.10151672,305605.57830028236,-69634662303.16827,1538717.9487179518,2.9022998809814453,-2.4761211545363198,69626155561.71007,60942621.006109774,62481338.954827726,60637015.42780949,69693677597.81158,59015294.64330429,0.18420291723961588,1770934660.320627,1770934660.320627
2.687638260760498,21,1,70558793526.74353,54825616.101894796,55132172.36730258,70559100100.94475,56670890.31602053,50624459.92248513,-89.91580200195312,-89.02850341796875,-0.0520999990403652,-0.2755999863147735,[0. 0. 0.],[0. 0. 0. 1.],5.464760744195486,-2.6262607213073017,"(21, 1)",306574.9417877197,306556.052183494,-70508475641.2905,1538717.9487179518,2.838500022888184,-2.6262607213073017,70558793526.45363,55132172.288161054,56670890.236879006,54825616.23597756,70559100101.39542,50624460.10491787,0.18392026074266174,1770934660.3830495,1770934660.3830495
3.045905754199261,30,1,70635454408.01701,63840778.3036804,64145008.905764125,70635758659.17432,65683726.85448207,60066609.051799834,-95.99960327148438,-93.32640075683594,-1.0002000331878662,0.8456000089645386,[0. 0. 0.],[0. 0. 0. 1.],5.318561597208403,-2.2333615258735637,"(30, 1)",304251.39598083496,304230.59708032757,-70575692050.21667,1538717.9487179443,3.085200071334839,-2.2333615258735637,70635454407.8639,64145008.8266226,65683726.77534054,63840778.22954227,70635758659.25989,60066609.04321915,0.185722309034166,1770934660.4582865,1770934660.4582865
3.191613315579515,31,1,70447057180.31793,8340258.382939964,8644295.764738483,70447361239.55191,10183013.713456431,6102011.585804739,-91.072998046875,-91.5947036743164,-1.8495999574661253,1.9221999645233157,[0. 0. 0.],[0. 0. 0. 1.],5.403218332373771,-2.191218439185294,"(31, 1)",304059.22914123535,304037.22518529743,-70441259227.88844,1538717.948717948,3.211999893188477,-2.191218439185294,70447057180.2998,8644295.685596956,10183013.634314904,8340258.4604116585,70447361239.52895,6102011.6404997995,0.1835261728585939,1770934660.5372024,1770934660.5372024
4.624271472822781,20,2,69881181363.07245,43151602.45053353,43456074.61826612,69948702278.49086,44994792.56698407,45174340.56476104,-84.5062026977539,-84.65149688720703,-6.961599826812744,6.926199913024902,[0. 0. 0.],[0. 0. 0. 1.],5.780256972993651,-1.0184571606767552,"(20, 2)",67520915.87164307,304471.7015975565,-69903527937.91824,1538717.9487179518,4.761799812316895,-1.0184571606767552,69881181362.99211,43456074.5317508,44994792.48046875,43151602.83015324,69948702278.86375,45174340.945512824,0.20024134199699387,1770934660.575677,1770934660.575677
4.047562365925665,21,2,70812786972.25635,36308382.38386389,36612532.95159946,70813091151.07367,38151250.90031741,35749875.29203466,-91.70970153808594,-90.10540008544922,-3.751300096511841,4.224400043487549,[0. 0. 0.],[0. 0. 0. 1.],6.2983455293594135,-2.1190456979690326,"(21, 2)",304179.499710083,304150.4219250828,-70777341276.04048,1538717.9487179518,4.179299831390381,-2.1190456979690326,70812786971.96645,36612532.865084134,38151250.813802086,36308382.44315905,70813091151.46616,35749875.42568109,0.18340669886643868,1770934660.6359756,1770934660.6359756
4.32016753197435,30,2,70861448534.61957,17323805.794892002,17632140.32339433,70861756899.453,19170858.272112276,17199214.508520357,-86.62779998779297,-85.26219940185547,-5.172500133514404,4.957399845123291,[0. 0. 0.],[0. 0. 0. 1.],5.370857095168491,-0.8943570608362155,"(30, 2)",308365.44721984863,308334.1158353351,-70844557685.02924,1538717.948717948,4.476500034332275,-0.8943570608362155,70861448534.46646,17632140.236879006,19170858.185596954,17323806.12104367,70861756899.91368,17199214.884440105,0.19529357244202653,1770934660.6842687,1770934660.6842687
5.034238264270358,31,2,70638052492.81793,61256935.71662836,61561146.73365074,70638356739.24434,63099864.68236869,62664697.141257785,-90.47540283203124,-90.9373016357422,-5.993000030517578,5.919400215148926,[0. 0. 0.],[0. 0. 0. 1.],5.909298044654857,-0.8438979210586659,"(31, 2)",304246.45056152344,304210.8154296875,-70575692042.01604,1538717.9487179518,5.065400123596191,-0.8438979210586659,70638052492.7998,61561146.647135414,63099864.595853366,61256935.83170573,70638356739.25037,62664697.23432492,0.18339614584543731,1770934660.7345104,1770934660.7345104
6.6325365149380975,20,3,70078143959.2263,32700159.210398756,33007100.272070702,70145667354.86905,34545818.22078865,40490175.70321885,-90.654296875,-90.9373016357422,-0.2281000018119812,0.0046000001020729,[0. 0. 0.],[0. 0. 0. 1.],8.333480663273496,-1.6436808776594827,"(20, 3)",67523395.80828857,306940.83971855044,-70105177179.14171,1538717.948717948,6.689799785614014,-1.6436808776594827,70078143959.14597,33007100.172776442,34545818.12149439,32700159.33305789,70145667354.95425,40490175.81255008,0.18340242693044786,1770934660.7727373,1770934660.7727373
5.92558569292963,21,3,71010781860.07686,26890241.677655138,27194832.643865574,71011086489.79156,28733550.592583522,32095972.95803145,-84.81590270996094,-84.5374984741211,2.496799945831299,-2.711999893188477,[0. 0. 0.],[0. 0. 0. 1.],8.658882207513464,-2.512582368493689,"(21, 3)",304630.6434020996,304590.4697516039,-70978990517.07611,1538717.948717948,6.146299839019775,-2.512582368493689,71010781859.78696,27194832.544571314,28733550.493289262,26890242.07481971,71011086490.43036,32095973.35424179,0.20008365060350014,1770934660.834007,1770934660.834007
5.878257898960668,30,3,71074443005.7734,22905403.35996683,23211483.284891214,71074749124.3353,24750201.233609162,28542198.291941017,-88.21810150146484,-87.0698013305664,1.563599944114685,-2.287300109863281,[0. 0. 0.],[0. 0. 0. 1.],8.088195173008208,-2.0737951676676314,"(30, 3)",306119.1030731201,306079.57106370106,-71046206926.11185,1538717.948717948,6.014400005340576,-2.0737951676676314,71074443005.6203,23211483.185596954,24750201.134314902,22905403.614533253,71074749124.72337,28542198.611528445,0.18778552178712501,1770934660.8972902,1770934660.8972902
6.3177107879382115,31,3,70868047196.34357,16622428.03218486,16929472.066942498,70868354282.89857,18468190.015660446,23796592.3980618,-103.10669708251952,-103.04759979248048,0.4329999983310699,-0.7337999939918518,[0. 0. 0.],[0. 0. 0. 1.],8.413408825323614,-2.1315088962769835,"(31, 3)",307086.3537902832,307044.05173277296,-70844557690.3972,1538717.948717948,6.281899929046631,-2.1315088962769835,70868047196.32544,16929471.967648238,18468189.916366186,16622427.915915465,70868354282.67923,23796592.282026242,0.18997742908952603,1770934660.9584062,1770934660.9584062
4.914717751662347,20,4,70318137789.35449,12684499.42248074,12991234.884194357,70385660968.67084,14529952.832912305,11618152.176941102,-97.99250030517578,-99.95020294189452,-2.7790000438690186,2.3496999740600586,[0. 0. 0.],[0. 0. 0. 1.],5.9957967768636635,-1.086096860024064,"(20, 4)",67523179.27433777,306735.4485927485,-70374042816.47392,1538717.948717948,4.9096999168396,-1.086096860024064,70318137789.27415,12991234.788161058,14529952.736879006,12684499.33956831,70385660968.5485,11618152.074569311,0.1886201359809777,1770934661.012697,1770934661.012697
4.335789175821195,21,4,71250775666.1666,6875166.162164752,7179688.409835382,71251080217.24219,8718406.358553331,3224062.8614789685,-95.99960327148438,-96.6613998413086,0.1386999934911728,-0.2933000028133392,[0. 0. 0.],[0. 0. 0. 1.],6.075795992695039,-1.6553958500253616,"(21, 4)",304551.5480957031,304522.204276843,-71247856154.62744,1538717.948717949,4.420400142669678,-1.6553958500253616,71250775665.8767,7179688.313802083,8718406.262520032,6875166.10952524,71251080217.42479,3224062.797350761,0.1871404519093484,1770934661.0740037,1770934661.0740037
4.792644245789323,30,4,71312436827.8888,889983.096125748,1196010.5252199976,71312742887.42084,2734728.4739379464,64886734.18063786,-91.8812026977539,-92.32479858398438,-0.7254999876022339,0.296099990606308,[0. 0. 0.],[0. 0. 0. 1.],5.940327473034791,-1.0806272700928954,"(30, 4)",306059.80505371094,306027.26862980775,-71247856153.31285,1538717.9487179487,4.859700202941895,-1.0806272700928954,71312436827.73569,1196010.4291866987,2734728.3779046475,889983.160556891,71312742887.54074,64886734.22788962,0.18390904589501192,1770934661.1352637,1770934661.1352637
4.743999430925613,31,4,71108041507.241,63823509.509688266,64127733.281630255,71108345763.05363,65666451.2303482,62138841.91325823,-83.81950378417969,-84.42569732666016,-1.5599000453948977,1.608299970626831,[0. 0. 0.],[0. 0. 0. 1.],6.018622700489663,-1.161122624195718,"(31, 4)",304256.12228393555,304223.3041616604,-71046206921.04121,1538717.9487179443,4.857500076293945,-1.161122624195718,71108041507.22287,64127733.18559696,65666451.1343149,63823509.8814353,71108345763.34515,62138842.303936295,0.20008737794216017,1770934661.1983452,1770934661.1983452
2.1851682905000005,20,5,70558131627.49551,60857474.88186302,61161411.394785695,70625651990.0253,62700129.34350364,49959944.70925085,-88.1094970703125,-88.66290283203125,-4.491700172424316,3.758800029754639,[0. 0. 0.],[0. 0. 0. 1.],3.059692769990478,-0.710392862306152,"(20, 5)",67520362.81488037,303935.64077524096,-70575692045.0052,1538717.9487179443,2.349299907684326,-0.710392862306152,70558131627.41518,61161411.07021234,62700129.018930286,60857475.4294371,70625651990.23006,49959945.224859774,0.1856188653766121,1770934661.2527237,1770934661.2527237
1.745655599584443,21,5,71490769472.25633,55048748.98330778,55356058.83068313,71491076794.06609,56894776.77940108,41571411.01972604,-81.96589660644531,-82.70850372314453,-1.2759000062942505,0.8949999809265137,[0. 0. 0.],[0. 0. 0. 1.],2.7001653466200923,-0.7175653729415035,"(21, 5)",307322.6224517822,307309.06951121986,-71449505383.00221,1538717.9487179518,1.9825999736785889,-0.7175653729415035,71490769471.96643,55356058.506109774,56894776.454827726,55048749.436598554,71491076794.58888,41571411.58666366,0.17062040078954127,1770934661.3139863,1770934661.3139863
1.7671794752667842,30,5,71554430537.82468,51063133.79201492,51368871.33068313,71554736287.68504,52907589.27940108,38014495.47584707,-80.8759994506836,-80.27680206298828,-2.067500114440918,1.9407999515533447,[0. 0. 0.],[0. 0. 0. 1.],3.307452451537286,-1.4514525049430473,"(30, 5)",305749.9342651367,305736.9760366604,-71516721791.99098,1538717.9487179518,1.8559999465942385,-1.4514525049430473,71554430537.67157,51368871.006109774,52907588.954827726,51063134.030073114,71554736287.60583,38014495.61485878,0.07692214315189191,1770934661.3772426,1770934661.3772426
1.6691031553314912,31,5,71348035818.13843,44780494.01786854,45084800.817862615,71348340136.94058,46623518.76658057,33267577.20680186,-81.59049987792969,-82.02860260009766,-3.390000104904175,3.040699958801269,[0. 0. 0.],[0. 0. 0. 1.],2.987940860432817,-1.2106408602420822,"(31, 5)",304318.89460754395,304306.09287359565,-71315072559.34377,1538717.9487179518,1.7773000001907349,-1.2106408602420822,71348035818.1203,45084800.49328926,46623518.442007214,44780494.40041567,71348340137.01491,33267577.671148837,0.148175179853061,1770934661.4382565,1770934661.4382565
3.225983067336555,20,11,70798125826.21346,27402858.843861822,27706827.814909052,70865646227.3373,29245545.763627,21088536.89609078,-83.0634994506836,-83.24639892578125,-1.903599977493286,1.3437999486923218,[0. 0. 0.],[0. 0. 0. 1.],7.238867807619097,-3.8982677938861867,"(20, 11)",67520401.51742554,303968.59975961596,-70844557690.44414,1538717.948717948,3.34060001373291,-3.8982677938861867,70798125826.13312,27706827.736879006,29245545.685596954,27402859.13711939,70865646227.65054,21088537.20640525,0.1919919251791048,1770934661.4925568,1770934661.4925568
3.6116891699532636,21,11,71747762829.62813,38594228.92149262,38958366.27644752,71748126990.46356,40497084.225165464,29755962.19815738,-92.53350067138672,-93.08889770507812,1.2414000034332275,-1.7489999532699585,[0. 0. 0.],[0. 0. 0. 1.],6.76620379035099,-3.047303825064735,"(21, 11)",364161.3925933838,364137.2602413893,-71718371028.53505,1538717.9487179443,3.718899965286255,-3.047303825064735,71747762829.33823,38958366.19841747,40497084.147135414,38594228.93817608,71748126990.73082,29755962.19576322,0.18439301486487847,1770934661.572035,1770934661.572035
4.931355264033678,21,0,71982756763.92299,7787688.838628952,8093085.7577297045,71983062194.8684,9631803.706447653,63041944.09216821,-86.872802734375,-96.26219940185548,-1.8122999668121336,1.5189000368118286,[0. 0. 0.],[0. 0. 0. 1.],8.86107451211785,-3.8140745807824015,"(21, 0)",305431.4246520996,305396.697215545,-71920020251.13496,1538717.948717949,5.046999931335449,-3.8140745807824015,71982756763.63309,8093085.749699519,9631803.698417468,7787689.052483974,71983062195.05774,63041943.92277644,0.18395934035276051,1770934661.8060637,1770934661.8060637
2.7985253692811938,20,1,71304172268.52113,58238440.1518943,58544415.95704617,71371694674.21063,60083133.905764125,56622114.8997028,-89.6260986328125,-89.21630096435547,-3.007200002670288,2.5852999687194824,[0. 0. 0.],[0. 0. 0. 1.],5.378421035517765,-2.507621017207218,"(20, 1)",67522405.94326782,305975.57654747367,-71315072559.31245,1538717.9487179518,2.870800018310547,-2.507621017207218,71304172268.4408,58544415.877904646,60083133.8266226,58238440.30135717,71371694674.38406,56622115.071614586,0.18395291898400884,1770934661.9985735,1770934661.9985735
2.6848039205204905,21,1,72236750209.4358,52372184.396305546,52676595.44422566,72237054638.39442,54215313.39294361,48168740.93063853,-89.40489959716797,-88.79309844970703,0.2094999998807907,-0.4366999864578247,[0. 0. 0.],[0. 0. 0. 1.],5.464760744195486,-2.623060667138601,"(21, 1)",304429.71253967285,304410.8072916642,-72188885897.73201,1538717.9487179518,2.8417000770568848,-2.623060667138601,72236750209.1459,52676595.365084134,54215313.313802086,52372184.55779247,72237054638.85844,48168741.126427285,0.18433964642532813,1770934662.0600247,1770934662.0600247
3.00632496778211,30,1,72300411170.83748,48385826.08476125,48691210.828841045,72300716575.90457,50229928.777559,44614269.52833356,-96.0814971923828,-93.88670349121094,-0.8111000061035156,0.6751999855041504,[0. 0. 0.],[0. 0. 0. 1.],5.318561597208403,-2.275661511759184,"(30, 1)",305405.2890930176,305384.74058493227,-72256102306.47038,1538717.9487179518,3.0429000854492188,-2.275661511759184,72300411170.68437,48691210.74969952,50229928.69841747,48385826.009114586,72300716575.97346,44614269.50307993,0.18603419833851106,1770934662.1246727,1770934662.1246727
3.1901790119947253,31,1,72111017725.18968,59103693.93187774,59408646.72627694,72111322699.84697,60947364.67499489,56869625.820967235,-91.54879760742188,-91.35769653320312,-2.167099952697754,1.7312999963760376,[0. 0. 0.],[0. 0. 0. 1.],5.403218332373771,-2.1942182217475503,"(31, 1)",304974.66258239746,304952.6586288065,-72054453073.94835,1538717.9487179518,3.2090001106262207,-2.1942182217475503,72111017725.17155,59408646.647135414,60947364.595853366,59103693.98850661,72111322699.83414,56869625.88579227,0.18357453308167299,1770934662.2011673,1770934662.2011673
4.639915900220266,20,2,71561105866.27754,42653837.44711779,42957837.438778944,71628626309.6117,44496555.387496896,44688115.22842409,-84.6958999633789,-85.66000366210938,-7.033299922943115,7.114299774169922,[0. 0. 0.],[0. 0. 0. 1.],5.780256972993651,-1.0048568112504865,"(20, 2)",67520443.77253723,303999.52423878014,-71583938194.37541,1538717.9487179518,4.775400161743164,-1.0048568112504865,71561105866.1972,42957837.35226362,44496555.300981574,42653837.82802484,71628626309.96974,44688115.59432592,0.19865887787091469,1770934662.2555265,1770934662.2555265
4.111757743024354,21,2,72493743574.82042,36847884.28479857,37151755.70800971,72494047474.92975,38690473.656727664,36295942.78487069,-91.96730041503906,-92.73079681396484,-3.929199934005737,4.133200168609619,[0. 0. 0.],[0. 0. 0. 1.],6.2983455293594135,-2.073345624726845,"(21, 2)",303900.6785736084,303871.287810497,-72457751532.40373,1538717.9487179518,4.224999904632568,-2.073345624726845,72493743574.53052,37151755.62149439,38690473.57021234,36847884.33368389,72494047475.20909,36295942.80536358,0.18405963229060682,1770934662.3169587,1770934662.3169587
4.291370572954626,30,2,72557404496.15799,32860976.044446114,33169367.887496892,72557712918.2364,34708085.83621484,32744977.492054895,-85.7938003540039,-85.74659729003906,-5.402599811553955,4.8968000411987305,[0. 0. 0.],[0. 0. 0. 1.],5.370857095168491,-0.9197572225793795,"(30, 2)",308422.6794128418,308391.39498196915,-72524967940.8291,1538717.948717948,4.451099872589111,-0.9197572225793795,72557404496.00488,33169367.80098157,34708085.74969952,32860976.4059996,72557712918.6843,32744977.85519331,0.1958880593119327,1770934662.380234,1770934662.380234
5.030272399961837,31,2,72351012036.08711,26579333.59811462,26883774.938778944,72351316512.80588,28422492.887496892,27997804.004864845,-90.12329864501952,-90.98079681396484,-6.027500152587891,5.972499847412109,[0. 0. 0.],[0. 0. 0. 1.],5.909298044654857,-0.8454981865615956,"(31, 2)",304476.7409210205,304441.1214192696,-72323318708.71397,1538717.948717948,5.063799858093262,-0.8454981865615956,72351012036.06898,26883774.852263622,28422492.80098157,26579333.730844352,72351316512.8099,27997804.095928486,0.18339820627971867,1770934662.4412274,1770934662.4412274
6.5847157622271295,20,3,71801099712.43138,8028443.039749022,8335401.554121985,71868623125.23581,9874119.502839936,15819279.544198789,-91.27110290527344,-89.85910034179688,-0.9610999822616576,0.0465000011026859,[0. 0. 0.],[0. 0. 0. 1.],8.333480663273496,-1.6876805495955178,"(20, 3)",67523413.02334595,306958.320813301,-71852803845.66748,1538717.94871795,6.6458001136779785,-1.6876805495955178,71801099712.35104,8335401.454827724,9874119.403545674,8028443.134014423,71868623125.37439,15819279.70690605,0.18339988681323752,1770934662.4956222,1770934662.4956222
5.9800812304344735,21,3,72733737372.89732,2223594.39752137,2527500.9130963446,72734041318.43411,4066218.861814293,7424134.464453798,-84.04620361328125,-85.53959655761719,2.5536000728607178,-3.005300045013428,[0. 0. 0.],[0. 0. 0. 1.],8.658882207513464,-2.461482114434851,"(21, 3)",303946.4549560547,303906.0308994395,-72726617184.21225,1538717.9487179485,6.197400093078613,-2.461482114434851,72733737372.60742,2527500.8138020835,4066218.762520032,2223594.782902644,72734041319.06238,7424134.8501352165,0.1999714177358862,1770934662.55694,1770934662.55694
5.8113442745291986,30,3,72805398053.8503,6236652.496176802,6541242.900275831,72805702682.50346,8079960.84899378,11869090.075188128,-88.70800018310547,-87.74490356445312,1.4285999536514282,-1.830899953842163,[0. 0. 0.],[0. 0. 0. 1.],8.088195173008208,-2.150595037204985,"(30, 3)",304629.1566467285,304590.07850060053,-72793833592.49677,1538717.948717949,5.937600135803223,-2.150595037204985,72805398053.69719,6541242.80098157,8079960.749699519,6236652.7224809695,72805702682.85384,11869090.357071314,0.18604259766820677,1770934662.628152,1770934662.628152
7.251487758795246,31,3,72601006106.59993,1955666.60477967,2261723.6695066006,72601312211.78943,3800441.6182245496,9127851.476649847,-91.81439971923828,-91.84100341796876,0.5252000093460083,-0.8493000268936157,[0. 0. 0.],[0. 0. 0. 1.],8.413408825323614,-1.1417089199281065,"(31, 3)",306105.1745300293,306056.89415564877,-72592184360.20949,1538717.948717949,7.271699905395508,-1.1417089199281065,72601006106.5818,2261723.5702123395,3800441.5189302885,1955666.6760566907,72601312211.75633,9127851.54684996,0.18375338852315076,1770934662.6912572,1770934662.6912572
4.9425218381270755,20,4,72035093702.816,49225689.731788166,49532340.65342513,72102616797.7464,51071058.60214307,48163724.68579099,-99.33450317382812,-99.83660125732422,-2.4586000442504883,2.6710000038146973,[0. 0. 0.],[0. 0. 0. 1.],5.9957967768636635,-1.060196972939103,"(20, 4)",67523094.88931274,306650.92272636294,-72054453073.04063,1538717.9487179443,4.9355998039245605,-1.060196972939103,72035093702.73566,49532340.55739183,51071058.506109774,49225689.63466547,72102616797.62497,48163724.58433493,0.1889355124323187,1770934662.7295923,1770934662.7295923
4.375343006667393,21,4,72967731331.23065,43421397.23555725,43726907.96111743,72968036870.99492,45265625.90983538,39770459.937939554,-97.6238021850586,-96.50250244140624,0.5735999941825867,-0.3212999999523163,[0. 0. 0.],[0. 0. 0. 1.],6.075795992695039,-1.6192959392892776,"(21, 4)",305540.2393951416,305510.7077574134,-72928266411.30371,1538717.9487179518,4.456500053405762,-1.6192959392892776,72967731330.94075,43726907.865084134,45265625.813802086,43421397.15732672,72968036871.18015,39770459.876427285,0.18761147263222006,1770934662.791028,1770934662.791028
4.766814845230448,30,4,73030392212.50414,38434283.69477404,38740169.17906615,73030698129.9314,40278887.127784096,35215310.08716032,-92.25579833984376,-93.15460205078124,-0.4776999950408935,0.4758999943733215,[0. 0. 0.],[0. 0. 0. 1.],5.940327473034791,-1.1129272655152596,"(30, 4)",305917.67140197754,305885.3384164646,-72995482819.91689,1538717.9487179443,4.827400207519531,-1.1129272655152596,73030392212.35103,38740169.083032854,40278887.0317508,38434283.74461639,73030698130.02243,35215310.10554387,0.1843042574549954,1770934662.8532877,1770934662.8532877
4.769813077477469,31,4,72824000818.13838,32153470.11011716,32457573.025219996,72824304953.2632,33996290.97393794,30471365.44055291,-84.0167007446289,-83.51629638671875,-1.354099988937378,1.146399974822998,[0. 0. 0.],[0. 0. 0. 1.],6.018622700489663,-1.139522854603432,"(31, 4)",304135.3978881836,304102.438902244,-72793833587.7235,1538717.948717948,4.879099845886231,-1.139522854603432,72824000818.12025,32457572.929186698,33996290.877904646,32153470.490284454,72824304953.51814,30471365.794646434,0.1986037842248176,1770934662.914289,1770934662.914289
2.19192094406003,20,5,72274087564.99547,29179472.42880031,29484047.61273441,72341608566.23451,31022765.56145236,18289854.204897337,-87.68990325927734,-88.93419647216797,-4.54010009765625,3.982300043106079,[0. 0. 0.],[0. 0. 0. 1.],3.059692769990478,-0.7022928294997555,"(20, 5)",67521001.50866699,304574.28761017695,-72323318711.71877,1538717.948717948,2.3573999404907227,-0.7022928294997555,72274087564.91513,29484047.288161058,31022765.236879006,29179473.00055088,72341608566.4238,18289854.705028046,0.1858755690179955,1770934662.968526,1770934662.968526
1.7955437589030248,21,5,73205725185.39732,22375814.037817124,22682925.817862615,73206032309.43498,24221643.766580563,8900259.53421146,-81.79280090332031,-82.28479766845703,-1.1734000444412231,0.7376000285148621,[0. 0. 0.],[0. 0. 0. 1.],2.7001653466200923,-0.6813653264021968,"(21, 5)",307124.7902832031,307111.033904247,-73197132049.85664,1538717.948717948,2.0188000202178955,-0.6813653264021968,73205725185.10742,22682925.493289262,24221643.44200721,22375814.459385015,73206032309.8977,8900260.041065706,0.15897049241421354,1770934663.028961,1770934663.028961
1.7094522882503091,30,5,73269386002.56822,18388301.82959084,18694183.830683127,73269691896.56514,20232901.77940108,5343437.986649631,-80.77890014648438,-80.12239837646484,-2.131700038909912,2.1624999046325684,[0. 0. 0.],[0. 0. 0. 1.],3.307452451537286,-1.5142524355155575,"(30, 5)",305894.0554962158,305881.45720652863,-73264348458.36026,1538717.9487179518,1.7932000160217283,-1.5142524355155575,73269386002.41512,18694183.506109774,20232901.454827726,18388302.048903245,73269691896.47061,5343438.1103515625,0.07147492549803895,1770934663.09224,1770934663.09224
1.6714129507753162,31,5,73062995153.07428,12107674.38251638,12413166.202477999,73063300656.90897,13951884.151195947,601430.4772633833,-81.58509826660156,-81.62969970703125,-3.0696001052856445,3.329400062561035,[0. 0. 0.],[0. 0. 0. 1.],2.987940860432817,-1.2196408039752975,"(31, 5)",305503.85304260254,305491.1139072515,-73062699226.04169,1538717.948717948,1.7683000564575195,-1.2196408039752975,73062995153.05615,12413165.877904648,13951883.826622596,12107674.763997396,73063300656.9092,601430.8675130209,0.13776846878860116,1770934663.1556766,1770934663.1556766
3.22285786663024,20,11,72522081555.38008,3729289.6444522236,4033093.8405500785,72589601791.7141,5571811.789268027,64633844.89397309,-83.7354965209961,-83.18900299072266,-1.8662999868392944,1.024399995803833,[0. 0. 0.],[0. 0. 0. 1.],7.238867807619097,-3.894467878572466,"(20, 11)",67520236.72250366,303803.77353766,-72524967946.82306,1538717.948717949,3.344399929046631,-3.894467878572466,72522081555.29974,4033093.762520032,5571811.711237981,3729289.988982372,72589601792.02225,64633845.19919371,0.1960139318773898,1770934663.2165287,1770934663.2165287
3.627412285656093,21,11,73453718783.15372,64142578.08667382,64506266.91747316,73454082495.59288,66044984.866191104,55301211.01115951,-92.80789947509766,-92.43560028076172,1.2302000522613523,-1.6744999885559082,[0. 0. 0.],[0. 0. 0. 1.],6.76620379035099,-3.029703765555458,"(21, 11)",363713.018951416,363688.74574319273,-73398781284.85136,1538717.9487179443,3.736500024795532,-3.029703765555458,73453718782.86382,64506266.83944311,66044984.788161054,64142578.09369992,73454082495.88277,55301211.03140024,0.1842577562840834,1770934663.2770216,1770934663.2770216
5.376332790683845,21,0,73722711828.02551,113053.54630421204,418350.1808066275,73723017161.1058,1957068.1295245762,55370240.89289035,-87.15059661865234,-86.91549682617188,-1.943600058555603,1.5851000547409058,[0. 0. 0.],[0. 0. 0. 1.],8.86107451211785,-3.314174716585624,"(21, 0)",305333.9405517578,305296.4274088542,-73667646920.57164,1538717.9487179487,5.546899795532227,-3.314174716585624,73722711827.73561,418350.1727764423,1957068.121494391,113053.74536758814,73723017161.67616,55370241.10451723,0.1899522468495472,1770934663.5459516,1770934663.5459516
2.837853255264771,20,1,73029068181.98264,35502515.18671455,35808502.49550771,73096590599.348,37347220.44422566,33891372.91660495,-89.61009979248047,-88.68000030517578,-3.3396999835968018,2.825599908828736,[0. 0. 0.],[0. 0. 0. 1.],5.378421035517765,-2.463621106852604,"(20, 1)",67522417.64949036,305987.0793269202,-73062699226.43292,1538717.9487179518,2.914799928665161,-2.463621106852604,73029068181.9023,35808502.41636618,37347220.365084134,35502515.33703926,73096590599.55179,33891373.118865184,0.1842967118736939,1770934663.7235641,1770934663.7235641
2.702733163391698,21,1,73977705241.48705,45700700.85150376,46006451.21345643,73978011009.86377,47545169.16217438,41498445.65510792,-88.04409790039062,-88.6843032836914,0.2989000082015991,-0.4936000108718872,[0. 0. 0.],[0. 0. 0. 1.],5.464760744195486,-2.592460834603811,"(21, 1)",305769.1368713379,305750.04382011294,-73936512564.4769,1538717.9487179518,2.872299909591675,-2.592460834603811,73977705241.19714,46006451.1343149,47545169.083032854,45700701.09049479,73978011010.33401,41498445.85712139,0.1856758227871761,1770934663.800938,1770934663.800938
3.046428235175307,30,1,74055365593.91437,55712048.34452905,56016923.969866686,74055670490.1237,57555641.91858464,51941517.04954054,-95.6439971923828,-93.46630096435548,-1.107300043106079,0.7376000285148621,[0. 0. 0.],[0. 0. 0. 1.],5.318561597208403,-2.232461495737455,"(30, 1)",304896.44367980957,304875.6134815663,-74003728973.1683,1538717.9487179518,3.0861001014709477,-2.232461495737455,74055365593.76126,56016923.89072516,57555641.83944311,55712048.27724359,74055670490.20494,51941517.03663361,0.18568938641272434,1770934663.8782065,1770934663.8782065
3.129621842442969,31,1,73849976483.20247,50432383.99403537,50737300.57243079,73850281421.19615,52276018.52114874,48201680.2844203,-92.82460021972656,-92.23629760742188,-1.8681999444961548,2.128000020980835,[0. 0. 0.],[0. 0. 0. 1.],5.403218332373771,-2.267518344962272,"(31, 1)",304937.96324157715,304916.49138621986,-73802079740.83408,1538717.9487179518,3.135699987411499,-2.267518344962272,73849976483.18434,50737300.49328926,52276018.442007214,50432384.00190304,73850281421.14758,48201680.313501604,0.18418860258837244,1770934663.9401803,1770934663.9401803
4.608689479793987,20,2,73302111843.8416,36020685.73389857,36324864.68236869,73369632465.93161,37863582.63108663,38067604.91299659,-84.49639892578125,-84.60169982910156,-7.417900085449219,7.157199859619141,[0. 0. 0.],[0. 0. 0. 1.],5.780256972993651,-1.034157024110594,"(20, 2)",67520622.54295349,304178.4824469164,-73331564861.01074,1538717.9487179443,4.746099948883057,-1.034157024110594,73302111843.76126,36324864.595853366,37863582.54457131,36020686.11340645,73369632466.30421,38067605.29346955,0.2002786675859874,1770934663.996717,1770934663.996717
4.068289366093756,21,2,74233698630.91011,29169190.918536056,29473181.990060996,74234002650.39053,31011899.938778944,28624451.641617652,-91.49510192871094,-89.44309997558594,-3.8268001079559326,4.227200031280518,[0. 0. 0.],[0. 0. 0. 1.],6.2983455293594135,-2.091745340150429,"(21, 2)",304020.1979522705,303990.916716747,-74205378199.00777,1538717.948717948,4.206600189208984,-2.091745340150429,74233698630.62021,29473181.903545674,31011899.852263622,29169190.986828927,74234002650.81816,28624451.810396634,0.18342124767518136,1770934664.0569344,1770934664.0569344
4.379738815434342,30,2,74296359335.90154,24180399.259222817,24486635.51570202,74296665602.90651,26025353.46441997,24070995.166884106,-85.7031021118164,-86.15409851074219,-5.1128997802734375,4.726399898529053,[0. 0. 0.],[0. 0. 0. 1.],5.370857095168491,-0.8332570547326998,"(30, 2)",306267.5906524658,306235.80541365966,-74272594607.82439,1538717.948717948,4.537600040435791,-0.8332570547326998,74296359335.74843,24486635.429186698,26025353.377904646,24180399.62377304,74296665603.33908,24070995.514698517,0.19513990321938157,1770934664.1192093,1770934664.1192093
5.023353713537608,31,2,74088970818.13835,16900821.92903174,17206699.618266124,74089276731.21161,18745417.566984072,18331355.963075485,-90.36319732666016,-91.19000244140624,-6.162499904632568,5.698699951171875,[0. 0. 0.],[0. 0. 0. 1.],5.909298044654857,-0.855598074409496,"(31, 2)",305913.0859375,305877.4820963554,-74070945375.16148,1538717.948717948,5.053699970245361,-0.855598074409496,74088970818.12022,17206699.531750802,18745417.48046875,16900822.049654447,74089276731.20616,18331356.044671476,0.18339936255705985,1770934664.1792533,1770934664.1792533
6.655436524315268,20,3,73523055497.68776,49573172.26566217,49879608.28489122,73590578388.4439,51418326.23360916,57364286.21687561,-90.654296875,-90.9228973388672,-0.7049999833106995,0.2373999953269958,[0. 0. 0.],[0. 0. 0. 1.],8.333480663273496,-1.620680637333555,"(20, 3)",67522890.92234802,306435.7972756475,-73533214102.2029,1538717.9487179443,6.712800025939941,-1.620680637333555,73523055497.60742,49879608.18559696,51418326.1343149,49573172.38832131,73590578388.52977,57364286.326873,0.18340178295428405,1770934664.217589,1770934664.217589
5.920009822609255,21,3,74454692925.7819,42773403.017292686,43077100.272070706,74454996661.73795,44615818.22078865,47969221.764966294,-84.63200378417969,-84.60250091552734,2.257499933242798,-2.819099903106689,[0. 0. 0.],[0. 0. 0. 1.],8.658882207513464,-2.5181823440796265,"(21, 3)",303736.88526916504,303696.7585637048,-74407027440.21556,1538717.9487179443,6.140699863433838,-2.5181823440796265,74454692925.492,43077100.172776446,44615818.12149439,42773403.41421274,74454996662.37727,47969222.161708735,0.2001839223820052,1770934664.2779658,1770934664.2779658
5.825710197132262,30,3,74502353991.35025,22785151.161340453,23089920.784891214,74502658799.26883,24628638.733609162,28414950.179943472,-89.06819915771484,-87.91619873046875,1.659600019454956,-1.4946999549865725,[0. 0. 0.],[0. 0. 0. 1.],8.088195173008208,-2.1407950799295943,"(30, 3)",304808.4122161865,304769.3184094541,-74474243849.15738,1538717.948717948,5.947400093078613,-2.1407950799295943,74502353991.19714,23089920.685596954,24628638.634314902,22785151.3671875,74502658799.60936,28414950.451973155,0.18544923437125424,1770934664.3251796,1770934664.3251796
6.282119848059977,31,3,74279966290.89476,506561.7744470519,813109.8874553187,74280272881.35541,2351827.8361732676,7678268.106719378,-104.03140258789062,-102.19750213623048,0.4442000091075897,-0.8306999802589417,[0. 0. 0.],[0. 0. 0. 1.],8.413408825323614,-2.167008945868048,"(31, 3)",306590.26316833496,306548.13326322107,-74272594613.14539,1538717.948717949,6.246399879455566,-2.167008945868048,74279966290.87663,813109.7881610576,2351827.7368790065,506561.65489783656,74280272881.1398,7678267.9944160655,0.1899654039329124,1770934664.3754587,1770934664.3754587
4.965495478962232,20,4,73735098983.26468,1599866.810175868,1904023.3457328181,73802619583.90656,3442741.294450767,539843.9289162898,-97.05650329589844,-96.05789947509766,-2.3431999683380127,2.411099910736084,[0. 0. 0.],[0. 0. 0. 1.],5.9957967768636635,-1.026096917244523,"(20, 4)",67520600.64852905,304156.509790665,-73802079739.95767,1538717.9487179487,4.969699859619141,-1.026096917244523,73735098983.18434,1904023.2496995192,3442741.198417468,1599866.7399088542,73802619583.83287,539843.8752003205,0.18728502606153105,1770934664.4295535,1770934664.4295535
4.3634505644344825,21,4,74666687453.02548,61968076.34971484,62273959.24316871,74666993364.94965,63812677.19188666,58316697.84241568,-95.99960327148438,-97.69159698486328,0.2858999967575073,-0.7329000234603882,[0. 0. 0.],[0. 0. 0. 1.],6.075795992695039,-1.6299961651193557,"(21, 4)",305912.3816833496,305882.8500600904,-74608676667.35397,1538717.9487179518,4.445799827575684,-1.6299961651193557,74666687452.73558,62273959.147135414,63812677.095853366,61968076.297075324,74666993365.11726,58316697.76329628,0.18744179694713994,1770934664.4899352,1770934664.4899352
4.793264531005314,30,4,74753347468.91435,13762043.041646032,14066266.935476407,74753651724.93932,15604984.884194357,10542238.491064915,-92.5282974243164,-92.00869750976562,-0.7803999781608582,0.5029000043869019,[0. 0. 0.],[0. 0. 0. 1.],5.940327473034791,-1.0819276050233162,"(30, 4)",304256.3100891113,304223.75801282004,-74743109486.5209,1538717.94871795,4.858399868011475,-1.0819276050233162,74753347468.76125,14066266.839443108,15604984.788161058,13762043.081430288,74753651725.07133,10542238.550430689,0.18401245222645957,1770934664.5761802,1770934664.5761802
4.761053814301018,31,4,74564959528.07425,25482789.230204873,25787725.26880974,74565264496.28996,27326443.217527688,23804241.925870713,-83.57749938964844,-84.73979949951172,-1.3997000455856323,1.3420000076293943,[0. 0. 0.],[0. 0. 0. 1.],6.018622700489663,-1.1457226913343899,"(31, 4)",304968.5277709961,304935.5844350979,-74541460254.26494,1538717.948717948,4.872900009155273,-1.1457226913343899,74564959528.05612,25787725.172776442,27326443.12149439,25482789.588341344,74565264496.5839,23804242.318960335,0.20010512333314237,1770934664.6551409,1770934664.6551409
2.192036698682844,20,5,73999043278.13646,6501196.312713995,6805057.228119025,74066563565.08646,8343775.176836974,62834596.5527257,-87.97419738769531,-88.02189636230469,-3.988800048828125,4.16949987411499,[0. 0. 0.],[0. 0. 0. 1.],3.059692769990478,-0.6967927512984615,"(20, 5)",67520287.2721405,303860.0354316905,-74003728968.2229,1538717.948717949,2.3629000186920166,-0.6967927512984615,73999043278.05612,6805056.903545673,8343774.852263622,6501196.8681139825,74066563565.32826,62834597.10536859,0.18657810715388995,1770934664.6935,1770934664.6935
1.787814736562995,21,5,74931680602.06395,702567.7617330374,1009680.6255549223,74931987727.13693,2548398.5742728706,54445420.84159619,-81.98560333251953,-83.31199645996094,-1.2861000299453735,1.0533000230789185,[0. 0. 0.],[0. 0. 0. 1.],2.7001653466200923,-0.6654654297804923,"(21, 5)",307125.9483795166,307112.0824569311,-74877542306.2512,1538717.9487179485,2.0346999168396,-0.6654654297804923,74931680601.77405,1009680.3009815705,2548398.249699519,702568.2185246394,74931987727.72243,54445421.471228965,0.17962277535066942,1770934664.754921,1770934664.754921
1.7786406472922451,30,5,74995341186.86305,63929575.41741097,64235505.94606774,74995647129.79022,65774223.894785695,50888414.50416255,-80.38860321044922,-80.96810150146484,-2.012500047683716,2.2081000804901123,[0. 0. 0.],[0. 0. 0. 1.],3.307452451537286,-1.4350524061423886,"(30, 5)",305943.11837768555,305930.05058092624,-74944758715.06783,1538717.9487179518,1.8724000453948972,-1.4350524061423886,74995341186.70995,64235505.62149439,65774223.57021234,63929575.570913464,74995647129.82832,50888414.76049179,0.08207223435001484,1770934664.818169,1770934664.818169
1.6708358841383257,31,5,74788954223.58705,57650967.22527048,57955025.176836975,74789258293.50525,59493743.12555493,46148810.45987911,-82.11579895019531,-82.12809753417969,-3.078900098800659,3.4923999309539795,[0. 0. 0.],[0. 0. 0. 1.],2.987940860432817,-1.1918408400241867,"(31, 5)",304070.02767944336,304057.1476862952,-74743109482.65535,1538717.9487179518,1.7961000204086304,-1.1918408400241867,74788954223.56892,57955024.85226362,59493742.800981574,57650967.70457733,74789258293.5966,46148810.94125601,0.16284660738506854,1770934664.879193,1770934664.879193
3.2363852167439124,20,11,74239037476.8544,40272314.1400328,40576226.85337059,74306557821.84552,42114944.802088544,33963208.609169625,-83.4811019897461,-83.38939666748047,-1.944599986076355,1.225600004196167,[0. 0. 0.],[0. 0. 0. 1.],7.238867807619097,-3.880767870180132,"(20, 11)",67520345.39639282,303912.3065655008,-74272594613.23929,1538717.9487179518,3.358099937438965,-3.880767870180132,74239037476.77406,40576226.77534054,42114944.724058494,40272314.46877504,74306557822.17046,33963208.93116486,0.19580957218083067,1770934664.933518,1770934664.933518
3.6388779379111265,21,11,75172674376.1024,35474174.80168121,35837452.814909056,75173037677.81966,37376170.76362701,26629726.649558745,-92.92610168457033,-93.80899810791016,1.5124000310897827,-1.5365999937057495,[0. 0. 0.],[0. 0. 0. 1.],6.76620379035099,-3.025503783866004,"(21, 11)",363302.2523498535,363277.932191506,-75146407951.43974,1538717.9487179518,3.740700006484986,-3.025503783866004,75172674375.8125,35837452.736879006,37376170.68559696,35474174.8046875,75173037678.06485,26629726.625100162,0.18481382079681113,1770934664.9961054,1770934664.9961054
5.417913554666486,21,0,75418668029.94855,15656040.776451778,15960329.347473294,75418972355.18526,17499047.29619124,3698768.024010726,-86.80680084228516,-86.97889709472656,-2.2035000324249268,1.520799994468689,[0. 0. 0.],[0. 0. 0. 1.],8.86107451211785,-3.270374362581718,"(21, 0)",304326.0936279297,304288.34572816454,-75415273587.51997,1538717.94871795,5.590700149536133,-3.270374362581718,75418668029.65865,15960329.339443108,17499047.288161058,15656040.993714944,75418972355.75227,3698768.2322966745,0.19054440422472252,1770934665.2419372,1770934665.2419372
2.784468581341104,20,1,74726024616.27747,52043587.1502735,52347500.89294361,74793544959.8259,53886218.84166156,50435477.54768701,-89.2947006225586,-88.97530364990234,-3.062099933624268,2.856300115585327,[0. 0. 0.],[0. 0. 0. 1.],5.378421035517765,-2.5169210107222333,"(20, 1)",67520343.81573486,303913.49596855044,-74743109482.27974,1538717.9487179443,2.861500024795532,-2.5169210107222333,74726024616.19713,52347500.813802086,53886218.76252003,52043587.317833535,74793544960.01286,50435477.733123,0.18428106800231153,1770934665.4204671,1770934665.4204671
2.669508209120658,21,1,75658661828.02547,46247172.43069476,46553510.50832823,75658968183.91792,48092228.45704617,42045363.40860468,-88.6885986328125,-89.19450378417969,-0.2300000041723251,-0.1917999982833862,[0. 0. 0.],[0. 0. 0. 1.],5.464760744195486,-2.6356608506255395,"(21, 1)",306356.6237182617,306337.7967247665,-75616922820.77756,1538717.9487179443,2.8290998935699463,-2.6356608506255395,75658661827.73557,46553510.4291867,48092228.377904646,46247172.632461935,75658968184.35928,42045363.58173077,0.18456330190998985,1770934665.48346,1770934665.48346
3.056243068816821,30,1,75740321843.91432,60256565.598441124,60560802.17499489,75740626101.13055,62099520.12371284,56486871.599226594,-94.70700073242188,-93.402099609375,-1.2655999660491943,0.6061999797821045,[0. 0. 0.],[0. 0. 0. 1.],5.318561597208403,-2.2192616895240764,"(30, 1)",304257.452545166,304236.54409555346,-75684139229.62547,1538717.9487179443,3.099299907684326,-2.2192616895240764,75740321843.76122,60560802.095853366,62099520.04457131,60256565.55175781,75740626101.21376,56486871.588291265,0.1853504064467023,1770934665.5632896,1770934665.5632896
3.130269343561413,31,1,75551936130.63832,4762029.749079039,5067028.136533354,75552241150.48586,6605746.085251303,2534743.110955002,-92.21690368652344,-91.93990325927734,-1.6334999799728394,2.0618999004364014,[0. 0. 0.],[0. 0. 0. 1.],5.403218332373771,-2.261818233573112,"(31, 1)",305019.82859802246,304998.278495593,-75549706407.29726,1538717.948717949,3.141400098800659,-2.261818233573112,75551936130.6202,5067028.057391827,6605746.006109776,4762029.778896234,75552241150.44879,2534743.151542468,0.183896134175072,1770934665.6421237,1770934665.6421237
4.640016738038299,20,2,74987030113.07233,40516621.3276561,40820786.156727664,75054550721.23334,42359504.10544561,42575603.71061767,-85.23400115966797,-84.7052993774414,-7.534299850463867,7.274499893188477,[0. 0. 0.],[0. 0. 0. 1.],5.780256972993651,-1.0031568867814924,"(20, 2)",67520608.6144104,304164.36611077935,-75011975117.51485,1538717.9487179443,4.777100086212158,-1.0031568867814924,74987030112.99199,40820786.07021234,42359504.018930286,40516621.70410156,75054550721.6064,42575604.091546476,0.19933382412085499,1770934665.6815228,1770934665.6815228
4.089273988939261,21,2,75919655081.23059,34708516.25601725,35012380.70800971,75919958974.20009,36551098.656727664,34170518.8844573,-88.9114990234375,-92.20719909667967,-4.153600215911865,3.7802000045776367,[0. 0. 0.],[0. 0. 0. 1.],6.2983455293594135,-2.070645295899941,"(21, 2)",303893.55781555176,303864.1670422703,-75885788455.57448,1538717.9487179518,4.227700233459473,-2.070645295899941,75919655080.94069,35012380.62149439,36551098.57021234,34708516.45445212,75919958974.4985,34170518.92402845,0.1834425072062884,1770934665.7428942,1770934665.7428942
4.365956629409707,30,2,75983315537.82457,30717851.18303379,31024592.246471252,75983622309.52208,32563310.1951892,30617445.2470429,-85.72589874267578,-85.55220031738281,-4.804599761962891,4.943399906158447,[0. 0. 0.],[0. 0. 0. 1.],5.370857095168491,-0.843957280562778,"(30, 2)",306772.3044433594,306740.61310597137,-75953004864.3598,1538717.948717948,4.526899814605713,-0.843957280562778,75983315537.67146,31024592.15995593,32563310.108673878,30717851.54684996,75983622309.9759,30617445.616110776,0.19652382866327256,1770934665.8061807,1770934665.8061807
5.023048957661623,31,2,75776930794.09985,24440216.40295778,24746114.68236869,75777236727.69293,26284832.631086636,25881095.689882573,-90.79519653320312,-90.57389831542967,-6.250999927520752,5.65310001373291,[0. 0. 0.],[0. 0. 0. 1.],5.909298044654857,-0.8547979416580311,"(31, 2)",305933.63444519043,305898.093199119,-75751355631.91602,1538717.948717948,5.054500102996826,-0.8547979416580311,75776930794.08173,24746114.595853366,26284832.544571314,24440216.502654247,75777236727.71617,25881095.80015525,0.18339555190590345,1770934665.8672886,1770934665.8672886
6.59125208822223,20,3,75227011763.71335,5901966.363597434,6209872.707968139,75294536124.37602,7748590.656686088,13695355.529336132,-90.57389831542967,-89.81990051269531,-0.6696000099182129,0.0419000014662742,[0. 0. 0.],[0. 0. 0. 1.],8.333480663273496,-1.6760805320479104,"(20, 3)",67524360.88366699,307906.11853966303,-75280840768.82257,1538717.948717949,6.657400131225586,-1.6760805320479104,75227011763.63301,6209872.608673878,7748590.557391827,5901966.490134215,75294536124.51668,13695355.694110576,0.18346348822087885,1770934665.9214513,1770934665.9214513
5.955393999126442,21,3,76158648911.35878,66323603.82400285,66628190.01566044,76158953536.49477,950497.7079681393,4299429.90211508,-85.01339721679688,-84.1759033203125,2.5917999744415283,-2.8833000659942627,[0. 0. 0.],[0. 0. 0. 1.],8.658882207513464,-2.4839821525818238,"(21, 3)",304626.05795288086,304585.6964893788,-76154654106.83524,-65677692.307692304,6.174900054931641,-2.4839821525818238,76158648911.06888,66628189.91636618,950497.6086738782,66323604.2198768,76158953537.12683,4299430.2915915465,0.2002463810946866,1770934665.9819257,1770934665.9819257
5.905875870226805,30,3,76222309327.88867,62333091.826132275,62637508.92591686,76222613783.78816,64176226.8746348,743267.876145664,-88.09259796142578,-87.02999877929688,1.677299976348877,-1.9557000398635864,[0. 0. 0.],[0. 0. 0. 1.],8.088195173008208,-2.044795362217192,"(30, 3)",304456.4428100586,304416.7386568561,-76221870515.98051,1538717.9487179443,6.043399810791016,-2.044795362217192,76222309327.73557,62637508.8266226,64176226.77534054,62333092.08796574,76222613784.17838,743268.1978665865,0.18804972297121872,1770934666.0451715,1770934666.0451715
7.267783896759703,31,3,76015925129.03575,56056153.13322518,56362268.541301474,76016231292.66173,57900986.49001942,63226419.45025557,-91.81439971923828,-91.0915985107422,0.7748000025749207,-0.8363000154495239,[0. 0. 0.],[0. 0. 0. 1.],8.413408825323614,-1.1206088756776182,"(31, 3)",306163.64308166504,306115.23750501126,-75953004873.10817,1538717.9487179443,7.292799949645996,-1.1206088756776182,76015925129.01762,56362268.442007214,57900986.39072516,56056153.2045022,76016231292.6607,63226419.55253405,0.18356876409340936,1770934666.1062434,1770934666.1062434
4.920639843583136,20,4,75466005633.90565,52091725.298358686,52397284.563681535,75533527637.05273,53936002.51239948,51037641.02482398,-99.72599792480467,-99.23580169677734,-2.6858999729156494,2.937299966812134,[0. 0. 0.],[0. 0. 0. 1.],5.9957967768636635,-1.0818968783346108,"(20, 4)",67522003.11122131,305559.2698317319,-75482489996.00793,1538717.9487179443,4.913899898529053,-1.0818968783346108,75466005633.82532,52397284.46764824,53936002.41636618,52091725.197816506,75533527636.93654,51037640.92861078,0.18889212603724898,1770934666.16046,1770934666.16046
4.387958880045302,21,4,76398642709.4357,46297490.68561589,46603141.93547641,76398948389.82082,48141859.88419435,42645055.74959504,-96.4123992919922,-96.82630157470705,0.6761000156402588,-0.4013999998569488,[0. 0. 0.],[0. 0. 0. 1.],6.075795992695039,-1.6046961391794143,"(21, 4)",305680.85499572754,305651.21381711215,-76356303334.31795,1538717.9487179443,4.471099853515625,-1.6046961391794143,76398642709.1458,46603141.83944311,48141859.788161054,46297490.625626,76398948390.0008,42645055.682842545,0.18734283577331381,1770934666.2219331,1770934666.2219331
4.764312007516248,30,4,76462303101.92712,42306588.617235765,42610906.35855333,76462607451.61879,44149624.30727128,39087708.82290681,-91.48280334472656,-92.89769744873048,-0.2858999967575073,0.1527000069618225,[0. 0. 0.],[0. 0. 0. 1.],5.940327473034791,-1.1095274165772704,"(30, 4)",304349.94429016113,304317.5643529594,-76423519742.86853,1538717.9487179518,4.83080005645752,-1.1095274165772704,76462303101.77402,42610906.26252003,44149624.21123798,42306588.69816707,76462607451.7183,39087708.84978466,0.18393100176925045,1770934666.2851715,1770934666.2851715
4.732667103663449,31,4,76255919439.93318,36029790.87544987,36334023.345732816,76256223704.41496,37872741.29445077,34353193.76586718,-84.14099884033203,-84.49970245361328,-1.8252999782562256,1.3503999710083008,[0. 0. 0.],[0. 0. 0. 1.],6.018622700489663,-1.1704228561293117,"(31, 4)",304264.7924194336,304231.9899338931,-76221870510.54994,1538717.9487179518,4.848199844360352,-1.1704228561293117,76255919439.91505,36334023.24969952,37872741.19841747,36029791.259765625,76256223704.70747,34353194.157527044,0.20036622052259156,1770934666.346163,1770934666.346163
2.191675462044942,20,5,75704999496.08514,32039900.462196995,32343759.151195947,75772519780.83104,33882477.099913895,21164145.75587839,-88.58650207519531,-88.60759735107422,-4.610899925231934,3.6935999393463135,[0. 0. 0.],[0. 0. 0. 1.],3.059692769990478,-0.7074927387099605,"(20, 5)",67520285.03417969,303857.8444260806,-75751355634.76433,1538717.948717948,2.3522000312805176,-0.7074927387099605,75704999496.0048,32343758.826622594,33882476.77534054,32039900.982196514,75772519781.03899,21164146.27466446,0.18515434548854665,1770934666.399506,1770934666.399506
1.7591148392200162,21,5,76636636563.60236,25246301.1663904,25553542.805042103,76636943817.29314,27092260.75376005,11774844.503319513,-81.44529724121094,-82.2333984375,-1.698699951171875,0.7767000198364258,[0. 0. 0.],[0. 0. 0. 1.],2.7001653466200923,-0.7292652878737544,"(21, 5)",307254.43522644043,307240.96053685993,-76625168972.74568,1538717.948717948,1.970900058746338,-0.7292652878737544,76636636563.31245,25553542.48046875,27092260.429186698,25246301.51993189,76636943817.74768,11774845.002003206,0.1490522280536351,1770934666.459877,1770934666.459877
1.7333041117024819,30,5,76700296924.04251,21255034.066385698,21562076.458888255,76700603978.53915,23100794.407606207,8218596.617786063,-80.32230377197266,-80.67259979248047,-2.1270999908447266,2.1382999420166016,[0. 0. 0.],[0. 0. 0. 1.],3.307452451537286,-1.4902525060874567,"(30, 5)",307054.631149292,307041.92332732305,-76692385381.70314,1538717.9487179518,1.817199945449829,-1.4902525060874567,76700296923.8894,21562076.134314902,23100794.083032854,21255034.21098758,76700603978.52055,8218596.817407853,0.07369377533529721,1770934666.523184,1770934666.523184
1.6894353285445447,31,5,76493913798.90753,14978415.860851169,15282469.087093383,76494217864.19359,16821187.035811335,3481714.3250983614,-81.53099822998047,-82.77359771728516,-2.9410998821258545,3.171099901199341,[0. 0. 0.],[0. 0. 0. 1.],2.987940860432817,-1.175440860432817,"(31, 5)",304065.489151001,304052.53092447855,-76490736149.47847,1538717.94871795,1.8125,-1.175440860432817,76493913798.8894,15282468.762520032,16821186.711237982,14978416.231595553,76494217864.37856,3481714.900090144,0.16226190167997542,1770934666.5865772,1770934666.5865772
3.2255297898453734,20,11,75955993414.35435,9598947.6638255,9902845.44311418,76023513744.29878,11441563.39183213,3292464.192365806,-83.427001953125,-83.73760223388672,-1.899799942970276,0.7702000141143799,[0. 0. 0.],[0. 0. 0. 1.],7.238867807619097,-3.888767767183306,"(20, 11)",67520330.37234497,303897.3764272835,-76020221280.10936,1538717.94871795,3.350100040435791,-3.888767767183306,75955993414.27402,9902845.365084134,11441563.313802084,9598947.98865685,76023513744.64636,3292464.5370092145,0.19724781149762752,1770934666.650461,1770934666.650461
3.56399574588818,21,11,76887630081.23056,2805892.5707137194,3168750.89183213,76887992962.77881,4707468.840550078,61174755.29239073,-92.6176986694336,-92.90899658203124,1.497499942779541,-1.6800999641418457,[0. 0. 0.],[0. 0. 0. 1.],6.76620379035099,-3.094603686972694,"(21, 11)",362882.11137390137,362858.2294170675,-76826818207.75606,1538717.9487179485,3.671600103378296,-3.094603686972694,76887630080.94066,3168750.8138020835,4707468.762520032,2805892.584385016,76887992963.05203,61174755.295973554,0.18436223489621867,1770934666.7109451,1770934666.7109451
5.436706408935065,21,0,77112624271.93568,29199073.747236285,29503358.193627138,77112928593.18555,31042076.142345086,17244749.67669851,-86.97309875488281,-87.33869934082031,-2.0004000663757324,1.29639995098114,[0. 0. 0.],[0. 0. 0. 1.],8.86107451211785,-3.2558746982750773,"(21, 0)",304322.0872192383,304284.229767628,-77095683843.8676,1538717.948717948,5.605199813842773,-3.2558746982750773,77112624271.64578,29503358.185596954,31042076.134314902,29199073.955829326,77112928593.733,17244749.865409654,0.18946005561384882,1770934666.9360073,1770934666.9360073
2.8247198503755757,20,1,76410981379.09795,56585011.82269952,56889768.52114874,76478502565.81766,58428486.469866686,54982826.8475312,-89.918701171875,-88.87090301513672,-3.0546998977661133,3.0127999782562256,[0. 0. 0.],[0. 0. 0. 1.],5.378421035517765,-2.480821099986149,"(20, 1)",67521186.99293518,304756.4853766039,-76423519738.97165,1538717.9487179443,2.897599935531616,-2.480821099986149,76410981379.01761,56889768.442007214,58428486.39072516,56585011.95663061,76478502566.01054,54982827.03888722,0.18400758018085192,1770934667.1055055,1770934667.1055055
2.6447429790464505,21,1,77343618302.3844,50793530.740187235,51099079.41858464,77343923868.6906,52637797.36730258,46590791.66150429,-89.4457015991211,-87.9197998046875,-0.2038999944925308,-0.1955000013113021,[0. 0. 0.],[0. 0. 0. 1.],5.464760744195486,-2.6558606263213407,"(21, 1)",305567.1105041504,305548.440004006,-77297333077.29732,1538717.9487179443,2.808900117874145,-2.6558606263213407,77343618302.0945,51099079.33944311,52637797.288161054,50793530.899439104,77343923869.205,46590791.907677285,0.1851171026040485,1770934667.166904,1770934667.166904
3.0156646248948378,30,1,77407278574.68352,46801574.35977633,47106379.09807181,77407583399.78806,48645097.046789765,43033913.83085076,-94.5967025756836,-93.25189971923828,-0.9377999901771544,0.8799999952316284,[0. 0. 0.],[0. 0. 0. 1.],5.318561597208403,-2.258761687616728,"(30, 1)",304825.3455505371,304804.7031500414,-77364549486.05135,1538717.9487179518,3.059799909591675,-2.258761687616728,77407278574.53041,47106379.018930286,48645096.96764824,46801574.315780245,77407583399.87596,43033913.82461939,0.18524125140995812,1770934667.2301736,1770934667.2301736
3.1859783209279255,31,1,77201897020.06136,41525834.33985281,41829928.777559,77202201136.32921,43368646.72627694,39300882.80048911,-91.5239028930664,-90.66449737548828,-2.143899917602539,1.93340003490448,[0. 0. 0.],[0. 0. 0. 1.],5.403218332373771,-2.193518224799308,"(31, 1)",304116.3048400879,304094.3008814156,-77162900253.45107,1538717.9487179443,3.209700107574463,-2.193518224799308,77201897020.04323,41829928.69841747,43368646.647135414,41525834.397536054,77202201136.34807,39300882.897010215,0.1834499687409496,1770934667.2921395,1770934667.2921395
4.622470185175585,20,2,76635975609.86717,9040030.908084882,9348302.182368686,76703500324.4193,10887020.131086634,11114950.658508642,-84.30329895019531,-84.15160369873047,-7.083600044250488,7.26609992980957,[0. 0. 0.],[0. 0. 0. 1.],5.780256972993651,-1.0220568043840315,"(20, 2)",67524714.99711609,308270.8114232775,-76692385373.75293,1538717.948717948,4.758200168609619,-1.0220568043840315,76635975609.78683,9348302.095853366,10887020.044571314,9040031.284430088,76703500324.78395,11114951.031024639,0.2002892733969003,1770934667.3304753,1770934667.3304753
4.0437970715290525,21,2,77568612493.08952,3248951.8910068907,3552597.0541635575,77568916166.48126,5091315.002881506,2717454.833682512,-89.77269744873047,-92.00869750976562,-4.039999961853027,3.978600025177002,[0. 0. 0.],[0. 0. 0. 1.],6.2983455293594135,-2.1220454805312885,"(21, 2)",303673.9877471924,303644.9256310095,-77566198711.90643,1538717.948717949,4.176300048828125,-2.1220454805312885,77568612492.79962,3552596.967648237,5091314.916366186,3248952.0420172275,77568916166.78737,2717454.880934495,0.18339875366537675,1770934667.3919127,1770934667.3919127
4.389206348843345,30,2,77617273125.96556,51473361.60555569,51781755.70800971,77617581550.812,53320473.656727664,51382840.117107056,-87.04319763183594,-85.68370056152344,-5.14739990234375,4.337100028991699,[0. 0. 0.],[0. 0. 0. 1.],5.370857095168491,-0.8301571363672213,"(30, 2)",308425.4494628906,308393.7111878991,-77566198710.77965,1538717.9487179518,4.5406999588012695,-0.8301571363672213,77617273125.81245,51781755.62149439,53320473.57021234,51473361.91030649,77617581551.26192,51382840.482271634,0.19323366344970505,1770934667.4401267,1770934667.4401267
5.069467032633986,31,2,77394892444.74084,29198117.346964154,29504215.64390715,77395198578.63437,31042933.592625096,30649100.336659424,-90.91570281982422,-90.80919647216795,-6.204400062561035,6.378600120544434,[0. 0. 0.],[0. 0. 0. 1.],5.909298044654857,-0.8108979286880604,"(31, 2)",306133.92364501953,306098.11636117846,-77364549478.21066,1538717.948717948,5.098400115966797,-0.8108979286880604,77394892444.72272,29504215.557391826,31042933.506109774,29198117.441030648,77395198578.64636,30649100.435697116,0.18341022614520824,1770934667.494015,1770934667.494015
6.590811840974177,20,3,76837970425.5723,3666015.9535369775,3974207.643865575,76905495071.60313,5512925.592583524,11460456.72783605,-90.93009948730467,-89.92150115966797,-0.4553999900817871,0.2364999949932098,[0. 0. 0.],[0. 0. 0. 1.],8.333480663273496,-1.6797807883955667,"(20, 3)",67524646.24649048,308191.481370192,-76894034614.85118,1538717.948717949,6.65369987487793,-1.6797807883955667,76837970425.49196,3974207.544571314,5512925.493289263,3666016.063201122,76905495071.73845,11460456.887269631,0.18341303508168066,1770934667.5324705,1770934667.5324705
5.922523855389133,21,3,77770607276.74336,65092353.04110511,65399031.36181429,77770913993.78357,66937749.31053224,3066041.0371051203,-84.97209930419922,-85.10199737548828,2.1709001064300537,-2.506099939346313,[0. 0. 0.],[0. 0. 0. 1.],8.658882207513464,-2.5159822174316773,"(21, 3)",306717.9674987793,306677.8251452297,-77767847952.98904,1538717.9487179518,6.142899990081787,-2.5159822174316773,77770607276.45346,65399031.26252003,66937749.21123798,65092353.4373748,77770913994.42096,3066041.4319160655,0.19908139560267316,1770934667.594015,1770934667.594015
5.810243031499202,30,3,77834267492.95274,61100089.69568503,61404824.63104506,77834572266.11098,62943542.57976301,66724314.614573106,-88.11139678955078,-88.42970275878906,1.3485000133514404,-1.514299988746643,[0. 0. 0.],[0. 0. 0. 1.],8.088195173008208,-2.1524952332804244,"(30, 3)",304773.62216186523,304734.57532051206,-77767847951.5649,1538717.9487179518,5.935699939727783,-2.1524952332804244,77834267492.79964,61404824.5317508,62943542.48046875,61100089.956430286,77834572266.4218,66724314.856896035,0.18587558000275126,1770934667.657062,1770934667.657062
6.779073139538116,31,3,77560670513.6511,54825032.889560245,55130954.43873737,77560976480.15393,56669672.387455314,61994171.02941102,-103.6781005859375,-91.19770050048828,0.6453999876976013,-1.1966999769210815,[0. 0. 0.],[0. 0. 0. 1.],8.413408825323614,-1.6385088657594054,"(31, 3)",305966.5151824951,305921.56825921685,-77498982309.02122,1538717.9487179443,6.774899959564209,-1.6385088657594054,77560670513.63297,55130954.33944311,56669672.288161054,54825032.77118389,77560976480.14815,61994171.12692808,0.1853206027650436,1770934667.7182195,1770934667.7182195
4.979311718511947,20,4,77061964680.37997,34852730.54576936,35157028.15342513,77129485422.22362,36695746.10214307,33801579.86974183,-96.88269805908205,-95.61209869384766,-2.698899984359741,2.66729998588562,[0. 0. 0.],[0. 0. 0. 1.],5.9957967768636635,-1.0105968485799721,"(20, 4)",67520741.8588562,304297.57925180346,-77095683842.3339,1538717.9487179443,4.985199928283691,-1.0105968485799721,77061964680.29964,35157028.05739183,36695746.006109774,34852730.47814003,77129485422.1585,33801579.82459435,0.18705863316502058,1770934667.7564237,1770934667.7564237
4.386625168443827,21,4,77994601491.48695,29063180.25982645,29367821.42265589,77994906161.72395,30906539.371373843,25408981.23288285,-97.59020233154295,-95.8852996826172,0.7189000248908997,-0.7282000184059143,[0. 0. 0.],[0. 0. 0. 1.],6.075795992695039,-1.6062959278451858,"(21, 4)",304670.72314453125,304641.1445813291,-77969497180.73781,1538717.9487179518,4.4695000648498535,-1.6062959278451858,77994601491.19705,29367821.326622594,30906539.275340546,29063180.182041265,77994906161.9202,25408981.182391826,0.18736967815107347,1770934667.8180656,1770934667.8180656
4.737119735742025,31,4,77972660729.99724,5141625.094317287,5445858.281630254,77972964995.19173,6984576.230348203,3467817.703857624,-83.70539855957031,-83.73760223388672,-1.3802000284194946,1.2664999961853027,[0. 0. 0.],[0. 0. 0. 1.],6.018622700489663,-1.172322575367593,"(31, 4)",304265.4810180664,304232.7254857775,-77969497177.38872,1538717.948717949,4.84630012512207,-1.172322575367593,77972660729.97911,5445858.185596955,6984576.134314904,5141625.4601111775,77972964995.46013,3467818.071414263,0.19835563784814458,1770934668.1328056,1770934668.1328056
2.1991631754805097,20,5,77500953414.35432,13143095.24020569,13447244.728119023,77568473989.94095,14985962.676836973,2275277.8958059344,-88.22010040283203,-89.16560363769531,-4.39769983291626,4.148099899291992,[0. 0. 0.],[0. 0. 0. 1.],3.059692769990478,-0.7015928325515133,"(20, 5)",67520575.8432312,304148.6221704725,-77566198711.7343,1538717.94871795,2.358099937438965,-0.7015928325515133,77500953414.27399,13447244.403545672,14985962.352263622,13143095.7813752,77568473990.11722,2275278.38291266,0.18501949191549003,1770934668.1955929,1770934668.1955929
1.7873464896442375,21,5,78449589720.65361,23354286.109552477,23660065.24093954,78449895511.9525,25198783.189657487,9883461.879689174,-81.39089965820312,-82.07620239257812,-1.3186999559402466,0.9760000109672546,[0. 0. 0.],[0. 0. 0. 1.],2.7001653466200923,-0.7065653357482051,"(21, 5)",305792.01722717285,305778.464292869,-78440012050.02867,1538717.948717948,1.9936000108718872,-0.7065653357482051,78449589720.36371,23660064.916366186,25198782.865084134,23354286.452073317,78449895512.38094,9883462.352263622,0.1438483506446552,1770934668.2729301,1770934668.2729301
1.7435731053158725,30,5,78565248502.5681,4143185.6035303464,4449247.93324723,78565554577.08745,5987965.881965179,58326118.336941496,-80.65730285644531,-80.13200378417969,-2.036799907684326,2.232300043106079,[0. 0. 0.],[0. 0. 0. 1.],3.307452451537286,-1.4833524339896782,"(30, 5)",306074.578704834,306061.808268229,-78507228458.53229,1538717.948717949,1.8241000175476076,-1.4833524339896782,78565248502.415,4449247.608673878,5987965.557391827,4143185.800405649,78565554576.9937,58326118.461413264,0.06966515723469749,1770934668.3881721,1770934668.3881721
1.662543871850536,31,5,78290653189.93314,64085189.67060493,64389247.93324723,78290957260.10089,65927965.88196518,52594443.69097446,-82.19850158691406,-82.54129791259766,-2.7985999584198,3.373199939727783,[0. 0. 0.],[0. 0. 0. 1.],2.987940860432817,-1.188540888470842,"(31, 5)",304070.3406677246,304057.4450370595,-78238362816.0199,1538717.9487179518,1.799399971961975,-1.188540888470842,78290653189.91501,64389247.60867388,65927965.55739183,64085190.16363682,78290957260.25568,52594444.235777244,0.1722288440409943,1770934668.4482646,1770934668.4482646
3.2071117285200463,20,11,77792946274.93124,31705921.14925825,32009728.455934692,77860466514.2584,33548446.40465264,25402157.119410932,-83.66799926757812,-83.14559936523438,-1.93340003490448,0.8203999996185303,[0. 0. 0.],[0. 0. 0. 1.],7.238867807619097,-3.911367702714922,"(20, 11)",67520239.71165466,303806.88789563254,-77835064357.14194,1538717.948717948,3.327500104904175,-3.911367702714922,77792946274.8509,32009728.377904646,33548446.326622594,31705921.490009014,77860466514.56256,25402157.420622997,0.19539810937509006,1770934668.4874663,1770934668.4874663
3.638346780872791,21,11,78725582589.24335,25918214.35705477,26280665.955934692,78725945064.59195,27819383.90465264,17067370.03562631,-93.35780334472656,-93.822998046875,1.4471999406814575,-1.698699951171875,[0. 0. 0.],[0. 0. 0. 1.],6.76620379035099,-3.02820387427433,"(21, 11)",362475.88328552246,362451.5318259187,-78708877694.82596,1538717.948717948,3.73799991607666,-3.02820387427433,78725582588.95345,26280665.877904646,27819383.826622594,25918214.346078727,78725945064.83673,17067370.01076723,0.18500625008634167,1770934668.5490315,1770934668.5490315
5.4188714978796915,21,0,78950576771.93564,52305299.22727586,52609576.142345086,78950881085.54443,54148294.09106304,40354165.15949798,-87.04170227050781,-87.54869842529297,-2.150399923324585,1.392300009727478,[0. 0. 0.],[0. 0. 0. 1.],8.86107451211785,-3.2759743381676554,"(21, 0)",304314.43435668945,304276.7020983547,-78910526920.74368,1538717.9487179518,5.585100173950195,-3.2759743381676554,78950576771.64574,52609576.1343149,54148294.083032854,52305299.43221655,78950881086.0801,40354165.336413264,0.18892920662979243,1770934668.7739592,1770934668.7739592
2.8075395656243933,20,1,78240934423.9697,4473057.356845928,4778278.136533354,78308456074.66049,6316996.085251303,2876848.526570947,-88.86869812011719,-88.49919891357422,-2.968100070953369,2.766900062561035,[0. 0. 0.],[0. 0. 0. 1.],5.378421035517765,-2.48622104238422,"(20, 1)",67521650.98532104,305220.509064503,-78305579226.13545,1538717.948717949,2.892199993133545,-2.48622104238422,78240934423.88936,4778278.057391827,6316996.006109776,4473057.548327324,78308456074.87468,2876848.7392327725,0.18499547952427148,1770934668.935402,1770934668.935402
2.653007604226712,21,1,79173571010.71768,65903326.49724766,66209600.251917966,79173877302.16148,531907.9442256619,61701148.24065115,-87.89820098876953,-88.8843994140625,-0.1164000034332275,-0.326799988746643,[0. 0. 0.],[0. 0. 0. 1.],5.464760744195486,-2.6426608201079613,"(21, 1)",306292.1925201416,306273.42810997367,-79112176154.18906,-65677692.307692304,2.8220999240875244,-2.6426608201079613,79173571010.42778,66209600.17277644,531907.8650841346,65903326.744666465,79173877302.6203,61701148.431239985,0.18565074125028402,1770934668.9969313,1770934668.9969313
3.0403230846090574,30,1,79237231066.67065,61909399.932947315,62214271.72627694,79237535959.00414,63752989.67499489,58143396.1708499,-94.82029724121094,-93.64440155029295,-0.6128000020980835,0.3064000010490417,[0. 0. 0.],[0. 0. 0. 1.],5.318561597208403,-2.236761613230131,"(30, 1)",304892.5624694824,304871.7635717094,-79179392562.92743,1538717.9487179518,3.0817999839782715,-2.236761613230131,79237231066.51755,62214271.647135414,63752989.595853366,61909399.883563705,79237535959.08002,58143396.15259415,0.18550358880939413,1770934669.061544,1770934669.061544
3.1815133761533114,31,1,78978636875.83055,3419023.4550935854,3724824.610892329,78978942698.80234,5263542.559610277,1199368.413194033,-91.4542007446289,-91.82769775390624,-1.6837999820709229,2.2537999153137207,[0. 0. 0.],[0. 0. 0. 1.],5.403218332373771,-2.2053182755347818,"(31, 1)",305822.95735168457,305801.016000601,-78977743330.3115,1538717.9487179485,3.1979000568389893,-2.2053182755347818,78978636875.81242,3724824.5317508015,5263542.48046875,3419023.5157502005,78978942698.76978,1199368.4582832532,0.18365642419366005,1770934669.1360004,1770934669.1360004
4.609107815095147,20,2,78479928286.14917,38136404.57068644,38443254.10544561,78547451578.85945,39981972.05416356,40223128.159984864,-84.58580017089844,-83.85399627685547,-7.318299770355225,7.232600212097168,[0. 0. 0.],[0. 0. 0. 1.],5.780256972993651,-1.0364568097246076,"(20, 2)",67523293.14402771,306849.0678836107,-78507228450.6916,1538717.9487179518,4.743800163269043,-1.0364568097246076,78479928286.06883,38443254.018930286,39981971.96764824,38136404.951046675,78547451579.21286,40223128.52125902,0.20025948089773143,1770934669.1744647,1770934669.1744647
4.094178737021969,21,2,79412564840.84589,32350717.851747386,32657468.849035352,79412871620.43628,34196186.797753304,31829831.943888314,-92.01789855957033,-92.6981964111328,-3.7279999256134033,4.118299961090088,[0. 0. 0.],[0. 0. 0. 1.],6.2983455293594135,-2.091045343202187,"(21, 2)",306780.16076660156,306750.8638822101,-79381041788.75124,1538717.9487179518,4.207300186157227,-2.091045343202187,79412564840.55598,32657468.76252003,34196186.71123798,32350717.89863782,79412871620.71675,31829831.96551983,0.18406794929077688,1770934669.2358863,1770934669.2358863
4.296773812604371,30,2,79476224864.74757,28356265.383810297,28662949.618266124,79476531579.21965,30201667.566984072,28273381.940009676,-85.83489990234375,-85.77179718017578,-5.063600063323975,4.966700077056885,[0. 0. 0.],[0. 0. 0. 1.],5.370857095168491,-0.9147571081384616,"(30, 2)",306715.0722351074,306683.787810497,-79448258197.3644,1538717.948717948,4.456099987030029,-0.9147571081384616,79476224864.59447,28662949.531750802,30201667.48046875,28356265.743940305,79476531579.6667,28273382.302308694,0.19572667310461944,1770934669.2990716,1770934669.2990716
5.028571225476751,31,2,79202631571.34337,22082716.248801935,22386571.41313792,79202935461.87097,23925289.36185587,23542906.91628911,-90.5177993774414,-90.58049774169922,-6.257500171661377,5.945499897003174,[0. 0. 0.],[0. 0. 0. 1.],5.909298044654857,-0.8472982468338124,"(31, 2)",303890.568649292,303854.9648187123,-79179392554.86765,1538717.948717948,5.061999797821045,-0.8472982468338124,79202631571.32524,22386571.326622598,23925289.275340546,22082716.361803886,79202935461.89389,23542907.026241988,0.18339712186330362,1770934669.3602817,1770934669.3602817
6.590033368609917,20,3,78719008414.3543,2643634.747416054,3002621.1054040366,78786583855.03516,4541339.054121985,10489752.855212053,-90.17140197753906,-89.69329833984375,-0.5364000201225281,0.1080000028014183,[0. 0. 0.],[0. 0. 0. 1.],8.333480663273496,-1.6733806800581643,"(20, 3)",67575440.9085846,358986.112154447,-78776094102.15582,1538717.9487179485,6.660099983215332,-1.6733806800581643,78719008414.27396,3002621.0061097755,4541338.954827724,2643634.8939553285,78786583855.18254,10489753.026717748,0.18356922419093125,1770934669.4135582,1770934669.4135582
5.951591521592023,21,3,79650558695.01254,62989237.31333075,63293406.36181429,79650862902.9161,64832124.31053224,955462.6615536109,-84.15460205078125,-84.26820373535156,2.2732999324798584,-2.429800033569336,[0. 0. 0.],[0. 0. 0. 1.],8.658882207513464,-2.4884820648437866,"(21, 3)",304208.8278808594,304168.56032150984,-79649907440.49713,1538717.9487179518,6.170400142669678,-2.4884820648437866,79650558694.72264,63293406.26252003,64832124.21123798,62989237.70219852,79650862903.55052,955463.0533854166,0.20026866457072182,1770934669.4740098,1770934669.4740098
5.848740579462071,30,3,79714218686.86295,58994946.87286635,59299816.61822455,79714523595.10954,60838534.5669425,64616156.543246545,-88.64360046386719,-88.38140106201172,1.4808000326156616,-2.0833001136779785,[0. 0. 0.],[0. 0. 0. 1.],8.088195173008208,-2.118195382816557,"(30, 3)",304908.7133178711,304869.41606570035,-79649907438.6348,1538717.9487179518,5.96999979019165,-2.118195382816557,79714218686.70984,59299816.518930286,60838534.46764824,58994947.102864586,79714523595.42316,64616156.78836138,0.18532959418426662,1770934669.537069,1770934669.537069
7.221860906034948,31,3,79440625930.31772,52722089.98440693,53028117.900275834,79440932006.1669,54566835.84899378,59890209.98813706,-91.2750015258789,-90.84439849853516,0.2867999970912933,-0.9434000253677368,[0. 0. 0.],[0. 0. 0. 1.],8.413408825323614,-1.1614089702821104,"(31, 3)",306075.8776550293,306027.7224809751,-79381041796.07545,1538717.9487179443,7.251999855041504,-1.1614089702821104,79440625930.29959,53028117.800981574,54566835.74969952,52722090.0785006,79440932006.17725,59890210.10178786,0.18344554723563244,1770934669.5981822,1770934669.5981822
4.931498299934025,20,4,78956990008.90558,47813601.41992318,48120882.32009179,79024513733.74878,49659600.26880974,46770404.30936398,-99.13919830322266,-98.1227035522461,-3.0192999839782715,2.53220009803772,[0. 0. 0.],[0. 0. 0. 1.],5.9957967768636635,-1.0684968005147866,"(20, 4)",67523724.81907654,307280.8994391039,-78977743329.41943,1538717.9487179518,4.927299976348877,-1.0684968005147866,78956990008.82524,48120882.224058494,49659600.172776446,47813601.32461939,79024513733.64432,46770404.224884816,0.18849490706344513,1770934669.6515074,1770934669.6515074
4.402854809312105,21,4,79888553118.08946,40956233.35771321,41262637.127784096,79888859551.04709,42801355.07650205,37302883.40786912,-96.20110321044922,-97.44239807128906,0.1582999974489212,-0.5252000093460083,[0. 0. 0.],[0. 0. 0. 1.],6.075795992695039,-1.590596064411348,"(21, 4)",306433.41847229004,306403.73034355044,-79851556667.88596,1538717.9487179518,4.485199928283691,-1.590596064411348,79888553117.79956,41262637.0317508,42801354.98046875,40956233.30140725,79888859551.21803,37302883.33208133,0.1874508671107468,1770934669.7119954,1770934669.7119954
4.789631665007883,30,4,79952212516.99115,36960984.86760876,37266258.922655895,79952517823.19084,38804976.87137384,33744747.186906636,-91.80120086669922,-93.1666030883789,-0.5968999862670898,0.5224000215530396,[0. 0. 0.],[0. 0. 0. 1.],5.940327473034791,-1.0875275806092537,"(30, 4)",305306.44343566895,305273.8913511634,-79918773076.07657,1538717.9487179443,4.852799892425537,-1.0875275806092537,79952212516.83804,37266258.8266226,38804976.77534054,36960984.935271434,79952517823.28148,33744747.20490284,0.1841260644119017,1770934669.776536,1770934669.776536
4.711108302442323,31,4,79694619904.67668,46687853.365563,46992148.345732816,79694924231.54933,48530866.29445077,45016797.94860844,-83.83080291748047,-84.06390380859375,-1.6334999799728394,1.375499963760376,[0. 0. 0.],[0. 0. 0. 1.],6.018622700489663,-1.195222679890298,"(31, 4)",304327.17347717285,304294.51184394956,-79649907433.50157,1538717.9487179518,4.823400020599365,-1.195222679890298,79694619904.65855,46992148.24969952,48530866.19841747,46687853.73785557,79694924231.83203,45016798.33045372,0.19956380429967832,1770934669.8520327,1770934669.8520327
2.2014344344046517,20,5,79195909920.76454,27682124.98454659,27986227.0999139,79263430448.99669,29524945.048631847,16821480.556985658,-89.31700134277344,-88.65859985351562,-4.5680999755859375,4.05679988861084,[0. 0. 0.],[0. 0. 0. 1.],3.059692769990478,-0.704392820344482,"(20, 5)",67520528.51750183,304101.31209935993,-79246608968.12886,1538717.948717948,2.355299949645996,-0.704392820344482,79195909920.6842,27986226.775340546,29524944.724058494,27682125.463241186,79263430449.2017,16821481.072841547,0.1845008101181198,1770934669.8904057,1770934669.8904057
1.7757106019061877,21,5,80129546315.20485,22898685.17671011,23204127.74093954,80129851769.84935,24742845.689657487,9429463.319382409,-81.481201171875,-82.75599670410156,-1.702399969100952,1.1649999618530271,[0. 0. 0.],[0. 0. 0. 1.],2.7001653466200923,-0.7004653964018914,"(21, 5)",305455.46310424805,305441.8788812086,-80120422306.48582,1538717.948717948,1.999699950218201,-0.7004653964018914,80129546314.91495,23204127.416366186,24742845.365084134,22898685.537484977,80129851770.37805,9429463.892227564,0.16072578383403768,1770934669.952878,1770934669.952878
1.7574747999407554,30,5,80193206258.97832,18903644.774627455,19209544.407606207,80193512170.91829,20748262.356324155,5873455.8827584805,-80.47730255126953,-80.88990020751953,-2.143899917602539,2.207200050354004,[0. 0. 0.],[0. 0. 0. 1.],3.307452451537286,-1.4565523975593195,"(30, 5)",305912.1156463623,305899.14175180346,-80187638714.8173,1538717.948717948,1.8509000539779663,-1.4565523975593195,80193206258.82521,19209544.083032854,20748262.031750802,18903644.94128105,80193512170.94086,5873456.123547676,0.08260387996027144,1770934670.016042,1770934670.016042
1.6822711529266168,31,5,79919614576.15105,12631108.947321596,12935169.407606203,79919918648.68211,14473887.356324153,1145576.0341283218,-81.31729888916016,-81.8655014038086,-3.1189000606536865,2.9616000652313232,[0. 0. 0.],[0. 0. 0. 1.],2.987940860432817,-1.210040879887773,"(31, 5)",304072.5942687988,304059.80819310807,-79918773072.25797,1538717.94871795,1.777899980545044,-1.210040879887773,79919614576.13292,12935169.083032852,14473887.031750802,12631109.274839744,79919918648.72719,1145576.4692257612,0.13640300731040034,1770934670.0786662,1770934670.0786662
3.162314788927405,20,11,79440903999.29018,66467265.378505126,66771138.71234495,79508424304.43217,1093446.4046526428,60166101.57755501,-83.66190338134766,-84.02110290527344,-1.920300006866455,1.0839999914169312,[0. 0. 0.],[0. 0. 0. 1.],7.238867807619097,-3.947767782442095,"(20, 11)",67520305.58268738,303872.91541466117,-79448258202.85756,-65677692.307692304,3.291100025177002,-3.947767782442095,79440903999.20984,66771138.6343149,1093446.3266225962,66467265.71890024,79508424304.79253,60166101.93497095,0.1990596032933773,1770934670.1353958,1770934670.1353958
3.640933103434363,21,11,80372540041.16638,59684409.59788802,60046491.27644752,80372902146.49094,61585209.225165464,50830605.26436438,-92.88629913330078,-93.4792022705078,1.4519000053405762,-1.631600022315979,[0. 0. 0.],[0. 0. 0. 1.],6.76620379035099,-3.0218037659369266,"(21, 11)",362105.8693847656,362081.5961788893,-80322071541.49622,1538717.9487179443,3.7444000244140634,-3.0218037659369266,80372540040.87648,60046491.19841747,61585209.147135414,59684409.60223858,80372902146.74586,50830605.249649435,0.1846771387252331,1770934670.1959994,1770934670.1959994
5.505105889836652,21,0,80598534199.82022,19849601.155519214,20153814.92439637,80598838450.24864,21692532.873114318,7901270.370437402,-87.0094985961914,-87.24829864501953,-1.9472999572753904,1.6232000589370728,[0. 0. 0.],[0. 0. 0. 1.],8.86107451211785,-3.186974589937675,"(21, 0)",304251.2707824707,304213.55418669805,-80590937180.23695,1538717.948717948,5.674099922180176,-3.186974589937675,80598534199.53032,20153814.916366186,21692532.865084134,19849601.362179488,80598838450.8011,7901270.564152644,0.1895596978488121,1770934670.423257,1770934670.423257
2.8372565983466145,20,1,79893892028.13632,44231809.73943838,44537428.777559,79961414077.27263,46076146.72627694,42641004.92230262,-89.78929901123047,-88.69290161132812,-3.443000078201294,2.846100091934204,[0. 0. 0.],[0. 0. 0. 1.],5.378421035517765,-2.4657210976973305,"(20, 1)",67522049.419693,305618.81823417544,-79918773072.35185,1538717.9487179443,2.9126999378204346,-2.4657210976973305,79893892028.05598,44537428.69841747,46076146.647135414,44231809.880183294,79961414077.47568,42641005.123823114,0.1841864755992101,1770934670.5884888,1770934670.5884888
2.6586625177706362,21,1,80826528318.40996,38450520.08346469,38756018.52114874,80826833834.55591,40294736.469866686,34247424.13097026,-87.86959838867188,-88.97530364990234,0.4544000029563904,-0.2635000050067901,[0. 0. 0.],[0. 0. 0. 1.],5.464760744195486,-2.6375608082824,"(21, 1)",305516.8895263672,305498.1094751656,-80792586410.69318,1538717.9487179443,2.827199935913086,-2.6375608082824,80826528318.12006,38756018.442007214,40294736.39072516,38450520.33253205,80826833835.00958,34247424.31640625,0.18559637793993453,1770934670.6499221,1770934670.6499221
3.0265860414149635,30,1,80890188182.05522,34454802.52421172,34759031.34166156,80890492431.29587,36297749.29037951,30689611.927170835,-95.24659729003906,-93.59750366210938,-0.9955000281333924,0.6053000092506409,[0. 0. 0.],[0. 0. 0. 1.],5.318561597208403,-2.251661582331083,"(30, 1)",304249.47103881836,304228.7973257229,-80859802819.46284,1538717.9487179518,3.06690001487732,-2.251661582331083,80890188181.90211,34759031.26252003,36297749.21123798,34454802.46519431,80890492431.37315,30689611.91030649,0.18562754314448907,1770934670.7130666,1770934670.7130666
3.1138815704267855,31,1,80617598029.67667,29183116.271157175,29488622.687815405,80617903557.41081,31027340.636533353,26966380.633105475,-92.2802963256836,-91.83660125732422,-1.652999997138977,2.0181000232696533,[0. 0. 0.],[0. 0. 0. 1.],5.403218332373771,-2.2779184018012613,"(31, 1)",305527.7193450928,305506.3100961521,-80590937176.70004,1538717.948717948,3.1252999305725098,-2.2779184018012613,80617598029.65854,29488622.608673878,31027340.557391826,29183116.298577726,80617903557.37788,26966380.677834537,0.18388197093045563,1770934670.7752132,1770934670.7752132
4.629412774882935,20,2,80134915385.5081,12701347.255621027,13005762.118266122,80202436243.6801,14544480.06698407,14797536.648653362,-85.54280090332031,-84.48249816894531,-7.084499835968018,6.802299976348877,[0. 0. 0.],[0. 0. 0. 1.],5.780256972993651,-1.0151569707048322,"(20, 2)",67520858.62380981,304414.4068008829,-80187638707.02357,1538717.948717948,4.765100002288818,-1.0151569707048322,80134915385.42776,13005762.031750802,14544479.98046875,12701347.624949919,80202436244.05157,14797537.027994791,0.19927254702457717,1770934670.8293505,1770934670.8293505
4.104916070518438,21,2,81066522116.48688,5890999.062789706,6195000.9003174035,81066826146.97159,7733718.8490353525,5374102.037699701,-91.5239028930664,-93.04180145263672,-3.970200061798096,3.70009994506836,[0. 0. 0.],[0. 0. 0. 1.],6.2983455293594135,-2.0790457361160053,"(21, 2)",304031.0434112549,304001.683944311,-81061452045.19273,1538717.948717949,4.219299793243408,-2.0790457361160053,81066522116.19698,6195000.813802083,7733718.762520032,5890999.129857772,81066826147.24039,5374102.0476512415,0.18398408678487088,1770934670.8898823,1770934670.8898823
4.353307810742955,30,2,81115182340.70908,54111632.65698445,54417621.0926251,81115488359.68448,55956339.04134305,54036315.891085595,-86.18659973144531,-86.33670043945312,-5.218200206756592,5.073800086975098,[0. 0. 0.],[0. 0. 0. 1.],5.370857095168491,-0.8636573309167819,"(30, 2)",306019.5531463623,305988.0026792884,-81061452043.87814,1538717.9487179518,4.507199764251709,-0.8636573309167819,81115182340.55597,54417621.006109774,55956338.954827726,54111633.003430486,81115488360.10912,54036316.23096955,0.1934744988820665,1770934670.9381375,1770934670.9381375
5.071441326899943,31,2,80825593101.79204,31840468.051947553,32146547.37467638,80825899216.71196,33685265.32339433,33312815.27479412,-91.0543975830078,-90.36640167236328,-6.11870002746582,5.951099872589111,[0. 0. 0.],[0. 0. 0. 1.],5.909298044654857,-0.8066979469986073,"(31, 2)",306114.97146606445,306079.1485126205,-80792586401.35011,1538717.948717948,5.10260009765625,-0.8066979469986073,80825593101.77391,32146547.288161058,33685265.236879006,31840468.139648438,80825899216.74538,33312815.395257413,0.1833960127227064,1770934670.9884615,1770934670.9884615
6.556851140350025,20,3,80347880385.5081,18320967.6418633,18627997.70796814,80415403869.71893,20166715.656686086,26115921.66688318,-90.93009948730467,-89.4791030883789,-0.4153000116348266,0.3538999855518341,[0. 0. 0.],[0. 0. 0. 1.],8.333480663273496,-1.7101805877424905,"(20, 3)",67523484.45011902,307029.8571464345,-80389287948.02792,1538717.948717948,6.623300075531006,-1.7101805877424905,80347880385.42776,18627997.608673878,20166715.557391826,18320967.751527444,80415403869.87788,26115921.849959936,0.18347537325128088,1770934671.042404,1770934671.042404
5.973834836003883,21,3,81280516587.64072,12541163.61433813,12847524.951557884,81280822987.95343,14386242.900275832,17721701.435520463,-84.14859771728516,-84.60919952392578,2.318000078201294,-3.1366000175476074,[0. 0. 0.],[0. 0. 0. 1.],8.658882207513464,-2.465482301355017,"(21, 3)",306401.24198913574,306360.84923377447,-81263101286.7605,1538717.948717948,6.193399906158447,-2.465482301355017,81280516587.35081,12847524.852263622,14386242.80098157,12541164.003029848,81280822988.5928,17721701.83230669,0.200381034718002,1770934671.1038158,1770934671.1038158
5.8618140589638195,30,3,81344176403.20906,8545120.149012407,8849632.323352756,81344480953.9725,10388350.272070704,14163258.995983645,-88.62449645996094,-88.02559661865234,1.4174000024795532,-2.025599956512451,[0. 0. 0.],[0. 0. 0. 1.],8.088195173008208,-2.1018951814005415,"(30, 3)",304551.25074768066,304511.84395032004,-81330317695.04501,1538717.948717948,5.986299991607666,-2.1018951814005415,81344176403.05595,8849632.224058494,10388350.172776442,8545120.380108174,81344480954.3067,14163259.26169371,0.18576338254551633,1770934671.1670759,1770934671.1670759
7.2663623957522745,31,3,81070587292.49716,2274149.573206087,2579039.374634806,81070892230.48022,4117757.3233527546,9440177.64084197,-91.19770050048828,-91.21690368652344,0.2653999924659729,-0.7319999933242798,[0. 0. 0.],[0. 0. 0. 1.],8.413408825323614,-1.118908951208624,"(31, 3)",304937.9945526123,304889.604617388,-81061452052.73608,1538717.9487179485,7.29449987411499,-1.118908951208624,81070587292.47903,2579039.275340545,4117757.2240584935,2274149.670723157,81070892230.47359,9440177.737505008,0.18348679423287215,1770934671.2281005,1770934671.2281005
4.907510282146699,20,4,80587874095.444,65499533.55835423,65803622.704707175,80655394628.38689,125930.3970148695,64457452.9032258,-98.25689697265624,-100.12629699707033,-2.656100034713745,2.486599922180176,[0. 0. 0.],[0. 0. 0. 1.],5.9957967768636635,-1.0938969622579506,"(20, 4)",67520532.89950562,304089.13636819273,-80590937175.46368,-65677692.307692304,4.901899814605713,-1.0938969622579506,80587874095.36366,65803622.60867388,125930.30098157052,65499533.472305685,80655394628.26317,64457452.799479164,0.1887258277921546,1770934671.2823615,1770934671.2823615
4.369597344428893,21,4,81520510385.71764,59720434.22383687,60024944.82009179,81520814925.34265,61563662.768809736,56064411.86263116,-96.43800354003906,-96.997802734375,0.7813000082969666,-0.5447999835014343,[0. 0. 0.],[0. 0. 0. 1.],6.075795992695039,-1.6235960567819534,"(21, 4)",304540.09226989746,304510.56064703315,-81464750513.72676,1538717.9487179443,4.452199935913086,-1.6235960567819534,81520510385.42773,60024944.724058494,61563662.67277644,59720434.16341146,81520814925.52,56064411.79324419,0.18740568588617765,1770934671.343831,1770934671.343831
4.8177181540697696,30,4,81569170569.87573,40724398.75185619,41030425.58932256,81569476628.93367,42569143.53804051,37509706.21253035,-92.62840270996094,-92.20240020751952,-0.5745999813079834,0.4097000062465668,[0. 0. 0.],[0. 0. 0. 1.],5.940327473034791,-1.0590275005006111,"(30, 4)",306059.3355560303,306026.70522836596,-81531966922.79378,1538717.9487179518,4.88129997253418,-1.0590275005006111,81569170569.72263,41030425.49328926,42569143.442007214,40724398.788060896,81569476629.05818,37509706.26439804,0.1841121843886823,1770934671.3920832,1770934671.3920832
4.728866775804656,31,4,81280582164.29204,19453778.52940782,19764512.1277841,81280892929.87308,21303230.076502047,17791649.93073249,-83.91739654541016,-84.05799865722656,-1.4901000261306765,1.676300048828125,[0. 0. 0.],[0. 0. 0. 1.],6.018622700489663,-1.1770227592360012,"(31, 4)",310765.88165283203,310733.12612680346,-81263101279.84319,1538717.948717948,4.841599941253662,-1.1770227592360012,81280582164.27391,19764512.031750802,21303229.98046875,19453778.905624,81280892930.15556,17791650.3123748,0.19972139548784026,1770934671.442552,1770934671.442552
2.1783525579093337,20,5,80802868726.85425,21440210.853373047,21744071.65119595,80870389013.62625,23282789.5999139,10586199.095336778,-88.3833999633789,-88.73400115966797,-4.411600112915039,3.910599946975708,[0. 0. 0.],[0. 0. 0. 1.],3.059692769990478,-0.7201928195815426,"(20, 5)",67520287.05302429,303859.9415314533,-80859802814.22006,1538717.948717948,2.3394999504089355,-0.7201928195815426,80802868726.77391,21744071.326622598,23282789.275340546,21440211.385091145,80870389013.82693,10586199.606870994,0.18523792881634848,1770934671.4973996,1770934671.4973996
1.8073631113883224,21,5,81735504840.84583,15661507.883836515,15966956.266580563,81735810301.53871,17505674.215298515,2194148.9488299266,-81.46479797363281,-82.35980224609375,-1.3075000047683716,0.4647000133991241,[0. 0. 0.],[0. 0. 0. 1.],2.7001653466200923,-0.6774652752852535,"(21, 5)",305461.45709228516,305447.70069611445,-81733616152.54575,1538717.94871795,2.022700071334839,-0.6774652752852535,81735504840.55592,15966955.942007212,17505673.890725162,15661508.241311098,81735810302.01302,2194149.467272636,0.15237975390711053,1770934671.5589097,1770934671.5589097
1.743420665374045,30,5,81799164600.32443,11664729.199402584,11970513.958888255,81799470397.28136,13509231.907606203,65854246.270178474,-80.81939697265625,-80.03179931640625,-1.9306000471115112,2.249099969863892,[0. 0. 0.],[0. 0. 0. 1.],3.307452451537286,-1.480052482436334,"(30, 5)",305797.0095977783,305784.20785757154,-81733616150.79295,1538717.948717948,1.827399969100952,-1.480052482436334,81799164600.17133,11970513.634314904,13509231.583032852,11664729.426457332,81799470397.18092,65854246.38797075,0.07037398688595878,1770934671.6220534,1770934671.6220534
1.6770471284085147,31,5,81524576531.2792,4394077.03473715,4698198.253760051,81524880664.50339,6236916.202477999,60130155.801507264,-81.65609741210938,-82.41519927978516,-3.02209997177124,3.2558999061584477,[0. 0. 0.],[0. 0. 0. 1.],2.987940860432817,-1.1914408928577438,"(31, 5)",304133.3790283203,304120.49904847797,-81464750508.31186,1538717.948717948,1.7964999675750732,-1.1914408928577438,81524576531.26108,4698197.929186699,6236915.877904647,4394077.430138221,81524880664.6401,60130156.3282502,0.15840370606872242,1770934671.682164,1770934671.682164
3.2179736681109357,20,11,81041862957.62347,54229891.43521551,54533790.955934696,81109383289.28055,56072508.90465265,47931240.05303926,-83.48629760742188,-83.92169952392578,-1.9510999917984009,1.0830999612808228,[0. 0. 0.],[0. 0. 0. 1.],7.238867807619097,-3.894367742769244,"(20, 11)",67520332.09384155,303899.1135817319,-81061452049.23045,1538717.9487179518,3.344500064849853,-3.894367742769244,81041862957.54314,54533790.877904646,56072508.8266226,54229891.764322914,81109383289.63698,47931240.40652544,0.19819588142396138,1770934671.7363756,1770934671.7363756
3.613547544645358,21,11,81973498686.99968,47451721.260915175,47813446.40465265,81973860435.70663,49352164.35337059,38595048.74879369,-92.7582015991211,-92.9835968017578,1.882200002670288,-1.6754000186920166,[0. 0. 0.],[0. 0. 0. 1.],6.76620379035099,-3.0462037617407605,"(21, 11)",361749.267578125,361725.0569661483,-81935265387.22748,1538717.9487179443,3.7200000286102295,-3.0462037617407605,81973498686.70978,47813446.3266226,49352164.27534054,47451721.26965645,81973860435.97736,38595048.7498748,0.18444336168467393,1770934671.7969089,1770934671.7969089
4.915719087180428,21,0,82215492436.99966,23611173.35645123,23915561.719268166,82215796859.33957,25454279.667986114,11665839.630160416,-86.66539764404297,-96.75679779052734,-2.1988000869750977,1.5068000555038452,[0. 0. 0.],[0. 0. 0. 1.],8.86107451211785,-3.829374377840507,"(21, 0)",304422.81088256836,304388.13038361445,-82204131020.06815,1538717.948717948,5.031700134277344,-3.829374377840507,82215492436.70976,23915561.711237982,25454279.65995593,23611173.580854367,82215796859.52065,11665839.452498998,0.18411086670329493,1770934672.0389254,1770934672.0389254
2.9190570685637143,20,1,81541849640.31577,11774160.535642995,12081010.508328225,81609372920.84254,13619728.457046175,10189591.612497145,-89.85910034179688,-88.9386978149414,-3.0332999229431152,2.675600051879883,[0. 0. 0.],[0. 0. 0. 1.],5.378421035517765,-2.386620965708805,"(20, 1)",67523280.79614258,306849.7564853765,-81599183329.23157,1538717.94871795,2.99180006980896,-2.386620965708805,81541849640.23543,12081010.429186698,13619728.377904648,11774160.672701322,81609372921.03157,10189591.800005008,0.1839957156554131,1770934672.23645,1770934672.23645
2.6776643974128653,21,1,82474485746.29453,5997836.590687917,6304103.457046174,82474792031.05194,7842821.405764123,1795364.4984856753,-89.30709838867188,-89.6635971069336,-0.3231000006198883,-0.1563999950885772,[0. 0. 0.],[0. 0. 0. 1.],5.464760744195486,-2.6365606423430687,"(21, 1)",306285.4629974365,306266.620342548,-82472996666.82169,1538717.948717949,2.828200101852417,-2.6365606423430687,82474485746.00462,6304103.377904647,7842821.326622596,5997836.757562099,82474792031.46762,1795364.6459334935,0.18388966922882394,1770934672.2978685,1770934672.2978685
3.0185173061196333,30,1,82538145433.65775,2000347.684551413,2305649.9314051494,82538450756.3058,3844367.880123098,65454090.93980588,-94.22720336914062,-94.87359619140624,-0.8111000061035156,1.1519999504089355,[0. 0. 0.],[0. 0. 0. 1.],5.318561597208403,-2.261161609033964,"(30, 1)",305322.84468078613,305302.202273638,-82472996665.46014,1538717.9487179485,3.0573999881744385,-2.261161609033964,82538145433.50464,2305649.852263622,3844367.8009815705,2000347.649989984,82538450756.34932,65454090.88917267,0.18578560914121453,1770934672.3610115,1770934672.3610115
3.167158808734713,31,1,82264558999.2279,62947013.1287069,63251972.046789765,82264863979.86768,64790689.99550771,60732957.18656393,-91.08789825439452,-91.4542007446289,-1.804900050163269,2.311500072479248,[0. 0. 0.],[0. 0. 0. 1.],5.403218332373771,-2.2149184380408853,"(31, 1)",304980.6408996582,304958.7621444315,-82204131022.60345,1538717.9487179443,3.1882998943328857,-2.2149184380408853,82264558999.20978,63251971.96764824,64790689.91636618,62947013.20550381,82264863979.85068,60732957.24722055,0.18350588950213859,1770934672.4220448,1770934672.4220448
4.616913185478443,20,2,81781844215.63628,46424472.65219468,46732765.32339433,81849368951.55466,48271483.27211228,48536398.33811623,-84.5094985961914,-84.03070068359375,-7.304299831390381,6.989500045776367,[0. 0. 0.],[0. 0. 0. 1.],5.780256972993651,-1.027656779969969,"(20, 2)",67524736.35942078,308292.2050280422,-81800832553.20868,1538717.9487179518,4.752600193023682,-1.027656779969969,81781844215.55594,46732765.236879006,48271483.18559696,46424473.031850964,81849368951.91536,48536398.706680685,0.20032891578944295,1770934672.476407,1770934672.476407
4.046752203238558,21,2,82714479552.38428,40647872.4870242,40951651.54134305,82714783359.69672,42490369.49006099,40137468.60902612,-91.2750015258789,-90.9844970703125,-4.13040018081665,3.56690001487732,[0. 0. 0.],[0. 0. 0. 1.],6.2983455293594135,-2.1235456102309955,"(21, 2)",303807.95208740234,303778.8899739608,-82674645891.34654,1538717.9487179443,4.174799919128418,-2.1235456102309955,82714479552.09438,40951651.454827726,42490369.40354567,40647872.564853765,82714783360.04646,40137468.69991987,0.1834638426058576,1770934672.537798,1770934672.537798
5.06185621529159,31,2,82674549263.65097,65942248.07181194,66248125.90031741,82674855177.03644,570433.5926250962,209288.54503191184,-90.3949966430664,-90.8302993774414,-5.95580005645752,6.080599784851074,[0. 0. 0.],[0. 0. 0. 1.],5.909298044654857,-0.8148981156082264,"(31, 2)",305913.4145965576,305877.62294671685,-82674645888.40436,-65677692.30769231,5.094399929046631,-0.8148981156082264,82674549263.63284,66248125.813802086,570433.5061097756,65942248.19085537,82674855177.04744,209288.64307892628,0.18339506148940654,1770934672.834578,1770934672.834578
6.6553579318265,20,3,82220832220.44395,9212403.74708768,9519087.451557884,82288355358.85367,11057805.400275832,17007923.137025334,-89.87889862060547,-90.11129760742188,-0.6453999876976013,0.499099999666214,[0. 0. 0.],[0. 0. 0. 1.],8.333480663273496,-1.608980483982724,"(20, 3)",67523138.61553955,306683.44350961596,-82271347435.69252,1538717.948717948,6.724500179290772,-1.608980483982724,82220832220.36362,9519087.352263622,11057805.30098157,9212403.908754006,82288355358.97916,17007923.286633614,0.18353592220898834,1770934672.915414,1770934672.915414
5.919214775503802,21,3,83152468230.26888,2438259.4146167305,2742765.3361732676,83152772774.89354,4281483.284891216,7612001.634393269,-84.42569732666016,-84.86640167236328,2.7660000324249268,-2.784600019454956,[0. 0. 0.],[0. 0. 0. 1.],8.658882207513464,-2.5191822716003784,"(21, 3)",304545.5541381836,304505.4274338945,-83145160773.50174,1538717.9487179485,6.139699935913086,-2.5191822716003784,83152468229.97897,2742765.2368790065,4281483.185596955,2438259.809445112,83152772775.53311,7612002.0313752005,0.20014545814829215,1770934672.9758925,1770934672.9758925
5.845455628510731,30,3,83216127821.47826,65656602.078386836,65961162.7720707,83216432420.60533,283470.4643783957,4055238.214627942,-88.2802963256836,-87.00070190429688,1.5077999830245972,-2.142899990081787,[0. 0. 0.],[0. 0. 0. 1.],8.088195173008208,-2.1065953652689497,"(30, 3)",304599.67196655273,304560.3434244767,-83212377182.4592,-65677692.307692304,5.981599807739258,-2.1065953652689497,83216127821.32515,65961162.67277644,283470.3650841346,65656602.32935196,83216432420.99712,4055238.537910657,0.18782792995073616,1770934673.0390608,1770934673.0390608
6.857452341996212,31,3,82943542885.44585,60387780.87625866,60692573.02848096,82943847723.12233,62231290.977198906,336183.46345284936,-96.18900299072266,-91.45020294189452,0.7059000134468079,-1.020699977874756,[0. 0. 0.],[0. 0. 0. 1.],8.413408825323614,-1.5518089031434386,"(31, 3)",304837.67778015137,304792.1048677936,-82943511539.55557,1538717.9487179443,6.861599922180176,-1.5518089031434386,82943542885.42772,60692572.9291867,62231290.877904646,60387780.82431891,82943847723.1055,336183.5499298878,0.18470102043156392,1770934673.1026552,1770934673.1026552
4.9711382450926225,20,4,82481825673.96959,10170210.358828591,10475690.012399485,82549347597.82306,12014407.961117433,9134524.778329395,-95.26609802246094,-97.0417022705078,-3.066800117492676,2.5480000972747803,[0. 0. 0.],[0. 0. 0. 1.],5.9957967768636635,-1.0180965434041909,"(20, 4)",67521923.84378052,305479.5954777654,-82540213073.02475,1538717.948717948,4.977700233459473,-1.0180965434041909,82481825673.88925,10475689.916366186,12014407.865084134,10170210.32088842,82549347597.73303,9134524.708283253,0.18696098114650325,1770934673.1763597,1770934673.1763597
4.33455219893385,21,4,83414461459.43553,4396527.980842344,4702476.871373844,83414767437.14835,6241194.820091793,741026.373316555,-95.95359802246094,-96.37439727783205,0.6173999905586243,-0.259799987077713,[0. 0. 0.],[0. 0. 0. 1.],6.075795992695039,-1.655795916401094,"(21, 4)",305978.19010925293,305948.8462790465,-83414026411.02176,1538717.948717949,4.420000076293945,-1.655795916401094,83414461459.14563,4702476.775340545,6241194.724058494,4396527.9290614985,83414767437.33574,741026.3139773638,0.18702879514591755,1770934673.2379806,1770934673.2379806
4.77284823023678,30,4,83479120994.55516,1398015.4850559297,1704616.2944507669,83479427627.32315,3243334.2431687154,65401217.61036614,-92.88629913330078,-91.68810272216795,-0.5512999892234802,0.4889000058174133,[0. 0. 0.],[0. 0. 0. 1.],5.940327473034791,-1.1022275165223396,"(30, 4)",306633.06604003906,306600.6860977565,-83414026409.78543,1538717.9487179485,4.838099956512451,-1.1022275165223396,83479120994.40205,1704616.198417468,3243334.1471354165,1398015.5123197115,83479427627.4681,65401217.68266727,0.18400288312610072,1770934673.304425,1770934673.304425
4.737861638220733,31,4,83215536435.12532,5129134.269726013,5433750.909835382,83215841083.80594,6972468.858553331,3463906.4590393254,-84.6050033569336,-83.78459930419922,-1.4184000492095947,1.5879000425338743,[0. 0. 0.],[0. 0. 0. 1.],6.018622700489663,-1.1672228019606106,"(31, 4)",304648.9696044922,304616.1514673475,-83212377177.24774,1538717.948717949,4.851399898529053,-1.1672228019606106,83215536435.1072,5433750.813802083,6972468.762520032,5129134.6623347355,83215841084.0768,3463906.8290514825,0.20021397566128624,1770934673.3730059,1770934673.3730059
2.1751286735875857,20,5,82732819239.67471,2106574.2168786665,2410433.830683127,82800339525.25972,3949151.779401076,58477223.643251024,-88.0199966430664,-88.50330352783203,-4.230000019073486,3.7718000411987305,[0. 0. 0.],[0. 0. 0. 1.],3.059692769990478,-0.7182928619246822,"(20, 5)",67520285.87928772,303858.7364783655,-82741862301.30562,1538717.948717949,2.341399908065796,-0.7182928619246822,82732819239.59438,2410433.5061097755,3949151.4548277245,2106574.76963141,82800339525.47366,58477224.16804387,0.18590637274703892,1770934673.4273086,1770934673.4273086
1.777446765665307,21,5,83665454969.05092,63549933.49910462,63857036.394785695,83665762084.08656,65395754.34350364,50086444.45810696,-82.59120178222656,-82.30549621582031,-1.2107000350952148,0.887499988079071,[0. 0. 0.],[0. 0. 0. 1.],2.7001653466200923,-0.67956526612998,"(21, 5)",307115.79150390625,307102.01948117465,-83615675639.58432,1538717.9487179443,2.0206000804901123,-0.67956526612998,83665454968.76102,63857036.07021234,65395754.018930286,63549934.05073117,83665762084.55252,50086444.96819912,0.17492448065998817,1770934673.4897337,1770934673.4897337
1.767088306348706,30,5,83744114119.55516,7334249.055999861,7640073.253760051,83744419956.05861,9178791.202477999,61527907.36118419,-80.35569763183594,-80.36479949951172,-2.122400045394897,2.025599956512451,[0. 0. 0.],[0. 0. 0. 1.],3.307452451537286,-1.4631524198752983,"(30, 5)",305836.58854675293,305823.724208734,-83682892048.4792,1538717.948717949,1.8443000316619875,-1.4631524198752983,83744114119.40205,7640072.929186699,9178790.877904648,7334249.204977965,83744419955.9906,61527907.51139323,0.06883723048644869,1770934673.5670104,1770934673.5670104
1.6791991452219879,31,5,83488529960.76634,19065343.312122233,19369552.42042672,83488834181.91296,20908270.369144667,7591365.612721618,-82.58329772949219,-81.68509674072266,-3.4384000301361084,3.519399881362915,[0. 0. 0.],[0. 0. 0. 1.],2.987940860432817,-1.184840870541765,"(31, 5)",304221.1757507324,304208.23317307606,-83481242815.91022,1538717.948717948,1.803099989891052,-1.184840870541765,83488529960.74821,19369552.095853366,20908270.044571314,19065343.86268029,83488834181.92397,7591366.0137469955,0.16238867077707134,1770934673.6460247,1770934673.6460247
3.240002953029252,20,11,82990812981.66188,53900995.19925139,54204872.68670393,83058333291.40485,55743590.63542188,47605344.60061501,-83.77770233154297,-83.68830108642578,-1.6958999633789062,1.3102999925613403,[0. 0. 0.],[0. 0. 0. 1.],7.238867807619097,-3.8714678766651174,"(20, 11)",67520310.16815186,303877.06267528236,-83010727946.80716,1538717.9487179518,3.3673999309539795,-3.8714678766651174,82990812981.58154,54204872.60867388,55743590.55739183,53900995.545998596,83058333291.7497,47605344.94253305,0.19843177291931507,1770934673.6853614,1770934673.6853614
3.6019602436743012,21,11,83923448302.38425,48128515.12693262,48489768.52003726,83923809579.2162,50028486.46875521,39268294.619081184,-92.63899993896484,-93.1365966796875,1.3206000328063965,-1.7257000207901,[0. 0. 0.],[0. 0. 0. 1.],6.76620379035099,-3.0579036766730114,"(21, 11)",361277.3875579834,361253.30215845257,-83884541284.86678,1538717.9487179443,3.7083001136779785,-3.0579036766730114,83923448302.09435,48489768.442007214,50028486.39072516,48128515.13984876,83923809579.4819,39268294.61513422,0.184451848147023,1770934673.7469099,1770934673.7469099
5.47718397029263,21,0,84165442052.38423,24281511.78720165,24585409.47567842,84165745986.53055,26124127.42439637,12339062.984437658,-86.94419860839844,-86.75679779052734,-2.147599935531616,1.6678999662399292,[0. 0. 0.],[0. 0. 0. 1.],8.86107451211785,-3.2104745556053995,"(21, 0)",303935.0147705078,303897.47032752633,-84153406923.90485,1538717.948717948,5.650599956512451,-3.2104745556053995,84165442052.09433,24585409.467648238,26124127.416366186,24281511.99732071,84165745987.1091,12339063.204251803,0.19072956461890825,1770934673.988877,1770934673.988877
2.7963028808371733,20,1,83498828582.62341,19471266.949829813,19775513.71345643,83566349259.20476,21314231.66217438,17890032.992707297,-89.8031005859375,-88.70149993896484,-3.157099962234497,2.8405001163482666,[0. 0. 0.],[0. 0. 0. 1.],5.378421035517765,-2.506921020258976,"(20, 1)",67520676.8642273,304246.5444711521,-83548459226.21356,1538717.9487179518,2.871500015258789,-2.506921020258976,83498828582.54308,19775513.634314902,21314231.583032854,19471267.08984375,83566349259.4073,17890033.193734977,0.1841731957099955,1770934674.1933866,1770934674.1933866
2.6630280506017256,21,1,84433435129.30731,15671512.387672931,15977773.328841047,84433741408.0294,17516491.277558994,11468843.977496414,-88.64360046386719,-88.91600036621094,-0.2942000031471252,-0.4377000033855438,[0. 0. 0.],[0. 0. 0. 1.],5.464760744195486,-2.639360630136038,"(21, 1)",306279.4690246582,306260.6576772854,-84422272564.32014,1538717.9487179462,2.825400114059448,-2.639360630136038,84433435129.01741,15977773.24969952,17516491.198417466,15671512.592022235,84433741408.48643,11468844.166291066,0.18481988653335168,1770934674.2569034,1770934674.2569034
3.060415670981822,30,1,84497094584.29874,11671910.104746096,11976723.649353867,84497399418.48343,13515441.598071815,7910445.221704809,-95.49710083007812,-93.35150146484376,-0.7878000140190125,0.6258000135421753,[0. 0. 0.],[0. 0. 0. 1.],5.318561597208403,-2.217561526636503,"(30, 1)",304834.4225769043,304813.5297726374,-84489488973.35587,1538717.948717948,3.1010000705718994,-2.217561526636503,84497094584.14563,11976723.57021234,13515441.518930288,11671910.040439703,84497399418.5682,7910445.212339744,0.1855857799257719,1770934674.3199759,1770934674.3199759
3.163512702613548,31,1,84224512508.84325,6404401.946451584,6710289.354482072,84224818417.93486,8249007.303200021,4195087.483234177,-91.341796875,-91.39769744873048,-2.150399923324585,2.1774001121521,[0. 0. 0.],[0. 0. 0. 1.],5.403218332373771,-2.2198184166785806,"(31, 1)",305909.0951843262,305887.263371394,-84220623330.37398,1538717.948717949,3.1833999156951904,-2.2198184166785806,84224512508.82512,6710289.275340545,8249007.224058494,6404402.011969151,84224818417.9203,4195087.546324119,0.1835421631956415,1770934674.3820734,1770934674.3820734
4.60842826116453,20,2,83741811595.44392,57101844.46158586,57408053.78493279,83809334247.93063,58946771.73365074,59225797.21564399,-84.85040283203125,-84.16829681396484,-7.234499931335449,7.028600215911865,[0. 0. 0.],[0. 0. 0. 1.],5.780256972993651,-1.035356746400633,"(20, 2)",67522652.93218994,306208.85604467243,-83750108450.70714,1538717.9487179443,4.744900226593018,-1.035356746400633,83741811595.36359,57408053.69841747,58946771.647135414,57101844.8423728,83809334248.29578,59225797.58864183,0.20033160314574297,1770934674.4363468,1770934674.4363468
4.121034108033407,21,2,84673428927.38422,50313388.16760888,50617188.40031741,84673732756.36465,52155906.34903535,49810967.80980521,-92.33480072021484,-93.21520233154295,-4.144299983978272,3.993499994277954,[0. 0. 0.],[0. 0. 0. 1.],6.2983455293594135,-2.068645440858437,"(21, 2)",303829.5335083008,303800.1114282906,-84623921788.81369,1538717.9487179443,4.229700088500977,-2.068645440858437,84673428927.09431,50617188.313802086,52155906.26252003,50313388.202373795,84673732756.62782,49810967.8141276,0.18435618736563414,1770934674.4969096,1770934674.4969096
4.42938912202257,30,2,84739088310.26027,48313206.73951178,48619960.83621484,84739395095.3333,50158678.78493279,48256897.31824699,-85.82150268554688,-85.34110260009766,-4.869800090789795,4.880099773406982,[0. 0. 0.],[0. 0. 0. 1.],5.370857095168491,-0.7802570814355807,"(30, 2)",306785.68521118164,306753.64958934486,-84691138198.09982,1538717.9487179518,4.59060001373291,-0.7802570814355807,84739088310.10716,48619960.74969952,50158678.69841747,48313207.10011017,84739395095.79237,48256897.692558095,0.19682413953337818,1770934674.5644195,1770934674.5644195
5.018406392253091,31,2,84483506371.02272,60045215.93660117,60351018.528522536,84483812208.92787,61889736.47724048,61539654.00460328,-90.5342025756836,-90.82679748535156,-6.054500102996826,5.746200084686279,[0. 0. 0.],[0. 0. 0. 1.],5.909298044654857,-0.8593979897232167,"(31, 2)",305837.9344482422,305802.39320413023,-84422272554.83623,1538717.9487179443,5.049900054931641,-0.8593979897232167,84483506371.0046,60351018.442007214,61889736.39072516,60045216.04880308,84483812208.93904,61539654.1028145,0.18339540850436745,1770934674.6410556,1770934674.6410556
6.616992886089987,20,3,84001786715.63622,42539352.67785769,42846499.31053224,84069310316.78377,44385217.25925019,50336214.729141355,-90.49490356445312,-90.69170379638672,-0.4013999998569488,0.4153000116348266,[0. 0. 0.],[0. 0. 0. 1.],8.333480663273496,-1.656280822727842,"(20, 3)",67523601.32463074,307146.40299479663,-84018974102.0305,1538717.9487179443,6.677199840545654,-1.656280822727842,84001786715.55588,42846499.21123798,44385217.159955926,42539352.808243185,84069310316.88051,50336214.850010015,0.18339538779490816,1770934674.6963239,1770934674.6963239
5.9300334452012695,21,3,84933422212.64062,35770282.90492942,36074608.28489122,84933726576.79945,37613326.23360916,40939136.88931925,-84.27980041503906,-84.08100128173828,2.415800094604492,-2.601099967956543,[0. 0. 0.],[0. 0. 0. 1.],8.658882207513464,-2.5103822418457398,"(21, 3)",304365.0778808594,304324.88857171685,-84892787440.15271,1538717.9487179443,6.148499965667725,-2.5103822418457398,84933422212.35072,36074608.18559696,37613326.1343149,35770283.29702524,84933726577.4286,40939137.27589142,0.2002203748330365,1770934674.7568784,1770934674.7568784
5.9074042904697155,30,3,84981082028.20898,15770692.01679055,16075321.425916858,84981386696.39041,17614039.374634806,21382846.95747969,-88.34739685058594,-86.82350158691406,1.2720999717712402,-1.8597999811172483,[0. 0. 0.],[0. 0. 0. 1.],8.088195173008208,-2.0438950936625044,"(30, 3)",304668.7355957031,304629.062750401,-84960003849.50143,1538717.94871795,6.044300079345703,-2.0438950936625044,84981082028.05588,16075321.326622596,17614039.275340546,15770692.263872195,84981386696.79147,21382847.290039062,0.18808432081492962,1770934674.8040814,1770934674.8040814
6.352377749760752,31,3,84717500818.1381,19503693.25845415,19809520.143865574,84717806687.72081,21348238.092583522,26668484.13407321,-97.19149780273438,-101.13300323486328,0.2477000057697296,-0.4963000118732452,[0. 0. 0.],[0. 0. 0. 1.],8.413408825323614,-2.0882087444520323,"(31, 3)",305869.3910217285,305826.854216747,-84691138203.48343,1538717.948717948,6.325200080871582,-2.0882087444520323,84717500818.11998,19809520.044571314,21348237.993289262,19503693.190354567,84717806687.511,26668484.02756911,0.18855729618389133,1770934674.8823261,1770934674.8823261
4.959748613630395,20,4,84241780569.80289,22493764.11090711,22797653.153425124,84309300902.94057,24336371.10214307,21461163.10402755,-96.2499008178711,-99.97899627685548,-2.5313000679016118,2.939199924468994,[0. 0. 0.],[0. 0. 0. 1.],5.9957967768636635,-1.0371967326131752,"(20, 4)",67520333.09544373,303889.00365584716,-84287839739.81656,1538717.948717948,4.958600044250488,-1.0371967326131752,84241780569.72255,22797653.057391826,24336371.006109774,22493764.05373598,84309300902.818,21461163.001427285,0.1880311798286079,1770934674.9363117,1770934674.9363117
4.33155534433468,21,4,85174415986.67908,16725238.72898872,17029520.14060461,85174720296.96472,18568238.08932256,13067219.88303153,-96.77069854736328,-97.86609649658205,0.6463000178337097,-0.8734999895095825,[0. 0. 0.],[0. 0. 0. 1.],6.075795992695039,-1.6641958797800003,"(21, 4)",304310.7409362793,304281.38146033697,-85161653077.32843,1538717.948717948,4.411600112915039,-1.6641958797800003,85174415986.38918,17029520.044571314,18568237.993289262,16725238.663110977,85174720297.13011,13067219.801682692,0.1877709220110295,1770934674.9978592,1770934674.9978592
4.794495103062646,30,4,85223075754.17052,64941674.48001947,65247629.11496358,85223381740.9394,66786347.063681535,61728664.71651475,-92.4406967163086,-92.58589935302734,-0.5299000144004822,0.3817999958992004,[0. 0. 0.],[0. 0. 0. 1.],5.940327473034791,-1.083427257885865,"(30, 4)",305987.0323638916,305954.49594350904,-85161653076.29555,1538717.9487179518,4.856900215148926,-1.083427257885865,85223075754.01741,65247629.018930286,66786346.96764824,64941674.52298678,85223381741.04977,61728664.75423177,0.18418312415147353,1770934675.0460336,1770934675.0460336
4.682956591093926,31,4,84932495625.83041,41675383.622985005,41979592.25598922,84932799866.13696,43518310.204707175,40012432.37985557,-83.71630096435547,-84.26349639892578,-1.2759000062942505,1.6354000568389893,[0. 0. 0.],[0. 0. 0. 1.],6.018622700489663,-1.2234228294264309,"(31, 4)",304240.61309814453,304208.1705729142,-84892787433.65796,1538717.9487179518,4.795199871063232,-1.2234228294264309,84932495625.81229,41979592.159955926,43518310.10867388,41675383.98938301,84932799866.42538,40012432.767427884,0.19970026560449783,1770934675.0963194,1770934675.0963194
2.1872835981209993,20,5,84456775064.9952,45644743.93714601,45948606.90760621,84524295353.99635,47487324.85632415,34806385.60372237,-87.88929748535156,-88.30979919433594,-4.5858001708984375,4.22160005569458,[0. 0. 0.],[0. 0. 0. 1.],3.059692769990478,-0.7032927570205074,"(20, 5)",67520289.30662537,303862.08558694273,-84489488968.08179,1538717.9487179443,2.3564000129699707,-0.7032927570205074,84456775064.91486,45948606.583032854,47487324.5317508,45644744.49744591,84524295354.22148,34806386.13969852,0.18631487670512284,1770934675.1512923,1770934675.1512923
1.7493419870813356,21,5,85388410457.83293,38876771.83732837,39182557.22811902,85388716255.1345,40721275.176836975,25413948.635962557,-81.62259674072266,-82.41320037841797,-1.486299991607666,1.3167999982833862,[0. 0. 0.],[0. 0. 0. 1.],2.7001653466200923,-0.729565337655554,"(21, 5)",305798.0737915039,305784.6773587689,-85363302306.4544,1538717.9487179518,1.9706000089645384,-0.729565337655554,85388410457.54303,39182556.90354567,40721274.85226362,38876772.2261869,85388716255.61682,25413949.162409857,0.15754402525428746,1770934675.2118027,1770934675.2118027
1.7412892770625295,30,5,85453069792.63205,35876045.09209138,36181940.240939535,85453375699.94876,37720658.18965749,22856984.75685637,-80.30789947509766,-80.10089874267578,-1.89520001411438,2.1094000339508057,[0. 0. 0.],[0. 0. 0. 1.],3.307452451537286,-1.4941524379951103,"(30, 5)",305907.37367248535,305894.68149038404,-85430518714.97368,1538717.9487179518,1.8133000135421755,-1.4941524379951103,85453069792.47894,36181939.91636618,37720657.865084134,35876045.2348758,85453375699.85262,22856984.87893129,0.06561726828113514,1770934675.2761786,1770934675.2761786
1.6925307825958218,31,5,85178489888.65091,28609607.79026251,28913662.997349795,85178793955.9261,30452380.946067743,17140882.91829658,-81.4197998046875,-82.52200317382812,-3.0724000930786133,2.83489990234375,[0. 0. 0.],[0. 0. 0. 1.],2.987940860432817,-1.1806408888523119,"(31, 5)",304067.4454193115,304054.5341296084,-85161653072.61778,1538717.948717948,1.8072999715805051,-1.1806408888523119,85178489888.63278,28913662.672776442,30452380.62149439,28609608.138646834,85178793956.0782,17140883.46041166,0.15460224049984694,1770934675.336931,1770934675.336931
3.160201366891139,20,11,84709768935.18748,25227578.59440981,25531515.314909052,84777289303.72377,27070233.263627,18934690.722411767,-83.4811019897461,-84.14250183105469,-1.9213000535964968,1.2348999977111816,[0. 0. 0.],[0. 0. 0. 1.],7.238867807619097,-3.95106773399544,"(20, 11)",67520368.98100281,303936.3137269616,-84758354613.00429,1538717.948717948,3.287800073623657,-3.95106773399544,84709768935.10715,25531515.236879006,27070233.185596954,25227578.923152044,84777289304.08815,18934691.083859175,0.1988454169149551,1770934675.404334,1770934675.404334
3.5682117494207257,21,11,85642403895.33292,19460138.418557763,19821010.507216744,85642764790.62483,21359728.455934692,10596839.31413335,-93.31390380859376,-92.9032974243164,1.520799994468689,-1.6912000179290771,[0. 0. 0.],[0. 0. 0. 1.],6.76620379035099,-3.093903690024452,"(21, 11)",360895.85523986816,360872.020232372,-85632167951.58035,1538717.948717948,3.672300100326538,-3.093903690024452,85642403895.04301,19821010.429186698,21359728.377904646,19460138.408954326,85642764790.89825,10596839.317908654,0.18462322081260588,1770934675.4658196,1770934675.4658196
5.410263785753343,21,0,85889397517.12778,607314.9644338044,911595.3731143198,85889701834.21298,2450313.3218322685,55884657.62140748,-86.97309875488281,-87.01969909667969,-2.0815000534057617,1.5664000511169434,[0. 0. 0.],[0. 0. 0. 1.],8.86107451211785,-3.2796745945153116,"(21, 0)",304317.93995666504,304280.1920572916,-85833817176.9503,1538717.948717949,5.581399917602539,-3.2796745945153116,85889397516.83788,911595.3650841346,2450313.3138020835,607315.173026843,85889701834.77783,55884657.827524036,0.19009910030139252,1770934675.712815,1770934675.712815
2.807307658973302,20,1,85195756130.7003,35983374.60184483,36287284.546789765,85263276470.5385,37826002.49550771,34406987.93187939,-89.48429870605469,-88.68000030517578,-3.143199920654297,2.862799882888794,[0. 0. 0.],[0. 0. 0. 1.],5.378421035517765,-2.4931211144819985,"(20, 1)",67520340.12231445,303909.7086588517,-85228869482.60814,1538717.9487179443,2.8852999210357666,-2.4931211144819985,85195756130.61996,36287284.46764824,37826002.41636618,35983374.758989386,85263276470.74228,34406988.13413962,0.18437360043028245,1770934675.89025,1770934675.89025
2.6416232712859324,21,1,86127391371.29445,29217645.33679329,29523141.918584637,86127696885.49876,31061859.867302585,25014064.958389573,-89.12020111083984,-87.86959838867188,0.0027000000700354,-0.3790000081062317,[0. 0. 0.],[0. 0. 0. 1.],5.464760744195486,-2.6558606263213407,"(21, 1)",305515.01152038574,305496.32537059486,-86102682820.80861,1538717.948717948,2.808900117874145,-2.6558606263213407,86127391371.00455,29523141.83944311,31061859.788161058,29217645.514072515,86127696886.01607,25014065.20745693,0.185458042199266,1770934675.9508767,1770934675.9508767
3.020079304625196,30,1,86191050650.00381,25216227.07231849,25521058.5852513,86191355501.91557,27059776.533969253,21456272.384490773,-93.54450225830078,-94.92749786376952,-0.8781999945640564,0.3343000113964081,[0. 0. 0.],[0. 0. 0. 1.],5.318561597208403,-2.2568614915412883,"(30, 1)",304852.107131958,304831.44906850904,-86169899229.62523,1538717.9487179518,3.0617001056671143,-2.2568614915412883,86191050649.85071,25521058.506109774,27059776.454827726,25216227.057041265,86191355501.95784,21456272.332607172,0.1854941778184593,1770934676.014016,1770934676.014016
3.2176979373654415,31,1,85918472348.58679,19950665.083078846,20255385.508328225,85918777090.94966,21794103.457046174,17743503.555725638,-92.2656021118164,-90.98809814453124,-1.8914999961853027,1.730299949645996,[0. 0. 0.],[0. 0. 0. 1.],5.403218332373771,-2.1685183678504556,"(31, 1)",304742.38468933105,304720.31813401356,-85901033587.31628,1538717.948717948,3.2346999645233154,-2.1685183678504556,85918472348.56866,20255385.429186698,21794103.377904646,19950665.111052684,85918777090.95335,17743503.63706931,0.18362987655077637,1770934676.0762079,1770934676.0762079
4.6093865722750085,20,2,85436749952.81567,4401314.83350168,4707637.1182661215,85504272718.2928,6246355.06698407,6537601.020741939,-84.56739807128906,-84.28140258789062,-7.272600173950195,6.995999813079834,[0. 0. 0.],[0. 0. 0. 1.],5.780256972993651,-1.0340568883073713,"(20, 2)",67522765.92547607,306321.81803385355,-85497735117.2642,1538717.948717949,4.746200084686279,-1.0340568883073713,85436749952.73534,4707637.031750801,6246354.98046875,4401315.2137169475,85504272718.66081,6537601.3966095755,0.2003742914126123,1770934676.1313014,1770934676.1313014
4.071081141461935,21,2,86369385113.28162,65852417.69585533,66156419.169548176,86369689143.15196,478726.8618558655,65357098.09298927,-90.26010131835938,-90.95539855957033,-3.9440999031066895,3.920799970626831,[0. 0. 0.],[0. 0. 0. 1.],6.2983455293594135,-2.091745340150429,"(21, 2)",304030.5113220215,304001.26139323413,-86304332045.31781,-65677692.30769231,4.206600189208984,-2.091745340150429,86369385112.99171,66156419.083032854,478726.7753405449,65852417.82163962,86369689143.50304,65357098.18522135,0.1833953446960491,1770934676.1927123,1770934676.1927123
4.384817592821845,30,2,86418044768.59355,46850953.92759949,47157605.06698407,86418351450.45189,48696323.015702024,46802996.23005599,-85.69229888916016,-85.79930114746094,-5.25629997253418,4.764599800109863,[0. 0. 0.],[0. 0. 0. 1.],5.370857095168491,-0.8261569494470544,"(30, 2)",306682.4575653076,306650.6879757643,-86371548454.3066,1538717.9487179518,4.544700145721436,-0.8261569494470544,86418044768.44044,47157604.98046875,48696322.9291867,46850954.292492986,86418351450.89801,46802996.59142128,0.19600789148498768,1770934676.2409978,1770934676.2409978
5.0152587849386325,31,2,86128467364.61243,24585893.640329394,24891899.938778944,86128773406.19809,26430617.887496892,26090594.833297577,-90.74310302734376,-90.72589874267578,-6.180200099945068,5.668900012969971,[0. 0. 0.],[0. 0. 0. 1.],5.909298044654857,-0.86329804084016,"(31, 2)",306041.619720459,306006.10977564007,-86102682811.27774,1538717.948717948,5.046000003814697,-0.86329804084016,86128467364.5943,24891899.852263622,26430617.80098157,24585893.742487982,86128773406.21402,26090594.93627304,0.18339786261798177,1770934676.2913215,1770934676.2913215
6.571411835242549,20,3,85650744472.04643,11086022.746436708,11392845.464378396,85718267748.98122,12931563.413096346,18883390.54769373,-91.29460144042967,-89.93579864501953,-0.4665000140666961,0.2578999996185303,[0. 0. 0.],[0. 0. 0. 1.],8.333480663273496,-1.7017806243635842,"(20, 3)",67523277.14968872,306822.52541566454,-85699384358.40941,1538717.94871795,6.631700038909912,-1.7017806243635842,85650744471.9661,11392845.365084134,12931563.313802084,11086022.83966847,85718267749.11578,18883390.706380207,0.18339646342014632,1770934676.3453228,1770934676.3453228
5.9462320083534905,21,3,86583379592.44827,5321762.226281467,5627012.131045062,86583684881.21896,7165730.079763011,10487184.804723756,-84.22480010986328,-85.10859680175781,2.694299936294556,-3.0975000858306885,[0. 0. 0.],[0. 0. 0. 1.],8.658882207513464,-2.493082112908972,"(21, 3)",305289.69789123535,305249.4146885015,-86573197696.65681,1538717.948717949,6.165800094604492,-2.493082112908972,86583379592.15837,5627012.031750801,7165729.98046875,5321762.6170622995,86583684881.85626,10487185.199444111,0.20013888448414016,1770934676.4067335,1770934676.4067335
5.825550065949839,30,3,86650038750.96535,4319947.615040467,4626811.810532242,86650345653.46329,6165529.75925019,9931548.027031843,-88.48680114746094,-87.80590057373047,1.500300049781799,-2.217400074005127,[0. 0. 0.],[0. 0. 0. 1.],8.088195173008208,-2.1349953095743697,"(30, 3)",306902.9979248047,306863.85717147496,-86640414105.50475,1538717.948717948,5.953199863433838,-2.1349953095743697,86650038750.81224,4626811.711237981,6165529.659955929,4319947.854066506,86650345653.81017,9931548.305413662,0.18621339196785758,1770934676.4729912,1770934676.4729912
6.413519312363139,31,3,86360461867.81755,49271870.73958275,49578847.0669425,86360768887.32942,51117565.01566044,56436837.98012855,-95.7302017211914,-103.4792022705078,0.579200029373169,-0.7310000061988831,[0. 0. 0.],[0. 0. 0. 1.],8.413408825323614,-2.02500874750379,"(31, 3)",307019.3090209961,306976.27140925825,-86304332049.24599,1538717.9487179443,6.388400077819824,-2.02500874750379,86360461867.79942,49578846.96764824,51117564.91636618,49271870.69623898,86360768887.10844,56436837.86245493,0.18821960536142832,1770934676.5231721,1770934676.5231721
4.965562095661221,20,4,85884738478.4567,52253450.645381436,52557677.19188666,85952259149.18748,54096395.14060461,51225563.44752184,-96.52860260009766,-96.5155029296875,-2.7351999282836914,2.615999937057495,[0. 0. 0.],[0. 0. 0. 1.],5.9957967768636635,-1.0259967814413002,"(20, 4)",67520670.7294159,304226.512419872,-85901033585.71999,1538717.9487179443,4.969799995422363,-1.0259967814413002,85884738478.37636,52557677.095853366,54096395.04457131,52253450.583433494,85952259149.10577,51225563.38579227,0.18728061317249464,1770934676.5792923,1770934676.5792923
4.393487372492478,21,4,86816373574.82007,45489770.77051485,45795065.01239948,86816678898.2498,47333782.96111743,41831974.51348778,-97.37830352783205,-97.25289916992188,0.9312999844551086,-0.2495000064373016,[0. 0. 0.],[0. 0. 0. 1.],6.075795992695039,-1.6023958767282425,"(21, 4)",305323.89323425293,305294.22075320035,-86774846923.98305,1538717.9487179518,4.473400115966797,-1.6023958767282425,86816373574.53017,45795064.91636618,47333782.865084134,45489770.69561298,86816678898.4234,41831974.44035457,0.18778987558567573,1770934676.6397812,1770934676.6397812
4.789400337338374,30,4,86880032789.42688,41487644.966578685,41792164.37137384,86880337340.91238,43330882.32009179,38274008.185370594,-92.3397979736328,-91.7052993774414,-0.3203000128269195,0.3361999988555908,[0. 0. 0.],[0. 0. 0. 1.],5.940327473034791,-1.0828273967408455,"(30, 4)",304551.78285217285,304519.26206930727,-86842063332.79967,1538717.9487179518,4.857500076293945,-1.0828273967408455,86880032789.27377,41792164.27534054,43330882.224058494,41487645.013271235,86880337341.05663,38274008.25696114,0.18385702787904906,1770934676.702973,1770934676.702973
4.730612834358832,31,4,86607456018.45857,36222893.19121732,36527348.66624564,86607760505.9348,38066066.61496358,34562815.81441045,-84.49800109863281,-83.66259765625,-1.4174000024795532,1.7396999597549438,[0. 0. 0.],[0. 0. 0. 1.],6.018622700489663,-1.1756227653395168,"(31, 4)",304487.7585449219,304454.9873547703,-86573197690.02122,1538717.9487179443,4.8429999351501465,-1.1756227653395168,86607456018.44044,36527348.57021234,38066066.518930286,36222893.58285757,86607760506.19899,34562816.17775942,0.19995505868366123,1770934676.764993,1770934676.764993
2.1847446554039087,20,5,86124732188.39258,33184441.412583638,33488294.407606207,86192252467.39822,35027012.35632415,22353242.57971258,-87.72769927978516,-88.39340209960938,-4.458199977874756,3.874300003051758,[0. 0. 0.],[0. 0. 0. 1.],3.059692769990478,-0.7051927146773678,"(20, 5)",67520279.30627441,303852.100861378,-86169899224.50766,1538717.9487179443,2.3545000553131104,-0.7051927146773678,86124732188.31224,33488294.083032854,35027012.0317508,33184441.982171476,86192252467.61852,22353243.110852364,0.1864404978472777,1770934676.8193471,1770934676.8193471
1.7854746739930274,21,5,87057367348.85852,27421480.81041171,27728935.43324723,87057674815.6627,29267653.38196518,13962252.894800063,-81.77880096435547,-82.61239624023438,-1.034600019454956,0.4526000022888183,[0. 0. 0.],[0. 0. 0. 1.],2.7001653466200923,-0.6847654137587642,"(21, 5)",307467.60441589355,307453.8793319315,-87043712562.72377,1538717.948717948,2.015399932861328,-0.6847654137587642,87057367348.56862,27728935.108673878,29267653.057391826,27421481.229341947,87057674816.17303,13962253.449268831,0.16504830181890734,1770934676.8807697,1770934676.8807697
1.72676405403336,30,5,87121026539.42688,23418993.394385133,23724993.125554923,87121332551.22606,25263711.07427287,10403579.608284647,-80.24960327148438,-80.82859802246094,-2.1075000762939453,2.296600103378296,[0. 0. 0.],[0. 0. 0. 1.],3.307452451537286,-1.4937524908286675,"(30, 5)",306011.962890625,305999.27070813254,-87110928971.39955,1538717.948717948,1.8136999607086184,-1.4937524908286675,87121026539.27377,23724992.80098157,25263710.749699518,23418993.530273438,87121332551.23666,10403579.837114383,0.07523796030018771,1770934676.9439855,1770934676.9439855
1.6701647384284326,31,5,86847450329.356,17154445.434464443,17458574.856324155,86847754470.7402,18997292.805042103,5691141.541265558,-81.83209991455078,-82.27149963378906,-3.5752999782562256,3.231600046157837,[0. 0. 0.],[0. 0. 0. 1.],2.987940860432817,-1.1965409046833055,"(31, 5)",304141.5170593262,304128.66836939007,-86842063328.80891,1538717.948717948,1.7913999557495115,-1.1965409046833055,86847450329.33788,17458574.531750802,18997292.48046875,17154445.863381412,86847754470.85493,5691142.046023638,0.1596055050532905,1770934677.0050468,1770934677.0050468
3.2037327273759755,20,11,86367726467.23872,2772225.0050994963,3076242.879011617,86435246917.17885,4614960.827729565,63698457.82024116,-83.60079956054688,-83.6187973022461,-1.8170000314712524,1.1790000200271606,[0. 0. 0.],[0. 0. 0. 1.],7.238867807619097,-3.909867811433794,"(20, 11)",67520450.36120605,304017.4591846955,-86371548459.36154,1538717.9487179485,3.3289999961853027,-3.909867811433794,86367726467.15839,3076242.8009815705,4614960.749699519,2772225.341796875,86435246917.51959,63698458.158052884,0.1975082811810147,1770934677.0622663,1770934677.0622663
3.668555896406916,21,11,87300361066.80724,64226049.777722985,64586547.366191104,87300721588.25089,66125265.314909056,55359790.70812319,-93.14859771728516,-93.38300323486328,1.4918999671936035,-1.6409000158309937,[0. 0. 0.],[0. 0. 0. 1.],6.76620379035099,-2.995103746100502,"(21, 11)",360521.99143981934,360497.51477363706,-87245361797.81241,1538717.9487179518,3.771100044250488,-2.995103746100502,87300361066.51733,64586547.288161054,66125265.236879006,64226049.77338742,87300721588.50877,55359790.69636418,0.18474942380707038,1770934677.1239567,1770934677.1239567
5.412283890347273,21,0,87542354816.80724,40367891.16714881,40671779.66798611,87542658741.98189,42210497.61670406,28431308.90185604,-86.96440124511719,-87.26679992675781,-2.0655999183654785,1.6186000108718872,[0. 0. 0.],[0. 0. 0. 1.],8.86107451211785,-3.279574458712089,"(21, 0)",303926.01599121094,303888.283754006,-87514227433.43877,1538717.9487179518,5.581500053405762,-3.279574458712089,87542354816.51733,40671779.659955926,42210497.60867388,40367891.37620192,87542658742.53333,28431309.09455128,0.18961748587409819,1770934677.3656907,1770934677.3656907
2.883269343680963,20,1,86824714407.94385,51742814.886807725,52046779.73909745,86892234803.13773,53585497.687815405,50171474.079952136,-89.07530212402344,-89.26020050048828,-3.135699987411499,3.179500102996826,[0. 0. 0.],[0. 0. 0. 1.],5.378421035517765,-2.418720927943302,"(20, 1)",67520395.44520569,303964.5933493525,-86842063329.0593,1538717.9487179518,2.959700107574463,-2.418720927943302,86824714407.86351,52046779.659955926,53585497.60867388,51742815.066606574,86892234803.30872,50171474.24942408,0.18423624595629154,1770934677.5192852,1770934677.5192852
2.726446211872201,21,1,87757349263.9226,45981830.20039676,46287829.41858464,87757655281.31691,47826547.36730258,41778614.56013015,-89.61540222167969,-88.5822982788086,0.1797000020742416,-0.1870999932289123,[0. 0. 0.],[0. 0. 0. 1.],5.464760744195486,-2.581260645013357,"(21, 1)",306018.1603088379,305998.9890074134,-87715876667.02501,1538717.9487179443,2.883500099182129,-2.581260645013357,87757349263.6327,46287829.33944311,47826547.288161054,45981830.3504357,87757655281.79301,41778614.76800381,0.18436715401875708,1770934677.5809002,1770934677.5809002
3.002518729929005,30,1,87822008358.33711,42978644.38302291,43282556.9826872,87822312291.25168,44821274.93140515,39219215.738942415,-94.93659973144533,-93.87950134277344,-1.1146999597549438,0.7264000177383423,[0. 0. 0.],[0. 0. 0. 1.],5.318561597208403,-2.2759616807502727,"(30, 1)",303933.13676452637,303912.57261618227,-87783093075.60687,1538717.9487179518,3.04259991645813,-2.2759616807502727,87822008358.184,43282556.90354567,44821274.85226362,42978644.33092949,87822312291.32077,39219215.71389223,0.18565343594068512,1770934677.645035,1770934677.645035
3.204081806098462,31,1,87549433686.72778,37714949.99143698,38019672.36730258,87549738431.06198,39558390.31602053,35510998.07763036,-91.62000274658205,-91.69239807128906,-1.7136000394821167,1.6995999813079834,[0. 0. 0.],[0. 0. 0. 1.],5.403218332373771,-2.1829183731910313,"(31, 1)",304744.325302124,304722.2430889383,-87514227432.90671,1538717.9487179518,3.2202999591827397,-2.1829183731910313,87549433686.70966,38019672.288161054,39558390.236879006,37714950.045072116,87549738431.03496,35510998.12825521,0.18366559780686034,1770934677.7069929,1770934677.7069929
4.664031472766639,20,2,87067708181.9823,22153919.4270897,22462460.83621484,87135233166.93283,24001178.78493279,24304203.35044943,-85.26609802246094,-84.26580047607422,-7.325699806213379,6.875899791717529,[0. 0. 0.],[0. 0. 0. 1.],5.780256972993651,-0.9800569874895002,"(20, 2)",67524985.3985138,308540.94676482305,-87110928963.57451,1538717.948717948,4.80019998550415,-0.9800569874895002,87067708181.90196,22462460.749699518,24001178.698417466,22153919.802934695,87135233167.30048,24304203.72596154,0.19995322797711562,1770934677.7622888,1770934677.7622888
4.036950693918994,21,2,88000342989.88414,16393393.312324127,16697388.720830224,88000647013.47697,18236106.669548176,15904712.08604669,-91.45020294189452,-90.91570281982422,-4.488900184631348,3.854700088500977,[0. 0. 0.],[0. 0. 0. 1.],6.2983455293594135,-2.1339454286514057,"(21, 2)",304024.2356567383,303995.2517778445,-87984742301.64978,1538717.94871795,4.164400100708008,-2.1339454286514057,88000342989.59424,16697388.634314904,18236106.583032854,16393393.38253706,88000647013.8299,15904712.180113181,0.1834770932954586,1770934677.8237777,1770934677.8237777
4.353537482089714,30,2,88064002084.29865,12389712.395488517,12698646.733650737,88064311049.25214,14237364.682368686,12352339.08959036,-85.7302017211914,-85.42859649658203,-4.89870023727417,4.638899803161621,[0. 0. 0.],[0. 0. 0. 1.],5.370857095168491,-0.8559568876489596,"(30, 2)",308965.56365966797,308933.887970753,-88051958710.24731,1538717.94871795,4.514900207519531,-0.8559568876489596,88064002084.14554,12698646.647135416,14237364.595853366,12389712.759164663,88064311049.7092,12352339.461889023,0.19681419896360466,1770934677.8869529,1770934677.8869529
5.009140879376215,31,2,87790427973.58675,6126068.543055618,6431731.669548173,87790733671.97313,7970449.6182661215,7640604.276373645,-90.69850158691406,-90.52760314941406,-6.521100044250488,5.95389986038208,[0. 0. 0.],[0. 0. 0. 1.],5.909298044654857,-0.8676978172989003,"(31, 2)",305698.4299926758,305662.93569711596,-87783093067.60971,1538717.948717948,5.041600227355957,-0.8676978172989003,87790427973.56862,6431731.583032853,7970449.531750801,6126068.647335737,87790733671.99861,7640604.3888972355,0.18339498394695453,1770934677.9494686,1770934677.9494686
6.603142981977283,20,3,87328701499.29,8631944.860664632,8938766.93873737,87396224775.76233,10477484.88745532,16430160.746426664,-90.90850067138672,-89.48169708251953,-0.8278999924659729,0.0241999998688697,[0. 0. 0.],[0. 0. 0. 1.],8.333480663273496,-1.66378051755206,"(20, 3)",67523276.71148682,306821.86811398156,-87379794614.99178,1538717.94871795,6.669700145721436,-1.66378051755206,87328701499.20966,8938766.839443108,10477484.788161058,8631944.971329127,87396224775.92114,16430160.929361979,0.18347796366575214,1770934678.023309,1770934678.023309
5.937273787835862,21,3,88261336243.08926,2872587.979305946,3176587.451557883,88261640281.36172,4715305.400275831,8032328.490312285,-83.9281005859375,-84.2822036743164,2.536900043487549,-2.6458001136779785,[0. 0. 0.],[0. 0. 0. 1.],8.658882207513464,-2.5039821335083374,"(21, 3)",304039.1970977783,303998.99213742,-88253607953.114,1538717.948717948,6.154900074005127,-2.5039821335083374,88261336242.79936,3176587.352263622,4715305.30098157,2872588.360126202,88261640281.99646,8032328.882461939,0.20006272917985315,1770934678.0848234,1770934678.0848234
5.8046725255289235,30,3,88324995313.4653,66085463.83284779,66391411.1695066,88325301299.02281,713718.8618142931,4476937.458048362,-87.69499969482422,-87.45050048828125,1.354099988937378,-1.8904999494552608,[0. 0. 0.],[0. 0. 0. 1.],8.088195173008208,-2.1459949891397994,"(30, 3)",305986.0777282715,305946.9526242018,-88320824361.63326,-65677692.30769231,5.942200183868408,-2.1459949891397994,88324995313.3122,66391411.07021234,713718.762520032,66085464.11758814,88325301299.38992,4476937.756660657,0.18790446341817285,1770934678.1479163,1770934678.1479163
6.841142118838096,31,3,88051421787.68932,59822530.2110626,60128758.92591686,88051728061.81224,61667476.8746348,66985752.891418144,-103.04759979248048,-91.26329803466795,0.517799973487854,-0.8391000032424927,[0. 0. 0.],[0. 0. 0. 1.],8.413408825323614,-1.5765085911012022,"(31, 3)",306274.1323547363,306228.73159555346,-87984742308.81752,1538717.9487179443,6.836900234222412,-1.5765085911012022,88051421787.67119,60128758.8266226,61667476.77534054,59822530.095027044,88051728061.80354,66985752.98602764,0.18534142896672867,1770934678.208999,1770934678.208999
4.94833502901856,20,4,87569695321.40536,56795552.83484783,57099688.40983538,87637215901.06181,58638406.35855333,55772058.974243596,-100.5342025756836,-98.27639770507812,-2.595499992370605,2.454900026321411,[0. 0. 0.],[0. 0. 0. 1.],5.9957967768636635,-1.0535965929952553,"(20, 4)",67520579.63053894,304135.5856871009,-87581443842.0676,1538717.9487179443,4.942200183868408,-1.0535965929952553,87569695321.32503,57099688.313802086,58638406.26252003,56795552.728114985,87637215900.95557,55772058.88797075,0.18880054437787408,1770934678.2643366,1770934678.2643366
4.418992195250979,21,4,88502330025.14055,51036779.26306043,51341210.845732816,88502634486.09712,52879928.79445077,47377306.02884141,-96.23770141601562,-96.29930114746094,0.5234000086784363,-0.1423999965190887,[0. 0. 0.],[0. 0. 0. 1.],6.075795992695039,-1.5719960773813186,"(21, 4)",304461.4351654053,304431.5435947478,-88455257180.315,1538717.9487179518,4.503799915313721,-1.5719960773813186,88502330024.85065,51341210.74969952,52879928.69841747,51036779.20610477,88502634486.28581,47377305.97080328,0.18710591145640756,1770934678.325904,1770934678.325904
4.736317773802445,31,4,88485411483.20212,32115942.138269253,32420305.397014868,88485715878.45976,33959023.345732816,30458700.956492446,-83.51629638671875,-83.82230377197266,-1.7788000106811523,1.34660005569458,[0. 0. 0.],[0. 0. 0. 1.],6.018622700489663,-1.1742227714430324,"(31, 4)",304395.54850769043,304362.8086187914,-88455257177.40413,1538717.948717948,4.844399929046631,-1.1742227714430324,88485411483.18399,32420305.30098157,33959023.24969952,32115942.49236278,88485715878.7325,30458701.3283754,0.19796127403655825,1770934678.6454406,1770934678.6454406
2.1880440347615284,20,5,88034683398.32843,61067964.154891506,61371820.04863185,88102203680.23628,62910537.99734979,50244968.14444385,-87.9395980834961,-88.24330139160156,-4.284999847412109,3.766200065612793,[0. 0. 0.],[0. 0. 0. 1.],3.059692769990478,-0.702392726884399,"(20, 5)",67520282.21717834,303855.0117688328,-88051958711.781,1538717.9487179443,2.357300043106079,-0.702392726884399,88034683398.2481,61371819.724058494,62910537.67277644,61067964.71228966,88102203680.46527,50244968.68426983,0.18632996611562144,1770934678.7411923,1770934678.7411923
1.774665336428816,21,5,88978317709.43541,66310146.27400608,66617268.76658057,88978624844.08064,939576.4588882556,52852794.35239695,-81.92040252685547,-82.88690185546875,-1.3251999616622925,0.9778000116348268,[0. 0. 0.],[0. 0. 0. 1.],2.7001653466200923,-0.6865652356124019,"(21, 5)",307135.47926330566,307121.72288161516,-88925772049.68411,-65677692.30769231,2.0136001110076904,-0.6865652356124019,88978317709.14551,66617268.442007214,939576.1343149039,66310146.7191256,88978624844.62477,52852794.940655045,0.17258790848288622,1770934678.801683,1770934678.801683
1.6927908374965488,30,5,89040976723.7217,61305631.485616125,61611619.72811902,89041282723.83348,63150337.676836975,48294265.17711593,-81.3676986694336,-80.21099853515625,-1.8914999961853027,2.0404999256134038,[0. 0. 0.],[0. 0. 0. 1.],3.307452451537286,-1.5119524114829646,"(30, 5)",306000.1784210205,305987.58012820035,-88992988458.43814,1538717.9487179518,1.7955000400543213,-1.5119524114829646,89040976723.56859,61611619.40354567,63150337.35226362,61305631.82341747,89041282723.74701,48294265.30886919,0.08656802310423112,1770934678.8664784,1770934678.8664784
1.6630715033883956,31,5,88775404600.18929,63043069.39122295,63347324.85632415,88775708867.55736,64886042.8050421,51586051.1163903,-82.37429809570312,-82.36579895019531,-3.447700023651123,3.597599983215332,[0. 0. 0.],[0. 0. 0. 1.],2.987940860432817,-1.1877408749286666,"(31, 5)",304267.51553344727,304254.61989182234,-88724122816.05095,1538717.9487179518,1.8001999855041504,-1.1877408749286666,88775404600.17116,63347324.5317508,64886042.48046875,63043069.911858976,88775708867.68669,51586051.63574219,0.17235212305807124,1770934678.9330397,1770934678.9330397
3.199273939372421,20,11,88226460706.02074,46660336.257862635,46964295.76362701,88293981097.56906,48503013.71234495,40373151.06231667,-83.46430206298828,-83.22000122070312,-1.8504999876022337,1.1342999935150146,[0. 0. 0.],[0. 0. 0. 1.],7.238867807619097,-3.9201677324695607,"(20, 11)",67520391.93960571,303959.10018529743,-88253607946.50969,1538717.9487179443,3.318700075149536,-3.9201677324695607,88226460705.9404,46964295.68559696,48503013.6343149,46660336.58541166,88293981097.88,40373151.37031751,0.19468321436435862,1770934678.988265,1770934678.988265
3.6427465031690005,21,11,89226311307.1918,40903394.89662632,41263446.40465265,89226671382.52637,42802164.35337059,32033688.158102453,-92.89769744873048,-93.2334976196289,1.4769999980926514,-1.6585999727249146,[0. 0. 0.],[0. 0. 0. 1.],6.76620379035099,-3.0190037781439587,"(21, 11)",360075.88705444336,360051.4260316491,-89194637694.63791,1538717.9487179443,3.7472000122070312,-3.0190037781439587,89226311306.9019,41263446.3266226,42802164.27534054,40903394.90059095,89226671382.78896,32033688.151041668,0.18459102926579635,1770934679.049794,1770934679.049794
5.420448127170797,21,0,89477304816.80719,26038640.445499614,26342989.60388355,89477609202.66376,27881707.552601498,14105871.99136103,-86.9905014038086,-87.114501953125,-1.9837000370025637,1.0923999547958374,[0. 0. 0.],[0. 0. 0. 1.],8.86107451211785,-3.270374362581718,"(21, 0)",304386.7062225342,304348.9426832944,-89463503331.03113,1538717.948717948,5.590700149536133,-3.270374362581718,89477304816.51729,26342989.595853366,27881707.544571314,26038640.65317007,89477609203.22351,14105872.192382812,0.18986682352534767,1770934679.3007526,1770934679.3007526
2.8109389571638324,20,1,88715447813.39252,60410766.53170702,60717364.67499489,88782970841.48622,62256082.62371284,58848025.671560206,-89.0822982788086,-88.97530364990234,-3.091900110244751,3.1487998962402344,[0. 0. 0.],[0. 0. 0. 1.],5.378421035517765,-2.488721099604679,"(20, 1)",67523028.36100769,306597.8847405836,-88724122815.8162,1538717.9487179443,2.889699935913086,-2.488721099604679,88715447813.31218,60717364.595853366,62256082.54457131,60410766.71111278,88782970841.67319,58848025.85699619,0.1844230944699238,1770934679.4773152,1770934679.4773152
2.696822491367543,21,1,89715298670.97385,54655521.940405965,54961427.17499489,89715604594.23354,56500145.12371284,50452030.27564716,-90.63410186767578,-88.31770324707031,-0.1116999983787536,-0.4433000087738037,[0. 0. 0.],[0. 0. 0. 1.],5.464760744195486,-2.616360628228689,"(21, 1)",305924.04096984863,305905.05746694654,-89665152564.22612,1538717.9487179443,2.848400115966797,-2.616360628228689,89715298670.68394,54961427.095853366,56500145.04457131,54655522.03838642,89715604594.72491,50452030.49879808,0.18405074780390412,1770934679.538735,1770934679.538735
3.022787680486866,30,1,89778957581.09348,50650266.71158082,50954095.44422566,89779261430.2793,52492813.39294361,46892457.34636375,-93.6781005859375,-94.42410278320312,-0.6061999797821045,0.8549000024795532,[0. 0. 0.],[0. 0. 0. 1.],5.318561597208403,-2.252961678842924,"(30, 1)",303849.3934020996,303828.67275140435,-89732368973.02708,1538717.9487179518,3.0655999183654785,-2.252961678842924,89778957580.94037,50954095.365084134,52492813.313802086,50650266.69233273,89779261430.33377,46892457.30669071,0.185374484388638,1770934679.6030247,1770934679.6030247
3.2016385047660045,31,1,89519386955.95851,58388476.60982846,58692404.73909745,89519690906.0283,60231122.687815405,56187575.60810158,-91.41780090332033,-91.8498992919922,-1.7805999517440796,1.7862000465393066,[0. 0. 0.],[0. 0. 0. 1.],5.403218332373771,-2.1850183640357583,"(31, 1)",303950.05445861816,303927.9879056439,-89463503330.34254,1538717.9487179518,3.2181999683380127,-2.1850183640357583,89519386955.94038,58692404.659955926,60231122.60867388,58388476.67205028,89519690905.99484,56187575.65229367,0.18365240572168365,1770934679.6769037,1770934679.6769037
4.630456692953337,20,2,88971441114.67456,43813157.129010946,44120040.96441997,89038964441.83444,45658758.91313792,45975991.166525185,-85.25150299072266,-84.17060089111328,-7.427199840545654,7.06309986114502,[0. 0. 0.],[0. 0. 0. 1.],5.780256972993651,-1.013956771577635,"(20, 2)",67523327.60542297,306883.3727714345,-88992988450.66006,1538717.9487179518,4.766300201416016,-1.013956771577635,88971441114.59422,44120040.877904646,45658758.8266226,43813157.50513321,89038964442.19965,45975991.53958834,0.20007781341004072,1770934679.733448,1770934679.733448
4.052777615878374,21,2,89971292052.3841,38058542.557939425,38362332.63108663,89971595870.7618,39901050.579804584,37577672.013266414,-91.247802734375,-90.99909973144533,-4.358500003814697,3.9440999031066895,[0. 0. 0.],[0. 0. 0. 1.],6.2983455293594135,-2.117445432466102,"(21, 2)",303819.01667785645,303789.90760216117,-89934018199.00739,1538717.9487179518,4.180900096893311,-2.117445432466102,89971292052.0942,38362332.54457131,39901050.49328926,38058542.63696915,89971595871.11087,37577672.10349058,0.18346233429869385,1770934679.7947445,1770934679.7947445
4.378321825063095,30,2,90018951355.13193,18053249.175828498,18362220.451599456,90019260357.16032,19900938.400317404,18025749.42106982,-85.61740112304688,-85.42649841308594,-4.999300003051758,4.786900043487549,[0. 0. 0.],[0. 0. 0. 1.],5.370857095168491,-0.8306568617090182,"(30, 2)",309002.63861083984,308970.82206530496,-90001234607.824,1538717.948717948,4.540200233459473,-0.8306568617090182,90018951354.97882,18362220.365084134,19900938.313802082,18053249.54301883,90019260357.61743,18025749.793419473,0.1970746035972292,1770934679.8444273,1770934679.8444273
5.025014048102182,31,2,89748381523.26619,14791754.599022234,15097629.105445608,89748687433.12415,16636347.054163558,16318467.913298005,-91.14810180664062,-90.69850158691406,-6.2565999031066895,5.789100170135498,[0. 0. 0.],[0. 0. 0. 1.],5.909298044654857,-0.8561979355545155,"(31, 2)",305909.89332580566,305874.3364383001,-89732368965.12381,1538717.94871795,5.053100109100342,-0.8561979355545155,89748381523.24806,15097629.018930288,16636346.967648238,14791754.682491988,89748687433.14139,16318468.017578125,0.18341840744510876,1770934679.9126775,1770934679.9126775
6.548360660174979,20,3,89206435233.2643,4305241.590589209,4612765.336173267,89273959211.10442,6151483.284891216,12105109.237718439,-90.62059783935548,-90.61060333251952,-0.5745999813079834,0.4079000055789947,[0. 0. 0.],[0. 0. 0. 1.],8.333480663273496,-1.725280590031308,"(20, 3)",67523978.02108765,307523.52201021556,-89261854101.84258,1538717.948717949,6.608200073242188,-1.725280590031308,89206435233.18396,4612765.236879006,6151483.185596955,4305241.7148687905,89273959211.20505,12105109.362479968,0.18339494048846977,1770934679.9681776,1770934679.9681776
5.944592464503059,21,3,90205286010.71742,64768025.92182069,65072244.50283993,90205590268.15,66610962.45155788,2706417.8583798665,-85.4093017578125,-84.45149993896484,2.435400009155273,-2.9363999366760254,[0. 0. 0.],[0. 0. 0. 1.],8.658882207513464,-2.4949823089844116,"(21, 3)",304258.36026000977,304218.0926983133,-90202883850.5342,1538717.9487179518,6.163899898529053,-2.4949823089844116,90205286010.42752,65072244.40354567,66610962.35226362,64768026.31084736,90205590268.78778,2706418.253580729,0.19951336019564647,1770934680.0286086,1770934680.0286086
5.844931946133511,30,3,90253945265.38834,45762775.48639371,46067701.23360916,90254250229.61438,47606419.182327114,51366380.807572894,-87.45050048828125,-87.82710266113281,1.5217000246047974,-1.923099994659424,[0. 0. 0.],[0. 0. 0. 1.],8.088195173008208,-2.1068952958414595,"(30, 3)",304964.72480773926,304925.3493088931,-90202883848.8753,1538717.9487179518,5.981299877166748,-2.1068952958414595,90253945265.23523,46067701.1343149,47606419.083032854,45762775.78500601,90254250229.96004,51366381.08473558,0.18768982871656936,1770934680.0770571,1770934680.0770571
6.8011729360011035,31,3,89963376322.94568,22502336.516635306,22808646.746429678,89963682678.32298,24347364.695147626,29664471.997611858,-101.13300323486328,-90.57389831542967,0.7142999768257141,-1.1660000085830688,[0. 0. 0.],[0. 0. 0. 1.],8.413408825323614,-1.610209057257208,"(31, 3)",306355.4186706543,306310.2370042093,-89934018206.22208,1538717.948717948,6.803199768066406,-1.610209057257208,89963376322.92755,22808646.647135418,24347364.595853366,22502336.41013121,89963682678.34622,29664472.124148637,0.18471303891357682,1770934680.127528,1770934680.127528
4.9369462443097,20,4,89421429584.22583,26465236.075968627,26769351.871373843,89488950144.00809,28308069.82009179,25446814.64718334,-100.247802734375,-100.06680297851562,-2.783699989318848,2.2407000064849854,[0. 0. 0.],[0. 0. 0. 1.],5.9957967768636635,-1.0671969424215249,"(20, 4)",67520559.7393341,304115.8040364608,-89463503329.34093,1538717.948717948,4.928599834442139,-1.0671969424215249,89421429584.1455,26769351.775340546,28308069.724058494,26465235.971304085,89488950143.88483,25446814.543895233,0.18916107781499072,1770934680.1832144,1770934680.1832144
4.350906267495418,21,4,90421280425.78152,20712218.46297717,21019191.614963587,90421587427.8677,22557909.563681535,17054350.44182617,-96.0814971923828,-96.37439727783205,0.2047999948263168,-0.3874000012874603,[0. 0. 0.],[0. 0. 0. 1.],6.075795992695039,-1.6397961223947464,"(21, 4)",307002.5634765625,306973.1101011634,-90404533077.6726,1538717.948717948,4.435999870300293,-1.6397961223947464,90421280425.49162,21019191.51893029,22557909.467648238,20712218.408829127,90421587428.0551,17054350.38248698,0.18707580710810517,1770934680.2447846,1770934680.2447846
4.818101982529212,30,4,90484939271.79858,16706238.684349708,17010545.78163025,90485243611.1216,18549263.7303482,13494124.31375322,-92.31490325927734,-91.4542007446289,-0.7077999711036682,0.6015999913215637,[0. 0. 0.],[0. 0. 0. 1.],5.940327473034791,-1.0524275973939217,"(30, 4)",304339.63092041016,304306.9536258001,-90471749486.8805,1538717.948717948,4.887899875640869,-1.0524275973939217,90484939271.64548,17010545.685596954,18549263.634314902,16706238.731971154,90485243611.2764,13494124.395908453,0.1837727487278926,1770934680.3079984,1770934680.3079984
4.7498401611931715,31,4,90212371090.57387,11446188.503320036,11751002.512399485,90212675936.69746,13289720.461117433,9792092.65276022,-84.1072006225586,-83.2864990234375,-1.7461999654769895,1.6093000173568726,[0. 0. 0.],[0. 0. 0. 1.],6.018622700489663,-1.161622826374673,"(31, 4)",304846.3792114258,304813.52977263555,-90202883843.94554,1538717.948717948,4.85699987411499,-1.161622826374673,90212371090.55574,11751002.416366186,13289720.365084134,11446188.88659355,90212675936.93495,9792092.989408053,0.1980428358593876,1770934680.3700325,1770934680.3700325
2.1773514103173444,20,5,89665423478.4566,11390497.621704845,11695754.34350364,89732945161.1948,13234472.292221589,576193.0370359404,-88.33149719238281,-88.70369720458984,-4.780399799346924,3.9412999153137207,[0. 0. 0.],[0. 0. 0. 1.],3.059692769990478,-0.7204927501540523,"(20, 5)",67521683.02095032,305255.86250500754,-89732368967.84691,1538717.94871795,2.339200019836426,-0.7204927501540523,89665423478.37627,11695754.018930288,13234471.967648238,11390498.15642528,89732945161.39722,576193.5503054888,0.185323166239131,1770934680.4272227,1770934680.4272227
1.7736412112107371,21,5,90665274127.70459,5637956.800042307,5945065.240939538,90665581248.27255,7483783.189657487,59398942.04018237,-81.52189636230469,-82.3563003540039,-1.475200057029724,1.0234999656677246,[0. 0. 0.],[0. 0. 0. 1.],2.7001653466200923,-0.7095653567290403,"(21, 5)",307121.3316345215,307107.747395833,-90606182306.18823,1538717.948717949,1.990599989891052,-0.7095653567290403,90665274127.41469,5945064.916366186,7483782.865084135,5637957.168970353,90665581248.74632,59398942.55809295,0.15380372098469242,1770934680.4887254,1770934680.4887254
1.7462320282670825,30,5,90757932196.47807,30630798.71672675,30936627.74093954,90758238037.70302,32475345.689657487,17622912.2548297,-80.28150177001953,-80.1227035522461,-2.1233999729156494,2.300299882888794,[0. 0. 0.],[0. 0. 0. 1.],3.307452451537286,-1.4894524925452814,"(30, 5)",305841.28355407715,305828.56007111445,-90740615125.22997,1538717.948717948,1.8179999589920044,-1.4894524925452814,90757932196.32497,30936627.416366186,32475345.365084134,30630798.85629507,90758238037.60852,17622912.37855569,0.06559961623586293,1770934680.5809054,1770934680.5809054
1.6522205676661568,31,5,90501363662.68925,41369952.263740264,41675626.13837544,90501669348.40442,43214344.08709338,29919865.32812507,-82.07949829101562,-82.47450256347656,-3.0369999408721924,3.447700023651123,[0. 0. 0.],[0. 0. 0. 1.],2.987940860432817,-1.203340840977861,"(31, 5)",305685.8786468506,305673.0769230798,-90471749482.68626,1538717.9487179443,1.784600019454956,-1.203340840977861,90501363662.67113,41675625.813802086,43214343.76252003,41369952.736879006,90501669348.54977,29919865.86350661,0.16881846896434455,1770934680.6599545,1770934680.6599545
3.2440719098938504,20,11,89952416483.26428,24986715.23257792,25290625.89183213,90019936826.24643,26829343.840550076,18702212.979154438,-82.78189849853516,-83.26730346679688,-1.8170000314712524,1.302899956703186,[0. 0. 0.],[0. 0. 0. 1.],7.238867807619097,-3.8845677854938527,"(20, 11)",67520343.37753296,303910.3190104142,-90001234613.27022,1538717.948717948,3.354300022125244,-3.8845677854938527,89952416483.18394,25290625.813802082,26829343.76252003,24986715.494791668,90019936826.56148,18702213.291266024,0.18959719537318714,1770934680.7142777,1770934680.7142777
3.5915884324552296,21,11,90952266707.8328,19234823.328929663,19594472.045678284,90952626379.94012,21133189.994396232,10362018.498329408,-93.58419799804688,-92.64969635009766,1.524500012397766,-1.753600001335144,[0. 0. 0.],[0. 0. 0. 1.],6.76620379035099,-3.07050386015995,"(21, 11)",359672.6794128418,359648.656600561,-90942264361.71144,1538717.948717948,3.69569993019104,-3.07050386015995,90952266707.5429,19594471.967648238,21133189.916366186,19234823.311047677,90952626380.2223,10362018.510867387,0.18461395846590054,1770934680.7771325,1770934680.7771325
2.7908672520359574,20,1,90487323686.78992,17438149.052018534,17820802.174994893,90554922769.93816,19359520.12371284,15956877.106561014,-89.7479019165039,-89.1011962890625,-3.131099939346313,2.907500028610229,[0. 0. 0.],[0. 0. 0. 1.],5.378421035517765,-2.5153209836378823,"(20, 1)",67599083.40844727,382652.90089142695,-90538965892.83311,1538717.948717948,2.863100051879883,-2.5153209836378823,90487323686.70958,17820802.095853366,19359520.044571314,17438149.19496194,90554922770.11803,15956877.284905849,0.18395677938508126,1770934681.2492812,1770934681.2492812
2.6137059080141705,21,1,91473253254.30714,64983594.424388774,65287621.0852513,91473557298.45374,66826339.03396925,60778067.907478854,-88.6843032836914,-88.36740112304688,-0.0186000000685453,-0.2421000003814697,[0. 0. 0.],[0. 0. 0. 1.],5.464760744195486,-2.684360706429983,"(21, 1)",304044.92500305176,304026.37970753014,-91412779230.81448,1538717.9487179518,2.780400037765503,-2.684360706429983,91473253254.01724,65287621.006109774,66826338.954827726,64983594.626402244,91473557298.94225,60778068.127754405,0.18530378356659558,1770934681.3000317,1770934681.3000317
3.0357501465025583,30,1,91537911956.09343,61976425.43756622,62282340.63653336,91538217891.81534,63821058.5852513,58222252.121865354,-93.57749938964844,-94.83799743652344,-1.029099941253662,0.7114999890327454,[0. 0. 0.],[0. 0. 0. 1.],5.318561597208403,-2.241061492304228,"(30, 1)",305935.9193572998,305915.1360927522,-91479995639.78761,1538717.9487179443,3.077500104904175,-2.241061492304228,91537911955.94032,62282340.55739183,63821058.506109774,61976425.42129908,91538217891.85968,58222252.0720653,0.18547861391835765,1770934681.3609655,1770934681.3609655
3.0793537859357536,31,1,91265345545.70206,56716994.35331167,57022789.35448207,91265651361.83746,58561507.30320002,54521364.7819358,-92.3397979736328,-92.73079681396484,-2.02839994430542,2.164299964904785,[0. 0. 0.],[0. 0. 0. 1.],5.403218332373771,-2.317818227851066,"(31, 1)",305816.08699035645,305794.89683493227,-91211129996.97787,1538717.9487179518,3.085400104522705,-2.317818227851066,91265345545.68393,57022789.27534054,58561507.224058494,56716994.37850561,91265651361.77092,54521364.79304387,0.18419592280812222,1770934681.4229298,1770934681.4229298
4.609086711583713,20,2,90716396555.37965,41129329.39665384,41434816.60544561,90783918485.7822,42973534.55416356,43303368.55720904,-84.2332992553711,-83.92240142822266,-7.556700229644775,6.973700046539307,[0. 0. 0.],[0. 0. 0. 1.],5.780256972993651,-1.0368568761003392,"(20, 2)",67521930.83934021,305486.7475460693,-90740615117.21713,1538717.9487179518,4.743400096893311,-1.0368568761003392,90716396555.29932,41434816.518930286,42973534.46764824,41129329.77138422,90783918486.13866,43303368.921524435,0.19999567732214005,1770934681.4782133,1770934681.4782133
4.07525310852484,21,2,91715246996.29431,34379709.32981371,34686667.56698407,91715553982.97105,36225385.515702024,33909117.41504325,-90.87640380859376,-91.6073989868164,-3.834199905395508,4.083799839019775,[0. 0. 0.],[0. 0. 0. 1.],6.2983455293594135,-2.0963453882156147,"(21, 2)",306987.2890319824,306958.05476261675,-91681644865.81485,1538717.9487179518,4.202000141143799,-2.0963453882156147,91715246996.00441,34686667.48046875,36225385.4291867,34379709.42570613,91715553983.29344,33909117.47859074,0.18349275607373625,1770934681.538651,1770934681.538651
5.064030013441359,31,2,91683335617.81743,458125.19781919295,762364.682368686,91683639892.88559,2301082.6310866345,1995030.1449836518,-90.79869842529295,-90.9844970703125,-5.966899871826172,6.030300140380859,[0. 0. 0.],[0. 0. 0. 1.],5.909298044654857,-0.8166981758804432,"(31, 2)",304275.0901489258,304239.2985026042,-91681644862.65358,1538717.9487179485,5.092599868774414,-0.8166981758804432,91683335617.7993,762364.5958533654,2301082.544571314,458125.2973507612,91683639892.88945,1995030.2358774038,0.18341422781587088,1770934681.8431199,1770934681.8431199
6.603958360644895,20,3,91163384952.81554,11978101.51168333,12285024.951557884,91230908330.72382,13823742.900275832,19778331.43692625,-90.33170318603516,-90.22930145263672,-0.6033999919891357,0.4311999976634979,[0. 0. 0.],[0. 0. 0. 1.],8.333480663273496,-1.6646807861067483,"(20, 3)",67523378.10809326,306923.20212339796,-91211129999.26276,1538717.948717948,6.668799877166748,-1.6646807861067483,91163384952.7352,12285024.852263622,13823742.80098157,11978101.650140224,91230908330.84329,19778331.580528848,0.1834359798440399,1770934681.9365447,1770934681.9365447
5.984493051839055,21,3,92180234969.0507,23229918.704894327,23534111.490019422,92180539200.90112,25072829.43873737,28379452.907609828,-84.0188980102539,-84.1781997680664,2.3320000171661377,-2.678400039672852,[0. 0. 0.],[0. 0. 0. 1.],8.658882207513464,-2.456582135797156,"(21, 3)",304232.7724456787,304192.3014322929,-92152159748.2361,1538717.948717948,6.202300071716309,-2.456582135797156,92180234968.7608,23534111.390725162,25072829.33944311,23229919.08929287,92180539201.53325,28379453.29715044,0.2000537138458114,1770934682.0038173,1770934682.0038173
5.831255765497583,30,3,92245893574.68317,21222138.243870996,21527148.34899378,92246198623.19432,23065866.297711726,26822466.789149165,-88.46640014648438,-87.72250366210938,1.559000015258789,-2.2816998958587646,[0. 0. 0.],[0. 0. 0. 1.],8.088195173008208,-2.12839540646768,"(30, 3)",305049.0159301758,305009.765625,-92219376156.47368,1538717.948717948,5.959799766540527,-2.12839540646768,92245893574.53006,21527148.249699518,23065866.198417466,21222138.484074518,92246198623.54599,26822467.072315704,0.1863573871656821,1770934682.0689487,1770934682.0689487
6.913234410078535,31,3,91972328766.85588,14963710.990935398,15270329.43873737,91972635430.52516,16809047.387455318,22124913.12712048,-103.04759979248048,-91.29060363769533,0.4720999896526336,-1.1157000064849854,[0. 0. 0.],[0. 0. 0. 1.],8.413408825323614,-1.504608700201544,"(31, 3)",306663.67750549316,306618.4645432681,-91950510517.29472,1538717.94871795,6.90880012512207,-1.504608700201544,91972328766.83775,15270329.339443108,16809047.288161058,14963710.87489984,91972635430.51526,22124913.220527843,0.18536241062980316,1770934682.1299314,1770934682.1299314
4.965263632286996,20,4,91356162028.13605,11916459.71721362,12223286.16624564,91423685298.72733,13762004.114963587,10906071.727116106,-98.1605987548828,-100.46890258789062,-2.6364998817443848,2.6858999729156494,[0. 0. 0.],[0. 0. 0. 1.],5.9957967768636635,-1.0363965998617104,"(20, 4)",67523270.54536438,306826.4379256815,-91412779226.98022,1538717.948717948,4.959400177001953,-1.0363965998617104,91356162028.05571,12223286.07021234,13762004.018930288,11916459.632286659,91423685298.60107,10906071.620843349,0.18875777527765056,1770934682.1852627,1770934682.1852627
4.301679832217091,21,4,92423228695.01224,6169156.101512412,6475609.884194357,92423535177.43819,8014327.832912305,2509792.507857291,-95.63330078125,-96.33670043945312,0.9265999794006348,-0.4162999987602234,[0. 0. 0.],[0. 0. 0. 1.],6.075795992695039,-1.6875961864816604,"(21, 4)",306482.9039001465,306453.73222155496,-92421025385.17706,1538717.948717948,4.388199806213379,-1.6875961864816604,92423228694.72234,6475609.788161058,8014327.736879006,6169156.055939503,92423535177.62624,2509792.44916867,0.18689395455010713,1770934682.2466478,1770934682.2466478
4.805048667684735,30,4,92486887885.5806,2161585.785247897,2467340.653425126,92487193672.63129,4006058.6021430744,66168288.606705375,-91.87670135498048,-92.36479949951172,-0.757099986076355,0.4237000048160553,[0. 0. 0.],[0. 0. 0. 1.],5.940327473034791,-1.0684273914002693,"(30, 4)",305787.32220458984,305754.7075320515,-92421025384.09723,1538717.9487179485,4.8719000816345215,-1.0684273914002693,92486887885.42749,2467340.557391827,4006058.5061097755,2161585.8498597755,92487193672.7497,66168288.65246895,0.18391923491847995,1770934682.3099122,1770934682.3099122
4.713932552904685,31,4,92215323005.63792,65119097.51173424,65423310.204707175,92215627250.1369,66962028.15342513,63467508.31205538,-84.31269836425781,-83.86109924316406,-1.6548999547958374,1.131500005722046,[0. 0. 0.],[0. 0. 0. 1.],6.018622700489663,-1.191222492970132,"(31, 4)",304244.79167175293,304212.208283253,-92152159741.7257,1538717.9487179518,4.827400207519531,-1.191222492970132,92215323005.6198,65423310.10867388,66962028.05739183,65119097.900390625,92215627250.41147,63467508.68577223,0.20001138793794307,1770934682.3755653,1770934682.3755653
2.1990196794512595,20,5,91613155441.59758,9837914.748106748,10142637.356324153,91680676590.34294,11681355.305042101,66248134.896187246,-89.0354995727539,-89.29720306396484,-4.677999973297119,4.110799789428711,[0. 0. 0.],[0. 0. 0. 1.],3.059692769990478,-0.7098926601271973,"(20, 5)",67521148.99464417,304721.7892377805,-91614428455.13591,1538717.948717948,2.349800109863281,-0.7098926601271973,91613155441.51724,10142637.031750802,11681354.98046875,9837915.242513021,91680676590.51189,66248135.37597656,0.18423928560737338,1770934682.4421682,1770934682.4421682
1.7643684009137859,21,5,92679222076.4225,3091290.3440886666,3398687.035811332,92679529485.14217,4937404.984529281,56854871.029737495,-82.16100311279297,-82.55020141601562,-1.1305999755859375,0.8464999794960022,[0. 0. 0.],[0. 0. 0. 1.],2.7001653466200923,-0.6969652924513912,"(21, 5)",307409.5114593506,307395.8802834535,-92622674614.06828,1538717.9487179485,2.003200054168701,-0.6969652924513912,92679222076.1326,3398686.7112379805,4937404.659955929,3091290.830954527,92679529485.64406,56854871.575771235,0.171691194926435,1770934682.5028045,1770934682.5028045
1.7133267278711155,30,5,92745880593.91393,2082685.8837378179,2389416.202477999,92746187336.2279,3928134.1511959475,56296313.40647712,-80.89700317382812,-80.35089874267578,-2.1419999599456787,1.9510999917984009,[0. 0. 0.],[0. 0. 0. 1.],3.307452451537286,-1.503252398322259,"(30, 5)",306742.3972015381,306729.75197816524,-92689891022.60321,1538717.9487179485,1.8042000532150269,-1.503252398322259,92745880593.76082,2389415.8779046475,3928133.826622596,2082686.1259264823,92746187336.15802,56296313.5548127,0.07932348031665688,1770934682.5690079,1770934682.5690079
1.6337480322492812,31,5,92473316883.84305,64040991.43281033,64346747.93324723,92473622652.11072,65885465.88196518,52597271.84897235,-81.86730194091797,-81.74040222167969,-3.441200017929077,3.3060998916625977,[0. 0. 0.],[0. 0. 0. 1.],2.987940860432817,-1.2460408932392135,"(31, 5)",305768.30741882324,305755.74043469876,-92421025379.87172,1538717.9487179518,1.7418999671936035,-1.2460408932392135,92473316883.82492,64346747.60867388,65885465.55739183,64040991.86823918,92473622652.13234,52597272.26061699,0.14814285746345873,1770934682.630919,1770934682.630919
3.196797414111108,20,11,91858164391.91809,48672017.9159366,48975954.41747316,91925684760.45181,50514672.366191104,42390660.130309656,-83.7354965209961,-83.14739990234375,-1.9362000226974487,1.6158000230789185,[0. 0. 0.],[0. 0. 0. 1.],7.238867807619097,-3.9210677626056687,"(20, 11)",67520368.91838074,303936.07897636294,-91883294100.32445,1538717.9487179443,3.317800045013428,-3.9210677626056687,91858164391.83775,48975954.33944311,50514672.288161054,48672018.26046675,91925684760.75613,42390660.43169071,0.1957705175109279,1770934682.6872554,1770934682.6872554
3.649662597565138,21,11,92924215746.29428,41911053.34631988,42270249.28926803,92924574965.95398,43808967.237985976,33034706.8102974,-93.1605987548828,-92.96050262451172,1.4788999557495115,-1.764799952507019,[0. 0. 0.],[0. 0. 0. 1.],6.76620379035099,-3.012003808661537,"(21, 11)",359220.2210998535,359195.8696414307,-92891540259.41333,1538717.9487179443,3.754199981689453,-3.012003808661537,92924215746.00438,42270249.21123798,43808967.159955926,41911053.34159655,92924574966.22548,33034706.81214944,0.18458873810980414,1770934682.7477257,1770934682.7477257
5.031157463988389,21,0,93177209215.84557,29034059.179988965,29338526.46285791,93177513716.62822,30877244.411575858,17107818.817240722,-100.27870178222656,-86.96869659423828,-1.998600006103516,1.263800024986267,[0. 0. 0.],[0. 0. 0. 1.],8.86107451211785,-3.7221747089562296,"(21, 0)",304501.64012145996,304467.49173678085,-93160405898.16972,1538717.948717948,5.138899803161621,-3.7221747089562296,93177209215.55566,29338526.454827726,30877244.403545674,29034058.963090945,93177513717.19579,17107819.026066706,0.183653710688697,1770934683.0006263,1770934683.0006263
2.8513709374641305,20,1,92327137156.34116,42402717.73655272,42713270.12371284,92394664138.92903,44251988.07243079,40855169.11180033,-89.16799926757812,-88.88890075683594,-3.123600006103516,2.7035999298095703,[0. 0. 0.],[0. 0. 0. 1.],5.378421035517765,-2.4482209355726967,"(20, 1)",67526982.8600769,310552.1334134564,-92353808969.81876,1538717.9487179518,2.9302000999450684,-2.4482209355726967,92327137156.26082,42713270.04457131,44251987.99328926,42402717.911157854,92394664139.1209,40855169.30213341,0.18442633646132528,1770934683.1562264,1770934683.1562264
2.696190903511379,21,1,93394203606.8712,36658236.31528412,36964576.21345643,93394509964.74045,38503294.16217438,32454836.42969067,-88.59919738769531,-89.28240203857422,-0.0883999988436698,-0.2504999935626983,[0. 0. 0.],[0. 0. 0. 1.],5.464760744195486,-2.608860694985891,"(21, 1)",306358.59562683105,306339.61212940514,-93362055128.579,1538717.9487179518,2.8559000492095947,-2.608860694985891,93394203606.5813,36964576.1343149,38503294.083032854,36658236.5221855,93394509965.17693,32454836.59793169,0.18457384097336682,1770934683.2176442,1770934683.2176442
2.9853116816587004,30,1,93457862124.36263,32649017.902319297,32954439.995507713,93458167566.67902,34493157.94422566,28896029.737503055,-94.92749786376952,-93.9656982421875,-0.684499979019165,0.5885000228881836,[0. 0. 0.],[0. 0. 0. 1.],5.318561597208403,-2.2934616044563274,"(30, 1)",305442.53617858887,305422.06593048945,-93429271537.03566,1538717.948717948,3.025099992752075,-2.2934616044563274,93457862124.20952,32954439.916366186,34493157.865084134,32649017.850435697,93458167566.7457,28896029.710036058,0.18568935995322544,1770934683.2810354,1770934683.2810354
3.168327502124605,31,1,93185300008.84303,27391819.95224202,27698198.008328225,93185606408.51604,29236915.957046174,25200513.46125559,-92.00869750976562,-92.154296875,-1.9799000024795528,1.583199977874756,[0. 0. 0.],[0. 0. 0. 1.],5.403218332373771,-2.2238183651801675,"(31, 1)",306399.64569091797,306377.9390775226,-93160405894.97713,1538717.948717948,3.1793999671936035,-2.2238183651801675,93185300008.8249,27698197.929186698,29236915.877904646,27391819.990109175,93185606408.4706,25200513.493464544,0.18389898943424685,1770934683.3429363,1770934683.3429363
4.6246046309909845,20,2,92570130930.37961,12790342.79607685,13096242.88749689,92637653273.72772,14634960.83621484,14978669.104182007,-84.3904037475586,-83.84200286865234,-7.17579984664917,7.03980016708374,[0. 0. 0.],[0. 0. 0. 1.],5.780256972993651,-1.021456943239012,"(20, 2)",67522343.78129578,305899.62690304406,-92622674604.61568,1538717.94871795,4.758800029754639,-1.021456943239012,92570130930.29927,13096242.80098157,14634960.74969952,12790343.174078526,92637653274.08057,14978669.464893831,0.20007698218581876,1770934683.3991575,1770934683.3991575
4.056254758726888,21,2,93636197356.87119,6046351.890189299,6353302.1823686855,93636504335.51047,7892020.1310866345,5583572.690770971,-89.82820129394531,-92.16390228271484,-4.0381999015808105,3.837899923324585,[0. 0. 0.],[0. 0. 0. 1.],6.2983455293594135,-2.1108455293594135,"(21, 2)",306979.22926330566,306950.05759214703,-93630920763.07855,1538717.948717949,4.1875,-2.1108455293594135,93636197356.58128,6353302.095853365,7892020.044571314,6046352.038261218,93636504335.81055,5583572.7319961935,0.18340753192299947,1770934683.4596608,1770934683.4596608
4.331835183086118,30,2,93699855842.31134,2036602.0153947417,2341058.592625096,93700160329.31784,3879776.541343045,2023157.5230634673,-85.8125991821289,-85.90339660644531,-5.031899929046631,4.821400165557861,[0. 0. 0.],[0. 0. 0. 1.],5.370857095168491,-0.8802569860681491,"(30, 2)",304487.60203552246,304456.12980769225,-93698137171.87953,1538717.948717949,4.490600109100342,-0.8802569860681491,93699855842.15823,2341058.5061097755,3879776.4548277245,2036602.3763020833,93700160329.76027,2023157.8807341747,0.19545962016419313,1770934683.5229027,1770934683.5229027
5.0477276046156465,31,2,93427294271.66354,63995844.40318181,64299776.54134305,93427598239.25926,65838494.49006099,65543120.03019014,-90.69850158691406,-90.73280334472656,-6.245399951934815,5.651199817657471,[0. 0. 0.],[0. 0. 0. 1.],5.909298044654857,-0.8305979790420643,"(31, 2)",303967.6294555664,303931.9473657906,-93362055119.14203,1538717.9487179443,5.078700065612793,-0.8305979790420643,93427294271.64542,64299776.454827726,65838494.40354567,63995844.507461935,93427598239.27487,65543120.13283754,0.18339683119417471,1770934683.5849526,1770934683.5849526
6.5691402644020895,20,3,92794125193.20012,29523655.10206093,29830946.425916854,92861648938.7477,31369664.374634806,37325093.24439179,-91.01750183105467,-90.31289672851562,-0.8073999881744385,0.4115999937057495,[0. 0. 0.],[0. 0. 0. 1.],8.333480663273496,-1.705080814335508,"(20, 3)",67523745.74317932,307291.11891526356,-92824323845.47917,1538717.9487179518,6.628399848937988,-1.705080814335508,92794125193.11978,29830946.326622594,31369664.275340546,29523655.20770733,92861648938.86296,37325093.38378906,0.1833949113907806,1770934683.6302154,1770934683.6302154
5.920900218198055,21,3,93867191387.3199,29780569.087580048,30087164.374634806,93867498021.33455,31625882.323352754,34928017.400323585,-85.52510070800781,-84.88249969482422,2.567600011825561,-2.9588000774383545,[0. 0. 0.],[0. 0. 0. 1.],8.658882207513464,-2.518782205224646,"(21, 3)",306634.9440307617,306594.801682692,-93832570004.1768,1538717.948717948,6.140100002288818,-2.518782205224646,93867191387.03,30087164.275340546,31625882.224058494,29780569.473657854,93867498021.97403,34928017.79722556,0.19849968126798512,1770934683.6906717,1770934683.6906717
5.830666748104365,30,3,93931849816.6703,26770961.189328607,27077933.605404034,93932156827.43526,28616651.554121986,32370414.369459867,-88.20659637451172,-88.07759857177734,1.475200057029724,-2.1951000690460205,[0. 0. 0.],[0. 0. 0. 1.],8.088195173008208,-2.1297954003641646,"(30, 3)",307011.24925231934,306972.0615484752,-93899786413.1343,1538717.9487179518,5.958399772644043,-2.1297954003641646,93931849816.5172,27077933.506109774,28616651.454827726,26770961.4445613,93932156827.76645,32370414.632161457,0.18619105023795318,1770934683.756324,1770934683.756324
6.283672600209271,31,3,93673288438.3302,35514161.90669556,35820553.79771173,93673594871.95575,37359271.746429674,42674101.731349714,-105.20780181884766,-104.83799743652344,0.3407999873161316,-0.9965000152587892,[0. 0. 0.],[0. 0. 0. 1.],8.413408825323614,-2.1674090122437804,"(31, 3)",306433.41847229004,306391.9145633057,-93630920770.1211,1538717.9487179443,6.245999813079834,-2.1674090122437804,93673288438.31207,35820553.69841747,37359271.647135414,35514161.783854164,93673594871.73055,42674101.60945012,0.19030086335319993,1770934683.8309524,1770934683.8309524
4.939741374627466,20,4,92988902076.21294,31458125.75990195,31762268.538040508,93056422662.97809,33300986.48675846,30449589.933623873,-99.97899627685548,-98.60130310058594,-2.996900081634521,2.2946999073028564,[0. 0. 0.],[0. 0. 0. 1.],5.9957967768636635,-1.0620966921773842,"(20, 4)",67520586.73564148,304142.7847055271,-93025973073.02449,1538717.9487179518,4.933700084686279,-1.0620966921773842,92988902076.1326,31762268.44200721,33300986.390725162,31458125.657301683,93056422662.86824,30449589.84375,0.1887898381061274,1770934683.8851619,1770934683.8851619
4.3291906933996165,21,4,94122184800.78143,24715834.16126285,25021234.884194355,94122490230.2662,26559952.832912304,21054588.596996732,-96.47660064697266,-96.89700317382812,0.5717999935150146,-0.4582000076770782,[0. 0. 0.],[0. 0. 0. 1.],6.075795992695039,-1.663795813404267,"(21, 4)",305429.9535522461,305400.68797576055,-94101435641.91594,1538717.948717948,4.412000179290772,-1.663795813404267,94122184800.49153,25021234.788161058,26559952.736879006,24715834.100185297,94122490230.44508,21054588.529146634,0.18738768925999078,1770934683.945626,1770934683.945626
4.79856196010066,30,4,94185843230.13184,20705839.51960437,21011146.743168715,94186148569.50998,22549864.691886663,17496518.89701933,-92.04109954833984,-92.2802963256836,-0.4507000148296356,0.2709999978542328,[0. 0. 0.],[0. 0. 0. 1.],5.940327473034791,-1.0754273608826912,"(30, 4)",305339.65281677246,305307.0694360994,-94168652050.68561,1538717.948717948,4.8649001121521,-1.0754273608826912,94185843229.97873,21011146.647135418,22549864.595853366,20705839.57769932,94186148569.63155,17496518.9459385,0.1839473626443609,1770934684.0088818,1770934684.0088818
4.731276268574503,31,4,93912282773.2661,14449544.91627107,14755137.127784101,93912588397.46931,16293855.07650205,12801989.32213629,-83.8208999633789,-84.61260223388672,-1.471400022506714,1.4249000549316406,[0. 0. 0.],[0. 0. 0. 1.],6.018622700489663,-1.1735227744947903,"(31, 4)",305624.51484680176,305591.74366486445,-93899786408.04802,1538717.948717948,4.845099925994873,-1.1735227744947903,93912282773.24797,14755137.031750802,16293854.98046875,14449545.288085938,93912588397.76282,12801989.714793669,0.20025105226327355,1770934684.0698898,1770934684.0698898
2.2050669067734585,20,5,93226895978.45651,10377371.993159369,10682108.510170307,93294417141.14798,12220826.458888255,66794839.53177892,-89.1082992553711,-88.77549743652344,-4.371600151062012,3.990700006484986,[0. 0. 0.],[0. 0. 0. 1.],3.059692769990478,-0.6999928054671627,"(20, 5)",67521162.97012329,304735.70212339796,-93227622301.30536,1538717.948717948,2.3596999645233154,-0.6999928054671627,93226895978.37617,10682108.185596956,12220826.134314904,10377372.483473558,93294417141.3463,66794840.0409405,0.18455633390379395,1770934684.1231654,1770934684.1231654
1.7952835209695233,21,5,94360178646.93527,3635676.865273427,3942781.5870933835,94360485763.92546,5481499.535811333,57400893.574977025,-81.96320343017578,-81.94309997558594,-1.2627999782562256,0.838100016117096,[0. 0. 0.],[0. 0. 0. 1.],2.7001653466200923,-0.68556530809165,"(21, 5)",307117.6851654053,307103.9444360975,-94303084870.30635,1538717.948717949,2.0146000385284424,-0.68556530809165,94360178646.64537,3942781.262520032,5481499.211237981,3635677.3180839345,94360485764.33054,57400894.024188705,0.15540094772073876,1770934684.1837723,1770934684.1837723
1.7409607366775999,30,5,94423837052.24721,66841730.08794914,67147581.26658057,94424142915.57277,1469888.9588882555,53841636.18462301,-80.3572006225586,-80.08509826660156,-1.9520000219345093,2.017199993133545,[0. 0. 0.],[0. 0. 0. 1.],3.307452451537286,-1.4936524742347344,"(30, 5)",305863.3814086914,305850.7048778087,-94370301279.16992,-65677692.30769231,1.8137999773025515,-1.4936524742347344,94423837052.0941,67147580.94200721,1469888.6343149038,66841730.237129405,94424142915.47551,53841636.30558894,0.06579425429956623,1770934684.2469652,1770934684.2469652
1.6930261087443037,31,5,94149277156.2789,59585643.482181355,59891371.33068313,94149582896.23727,61430089.27940108,48147259.2992648,-81.2489013671875,-82.7052001953125,-3.1189000606536865,3.4811999797821045,[0. 0. 0.],[0. 0. 0. 1.],2.987940860432817,-1.1818408495609298,"(31, 5)",305740.15299987793,305727.2104116604,-94101435636.54799,1538717.9487179518,1.8061000108718872,-1.1818408495609298,94149277156.26077,59891371.006109774,61430088.954827726,59585643.795698114,94149582896.41377,48147259.865785256,0.15367111115609902,1770934684.3068943,1770934684.3068943
3.2410880961181916,20,11,93465890209.22574,43201310.574374214,43505209.225165464,93533410540.16713,45043927.173883416,36922593.50400462,-83.17870330810547,-83.33830261230469,-1.6232000589370728,1.0319000482559204,[0. 0. 0.],[0. 0. 0. 1.],7.238867807619097,-3.8803678038043996,"(20, 11)",67520331.34265137,303898.2684795633,-93496487946.66606,1538717.9487179518,3.3585000038146973,-3.8803678038043996,93465890209.1454,43505209.147135414,45043927.095853366,43201310.87865585,93533410540.48805,36922593.821990184,0.19356993472119968,1770934684.3621778,1770934684.3621778
3.6617866435431567,21,11,94685170249.49937,55241633.21943374,55600433.584139824,94685529073.64784,57139151.532857776,46362147.774934545,-92.47650146484376,-93.33889770507812,1.486299991607666,-1.6819000244140625,[0. 0. 0.],[0. 0. 0. 1.],6.76620379035099,-2.998203902884559,"(21, 11)",358824.69763183594,358800.26792868227,-94639166926.14256,1538717.9487179518,3.767999887466431,-2.998203902884559,94685170249.20947,55600433.506109774,57139151.454827726,55241633.23818109,94685529073.9071,46362147.76454828,0.1844561225491461,1770934684.5112047,1770934684.5112047
2.7932881907041875,20,1,94056874712.43086,24508105.946869392,24824912.75191797,94124407949.16092,26363630.700635917,22972313.13090999,-89.65550231933594,-88.79969787597656,-2.795799970626831,2.630000114440918,[0. 0. 0.],[0. 0. 0. 1.],5.378421035517765,-2.5095209748640785,"(20, 1)",67533237.00732422,316806.5780248381,-94101435636.03152,1538717.948717948,2.8689000606536865,-2.5095209748640785,94056874712.35052,24824912.672776442,26363630.62149439,24508106.094751604,94124407949.35785,22972313.326322116,0.1841865235142911,1770934684.9531548,1770934684.9531548
2.6562383636778026,21,1,95191157180.5891,18768902.512207016,19073302.174994893,95191461597.98434,20612020.12371284,14563392.891402073,-87.89099884033203,-88.2843017578125,-0.1451999992132187,-0.2206999957561493,[0. 0. 0.],[0. 0. 0. 1.],5.464760744195486,-2.634260856729055,"(21, 1)",304418.1784667969,304399.33581230044,-95176898205.36118,1538717.948717948,2.8304998874664307,-2.634260856729055,95191157180.2992,19073302.095853366,20612020.044571314,18768902.760041066,95191461598.47766,14563393.116486378,0.18634491533807673,1770934685.0146809,1770934685.0146809
3.0479545488229793,30,1,95254815473.72156,14757698.488453474,15063398.328841047,95255121194.1164,16602116.277558995,11006579.813632127,-94.06839752197266,-94.28140258789062,-0.8827999830245972,0.8884000182151794,[0. 0. 0.],[0. 0. 0. 1.],5.318561597208403,-2.228861613611601,"(30, 1)",305720.60609436035,305699.7915414665,-95244114614.3969,1538717.948717948,3.0896999835968018,-2.228861613611601,95254815473.56845,15063398.24969952,16602116.198417468,14757698.458158053,95255121194.17455,11006579.77764423,0.1854879653790495,1770934685.080226,1770934685.080226
3.2069438528549368,31,1,95004256867.81735,31502048.373780176,31806202.816020533,95004561044.23595,33344920.76473848,29312072.79022254,-91.11409759521484,-91.16709899902344,-1.6678999662399292,1.8319000005722048,[0. 0. 0.],[0. 0. 0. 1.],5.403218332373771,-2.173418346488151,"(31, 1)",304176.43229675293,304154.2874849774,-94975248971.36807,1538717.948717948,3.22979998588562,-2.173418346488151,95004256867.79922,31806202.736879006,33344920.685596954,31502048.44939403,95004561044.23152,29312072.86345653,0.18346742475703906,1770934685.161811,1770934685.161811
4.622342635301133,20,2,94320867949.61034,15887552.826270802,16193310.195189198,94388390150.24162,17732028.14390715,18088879.061002936,-84.02110290527344,-83.93460083007812,-6.926199913024902,7.086400032043457,[0. 0. 0.],[0. 0. 0. 1.],5.780256972993651,-1.0245568616044904,"(20, 2)",67522201.06858826,305756.91418769956,-94370301271.17276,1538717.948717948,4.75570011138916,-1.0245568616044904,94320867949.53,16193310.108673878,17732028.057391826,15887553.194486178,94388390150.59859,18088879.42583133,0.19968687640333474,1770934685.217232,1770934685.217232
4.057254317682665,21,2,95455150353.66602,10148860.257709999,10452781.349035352,95455454303.08304,11991499.2977533,9690463.262045154,-91.33789825439452,-90.37590026855467,-4.044700145721436,3.759700059890747,[0. 0. 0.],[0. 0. 0. 1.],6.2983455293594135,-2.1090454690871967,"(21, 2)",303950.0857696533,303920.92973758094,-95445763840.07985,1538717.948717948,4.189300060272217,-2.1090454690871967,95455150353.37611,10452781.262520032,11991499.21123798,10148860.332782451,95455454303.46188,9690463.382036258,0.18340628420662763,1770934685.2786455,1770934685.2786455
4.343682362737394,30,2,95518808622.76001,6137111.880626524,6443790.9644199675,95519115332.35077,7982508.9131379165,6135083.5703753745,-85.88529968261719,-85.81600189208984,-5.504099845886231,4.861499786376953,[0. 0. 0.],[0. 0. 0. 1.],5.370857095168491,-0.8683570379480319,"(30, 2)",306710.1894226074,306678.6389473155,-95512980248.86516,1538717.948717949,4.502500057220459,-0.8683570379480319,95518808622.6069,6443790.877904647,7982508.826622596,6137112.2389573315,95519115332.79633,6135083.9311648635,0.19549519195793302,1770934685.3418293,1770934685.3418293
5.046231013400652,31,2,95245251146.6635,67098509.03658204,188037.75929176292,95245557121.1299,1726755.7080097117,1442514.8622363005,-91.27110290527344,-90.80570220947266,-6.232399940490723,5.91379976272583,[0. 0. 0.],[0. 0. 0. 1.],5.909298044654857,-0.8364978852005116,"(31, 2)",305974.4966888428,-66910471.44180689,-95244114606.18062,1538717.9487179487,5.072800159454346,-0.8364978852005116,95245251146.64537,188037.6727764423,1726755.621494391,67098509.114583336,95245557121.14206,1442514.9614383013,0.18344049859847283,1770934685.4029067,1770934685.4029067
6.574465247797693,20,3,94561861771.72571,49632669.608302794,49939752.51566044,94629385308.87975,51478470.464378394,57434796.647230156,-91.48280334472656,-89.75340270996094,-0.6276999711990356,0.4004000127315521,[0. 0. 0.],[0. 0. 0. 1.],8.333480663273496,-1.6984804343916604,"(20, 3)",67523537.3785553,307082.72298176587,-94571950512.20839,1538717.9487179518,6.635000228881836,-1.6984804343916604,94561861771.64537,49939752.41636618,51478470.365084134,49632669.69338442,94629385309.02393,57434796.815529846,0.18339809776145372,1770934685.4581637,1770934685.4581637
5.935364452245258,21,3,95695144159.75575,42895135.47796205,43199432.00283993,95695448495.07658,44738149.95155788,48035414.04717371,-85.03099822998047,-84.70269775390625,2.832099914550781,-2.7007999420166016,[0. 0. 0.],[0. 0. 0. 1.],8.658882207513464,-2.502882070184363,"(21, 3)",304336.25050354004,304296.0298978314,-95647413081.27199,1538717.9487179518,6.156000137329102,-2.502882070184363,95695144159.46585,43199431.90354567,44738149.85226362,42895135.87364784,95695448495.71635,48035414.44436098,0.19963105773950515,1770934685.5185974,1770934685.5185974
5.834966744229272,30,3,95758802396.79846,38883544.36456882,39187989.695147626,95759106880.47408,40726707.64386557,44477390.2974522,-88.39540100097656,-87.8218002319336,1.6260000467300415,-2.1951000690460205,[0. 0. 0.],[0. 0. 0. 1.],8.088195173008208,-2.1249950806925337,"(30, 3)",304484.1746826172,304444.9869791642,-95714629490.24512,1538717.9487179443,5.963200092315674,-2.1249950806925337,95758802396.64536,39187989.595853366,40726707.54457131,38883544.6088742,95759106880.82004,44477390.57491987,0.18630245550341845,1770934685.5819583,1770934685.5819583
7.250410266727491,31,3,95485245457.56093,32629224.83835846,32936018.54130147,95485552299.36833,34474736.49001942,39788451.81400356,-91.29060363769533,-91.50740051269533,0.3837000131607055,-0.958299994468689,[0. 0. 0.],[0. 0. 0. 1.],8.413408825323614,-1.1374088024354307,"(31, 3)",306841.8062591553,306793.51024138555,-95445763847.45102,1538717.948717948,7.276000022888184,-1.1374088024354307,95485245457.5428,32936018.44200721,34474736.39072516,32629224.931765825,95485552299.34906,39788451.89803686,0.18355283435636477,1770934685.6454058,1770934685.6454058
4.961546736364939,20,4,94815855265.31544,43563371.08718667,43867693.21752769,94883376031.57567,45406411.16624564,42559881.592519686,-99.6447982788086,-99.06819915771484,-2.7660000324249268,2.1737000942230225,[0. 0. 0.],[0. 0. 0. 1.],5.9957967768636635,-1.0405965815511635,"(20, 4)",67520766.2259674,304322.13416466117,-94840816149.96318,1538717.9487179518,4.9552001953125,-1.0405965815511635,94815855265.2351,43867693.12149439,45406411.07021234,43563370.98732973,94883376031.46107,42559881.497896634,0.18883813575491162,1770934685.7121038,1770934685.7121038
4.357303837350708,21,4,95950137573.21729,37826425.93979212,38130930.39701487,95950442106.64291,39669648.345732816,34163388.14458458,-95.80709838867188,-96.86859893798828,0.4395000040531158,-0.6696000099182129,[0. 0. 0.],[0. 0. 0. 1.],6.075795992695039,-1.633896216236299,"(21, 4)",304533.89485168457,304504.4101812914,-95916278718.74506,1538717.9487179443,4.44189977645874,-1.633896216236299,95950137572.92738,38130930.300981574,39669648.24969952,37826425.89080028,95950442106.82224,34163388.07717348,0.18713181473881862,1770934685.7736008,1770934685.7736008
4.783250687705114,30,4,96038795121.15742,58813750.18435085,59119440.01239948,96039100843.06602,60658157.96111743,55605715.6708835,-91.84100341796876,-93.07119750976562,-0.3781000077724457,0.3305999934673309,[0. 0. 0.],[0. 0. 0. 1.],5.940327473034791,-1.0937274173402107,"(30, 4)",305722.15545654297,305689.6659655422,-95983495127.46779,1538717.9487179518,4.84660005569458,-1.0937274173402107,96038795121.00432,59119439.91636618,60658157.865084134,58813750.25040064,96039100843.15977,55605715.69198217,0.184113895538863,1770934685.8618011,1770934685.8618011
4.775008169663674,31,4,95783238390.25323,3342760.8016733453,3648374.3072712794,95783544036.00821,5187092.255989228,1698140.5094448195,-84.06390380859375,-83.89730072021484,-1.575700044631958,1.3102999925613403,[0. 0. 0.],[0. 0. 0. 1.],6.018622700489663,-1.1309226196180813,"(31, 4)",305646.04930114746,305613.02771935053,-95781845895.39961,1538717.9487179485,4.887700080871582,-1.1309226196180813,95783238390.2351,3648374.2112379805,5187092.159955929,3342761.18351863,95783544036.28441,1698140.884790665,0.19969484325489878,1770934685.940736,1770934685.940736
2.182970431530181,20,5,95082848430.37955,51478768.69765251,51782693.44606774,95150368781.13939,53321411.394785695,40686992.28113448,-88.03479766845703,-88.64360046386719,-4.377200126647949,3.9339001178741455,[0. 0. 0.],[0. 0. 0. 1.],3.059692769990478,-0.7117928562026363,"(20, 5)",67520351.04605103,303923.87194511294,-95109681788.54741,1538717.9487179518,2.347899913787842,-0.7117928562026363,95082848430.29921,51782693.12149439,53321411.07021234,51478769.24954928,95150368781.34526,40686992.79785156,0.18573106925961527,1770934685.9791024,1770934685.9791024
1.7958650042316737,21,5,96216130698.21729,44742526.810131274,45049632.54863185,96216437816.22179,46588350.4973498,31293458.660550658,-81.95999908447266,-82.1405029296875,-1.4277000427246094,0.6331999897956848,[0. 0. 0.],[0. 0. 0. 1.],2.7001653466200923,-0.6799653325057124,"(21, 5)",307118.73371887207,307104.9616887048,-96185144357.51709,1538717.9487179518,2.02020001411438,-0.6799653325057124,96216130697.92738,45049632.224058494,46588350.172776446,44742527.26236979,96216437816.6611,31293459.144005407,0.1597399766809749,1770934686.0396602,1770934686.0396602
1.7515224946505423,30,5,96303788246.15742,64729447.01428283,65035361.71529851,96304094173.0853,66574079.66401646,51733406.56465168,-80.73280334472656,-81.06999969482422,-2.1886000633239746,1.943600058555603,[0. 0. 0.],[0. 0. 0. 1.],3.307452451537286,-1.450552474806939,"(30, 5)",305927.1396789551,305914.16579025984,-96252360766.30243,1538717.9487179518,1.856899976730347,-1.450552474806939,96303788246.00432,65035361.39072516,66574079.33944311,64729447.2249349,96304094173.144,51733406.84157152,0.09516745223318951,1770934686.1275663,1770934686.1275663
1.6868593336491446,31,5,96069231603.39424,30258067.2752531,30563911.39478569,96069537459.58902,32102629.343503643,18825925.246451113,-81.51399993896484,-82.44879913330078,-3.1133999824523926,2.896399974822998,[0. 0. 0.],[0. 0. 0. 1.],2.987940860432817,-1.1851408011142746,"(31, 5)",305856.35455322266,305843.4276091717,-96050711533.95255,1538717.9487179518,1.8028000593185425,-1.1851408011142746,96069231603.37611,30563911.070212338,32102629.01893029,30258067.642603166,96069537459.73067,18825925.778119992,0.1555474054646033,1770934686.2267823,1770934686.2267823
3.2146811138591667,20,11,95506837909.5462,437052.8810522291,740938.3918321298,95574358227.14662,2279656.3405500785,61377972.66604102,-84.0167007446289,-83.43090057373047,-1.884899973869324,1.313099980354309,[0. 0. 0.],[0. 0. 0. 1.],7.238867807619097,-3.8977678301258107,"(20, 11)",67520318.00881958,303885.0754957933,-95512980254.48352,1538717.9487179485,3.341099977493286,-3.8977678301258107,95506837909.46587,740938.3138020834,2279656.262520032,437053.23830629006,95574358227.47469,61377972.991160855,0.1983038888375034,1770934686.403235,1770934686.403235
3.6374671858051824,21,11,96640119736.6788,60918282.899340935,61276635.50721675,96640478112.93448,62815353.455934696,52035289.735278435,-93.2030029296875,-93.2030029296875,1.4611999988555908,-1.7237999439239502,[0. 0. 0.],[0. 0. 0. 1.],6.76620379035099,-3.025703817053871,"(21, 11)",358376.8091430664,358352.5359324962,-96588442823.46886,1538717.9487179443,3.740499973297119,-3.025703817053871,96640119736.3889,61276635.4291867,62815353.377904646,60918282.893254206,96640478113.19804,52035289.729191706,0.1847010308573617,1770934686.463699,1770934686.463699
4.917438166639089,21,0,96883113462.64034,38029335.96453323,38336322.937216885,96883420482.95279,39875040.88593483,26112024.04415043,-100.0081024169922,-86.6344985961914,-1.9902000427246092,1.1855000257492063,[0. 0. 0.],[0. 0. 0. 1.],8.86107451211785,-3.832874362581718,"(21, 0)",307021.18702697754,306987.1794871837,-96857308459.26738,1538717.9487179443,5.028200149536133,-3.832874362581718,96883113462.35043,38336322.9291867,39875040.877904646,38029335.74969952,96883420483.53746,26112024.27008213,0.1839202588501411,1770934686.7066288,1770934686.7066288
2.83360793867227,20,1,95988825201.21286,7176796.656425199,7500329.418584636,96056365164.08891,9039047.367302585,5653630.137900513,-90.40779876708984,-88.6864013671875,-3.13759994506836,2.896399974822998,[0. 0. 0.],[0. 0. 0. 1.],5.378421035517765,-2.4741210610762367,"(20, 1)",67539963.1598053,323532.5739933895,-96050711533.95253,1538717.948717949,2.9042999744415283,-2.4741210610762367,95988825201.13252,7500329.339443109,9039047.288161058,7176796.7654497195,96056365164.29233,5653630.33979367,0.18390792689772742,1770934686.8851228,1770934686.8851228
2.695309407533619,21,1,97122107284.75572,443297.7190800205,749287.7519179696,97122413292.80046,2288005.7006359184,63455600.62198315,-89.02619934082031,-89.58360290527344,-0.0270000007003545,-0.1657000035047531,[0. 0. 0.],[0. 0. 0. 1.],5.464760744195486,-2.6159608002715355,"(21, 1)",306008.7546234131,305989.77113381407,-97058957692.4467,1538717.9487179487,2.84879994392395,-2.6159608002715355,97122107284.46582,749287.6727764423,2288005.621494391,443297.9016426282,97122413293.22044,63455600.77373798,0.1840811768478447,1770934686.945606,1770934686.945606
3.0014993912656998,30,1,97185765337.50356,63646377.64166701,63951803.777559,97186070783.95825,65490521.72627694,59896682.851658024,-94.7155990600586,-94.83799743652344,-0.6929000020027161,0.8111000061035156,[0. 0. 0.],[0. 0. 0. 1.],5.318561597208403,-2.279861493448637,"(30, 1)",305446.65214538574,305426.10364082456,-97126174101.20073,1538717.9487179443,3.0387001037597656,-2.279861493448637,97185765337.35045,63951803.69841747,65490521.647135414,63646377.594776645,97186070784.0026,59896682.80185797,0.1859777081966383,1770934687.008842,1770934687.008842
3.055908406140843,31,1,96912211603.39423,57393566.89434098,57698414.35448207,96912516471.83344,59237132.30320002,55208013.25524139,-92.59649658203124,-92.08789825439452,-1.8280999660491943,1.81879997253418,[0. 0. 0.],[0. 0. 0. 1.],5.403218332373771,-2.3391183052894204,"(31, 1)",304868.4144592285,304847.3651592508,-96857308458.50055,1538717.9487179518,3.0641000270843506,-2.3391183052894204,96912211603.3761,57698414.27534054,59237132.224058494,57393566.91018129,96912516471.79056,55208013.29001402,0.1840612762097544,1770934687.0699112,1770934687.0699112
4.643505456165921,20,2,96228818911.14874,41765239.51877402,42071907.95159946,96296342022.99472,43610625.90031741,43981264.65032298,-83.939697265625,-84.19419860839844,-7.189799785614014,7.201900005340576,[0. 0. 0.],[0. 0. 0. 1.],5.780256972993651,-1.0024568898332502,"(20, 2)",67523112.2921753,306667.98127003014,-96252360758.33655,1538717.9487179518,4.7778000831604,-1.0024568898332502,96228818911.0684,42071907.865084134,43610625.813802086,41765239.883814104,96296342023.36058,43981265.024038464,0.19996856623050063,1770934687.1250668,1770934687.1250668
4.065393783588056,21,2,97363101058.79417,36032303.35908831,36339047.37467638,97363407831.22011,37877765.32339433,35584504.313560165,-89.7042007446289,-92.35479736328124,-4.193699836730957,4.126599788665772,[0. 0. 0.],[0. 0. 0. 1.],6.2983455293594135,-2.1018457048354877,"(21, 2)",306773.00869750977,306743.7744140625,-97327823327.16539,1538717.9487179518,4.196499824523926,-2.1018457048354877,97363101058.50427,36339047.288161054,37877765.236879006,36032303.51374699,97363407831.51297,35584504.34758113,0.18340628762440836,1770934687.186581,1770934687.186581
4.316878588520307,30,2,97426759087.50356,32018449.771865685,32325305.387496892,97427065973.48561,33864023.33621484,32026237.713572185,-86.92980194091797,-85.80709838867188,-5.143599987030029,5.001200199127197,[0. 0. 0.],[0. 0. 0. 1.],5.370857095168491,-0.9021571630701022,"(30, 2)",306886.5810241699,306855.21834935993,-97395039735.8568,1538717.948717948,4.468699932098389,-0.9021571630701022,97426759087.35045,32325305.30098157,33864023.24969952,32018450.08263221,97427065973.93147,32026238.07466947,0.1931279192570596,1770934687.2498899,1770934687.2498899
5.031541441279715,31,2,97153205890.25319,25765666.705347683,26069528.14390715,97153509787.08723,27608246.092625096,27335693.734023686,-90.54740142822266,-91.243896484375,-6.455900192260742,5.788099765777588,[0. 0. 0.],[0. 0. 0. 1.],5.909298044654857,-0.8491979660720936,"(31, 2)",303896.844329834,303861.2404847741,-97126174093.26616,1538717.948717948,5.060100078582764,-0.8491979660720936,97153205890.23506,26069528.057391826,27608246.006109774,25765666.816907052,97153509787.07939,27335693.813226163,0.18341292949170843,1770934687.3107808,1770934687.3107808
6.637547866257845,20,3,96468812901.53336,7306987.277624725,7613823.02848096,96536336191.90495,9152540.97719891,15109782.001834024,-91.0248031616211,-90.11129760742188,-0.7282000184059143,-0.1889999955892563,[0. 0. 0.],[0. 0. 0. 1.],8.333480663273496,-1.6351807784773538,"(20, 3)",67523290.5774231,306835.5462489985,-96521226409.879,1538717.948717949,6.698299884796143,-1.6351807784773538,96468812901.45302,7613822.929186699,9152540.877904648,7306987.3829377005,96536336192.03044,15109782.151442308,0.18339739760158907,1770934687.36505,1770934687.36505
5.93484583985147,21,3,97603094864.88391,1575036.3188158616,1879327.8361732676,97603399195.21234,3418045.784891216,6710216.840965485,-84.5342025756836,-84.7677001953125,2.506099939346313,-2.9718000888824463,[0. 0. 0.],[0. 0. 0. 1.],8.658882207513464,-2.5032821365600952,"(21, 3)",304331.25814819336,304291.021885016,-97596688978.61395,1538717.9487179485,6.155600070953369,-2.5032821365600952,97603094864.59401,1879327.7368790065,3418045.685596955,1575036.7149939905,97603399195.85216,6710217.2382061295,0.20012987103053712,1770934687.426604,1770934687.426604
5.799991945354019,30,3,97666752861.542,64777752.023279846,65082548.99001942,97667057696.7034,66621266.93873737,3152309.513470039,-88.74710083007812,-87.84829711914062,1.4249000549316406,-1.7071000337600708,[0. 0. 0.],[0. 0. 0. 1.],8.088195173008208,-2.1631949822733443,"(30, 3)",304835.6589355469,304796.64337940514,-97663905387.25842,1538717.9487179518,5.925000190734863,-2.1631949822733443,97666752861.3889,65082548.89072516,66621266.83944311,64777752.24734575,97667057697.04784,3152309.789413061,0.1858590592082804,1770934687.4897766,1770934687.4897766
6.355392685649953,31,3,97393200201.15062,58525656.96339976,58831787.7720707,97393506374.08853,60370505.72078865,65683039.3391018,-102.93180084228516,-103.28900146484376,0.8996000289916992,-0.9387000203132628,[0. 0. 0.],[0. 0. 0. 1.],8.413408825323614,-2.0939088558411925,"(31, 3)",306172.7357635498,306130.82494490594,-97327823334.64612,1538717.9487179518,6.319499969482422,-2.0939088558411925,97393200201.13249,58831787.67277644,60370505.62149439,58525656.84783153,97393506373.86826,65683039.22213041,0.1899834544603933,1770934687.5507889,1770934687.5507889
4.9627879716863275,20,4,96711806675.57182,57450258.7200205,57754928.79445077,96779327789.79149,59293646.74316871,56452152.66019338,-97.16110229492188,-100.5342025756836,-2.5871999263763428,2.471699953079224,[0. 0. 0.],[0. 0. 0. 1.],5.9957967768636635,-1.0369969378438881,"(20, 4)",67521114.17329407,304670.05020532757,-96722875637.11131,1538717.9487179443,4.958799839019775,-1.0369969378438881,96711806675.49149,57754928.69841747,59293646.647135414,57450258.64821214,96779327789.66478,56452152.55346054,0.18845870726612599,1770934687.6080873,1770934687.6080873
4.370038205129816,21,4,97845088614.88391,50718916.30675504,51023486.486758456,97845393214.12967,52562204.43547641,47055008.514491,-97.17630004882812,-97.69159698486328,1.0020999908447266,-0.2635000050067901,[0. 0. 0.],[0. 0. 0. 1.],6.075795992695039,-1.6262959087716995,"(21, 4)",304599.7032775879,304570.1559996009,-97798338205.86191,1538717.9487179518,4.44950008392334,-1.6262959087716995,97845088614.59401,51023486.39072516,52562204.33944311,50718916.23472556,97845393214.29729,47055008.43537159,0.18785669229053434,1770934687.6686327,1770934687.6686327
4.794775676056026,30,4,97907746603.52917,45704843.23660209,46009544.17906615,97908051336.60999,47548262.127784096,42496721.941493064,-92.00409698486328,-92.73629760742188,-0.5121999979019165,0.579200029373169,[0. 0. 0.],[0. 0. 0. 1.],5.940327473034791,-1.0814274028443611,"(30, 4)",304733.338973999,304700.7868840173,-97865554614.74113,1538717.9487179443,4.85890007019043,-1.0814274028443611,97907746603.37607,46009544.083032854,47548262.0317508,45704843.29614884,97908051336.71504,42496721.97390825,0.18407468327406062,1770934687.7317472,1770934687.7317472
4.734171500811088,31,4,97646194199.54805,51452590.17718539,51758318.21752769,97646499959.62448,53297036.16624564,49810987.500038184,-83.86609649658203,-84.76679992675781,-1.7452000379562378,1.4322999715805054,[0. 0. 0.],[0. 0. 0. 1.],6.018622700489663,-1.1702225845228664,"(31, 4)",305760.3885040283,305727.5703625828,-97596688972.0253,1538717.9487179518,4.848400115966797,-1.1702225845228664,97646194199.52992,51758318.12149439,53297036.07021234,51452590.55113181,97646499959.91843,49810987.893129006,0.20035258474159273,1770934687.80373,1770934687.80373
2.1963979891903334,20,5,96961800273.32822,48363061.35697854,48667717.48452928,97029321355.52248,50206435.43324723,37580079.29697825,-87.93419647216797,-88.89109802246094,-4.386499881744385,3.646100044250488,[0. 0. 0.],[0. 0. 0. 1.],3.059692769990478,-0.6995927390914303,"(20, 5)",67521082.46632385,304655.24526742846,-96991741275.91464,1538717.9487179518,2.360100030899048,-0.6995927390914303,96961800273.24788,48667717.159955926,50206435.10867388,48363061.9146885,97029321355.7142,37580079.79955429,0.18559865369945758,1770934687.8580682,1770934687.8580682
1.7578945105346924,21,5,98095082156.55057,41632351.09796988,41937981.90760621,98095387799.39633,43476699.85632415,28183954.780855384,-81.67359924316406,-82.24610137939453,-1.3279999494552612,1.111899971961975,[0. 0. 0.],[0. 0. 0. 1.],2.7001653466200923,-0.7233653817153076,"(21, 5)",305643.5922546387,305630.0862630233,-98067203844.57135,1538717.9487179443,1.9767999649047847,-0.7233653817153076,98095082156.26067,41937981.583032854,43476699.5317508,41632351.49676983,98095387799.85292,28183955.28157552,0.15527468089365704,1770934687.9185638,1770934687.9185638
1.7123929467199255,30,5,98158740089.1061,37617874.740699336,37923735.11273441,98159045961.46243,39462453.06145236,24625707.856240906,-80.50900268554688,-80.2499008178711,-2.0190999507904053,2.074899911880493,[0. 0. 0.],[0. 0. 0. 1.],3.307452451537286,-1.5166524761420832,"(30, 5)",305872.4271392822,305859.87580128014,-98134420253.38797,1538717.9487179518,1.7907999753952026,-1.5166524761420832,98158740088.95299,37923734.788161054,39462452.736879006,37617874.912359774,98159045961.38013,24625707.99216246,0.06936933793428166,1770934687.981744,1770934687.981744
1.682772533478991,31,5,97885188534.48395,31366117.73040348,31671972.29222159,97885494401.12177,33210690.24093954,19939789.99700811,-81.69200134277344,-81.29889678955078,-3.045399904251098,3.2056000232696533,[0. 0. 0.],[0. 0. 0. 1.],2.987940860432817,-1.2151408917133346,"(31, 5)",305866.5896759033,305853.834885817,-97865554610.73473,1538717.948717948,1.7727999687194824,-1.2151408917133346,97885188534.46582,31671971.967648238,33210689.916366186,31366118.13276242,97885494401.0555,19939790.320763223,0.13119302501606034,1770934688.0427337,1770934688.0427337
3.2677916849509328,20,11,97204794399.93079,17980592.081870995,18284544.1610629,97272314784.43248,19823262.109780848,11707863.175723195,-83.16960144042969,-83.71489715576172,-1.666100025177002,1.024399995803833,[0. 0. 0.],[0. 0. 0. 1.],7.238867807619097,-3.8499677660388967,"(20, 11)",67520384.92837524,303951.6977163479,-97260606921.25969,1538717.948717948,3.3889000415802,-3.8499677660388967,97204794399.85045,18284544.083032854,19823262.031750802,17980592.385316506,97272314784.77882,11707863.519130608,0.19579499574936915,1770934688.1011136,1770934688.1011136
3.716208124604031,21,11,98338075874.49928,11250408.071494577,11608366.276447514,98338433856.91095,13147084.225165462,2364367.1859560106,-93.402099609375,-93.35780334472656,1.4808000326156616,-1.7116999626159668,[0. 0. 0.],[0. 0. 0. 1.],6.76620379035099,-2.9486037785254284,"(21, 11)",357982.9602355957,357958.13927283697,-98336069489.99464,1538717.948717948,3.8176000118255615,-2.9486037785254284,98338075874.20938,11608366.198417468,13147084.147135416,11250408.059144631,98338433857.16962,2364367.174979968,0.18484159727964414,1770934688.1615803,1770934688.1615803
5.509601670217109,21,0,98584069528.34543,58572206.15472747,58877564.924396366,98584374923.76398,60416282.87311432,46656205.22120248,-87.35289764404297,-87.28240203857422,-1.7517999410629272,1.8131999969482424,[0. 0. 0.],[0. 0. 0. 1.],8.86107451211785,-3.1855745960411905,"(21, 0)",305396.25901794434,305358.5737179443,-98537718718.9015,1538717.9487179518,5.67549991607666,-3.1855745960411905,98584069528.05553,58877564.91636618,60416282.865084134,58572206.34264824,98584374924.31454,46656205.413035855,0.18881643442081994,1770934688.407645,1770934688.407645
2.871453671014472,20,1,97705781210.8282,43717296.46805833,44046795.764738485,97773327140.51552,45585513.71345643,42205350.18558909,-90.02559661865234,-88.9386978149414,-2.8422999382019043,3.2530999183654785,[0. 0. 0.],[0. 0. 0. 1.],5.378421035517765,-2.4355210931196933,"(20, 1)",67545929.9566803,329499.0891676694,-97731121790.33145,1538717.9487179443,2.9428999423980717,-2.4355210931196933,97705781210.74786,44046795.68559696,45585513.6343149,43717296.59642929,97773327140.70454,42205350.37309696,0.18392151776539958,1770934688.602084,1770934688.602084
2.6536308370257404,21,1,98840062909.75568,37988824.427455634,38295233.264738485,98840369336.37039,39833951.21345643,33784977.744382285,-89.70960235595703,-88.63729858398438,-0.0054999999701976,-0.4068999886512756,[0. 0. 0.],[0. 0. 0. 1.],5.464760744195486,-2.6552607651763207,"(21, 1)",306427.37756347656,306408.61315605044,-98806584358.89424,1538717.9487179443,2.809499979019165,-2.6552607651763207,98840062909.46577,38295233.18559696,39833951.1343149,37988824.57244091,98840369336.84334,33784977.94909355,0.18427012826857966,1770934688.663569,1770934688.663569
3.0492863161286263,30,1,98905720706.09326,35973561.970886275,36278334.22627694,98906025498.94234,37817052.17499489,32224730.95001595,-94.3363037109375,-94.3126983642578,-0.9555000066757202,1.0160000324249268,[0. 0. 0.],[0. 0. 0. 1.],5.318561597208403,-2.2287617162269573,"(30, 1)",304793.05952453613,304772.21366686374,-98873800768.08647,1538717.9487179518,3.0897998809814453,-2.2287617162269573,98905720705.94016,36278334.147135414,37817052.095853366,35973561.93346855,98906025498.99968,32224730.913211137,0.18561140699169087,1770934688.7287614,1770934688.7287614
3.1994373613679463,31,1,98633170802.11214,30722720.429453135,31028165.957046174,98633476269.53737,32566883.90576412,28541144.089079298,-91.74859619140624,-90.90129852294922,-1.9119999408721924,2.1531999111175537,[0. 0. 0.],[0. 0. 0. 1.],5.403218332373771,-2.183218303763542,"(31, 1)",305467.4510498047,305445.40014022216,-98604935125.37064,1538717.948717948,3.220000028610229,-2.183218303763542,98633170802.09401,31028165.877904646,32566883.826622594,30722720.477764424,98633476269.54506,28541144.174429085,0.1835185170291742,1770934688.7908685,1770934688.7908685
4.636273007343081,20,2,97951834840.6359,17142037.583557915,17447917.566984072,98019357163.99419,18986635.51570202,19369739.06141048,-84.5791015625,-83.9489974975586,-7.362100124359131,7.192599773406982,[0. 0. 0.],[0. 0. 0. 1.],5.780256972993651,-1.0086572034013654,"(20, 2)",67522323.79618835,305879.5166015625,-97999987424.92491,1538717.948717948,4.771599769592285,-1.0086572034013654,97951834840.55556,17447917.48046875,18986635.429186698,17142037.963867188,98019357164.35175,19369739.426832933,0.2003183820766282,1770934688.8480723,1770934688.8480723
4.043113232046164,21,2,99086056555.589,11354100.493077721,11658165.964419968,99086360649.29536,13196883.913137916,10910655.643944137,-91.14810180664062,-90.94450378417967,-3.8183999061584473,4.26170015335083,[0. 0. 0.],[0. 0. 0. 1.],6.2983455293594135,-2.1260456674514545,"(21, 2)",304094.34783935547,304065.30135717243,-99075449993.91026,1538717.948717948,4.172299861907959,-2.1260456674514545,99086056555.2991,11658165.877904648,13196883.826622596,11354100.576547476,99086360649.64694,10910655.736678686,0.18344341202471773,1770934688.9094884,1770934688.9094884
4.33500585799045,30,2,99148714400.00351,6338390.20595058,6645081.0285225315,99149021121.3064,8183798.9772404805,6354718.836418679,-85.85050201416016,-85.49710083007812,-5.343900203704834,4.67519998550415,[0. 0. 0.],[0. 0. 0. 1.],5.370857095168491,-0.8753570074304537,"(30, 2)",306721.91131591797,306690.3764773635,-99142666402.55473,1538717.948717949,4.495500087738037,-0.8753570074304537,99148714399.8504,6645080.942007211,8183798.89072516,6338390.5655298475,99149021121.76172,6354719.20698117,0.19637084267296084,1770934688.971829,1770934688.971829
5.010039228098437,31,2,98875165064.93265,87603.99401607792,393190.0028815065,98875470686.1883,1931907.9515994552,1669926.0902180811,-90.90850067138672,-91.03589630126952,-5.901700019836426,6.039599895477295,[0. 0. 0.],[0. 0. 0. 1.],5.909298044654857,-0.871798140022289,"(31, 2)",305621.2752838135,305585.8279497195,-98873800760.01105,1538717.9487179485,5.037499904632568,-0.871798140022289,98875165064.91452,393189.9163661859,1931907.8650841345,87604.08841646634,98875470686.1898,1669926.1787610175,0.1834280088320086,1770934689.0328367,1770934689.0328367
6.659231743576156,20,3,98193768702.81537,51851689.68380987,52158662.7720707,98261292130.63164,53697380.72078865,59655464.13048594,-90.5177993774414,-90.22930145263672,-0.7450000047683716,0.3174999952316284,[0. 0. 0.],[0. 0. 0. 1.],8.333480663273496,-1.6107805442549417,"(20, 3)",67523428.01608276,306972.85970051587,-98201636666.47702,1538717.9487179518,6.722700119018555,-1.6107805442549417,98193768702.73503,52158662.67277644,53697380.62149439,51851689.81307592,98261292130.75111,59655464.27408854,0.1834172281198642,1770934689.0900211,1770934689.0900211
5.95710180877639,21,3,99327050337.64029,45124848.31416112,45429119.50283993,99327354647.75148,46967837.45155788,50255412.782106444,-84.62860107421875,-85.11710357666016,2.2816998958587646,-2.779900074005127,[0. 0. 0.],[0. 0. 0. 1.],8.658882207513464,-2.4813824363953003,"(21, 3)",304311.03828430176,304270.69248297065,-99277099235.21196,1538717.9487179518,6.177499771118164,-2.4813824363953003,99327050337.35039,45429119.40354567,46967837.35226362,45124848.7110627,99327354648.38867,50255413.17670773,0.19962469428179053,1770934689.150571,1770934689.150571
5.824037703492181,30,3,99390708117.95222,41109258.88999957,41414103.477198906,99391013000.88516,42952821.42591686,46697357.23807869,-87.70700073242188,-87.43280029296875,1.4769999980926514,-2.032099962234497,[0. 0. 0.],[0. 0. 0. 1.],8.088195173008208,-2.1265953461954634,"(30, 3)",304883.45414733887,304844.2038511634,-99344315643.71558,1538717.9487179518,5.961599826812744,-2.1265953461954634,99390708117.79912,41414103.377904646,42952821.3266226,41109259.17405348,99391013001.25327,46697357.5376853,0.18791571950560948,1770934689.213735,1770934689.213735
6.7858365602383595,31,3,99117159327.75314,34859168.27326522,35165930.400275834,99117466134.90625,36704648.34899378,42016133.615405984,-100.7707977294922,-90.37909698486328,0.1917999982833862,-1.1064000129699707,[0. 0. 0.],[0. 0. 0. 1.],8.413408825323614,-1.6238089298463194,"(31, 3)",306807.20402526855,306762.1319110617,-99075450001.18755,1538717.9487179443,6.789599895477295,-1.6238089298463194,99117159327.73502,35165930.300981574,36704648.24969952,34859168.16907051,99117466134.93904,42016133.7515024,0.18455029251478203,1770934689.2747924,1770934689.2747924
4.970070317124079,20,4,98435762500.89229,33774824.83178656,34080273.345732816,98503284393.62689,35618991.29445077,32782089.954173096,-95.84049987792967,-96.62110137939452,-2.7026000022888184,2.9019999504089355,[0. 0. 0.],[0. 0. 0. 1.],5.9957967768636635,-1.0198966036764077,"(20, 4)",67521892.73149109,305448.46754807234,-98470502303.65274,1538717.9487179518,4.975900173187256,-1.0198966036764077,98435762500.81195,34080273.24969952,35618991.19841747,33774824.782151446,98503284393.54344,32782089.89070012,0.18706722544840643,1770934689.332041,1770934689.332041
4.405921064707634,21,4,99569044087.64027,27048565.99424217,27353847.063681535,99569349397.96191,28892565.012399483,23384525.4140631,-96.09329986572266,-96.6613998413086,0.6053000092506409,-0.4311999976634979,[0. 0. 0.],[0. 0. 0. 1.],6.075795992695039,-1.5854958141672073,"(21, 4)",305310.79414367676,305281.0277694315,-99545964872.79459,1538717.948717948,4.490300178527832,-1.5854958141672073,99569044087.35037,27353846.967648238,28892564.916366186,27048565.939878806,99569349398.14452,23384525.349934895,0.18717522659734953,1770934689.3925598,1770934689.3925598
4.805043971023966,30,4,99618702196.47786,9032938.141936863,9337212.448296921,99619006502.95375,10875930.39701487,5825221.430819935,-92.01329803466795,-92.29019927978516,-0.7702000141143799,0.2104000002145767,[0. 0. 0.],[0. 0. 0. 1.],5.940327473034791,-1.0688274577760017,"(30, 4)",304306.75018310547,304274.1511418279,-99613181281.59557,1538717.948717948,4.871500015258789,-1.0688274577760017,99618702196.32475,9337212.352263622,10875930.30098157,9032938.201121794,99619006503.07494,5825221.479366987,0.18394139822602698,1770934689.441743,1770934689.441743
4.738190302683113,31,4,99345153919.0993,2782976.8815737464,3087196.422655895,99345458170.63922,4625914.371373844,1142531.5351560342,-83.71630096435547,-84.44259643554688,-1.6186000108718872,1.6167000532150269,[0. 0. 0.],[0. 0. 0. 1.],6.018622700489663,-1.1677225273024074,"(31, 4)",304251.84982299805,304219.078650841,-99344315639.00491,1538717.948717949,4.850900173187256,-1.1677225273024074,99345153919.08118,3087196.326622596,4625914.275340545,2782977.247971755,99345458170.931,1142531.9260817308,0.19996634927443366,1770934689.5028074,1770934689.5028074
2.170259033221632,20,5,98662833959.22562,1762762.5512024665,2067052.420426717,98730354675.05382,3605770.3691446655,58203142.76240921,-88.2123031616211,-88.6415023803711,-4.67519998550415,3.844399929046631,[0. 0. 0.],[0. 0. 0. 1.],3.059692769990478,-0.7259928283553463,"(20, 5)",67520716.11453247,304289.00302984775,-98672151531.98056,1538717.9487179487,2.333699941635132,-0.7259928283553463,98662833959.14528,2067052.0958533653,3605770.044571314,1762763.0928235175,98730354675.25981,58203143.27924679,0.18552013659152367,1770934689.5590742,1770934689.5590742
1.7723322861842696,21,5,99796038222.25566,62176208.90769227,62483382.54863185,99796345408.04936,64022100.49734979,48731307.11757372,-81.77310180664062,-82.08789825439453,-1.385800004005432,0.9527000188827516,[0. 0. 0.],[0. 0. 0. 1.],2.7001653466200923,-0.7099653038954832,"(21, 5)",307186.51403808594,307172.8985126242,-99747614100.88765,1538717.9487179443,1.9902000427246092,-0.7099653038954832,99796038221.96576,62483382.224058494,64022100.17277644,62176209.32554587,99796345408.4798,48731307.59214743,0.15420815768645124,1770934689.6195998,1770934689.6195998
1.74635091256368,30,5,99859695946.47786,58159862.13466803,58465722.29222159,99860001818.81833,60004440.240939535,45171308.6610777,-80.18659973144531,-80.3761978149414,-2.1810998916625977,2.0627999305725098,[0. 0. 0.],[0. 0. 0. 1.],3.307452451537286,-1.4866525047523131,"(30, 5)",305872.42712402344,305859.7036508396,-99814830509.93903,1538717.9487179443,1.8207999467849727,-1.4866525047523131,99859695946.32475,58465721.96764824,60004439.91636618,58159862.2639974,99860001818.75188,45171308.81285056,0.06680939650504762,1770934689.682776,1770934689.682776
1.7033212638940234,31,5,99586148213.97108,51910089.0523291,52216034.79222159,99586454171.91502,53754752.740939535,40489304.33311193,-81.86280059814453,-81.43399810791016,-2.9830000400543213,3.246500015258789,[0. 0. 0.],[0. 0. 0. 1.],2.987940860432817,-1.18564088408394,"(31, 5)",305957.9233093262,305944.9807191491,-99545964867.1919,1538717.9487179443,1.802299976348877,-1.18564088408394,99586148213.95296,52216034.46764824,53754752.41636618,51910089.48692909,99586454171.87627,40489304.68436999,0.139730489329473,1770934689.7438698,1770934689.7438698
3.2339666311074904,20,11,98904750842.23843,37524064.80770478,37827901.532857776,98972271111.24367,39366619.48157572,31253933.99925773,-83.60810089111328,-83.25740051269531,-1.8597999811172483,1.0225000381469729,[0. 0. 0.],[0. 0. 0. 1.],7.238867807619097,-3.883567857973101,"(20, 11)",67520269.39978027,303836.30997095257,-98941017177.24736,1538717.9487179443,3.355299949645996,-3.883567857973101,98904750842.1581,37827901.454827726,39366619.40354567,37524065.14485677,98972271111.55788,31253934.310521834,0.19574490395034355,1770934689.801016,1770934689.801016
3.6177619829615844,21,11,100038031972.25565,30798897.753862463,31156467.237985976,100038389565.40291,32695185.186703924,21909819.75285106,-93.5708999633789,-93.8511962890625,1.608299970626831,-1.7415000200271606,[0. 0. 0.],[0. 0. 0. 1.],6.76620379035099,-3.050003677054481,"(21, 11)",357593.68115234375,357569.4235777259,-100016479745.91971,1538717.948717948,3.716200113296509,-3.050003677054481,100038031971.96574,31156467.15995593,32695185.108673878,30798897.736378204,100038389565.6469,21909819.7271885,0.18510755735378304,1770934689.8615742,1770934689.8615742
5.509702324670913,21,0,100266026082.83257,60115594.708028756,60422404.66798611,100266332929.46024,61961122.61670406,48203954.601155624,-86.89700317382812,-87.50090026855469,-1.770400047302246,1.107300043106079,[0. 0. 0.],[0. 0. 0. 1.],8.86107451211785,-3.1835747409996866,"(21, 0)",306847.4559326172,306809.73933292925,-100218128975.21782,1538717.9487179518,5.677499771118164,-3.1835747409996866,100266026082.54266,60422404.659955926,61961122.60867388,60115594.920623,100266332929.9986,48203954.780774236,0.18931522448771887,1770934690.0895834,1770934690.0895834
2.8607945857997876,20,1,99394737933.58458,52258590.13345793,52593975.251917966,99462289749.11496,54132693.20063592,50757702.71912684,-89.18720245361328,-88.73179626464844,-3.00629997253418,3.1868999004364014,[0. 0. 0.],[0. 0. 0. 1.],5.378421035517765,-2.4376210839644203,"(20, 1)",67551815.8115387,335384.865785256,-99411532046.39735,1538717.9487179518,2.9407999515533447,-2.4376210839644203,99394737933.50424,52593975.17277644,54132693.12149439,52258590.30699118,99462289749.31578,50757702.91841947,0.18453367017069058,1770934690.2975793,1770934690.2975793
2.627963437027631,21,1,100530019263.9223,47535077.963101864,47839239.67499489,100530323443.21509,49377957.62371284,43328828.053657964,-89.11540222167969,-88.77989959716797,-0.2123000025749206,-0.5206000208854675,[0. 0. 0.],[0. 0. 0. 1.],5.464760744195486,-2.677360736947561,"(21, 1)",304180.047454834,304161.45520332456,-100486994615.42966,1538717.9487179443,2.787400007247925,-2.677360736947561,100530019263.6324,47839239.595853366,49377957.54457131,47535078.14065004,100530323443.67986,43328828.250200324,0.18454758572253904,1770934690.3535159,1770934690.3535159
2.9936765019663305,30,1,100578677276.60605,28518389.236557774,28822548.96986669,100578981456.62332,30361266.918584637,24770432.533790115,-95.47650146484376,-94.03140258789062,-0.8259999752044678,0.699400007724762,[0. 0. 0.],[0. 0. 0. 1.],5.318561597208403,-2.2871616319221477,"(30, 1)",304180.235244751,304159.71804888174,-100554211024.18369,1538717.948717948,3.031399965286255,-2.2871616319221477,100578677276.45294,28822548.890725162,30361266.83944311,28518389.17267628,100578981456.68819,24770432.50450721,0.18591156592787877,1770934690.4019237,1770934690.4019237
3.1930281694373766,31,1,100290131371.02235,7269772.610273805,7580834.226276944,100290442454.54758,9119552.174994893,5097072.908181777,-91.17469787597656,-91.35769653320312,-1.888700008392334,1.8319000005722048,[0. 0. 0.],[0. 0. 0. 1.],5.403218332373771,-2.1890183125373452,"(31, 1)",311083.5305175781,311061.46396734845,-100285345381.56174,1538717.948717949,3.214200019836426,-2.1890183125373452,100290131371.00423,7580834.147135417,9119552.095853366,7269772.6831680685,100290442454.53474,5097072.973006811,0.18350524107889155,1770934690.4519162,1770934690.4519162
4.641239999312697,20,2,99611732372.68713,63833707.31696189,64142356.669548176,99679257465.44862,65681074.61826612,66076194.26813367,-84.74939727783203,-83.87030029296875,-6.888899803161621,7.269899845123291,[0. 0. 0.],[0. 0. 0. 1.],5.780256972993651,-1.0041568143022443,"(20, 2)",67525093.19598389,308648.8850911483,-99613181271.17262,1538717.9487179443,4.776100158691406,-1.0041568143022443,99611732372.6068,64142356.583032854,65681074.5317508,63833707.697941706,99679257465.80278,66076194.63015825,0.20034874585135276,1770934690.5080247,1770934690.5080247
4.073239527971223,21,2,100745013711.03769,57110632.887701765,57414632.31057382,100745317738.86543,58953350.25929176,56673898.903725035,-90.59049987792967,-91.12169647216795,-3.95989990234375,4.170400142669678,[0. 0. 0.],[0. 0. 0. 1.],6.2983455293594135,-2.093245469850136,"(21, 2)",304028.46115112305,303999.2268880233,-100688643840.22055,1538717.9487179443,4.205100059509277,-2.093245469850136,100745013710.74779,57414632.224058494,58953350.17277644,57110632.99717047,100745317739.20894,56673898.98838141,0.18340840433512437,1770934690.5685859,1770934690.5685859
4.32939177930799,30,2,100809671283.0163,54093012.12621289,54399728.46441997,100809978029.785,55938446.41313792,54117781.09862113,-86.45719909667969,-86.05909729003906,-5.328000068664551,4.690100193023682,[0. 0. 0.],[0. 0. 0. 1.],5.370857095168491,-0.8875568861230807,"(30, 2)",306747.3582763672,306715.91734274477,-100755860248.77115,1538717.9487179518,4.48330020904541,-0.8875568861230807,100809671282.86319,54399728.377904646,55938446.3266226,54093012.4605619,100809978030.22147,54117781.45032051,0.19351069371461807,1770934690.6328409,1770934690.6328409
5.0367853105228,31,2,100536125697.94542,47844187.032726094,48149624.297753304,100536431170.6193,49688342.24647125,49436564.28915493,-91.03589630126952,-90.3727035522461,-6.214700222015381,5.91480016708374,[0. 0. 0.],[0. 0. 0. 1.],5.909298044654857,-0.8411980690689198,"(31, 2)",305472.72511291504,305437.08996894956,-100486994606.2431,1538717.9487179443,5.0680999755859375,-0.8411980690689198,100536125697.92729,48149624.21123798,49688342.159955926,47844187.12126903,100536431170.6524,49436564.40930489,0.1833958261878133,1770934690.6939404,1770934690.6939404
6.641559257927971,20,3,99852726194.8025,30398121.030306883,30702677.195147626,99920247205.57716,32241395.143865574,38200282.66579727,-91.05069732666016,-90.18049621582033,-0.5577999949455261,0.202000007033348,[0. 0. 0.],[0. 0. 0. 1.],8.333480663273496,-1.63188058850543,"(20, 3)",67521010.97694397,304555.96141326055,-99882046922.88724,1538717.948717948,6.701600074768066,-1.63188058850543,99852726194.72217,30702677.095853366,32241395.044571314,30398121.134440105,99920247205.69911,38200282.811873995,0.18339534501572408,1770934690.7491133,1770934690.7491133
5.950470653957854,21,3,100987007461.03767,24676145.89796638,24980585.84899378,100987311939.8696,26519303.797711726,29802448.505663782,-85.40119934082031,-84.63880157470703,2.7771999835968018,-2.6029999256134038,[0. 0. 0.],[0. 0. 0. 1.],8.658882207513464,-2.4887819954162964,"(21, 3)",304479.76136779785,304439.4625150226,-100957509491.60652,1538717.948717948,6.170100212097168,-2.4887819954162964,100987007460.74777,24980585.749699518,26519303.698417466,24676146.287184495,100987311940.50914,29802448.90261919,0.19919592808317768,1770934690.810533,1770934690.810533
5.84726687979089,30,3,101050665025.00346,20658710.436481643,20963053.797711726,101050969406.81677,22501771.746429678,26243506.509059086,-88.55719757080078,-87.05059814453125,1.268399953842163,-2.041399955749512,[0. 0. 0.],[0. 0. 0. 1.],8.088195173008208,-2.1075952927897017,"(30, 3)",304382.35552978516,304343.0269681476,-101024725900.3762,1538717.9487179518,5.980599880218506,-2.1075952927897017,101050665024.85036,20963053.698417466,22501771.647135418,20658710.67144932,101050969407.20589,26243506.829677485,0.18735144690017794,1770934690.8737288,1770934690.8737288
6.799111604609248,31,3,100777119984.8044,14410580.57205648,14716988.092583524,100777426437.43056,16255706.041301474,21566179.68254422,-102.14949798583984,-91.98560333251952,0.4498000144958496,-0.8335000276565552,[0. 0. 0.],[0. 0. 0. 1.],8.413408825323614,-1.622408935949835,"(31, 3)",306452.60540771484,306407.533303285,-100755860257.64471,1538717.94871795,6.790999889373779,-1.622408935949835,100777119984.78627,14716987.993289262,16255705.942007212,14410580.459985977,100777426437.39168,21566179.74697015,0.18583281183303,1770934690.9372222,1770934690.9372222
4.9580633138716195,20,4,100100719840.63583,18317474.780606966,18624263.7303482,100168243073.72025,20162981.67906615,17330513.59035963,-99.95020294189452,-99.30960083007812,-2.75570011138916,2.4307000637054443,[0. 0. 0.],[0. 0. 0. 1.],5.9957967768636635,-1.0447965632406166,"(20, 4)",67523233.04788208,306788.9560797252,-100150912560.10991,1538717.9487179518,4.951000213623047,-1.0447965632406166,100100719840.5555,18624263.634314902,20162981.583032854,18317474.678235177,100168243073.60338,17330513.493464544,0.1889518454483145,1770934690.9970174,1770934690.9970174
4.344491598040417,21,4,101234001082.83255,11596118.007999314,11901755.71752769,101234306749.40593,13440473.66624564,7931620.55741622,-96.59449768066406,-97.31520080566406,0.6305000185966492,-0.2038999944925308,[0. 0. 0.],[0. 0. 0. 1.],6.075795992695039,-1.6496962154733597,"(21, 4)",305667.0359954834,305637.67653245106,-101226375129.09525,1538717.94871795,4.42609977722168,-1.6496962154733597,101234001082.54265,11901755.62149439,13440473.57021234,11596117.944961939,101234306749.57864,7931620.4833984375,0.18755601740871772,1770934691.0600872,1770934691.0600872
4.8057786533813225,30,4,101319658037.82397,29577685.696617946,29883758.92265589,101319964143.23752,31422476.871373843,26372605.36698493,-92.154296875,-92.20719909667967,-0.8195000290870667,0.5735999941825867,[0. 0. 0.],[0. 0. 0. 1.],5.940327473034791,-1.0684273914002693,"(30, 4)",306105.6909790039,306073.07629707456,-101293591537.94318,1538717.9487179518,4.8719000816345215,-1.0684273914002693,101319658037.67087,29883758.826622594,31422476.775340546,29577685.75032552,101319964143.36185,26372605.418669872,0.18396100063323773,1770934691.14273,1770934691.14273
4.735950891339627,31,4,101064113181.91977,41329288.33116015,41633598.66624564,101064417524.25433,43172316.61496358,39691628.81829644,-84.39360046386719,-84.07360076904297,-1.6241999864578247,1.0681999921798706,[0. 0. 0.],[0. 0. 0. 1.],6.018622700489663,-1.1677225273024074,"(31, 4)",304342.6357116699,304309.84888321906,-101024725895.33688,1538717.9487179443,4.850900173187256,-1.1677225273024074,101064113181.90164,41633598.57021234,43172316.518930286,41329288.72132912,101064417524.53735,39691629.20047075,0.2002939950395392,1770934691.2217116,1770934691.2217116
2.1979836845263505,20,5,100364713069.8025,23224312.89065755,23529480.305042103,100432234663.32405,25068198.25376005,12456464.162563924,-88.74710083007812,-88.77770233154297,-4.347400188446045,3.99810004234314,[0. 0. 0.],[0. 0. 0. 1.],3.059692769990478,-0.7040926513533932,"(20, 5)",67521593.80007935,305166.579026442,-100419778198.85065,1538717.948717948,2.355600118637085,-0.7040926513533932,100364713069.72217,23529479.98046875,25068197.929186698,23224313.401442308,100432234663.52225,12456464.67159956,0.1848465838048335,1770934691.261024,1770934691.261024
1.7675995940384621,21,5,101498994239.88382,17503613.784031134,17810946.65119595,101499301584.85358,19349664.5999139,4060817.161260527,-81.62470245361328,-82.28179931640625,-1.4732999801635742,0.8259999752044678,[0. 0. 0.],[0. 0. 0. 1.],2.7001653466200923,-0.7142653021788692,"(21, 5)",307345.72190856934,307332.1533203125,-101495240767.64818,1538717.948717948,1.9859000444412231,-0.7142653021788692,101498994239.59392,17810946.326622598,19349664.275340546,17503614.173302285,101499301585.31583,4060817.667643229,0.15482740332669623,1770934691.3247833,1770934691.3247833
1.7255849931416747,30,5,101584651154.81114,35484741.992630266,35790618.12555493,101584957043.01332,37329336.07427287,22499866.31463473,-80.15029907226562,-80.42829895019531,-2.131700038909912,2.0302000045776367,[0. 0. 0.],[0. 0. 0. 1.],3.307452451537286,-1.5067525022727595,"(30, 5)",305888.2962799072,305875.682341747,-101562457176.48045,1538717.9487179443,1.8006999492645264,-1.5067525022727595,101584651154.65804,35790617.800981574,37329335.74969952,35484742.11863983,101584957042.95432,22499866.473858174,0.06695050420373894,1770934691.4084954,1770934691.4084954
1.6904917451524013,31,5,101336106731.59924,54236338.78051995,54541715.88196518,101336412120.80824,56080433.83068313,42820586.51274657,-81.89420318603516,-81.57460021972656,-2.953200101852417,3.3965001106262207,[0. 0. 0.],[0. 0. 0. 1.],2.987940860432817,-1.1933408505146041,"(31, 5)",305389.216506958,305376.33651342243,-101293591533.90547,1538717.9487179443,1.794600009918213,-1.1933408505146041,101336106731.58112,54541715.55739183,56080433.506109774,54236339.22087841,101336412120.79762,42820586.89215244,0.14444694565571745,1770934691.493692,1770934691.493692
3.208861327036589,20,11,100653706018.52045,38849783.29289152,39153646.725165464,100721226314.04985,40692364.673883416,32582470.060547207,-83.75,-84.12370300292969,-2.0292999744415283,1.0700000524520874,[0. 0. 0.],[0. 0. 0. 1.],7.238867807619097,-3.899967718355181,"(20, 11)",67520295.97355652,303863.00893930346,-100688643843.99225,1538717.9487179518,3.338900089263916,-3.899967718355181,100653706018.44011,39153646.647135414,40692364.595853366,38849783.63819611,100721226314.41367,32582470.421424277,0.19951048448227565,1770934691.5501668,1770934691.5501668
3.6074580592562686,21,11,101786986803.98637,32129775.12735718,32486931.98157572,101787343984.34834,34025649.93029367,23237571.656072877,-93.10079956054688,-93.33260345458984,1.455600023269653,-1.7359000444412231,[0. 0. 0.],[0. 0. 0. 1.],6.76620379035099,-3.055803685828285,"(21, 11)",357180.91133117676,357156.7789713554,-101764106412.96191,1538717.948717948,3.710400104522705,-3.055803685828285,101786986803.69647,32486931.903545674,34025649.85226362,32129775.12457432,101787343984.6078,23237571.645883415,0.1847106143644063,1770934691.610578,1770934691.610578
4.82979196047321,21,0,102051979953.02483,31223303.214254912,31528959.1551656,102052285642.48,33067677.10388355,19313597.662146255,-86.91120147705078,-100.5342025756836,-2.1196000576019287,1.905400037765503,[0. 0. 0.],[0. 0. 0. 1.],8.86107451211785,-3.923274581545341,"(21, 0)",305689.8850708008,305655.7210286483,-102032972045.17659,1538717.948717948,4.93779993057251,-3.923274581545341,102051979952.73492,31528959.147135418,33067677.095853366,31223303.42610677,102052285642.62,19313597.443409454,0.18368309536425756,1770934691.8755732,1770934691.8755732
2.806611413071198,20,1,101158692717.23837,1364914.5950158618,1706443.2006359182,101226250675.8652,3245161.149353867,67091962.58365091,-90.0344009399414,-89.04019927978516,-3.02209997177124,2.675600051879883,[0. 0. 0.],[0. 0. 0. 1.],5.378421035517765,-2.5013210446730385,"(20, 1)",67557958.89047241,341528.39856270025,-101159158713.28308,1538717.9487179485,2.8770999908447266,-2.5013210446730385,101158692717.15804,1706443.121494391,3245161.0702123395,1364914.7229316907,101226250676.04851,67091962.765424676,0.18386459443795536,1770934692.0550826,1770934692.0550826
2.6648888153874974,21,1,102292973727.0633,62863037.93423042,63167452.81602053,102293278159.72598,64706170.764738485,58656877.66317621,-89.12969970703125,-88.70580291748047,0.034400001168251,-0.1629000008106231,[0. 0. 0.],[0. 0. 0. 1.],5.464760744195486,-2.6398608323149926,"(21, 1)",304433.4216003418,304414.62590144575,-102234621282.33104,1538717.9487179518,2.824899911880493,-2.6398608323149926,102292973726.77339,63167452.736879006,64706170.68559696,62863038.11097756,102293278160.19499,58656877.86395733,0.18459693469849578,1770934692.1166136,1770934692.1166136
3.187020997011398,31,1,102273084504.03513,40943130.00987372,41248069.80320002,102273389465.51517,42786787.75191797,38768185.57916794,-91.82769775390624,-90.67459869384766,-2.015300035476685,1.9845999479293823,[0. 0. 0.],[0. 0. 0. 1.],5.403218332373771,-2.1944182549354165,"(31, 1)",304961.51655578613,304939.66909555346,-102234621279.85835,1538717.9487179518,3.2088000774383545,-2.1944182549354165,102273084504.017,41248069.724058494,42786787.672776446,40943130.05496294,102273389465.53355,38768185.67520533,0.18348854189423622,1770934692.4332879,1770934692.4332879
4.617370000943263,20,2,101624680762.11017,60275251.31503605,60581787.75929176,101692203741.8047,62120505.70800971,62530163.01020796,-84.04029846191406,-84.2969970703125,-7.239099979400635,7.090099811553955,[0. 0. 0.],[0. 0. 0. 1.],5.780256972993651,-1.027656779969969,"(20, 2)",67522980.143219,306535.988832131,-101629673578.78664,1538717.9487179518,4.752600193023682,-1.027656779969969,101624680762.02983,60581787.67277644,62120505.62149439,60275251.68394431,101692203742.17305,62530163.38641827,0.2001988350921961,1770934692.5327413,1770934692.5327413
4.083961985274835,21,2,102769961403.34532,65557758.08594712,65861707.63108663,102770265381.41306,184015.32339432702,65129233.993832126,-89.12020111083984,-92.89199829101562,-4.2133002281188965,3.852799892425537,[0. 0. 0.],[0. 0. 0. 1.],6.2983455293594135,-2.081345521730019,"(21, 2)",303978.631439209,303949.2719601318,-102705136147.67807,-65677692.307692304,4.2170000076293945,-2.081345521730019,102769961403.05542,65861707.54457131,184015.2368790064,65557758.27261118,102770265381.68686,65129234.00878906,0.18339503360696097,1770934692.593506,1770934692.593506
4.353365729913602,30,2,102833618694.87521,61537887.39841219,61844568.20800971,102833925406.25017,63383286.156727664,61572849.74633303,-85.76190185546875,-85.81819915771484,-5.419300079345703,4.887499809265137,[0. 0. 0.],[0. 0. 0. 1.],5.370857095168491,-0.8579572195276217,"(30, 2)",306711.97354125977,306680.36045172065,-102772352556.58861,1538717.9487179518,4.512899875640869,-0.8579572195276217,102833618694.7221,61844568.12149439,63383286.07021234,61537887.76104267,102833925406.69565,61572850.10704628,0.19579147143578327,1770934692.6567655,1770934692.6567655
5.015915791977266,31,2,102562077645.06076,57291402.41986825,57597500.90031741,102562383778.85826,59136218.84903535,58896865.05495123,-90.67459869384766,-90.76390075683594,-6.201600074768066,5.70989990234375,[0. 0. 0.],[0. 0. 0. 1.],5.909298044654857,-0.8623982491226307,"(31, 2)",306133.82975769043,306098.288511619,-102503486913.71626,1538717.9487179443,5.046899795532227,-0.8623982491226307,102562077645.04263,57597500.813802086,59136218.76252003,57291402.52529047,102562383778.87239,58896865.1561248,0.18339700154082772,1770934692.7213535,1770934692.7213535
6.638510220382979,20,3,101834457244.48195,62852325.47232414,63157036.1695066,101901978409.76242,64695754.11822455,3439179.1274948507,-90.63410186767578,-91.00640106201172,-0.7458999752998352,0.4357999861240387,[0. 0. 0.],[0. 0. 0. 1.],8.333480663273496,-1.6379807662703225,"(20, 3)",67521165.44284058,304710.47425881773,-101898539230.61081,1538717.9487179443,6.695499897003174,-1.6379807662703225,101834457244.40161,63157036.07021234,64695754.018930286,62852325.595953524,101901978409.84445,3439179.233648838,0.1834047218436312,1770934692.7981088,1770934692.7981088
5.91711886111415,21,3,103034954552.38379,56136417.81514169,56442853.477198906,103035261026.69563,57981571.42591686,61259227.62378939,-85.29750061035156,-84.23490142822266,2.507999897003174,-3.085400104522705,[0. 0. 0.],[0. 0. 0. 1.],8.658882207513464,-2.5226822563415894,"(21, 3)",306475.2353668213,306435.17127403617,-102974001799.31444,1538717.9487179518,6.136199951171875,-2.5226822563415894,103034954552.09389,56442853.377904646,57981571.3266226,56136418.20663061,103035261027.32925,61259228.01482372,0.1999608873378397,1770934692.8585339,1770934692.8585339
5.833549427026245,30,3,103098611811.8624,52116683.430336036,52421467.25925019,103098916634.06963,53960185.20796814,57698426.16355996,-88.87760162353516,-88.46019744873047,1.6260000467300415,-2.353399991989136,[0. 0. 0.],[0. 0. 0. 1.],8.088195173008208,-2.1360953728983443,"(30, 3)",304822.6693878174,304783.51299578696,-103041218207.97455,1538717.9487179518,5.952099800109863,-2.1360953728983443,103098611811.70929,52421467.159955926,53960185.10867388,52116683.64696014,103098916634.37868,57698426.40412159,0.1850256658602304,1770934692.9217913,1770934692.9217913
6.889987625449485,31,3,102825071411.0864,45870986.255341195,46177028.15668609,102825377498.09938,47715746.105404034,53024929.63863989,-100.09639739990234,-90.95899963378906,0.542900025844574,-1.0858999490737915,[0. 0. 0.],[0. 0. 0. 1.],8.413408825323614,-1.5231090282655089,"(31, 3)",306087.0361328125,306041.9014172703,-102772352568.35744,1538717.9487179443,6.8902997970581055,-1.5231090282655089,102825071411.06827,46177028.05739183,47715746.006109774,45870986.15597456,102825377498.1044,53024929.746970154,0.18491354540764537,1770934692.9827726,1770934692.9827726
4.943251986018403,20,4,102075451074.61015,43767408.482926235,44071539.37137384,102142971649.50282,45610257.32009179,42783191.81187889,-99.46109771728516,-99.18720245361328,-2.836800098419189,2.454900026321411,[0. 0. 0.],[0. 0. 0. 1.],5.9957967768636635,-1.0587969790426186,"(20, 4)",67520574.85726929,304130.89067507535,-102100188457.67096,1538717.9487179518,4.936999797821045,-1.0587969790426186,102075451074.52982,44071539.27534054,45610257.224058494,43767408.38466547,102142971649.38708,42783191.716120794,0.18882738576690228,1770934693.0390184,1770934693.0390184
4.416243752691558,21,4,103275948326.42224,37052073.191890106,37356451.2303482,103276252733.68007,38895169.17906615,33385296.513287093,-96.55480194091795,-96.1051025390625,0.949899971485138,-0.5112000107765198,[0. 0. 0.],[0. 0. 0. 1.],6.075795992695039,-1.5749958599435745,"(21, 4)",304407.73988342285,304378.0048076883,-103242867437.41351,1538717.9487179518,4.500800132751465,-1.5749958599435745,103275948326.13234,37356451.1343149,38895169.083032854,37052073.129507214,103276252733.87222,33385296.458708934,0.1871447803404139,1770934693.0994818,1770934693.0994818
4.786981655135241,30,4,103339605553.84956,33031932.87839049,33336234.884194355,103339909887.91057,34874952.8329123,29826042.31647643,-92.45600128173828,-92.13520050048828,-0.3705999851226806,0.2169000059366226,[0. 0. 0.],[0. 0. 0. 1.],5.940327473034791,-1.0885275081300056,"(30, 4)",304334.3412017822,304301.86736278236,-103310083845.66673,1538717.948717948,4.851799964904785,-1.0885275081300056,103339605553.69646,33336234.788161058,34874952.736879006,33031932.920798276,103339909888.03766,29826042.370918468,0.18403335442199978,1770934693.1626883,1770934693.1626883
4.692558761541783,31,4,103066065697.94536,26786385.181694116,27091603.473937944,103066370947.97353,28630321.42265589,25152744.970425196,-83.9845962524414,-84.44100189208984,-1.8904999494552608,1.118499994277954,[0. 0. 0.],[0. 0. 0. 1.],6.018622700489663,-1.211422745503091,"(31, 4)",305250.3380432129,305217.8172576092,-103041218202.90395,1538717.948717948,4.807199954986572,-1.211422745503091,103066065697.92723,27091603.377904646,28630321.326622594,26786385.560647037,103066370948.26527,25152745.361328125,0.20026276488604852,1770934693.2237933,1770934693.2237933
2.183807208921972,20,5,102317444872.68707,26671566.996478602,26975385.75376005,102384965117.43623,28514103.702478,15911020.7606498,-88.73400115966797,-88.6906967163086,-4.46560001373291,3.881700038909912,[0. 0. 0.],[0. 0. 0. 1.],3.059692769990478,-0.7173928317885738,"(20, 5)",67520245.03266907,303817.921173878,-102369054096.36475,1538717.948717948,2.3422999382019043,-0.7173928317885738,102317444872.60674,26975385.429186698,28514103.377904646,26671567.50801282,102384965117.6394,15911021.274664463,0.18493609574125563,1770934693.2809832,1770934693.2809832
1.79168549662667,21,5,103517942076.42224,19956850.444444127,20261066.843503643,103518246305.02892,21799784.79222159,6513229.3783003865,-81.48030090332031,-82.50389862060547,-1.6540000438690186,0.8697999715805054,[0. 0. 0.],[0. 0. 0. 1.],2.7001653466200923,-0.6894653592085933,"(21, 5)",304229.3920135498,304215.7138922289,-103511733075.60649,1538717.948717948,2.010699987411499,-0.6894653592085933,103517942076.13234,20261066.51893029,21799784.467648238,19956850.80503806,103518246305.52435,6513229.91786859,0.15581193064638166,1770934693.341443,1770934693.341443
1.7430642636920253,30,5,103591599007.3752,25936051.479188535,26241972.29222159,103591904940.38977,27780690.24093954,12955456.077082489,-80.9386978149414,-80.38420104980469,-2.0982000827789307,2.228600025177002,[0. 0. 0.],[0. 0. 0. 1.],3.307452451537286,-1.471652399848138,"(30, 5)",305933.10234069824,305920.2380058095,-103578949484.09447,1538717.948717948,1.835800051689148,-1.471652399848138,103591599007.22209,26241971.967648238,27780689.916366186,25936051.72964243,103591904940.32443,12955456.229967948,0.08122769301197323,1770934693.4147055,1770934693.4147055
1.6919598351621175,31,5,103319059696.34279,20690677.442384172,20996475.497349795,103319365506.49136,22535193.446067743,9281664.378406636,-81.40409851074219,-82.3687973022461,-3.1449999809265137,3.0155999660491943,[0. 0. 0.],[0. 0. 0. 1.],2.987940860432817,-1.1851408011142746,"(31, 5)",305810.2964782715,305797.3851913065,-103310083841.72293,1538717.948717948,1.8028000593185425,-1.1851408011142746,103319059696.32466,20996475.172776442,22535193.12149439,20690677.787585136,103319365506.62114,9281664.898212139,0.15094341537094805,1770934693.4767218,1770934693.4767218
3.2089649652892183,20,11,102553439039.35373,56520197.061562724,56824359.866191104,102620959634.22876,58363077.814909056,50256302.91917274,-83.80339813232422,-82.76090240478516,-1.7695000171661377,1.5255000591278076,[0. 0. 0.],[0. 0. 0. 1.],7.238867807619097,-3.914667892686846,"(20, 11)",67520595.2179718,304162.3785556853,-102570703331.31253,1538717.9487179518,3.324199914932251,-3.914667892686846,102553439039.27339,56824359.788161054,58363077.736879006,56520197.40960537,102620959634.49136,50256303.17883614,0.19347243536547162,1770934693.5232723,1770934693.5232723
3.6489338755483183,21,11,103757935882.51198,53806038.69231277,54162725.25080649,103758292592.81584,55701443.19952444,44910282.51555875,-92.5386962890625,-92.59120178222656,1.4825999736785889,-1.8384000062942505,[0. 0. 0.],[0. 0. 0. 1.],6.76620379035099,-3.007703691168861,"(21, 11)",356710.87802124023,356686.46396734565,-103713382310.56993,1538717.9487179518,3.758500099182129,-3.007703691168861,103757935882.22208,54162725.17277644,55701443.12149439,53806038.70880909,103758292593.1001,44910282.53017328,0.18421995515874234,1770934693.5815096,1770934693.5815096
2.8178149493529525,20,1,103023426787.75116,51250015.184778005,51598262.110892326,103090991464.75465,53136980.05961028,49773264.12149569,-89.86759948730469,-88.8041000366211,-2.8861000537872314,2.885200023651123,[0. 0. 0.],[0. 0. 0. 1.],5.378421035517765,-2.486721006144596,"(20, 1)",67564677.28051758,348246.71036157757,-103041218200.63469,1538717.9487179518,2.891700029373169,-2.486721006144596,103023426787.67082,51598262.0317508,53136979.98046875,51250015.32138922,103090991464.95134,49773264.31665665,0.1840728346062037,1770934693.9931743,1770934693.9931743
2.690467168658583,21,1,104226923767.12735,47537379.06157308,47841547.36730258,104227227953.48058,49380265.31602053,43330774.467074536,-90.18659973144533,-89.09649658203125,-0.0706999972462654,-0.4144000113010406,[0. 0. 0.],[0. 0. 0. 1.],5.464760744195486,-2.6261608239226586,"(21, 1)",304187.0899658203,304168.10647034645,-104183897179.28174,1538717.9487179518,2.838599920272827,-2.6261608239226586,104226923766.83745,47841547.288161054,49380265.236879006,47537379.18169071,104227227953.92741,43330774.645683095,0.18378000954203053,1770934694.050483,1770934694.050483
3.039398575868221,30,1,104275581250.96494,28516546.58116615,28821387.11089233,104275886112.03482,30360105.059610277,24772523.59240621,-93.46630096435548,-93.30139923095705,-0.9740999937057496,0.5167999863624573,[0. 0. 0.],[0. 0. 0. 1.],5.318561597208403,-2.2305615380805945,"(30, 1)",304861.30934143066,304840.46349158883,-104251113588.53656,1538717.948717948,3.088000059127808,-2.2305615380805945,104275581250.81183,28821387.031750802,30360104.98046875,28516546.568259213,104275886112.12117,24772523.584610377,0.1848441373624193,1770934694.0986688,1770934694.0986688
3.0702011437466794,31,1,103987043702.75304,7272313.765842529,7582436.790379508,103987353846.85901,9121154.739097457,5105901.08583576,-92.63899993896484,-91.8677978515625,-1.8690999746322632,1.4957000017166138,[0. 0. 0.],[0. 0. 0. 1.],5.403218332373771,-2.323818269812736,"(31, 1)",310144.08992004395,310122.9310647035,-103982247945.69553,1538717.948717949,3.079400062561035,-2.323818269812736,103987043702.73491,7582436.711237981,9121154.65995593,7272313.7801732775,103987353846.82483,5105901.129306891,0.183996600460799,1770934694.148929,1770934694.148929
4.630122646896494,20,2,103243421146.72551,65809584.496152975,66115553.78493279,103310943559.32074,437861.4772404809,859723.9908336822,-85.48480224609375,-84.63289642333984,-7.428199768066406,6.849800109863281,[0. 0. 0.],[0. 0. 0. 1.],5.780256972993651,-1.013956771577635,"(20, 2)",67522413.04837036,305968.8313802108,-103310083835.32205,-65677692.30769231,4.766300201416016,-1.013956771577635,103243421146.64517,66115553.69841747,437861.39072516025,65809584.86703726,103310943559.69354,859724.371494391,0.199076382144315,1770934694.2070405,1770934694.2070405
4.1033736047255935,21,2,104444918134.11452,60097393.408749945,60401467.24647125,104445222236.61417,61940185.1951892,59675832.83167151,-91.658203125,-92.40509796142578,-4.457300186157227,3.9767000675201416,[0. 0. 0.],[0. 0. 0. 1.],6.2983455293594135,-2.078145467561318,"(21, 2)",304103.08055114746,304073.68977864087,-104385546404.04134,1538717.9487179518,4.220200061798096,-2.078145467561318,104444918133.82462,60401467.159955926,61940185.10867388,60097393.470177285,104445222236.90517,59675832.86383213,0.183859774522095,1770934694.268491,1770934694.268491
4.367221592648511,30,2,104507575225.3239,55075683.95222375,55380153.14390715,104507879725.06958,56918871.0926251,55116911.68601248,-86.20230102539062,-85.38710021972656,-5.477099895477295,4.931300163269043,[0. 0. 0.],[0. 0. 0. 1.],5.370857095168491,-0.8448570722803073,"(30, 2)",304500.3568267822,304468.75939002633,-104452762813.46832,1538717.9487179443,4.526000022888184,-0.8448570722803073,104507575225.17079,55380153.05739183,56918871.006109774,55075684.2980018,104507879725.52762,55116912.05929487,0.1958614482786681,1770934694.3306427,1770934694.3306427
5.008677297124126,31,2,104234038005.63765,48831246.00777406,49137332.63108663,104234344127.47983,50676050.579804584,50446957.01589913,-91.2322998046875,-90.7917022705078,-6.057300090789795,6.175600051879883,[0. 0. 0.],[0. 0. 0. 1.],5.909298044654857,-0.8736978592605702,"(31, 2)",306121.87312316895,306086.45708132535,-104183897170.37689,1538717.9487179518,5.035600185394287,-0.8736978592605702,104234038005.61952,49137332.54457131,50676050.49328926,48831246.087489985,104234344127.49265,50446957.115760215,0.18343494914660813,1770934694.3918273,1770934694.3918273
6.631003615154691,20,3,103483415000.89217,31399037.432474986,31704239.695147626,103550936657.74084,33242957.643865574,39203581.218157075,-90.681396484375,-90.681396484375,-0.8177000284194946,0.2412000000476837,[0. 0. 0.],[0. 0. 0. 1.],8.333480663273496,-1.64358074185626,"(20, 3)",67521657.02624512,305202.0420172289,-103511733076.49855,1538717.948717948,6.689899921417236,-1.64358074185626,103483415000.81183,31704239.595853366,33242957.544571314,31399037.553836137,103550936657.83807,39203581.33951823,0.18339550118690467,1770934694.4469304,1770934694.4469304
5.903373356169397,21,3,104683911964.24272,24687991.875209916,24992244.502839934,104684216255.49316,26530962.451557882,29804200.3084346,-84.90049743652344,-84.66419982910156,2.422300100326538,-3.049999952316284,[0. 0. 0.],[0. 0. 0. 1.],8.658882207513464,-2.5347819992309937,"(21, 3)",304292.1799926758,304252.1315354593,-104654412055.4273,1538717.948717948,6.124100208282471,-2.5347819992309937,104683911963.95282,24992244.403545674,26530962.352263622,24687992.272010215,104684216256.13281,29804200.705503806,0.1998509345951859,1770934694.507486,1770934694.507486
5.827044271920863,30,3,104732569383.97774,5666772.951174211,5971186.810532242,104732873836.14171,7509904.75925019,11245371.668925542,-88.10759735107422,-87.40390014648438,1.46589994430542,-2.0982000827789307,[0. 0. 0.],[0. 0. 0. 1.],8.088195173008208,-2.1267951409647505,"(30, 3)",304452.6867980957,304413.499098558,-104721628464.54128,1538717.948717948,5.961400032043457,-2.1267951409647505,104732569383.82463,5971186.711237981,7509904.659955929,5666773.212139423,104732873836.51143,11245371.970152244,0.18734313915518144,1770934694.5557654,1770934694.5557654
6.9561917339369685,31,3,104471032388.65045,11422741.87400568,11729440.015660448,104471339132.33745,13268157.964378396,18576307.435199935,-96.997802734375,-90.9228973388672,0.4805000126361847,-0.6266999840736389,[0. 0. 0.],[0. 0. 0. 1.],8.413408825323614,-1.4515085911012022,"(31, 3)",306743.71182250977,306698.1075971555,-104452762824.79895,1538717.948717948,6.961900234222412,-1.4515085911012022,104471032388.63232,11729439.916366186,13268157.865084134,11422741.80876903,104471339132.34415,18576307.545197316,0.18452358650500197,1770934694.6367176,1770934694.6367176
4.950005602471782,20,4,103729408694.80241,17310366.01483627,17614664.371373843,103796929437.20866,19153382.32009179,16330723.107513685,-98.21810150146484,-100.56719970703124,-2.7753000259399414,2.4130001068115234,[0. 0. 0.],[0. 0. 0. 1.],5.9957967768636635,-1.0518966685262612,"(20, 4)",67520742.35964966,304298.3461037688,-103780598714.08118,1538717.948717948,4.943900108337402,-1.0518966685262612,103729408694.72208,17614664.275340546,19153382.224058494,17310365.929236777,103796929437.08173,16330723.000550881,0.18878982679036482,1770934694.692914,1770934694.692914
4.356462894279855,21,4,104930905586.03758,11599892.530740432,11905113.089322561,104931210835.50903,13443831.038040511,7933142.401538765,-96.5417022705078,-96.489501953125,0.1536000072956085,-0.7702000141143799,[0. 0. 0.],[0. 0. 0. 1.],6.075795992695039,-1.6356957996713577,"(21, 4)",305249.94679260254,305220.52471454255,-104923277693.35423,1538717.94871795,4.440100193023682,-1.6356957996713577,104930905585.74768,11905112.993289262,13443830.942007212,11599892.46857472,104931210835.69447,7933142.340244391,0.1872761900542381,1770934694.7544482,1770934694.7544482
4.798745358347628,30,4,104994562573.08029,7577886.929434085,7883670.781630254,104994868389.12271,9422388.730348203,4374287.400109696,-91.49510192871094,-93.53140258789062,-0.3510999977588653,0.620199978351593,[0. 0. 0.],[0. 0. 0. 1.],5.940327473034791,-1.07822734867566,"(30, 4)",305816.2747955322,305783.67575620953,-104990494101.79526,1538717.948717949,4.862100124359131,-1.07822734867566,104994562572.92719,7883670.685596955,9422388.634314904,7577887.0098407455,104994868389.20198,4374287.4067257615,0.18410183626649623,1770934694.8177722,1770934694.8177722
4.678162702283615,31,4,104653810056.91968,1334317.7374721623,1638742.8970148694,104654114513.77061,3177460.845732818,66918875.13615672,-83.5907974243164,-84.87000274658203,-1.6548999547958374,1.3279999494552612,[0. 0. 0.],[0. 0. 0. 1.],6.018622700489663,-1.2285226028334133,"(31, 4)",304457.16271972656,304424.7045272435,-104587195638.5353,1538717.9487179485,4.79010009765625,-1.2285226028334133,104653810056.90155,1638742.8009815705,3177460.749699519,1334318.096454327,104654114514.06427,66918875.52897135,0.200227295403911,1770934694.8787267,1770934694.8787267
2.19848852180235,20,5,103970402516.9178,66428261.69203997,66732148.57427287,104037922829.88705,1054456.2665805633,55674887.04201178,-88.4561996459961,-88.44599914550781,-4.54670000076294,3.870500087738037,[0. 0. 0.],[0. 0. 0. 1.],3.059692769990478,-0.6981927451949463,"(20, 5)",67520313.2668457,303886.03014823794,-103982247942.5342,-65677692.307692304,2.361500024795532,-0.6981927451949463,103970402516.83746,66732148.24969952,1054455.9420072115,66428262.21955128,104037922830.10431,55674887.570112176,0.18545575361958935,1770934694.934096,1770934694.934096
1.782832811032691,21,5,105171899360.07603,60718397.50454262,61101956.26658057,105172282931.11844,62640674.21529851,47356009.580052935,-81.60399627685547,-82.08180236816406,-1.3698999881744385,0.8428000211715698,[0. 0. 0.],[0. 0. 0. 1.],2.7001653466200923,-0.7048652920699214,"(21, 5)",383571.7617034912,383558.0522586182,-105124926921.49425,1538717.9487179443,1.995300054550171,-0.7048652920699214,105171899359.78613,61101955.942007214,62640673.89072516,60718397.889748596,105172282931.54784,47356010.05358574,0.14979091449619852,1770934694.9955614,1770934694.9955614
1.7510757578858007,30,5,105235556315.06747,56696020.29007842,57001868.12555493,105235862175.1236,58540586.07427287,43718844.48494233,-80.68620300292969,-80.24340057373047,-2.135499954223633,2.1401000022888184,[0. 0. 0.],[0. 0. 0. 1.],3.307452451537286,-1.4735524767142878,"(30, 5)",305860.12620544434,305847.30881911516,-105192143330.42043,1538717.9487179443,1.833899974822998,-1.4735524767142878,105235556314.91437,57001867.800981574,58540585.74969952,56696020.49216246,105235862175.04057,43718844.62014223,0.07227788663004289,1770934695.0588162,1770934695.0588162
1.6841625009590904,31,5,104918803766.85558,7235577.115159603,7541475.497349794,104919109677.31694,9080193.446067741,63048399.49438476,-81.77529907226562,-82.1010971069336,-3.0659000873565674,3.081700086593628,[0. 0. 0.],[0. 0. 0. 1.],2.987940860432817,-1.1884408718769088,"(31, 5)",305910.5662841797,305897.6393479565,-104856061277.43253,1538717.948717948,1.7994999885559082,-1.1884408718769088,104918803766.83745,7541475.172776442,9080193.12149439,7235577.5334284855,104919109677.40373,63048399.97120392,0.15456071630140292,1770934695.1436212,1770934695.1436212
3.220915264859029,20,11,104235396082.62292,58064313.35566091,58368198.00721675,104302916399.44281,59906915.955934696,51802811.816905305,-83.09310150146484,-82.9021987915039,-1.7247999906539917,1.315000057220459,[0. 0. 0.],[0. 0. 0. 1.],7.238867807619097,-3.907967853776934,"(20, 11)",67520317.1793518,303884.27734375,-104251113587.62885,1538717.9487179443,3.330899953842163,-3.907967853776934,104235396082.54259,58368197.9291867,59906915.877904646,58064313.65184295,104302916399.72194,51802812.09309896,0.1891891631089582,1770934695.1990707,1770934695.1990707
3.664759219007022,21,11,105435892541.16577,51355068.08707977,51711379.096960336,105436248876.04176,53250097.04567829,42456309.393880785,-93.30760192871094,-92.6176986694336,1.4816999435424805,-1.804900050163269,[0. 0. 0.],[0. 0. 0. 1.],6.76620379035099,-2.99600377623661,"(21, 11)",356335.44921875,356310.94125600904,-105393792566.91754,1538717.9487179518,3.77020001411438,-2.99600377623661,105435892540.87587,51711379.018930286,53250096.96764824,51355068.07767428,105436248876.32509,42456309.407552086,0.1845037377130077,1770934695.259534,1770934695.259534
5.500846649556155,21,0,105678886267.1273,28437220.336537473,28741467.167986114,105679190550.59915,30280185.11670406,16532345.127468182,-87.12049865722656,-87.63719940185547,-2.0897998809814453,1.2655999660491943,[0. 0. 0.],[0. 0. 0. 1.],8.86107451211785,-3.195374553316581,"(21, 0)",304284.2923736572,304246.6227213554,-105662658205.83043,1538717.948717948,5.6656999588012695,-3.195374553316581,105678886266.8374,28741467.15995593,30280185.108673878,28437220.537234575,105679190551.12978,16532345.299353966,0.18861579960604535,1770934695.502513,1770934695.502513
2.9041295776395457,20,1,104718383350.25111,65791141.54723115,66145281.34166156,104785953920.66571,467589.0339692516,64325463.403239235,-90.12629699707033,-89.31210327148438,-3.028599977493286,3.3787999153137207,[0. 0. 0.],[0. 0. 0. 1.],5.378421035517765,-2.406721082438541,"(20, 1)",67570570.66305542,354139.5920973569,-104721628457.26399,-65677692.307692304,2.971699953079224,-2.406721082438541,104718383350.17078,66145281.26252003,467588.9548277244,65791141.67042267,104785953920.83383,64325463.569836736,0.18370900508274157,1770934695.6820354,1770934695.6820354
2.678484753928225,21,1,105918880065.20422,59083579.789423525,59389768.52114874,105919186271.85739,60928486.469866686,54878836.19893134,-90.07270050048828,-89.46880340576172,-0.1191999986767768,-0.3212999999523163,[0. 0. 0.],[0. 0. 0. 1.],5.464760744195486,-2.640260660272146,"(21, 1)",306207.3692932129,306188.526642628,-105864307435.9267,1538717.9487179443,2.82450008392334,-2.640260660272146,105918880064.91432,59389768.442007214,60928486.39072516,59083579.915364586,105919186272.28362,54878836.35692108,0.1836672792517825,1770934695.7424498,1770934695.7424498
3.040094802066215,30,1,106012536138.7854,17843229.251638263,18148133.905764125,106012841063.94717,19686851.854482073,14100808.650337707,-96.62110137939452,-92.97200012207033,-0.7822999954223633,0.8475000262260437,[0. 0. 0.],[0. 0. 0. 1.],5.318561597208403,-2.239061637262724,"(30, 1)",304925.41191101074,304904.65995592996,-105998740255.39099,1538717.948717948,3.0794999599456787,-2.239061637262724,106012536138.6323,18148133.826622598,19686851.775340546,17843229.166666668,106012841064.0442,14100808.653220152,0.1856926440682259,1770934695.835575,1770934695.835575
3.168733367628922,31,1,105690785465.5735,30600348.546377912,30904383.90576412,105691089522.68495,32443101.854482073,28431320.62675391,-91.1519012451172,-91.3656997680664,-1.7229000329971311,1.9399000406265257,[0. 0. 0.],[0. 0. 0. 1.],5.403218332373771,-2.2131183777686685,"(31, 1)",304057.11639404297,304035.206330128,-105662658201.98053,1538717.9487179518,3.1900999546051025,-2.2131183777686685,105690785465.55537,30904383.826622594,32443101.775340546,30600348.620292466,105691089522.67177,28431320.691230968,0.1835026880110239,1770934695.9156184,1770934695.9156184
4.633863061518272,20,2,104991376355.05879,66125477.832489856,66432436.797753304,105058899757.39365,754744.4900609937,1189255.553597067,-84.07579803466797,-84.81680297851562,-7.086400032043457,6.959700107574463,[0. 0. 0.],[0. 0. 0. 1.],5.780256972993651,-1.0103571278703596,"(20, 2)",67523402.78822327,306958.50861378014,-105057710501.83218,-65677692.30769231,4.769899845123291,-1.0103571278703596,104991376354.97845,66432436.71123798,754744.4035456731,66125478.2026242,105058899757.76668,1189255.9344951923,0.200371343901489,1770934695.954904,1770934695.954904
4.079803778039189,21,2,106191873013.92216,59418463.62205884,59722172.37467638,106192176751.12846,61260890.32339433,59003680.42894132,-91.31420135498048,-89.83940124511719,-4.176000118255615,3.676800012588501,[0. 0. 0.],[0. 0. 0. 1.],6.2983455293594135,-2.0822453134475483,"(21, 2)",303737.90252685547,303708.58999399096,-106133173070.95837,1538717.9487179518,4.216100215911865,-2.0822453134475483,106191873013.63226,59722172.288161054,61260890.236879006,59418463.69816706,106192176751.53479,59003680.576422274,0.18339937360060055,1770934696.0168872,1770934696.0168872
4.384791297011472,30,2,106272529375.96489,5177811.4788464755,5482124.297753301,106272833719.57503,7020842.2464712495,5227829.878786616,-85.72480010986328,-85.57730102539062,-5.494800090789795,4.868000030517578,[0. 0. 0.],[0. 0. 0. 1.],5.370857095168491,-0.825257157729526,"(30, 2)",304344.2163696289,304312.36853966396,-106267605889.781,1538717.948717948,4.545599937438965,-0.825257157729526,106272529375.81178,5482124.211237981,7020842.159955929,5177811.842698317,106272833720.02815,5227830.247145433,0.1964654590166202,1770934696.0956008,1770934696.0956008
5.029081204714188,31,2,105931779760.4453,66151901.23146705,66456483.27211228,105932084377.85693,778790.964419968,560540.8515920487,-90.9626007080078,-90.6272964477539,-6.091700077056885,5.927800178527832,[0. 0. 0.],[0. 0. 0. 1.],5.909298044654857,-0.8502980293960682,"(31, 2)",304617.45042419434,304581.86222957075,-105931523836.9183,-65677692.30769231,5.059000015258789,-0.8502980293960682,105931779760.42717,66456483.18559696,778790.8779046474,66151901.32336739,105932084377.8776,560540.9592848558,0.18340225982311337,1770934696.1567364,1770934696.1567364
6.610303292057103,20,3,105232370169.16136,32726724.07390609,33031619.502839934,105299891519.03809,34570337.45155788,40531775.84878245,-90.99539947509766,-90.75700378417967,-0.9555000066757202,0.5112000107765198,[0. 0. 0.],[0. 0. 0. 1.],8.333480663273496,-1.666980571720762,"(20, 3)",67521350.05070496,304895.2229817733,-105259359743.16518,1538717.948717948,6.666500091552734,-1.666980571720762,105232370169.08102,33031619.403545674,34570337.35226362,32726724.1805639,105299891519.13173,40531775.966546476,0.18341192000439352,1770934696.2033675,1770934696.2033675
5.955700727375956,21,3,106419867124.49908,13021136.531216126,13325185.20796814,106420171212.11125,14863903.156686088,18132490.072098643,-84.75550079345703,-84.65399932861328,2.6066999435424805,-3.13759994506836,[0. 0. 0.],[0. 0. 0. 1.],8.658882207513464,-2.4823823639160523,"(21, 3)",304088.54167175293,304048.1802133415,-106402038722.28172,1538717.948717948,6.176499843597412,-2.4823823639160523,106419867124.20918,13325185.108673878,14863903.057391826,13021136.928460537,106420171212.75085,18132490.469125602,0.20002391046234896,1770934696.243396,1770934696.243396
5.882878293730637,30,3,106469524263.78539,62214346.801542886,62519271.746429674,106469829227.3972,64057989.695147626,574096.2108450462,-88.07009887695312,-88.03109741210938,1.308500051498413,-1.7136000394821167,[0. 0. 0.],[0. 0. 0. 1.],8.088195173008208,-2.076094953281645,"(30, 3)",304964.09881591797,304924.5824569315,-106469255131.25485,1538717.9487179518,6.0121002197265625,-2.076094953281645,106469524263.63228,62519271.647135414,64057989.595853366,62214347.06467848,106469829227.7311,574096.4762369791,0.1864330165269736,1770934696.2926161,1770934696.2926161
6.679914858461562,31,3,106128775088.97093,55972670.77714106,56278750.913096346,106129081214.07112,57817468.86181429,63124549.35332492,-91.01750183105467,-104.66419982910156,0.4246000051498413,-0.7365999817848206,[0. 0. 0.],[0. 0. 0. 1.],8.413408825323614,-1.7369089817262022,"(31, 3)",306124.8935852051,306079.9310146272,-106065956664.61449,1538717.9487179443,6.676499843597412,-1.7369089817262022,106128775088.9528,56278750.813802086,57817468.76252003,55972670.88278746,106129081213.84639,63124549.231896035,0.18521812546485622,1770934696.353831,1770934696.353831
4.987926757461893,20,4,105429365129.09724,36852034.19497443,37157204.43547641,105496886743.65201,38695922.38419435,35877773.187595494,-99.28479766845705,-99.0447998046875,-2.2751998901367188,2.529400110244751,[0. 0. 0.],[0. 0. 0. 1.],5.9957967768636635,-1.0136967669454506,"(20, 4)",67521614.5207367,305170.24113582075,-105461008970.44444,1538717.9487179443,4.982100009918213,-1.0136967669454506,105429365129.0169,37157204.33944311,38695922.288161054,36852034.09830729,105496886743.53764,35877773.09319912,0.18875776567335667,1770934696.3996322,1770934696.3996322
4.329848487372766,21,4,106636861523.53755,37146413.91525867,37451787.76880974,106637166926.14182,38990505.71752769,33478976.70235203,-96.37439727783205,-96.32420349121094,0.6668000221252441,-0.8065000176429749,[0. 0. 0.],[0. 0. 0. 1.],6.075795992695039,-1.6614960277902542,"(21, 4)",305403.0824279785,305373.8168569729,-106603687949.6862,1538717.9487179443,4.414299964904785,-1.6614960277902542,106636861523.24765,37451787.672776446,38990505.62149439,37146413.85591947,106637166926.33008,33478976.643880207,0.18716219098689396,1770934696.4604697,1770934696.4604697
4.798483452254954,30,4,106700518262.18282,33122484.64478836,33429007.32009179,106700824817.00958,34967725.26880974,29920458.688954942,-92.2656021118164,-92.38490295410156,-0.7235999703407288,0.1490000039339065,[0. 0. 0.],[0. 0. 0. 1.],5.940327473034791,-1.0773275569581306,"(30, 4)",306555.0975341797,306522.52979767695,-106670904358.39326,1538717.9487179518,4.86299991607666,-1.0773275569581306,106700518262.02971,33429007.224058494,34967725.172776446,33122484.694260817,106700824817.12724,29920458.73397436,0.18405467052351918,1770934696.5237827,1770934696.5237827
4.680171258594548,31,4,106361769568.13759,28880899.35368559,29186274.94829692,106362074975.41052,30724992.897014868,27252669.968599413,-84.09149932861328,-83.71700286865234,-1.514299988746643,0.9722999930381776,[0. 0. 0.],[0. 0. 0. 1.],6.018622700489663,-1.2269228141676418,"(31, 4)",305407.5583496094,305375.11581029743,-106334822305.34277,1538717.948717948,4.7916998863220215,-1.2269228141676418,106361769568.11946,29186274.852263622,30724992.80098157,28880899.736453325,106362074975.67781,27252670.335036058,0.19936774948489627,1770934696.5867398,1770934696.5867398
2.173069753415283,20,5,105678358598.64853,26750360.779180072,27054223.89478569,105745878887.69998,28592941.843503643,16004278.282210445,-87.814697265625,-88.36740112304688,-4.463799953460693,4.026999950408936,[0. 0. 0.],[0. 0. 0. 1.],3.059692769990478,-0.7173928317885738,"(20, 5)",67520289.35359192,303862.2264372967,-105729874609.10693,1538717.9487179518,2.3422999382019043,-0.7173928317885738,105678358598.56819,27054223.570212338,28592941.51893029,26750361.34377504,105745878887.92178,16004278.814853765,0.18634742259487497,1770934696.641974,1770934696.641974
1.791955267703259,21,5,106886854912.96062,28045334.19006373,28426291.202478,106887235882.25743,29965009.151195947,14682293.83331516,-82.0634994506836,-82.75,-1.3885999917984009,0.7272999882698059,[0. 0. 0.],[0. 0. 0. 1.],2.7001653466200923,-0.6681652817702393,"(21, 5)",380970.1146850586,380956.2174479142,-106872553588.37997,1538717.948717948,2.032000064849853,-0.6681652817702393,106886854912.67072,28426290.877904646,29965008.826622594,28045334.660456732,106887235882.7854,14682294.405423678,0.17315275893371604,1770934696.7128632,1770934696.7128632
1.7623523197001816,30,5,106959511531.41359,33020916.518933084,33327421.010170307,106959818048.2424,34866138.958888255,20048051.14057565,-80.47640228271484,-80.7311019897461,-2.1401000022888184,1.7805999517440796,[0. 0. 0.],[0. 0. 0. 1.],3.307452451537286,-1.4563524835807429,"(30, 5)",306516.974029541,306504.00015024096,-106939769996.8836,1538717.948717948,1.851099967956543,-1.4563524835807429,106959511531.26048,33327420.685596954,34866138.6343149,33020916.685446713,106959818048.23451,20048051.350911457,0.07865223517852321,1770934696.7827816,1770934696.7827816
1.6669056034457292,31,5,106635763069.74016,43779134.85351701,44084608.51017031,106636068555.31616,45623326.458888255,32380610.607880544,-81.53839874267578,-82.5199966430664,-3.1477999687194824,3.309900045394897,[0. 0. 0.],[0. 0. 0. 1.],2.987940860432817,-1.202840877217485,"(31, 5)",305485.7459411621,305472.95986077935,-106603687944.31825,1538717.9487179443,1.785099983215332,-1.202840877217485,106635763069.72203,44084608.18559696,45623326.1343149,43779135.22573618,106636068555.46797,32380611.149714544,0.1576158273873488,1770934696.8606522,1770934696.8606522
3.1951646304537413,20,11,105936352484.86647,11391376.359049033,11695257.30208854,106003872797.78745,13233975.250806488,5132543.401003677,-83.27040100097656,-83.43209838867188,-1.736899971961975,1.392300009727478,[0. 0. 0.],[0. 0. 0. 1.],7.238867807619097,-3.9239678862018605,"(20, 11)",67520313.32945251,303880.552634215,-105998740254.38937,1538717.948717948,3.3148999214172363,-3.9239678862018605,105936352484.78613,11695257.224058494,13233975.172776442,11391376.671424279,106003872798.11559,5132543.726211939,0.19481039108447393,1770934696.9061823,1770934696.9061823
3.6663915832520777,21,11,107138848558.79395,6687101.886769416,7043029.737985975,107139204510.49022,8581747.686703924,65001687.29125866,-91.9489974975586,-92.5022964477539,1.4536999464035034,-1.5348000526428225,[0. 0. 0.],[0. 0. 0. 1.],6.76620379035099,-2.986503749533729,"(21, 11)",355952.27363586426,355927.734375,-107074202823.46861,1538717.948717949,3.7797000408172607,-2.986503749533729,107138848558.50404,7043029.659955929,8581747.608673878,6687101.925580929,107139204510.77768,65001687.309069514,0.18398406717454438,1770934696.9624724,1770934696.9624724
5.4835014927300225,21,0,107379842332.8324,48980097.852972254,49284375.82183227,107380146647.3259,50823093.770550214,37078185.44398931,-87.51399993896484,-87.41829681396484,-1.829100012779236,1.6455999612808228,[0. 0. 0.],[0. 0. 0. 1.],8.86107451211785,-3.2141743351158976,"(21, 0)",304315.32640075684,304277.781951122,-107343068462.24065,1538717.9487179443,5.646900177001953,-3.2141743351158976,107379842332.5425,49284375.813802086,50823093.76252003,48980098.031850964,107380146647.8689,37078185.62825521,0.188271583301045,1770934697.203475,1770934697.203475
2.871246666188675,20,1,106415339856.66133,15115813.78242271,15475858.264738483,106482916331.57909,17014576.21345643,13661207.728247616,-89.42269897460938,-88.91600036621094,-2.8469998836517334,2.977400064468384,[0. 0. 0.],[0. 0. 0. 1.],5.378421035517765,-2.430721011866642,"(20, 1)",67576475.18841553,360044.2426632624,-106469255123.85237,1538717.9487179462,2.947700023651123,-2.430721011866642,106415339856.581,15475858.185596956,17014576.134314902,15115813.942933694,106482916331.76941,13661207.917042268,0.18424236888936893,1770934697.3846533,1770934697.3846533
2.6998036451843412,21,1,107616836211.03752,9413228.369795445,9718430.380123097,107617141431.08968,11257148.328841047,5207328.655034233,-89.8115005493164,-89.63140106201172,0.0883999988436698,0.0939999967813491,[0. 0. 0.],[0. 0. 0. 1.],5.464760744195486,-2.6182608243041283,"(21, 1)",305220.7594604492,305201.79161658697,-107611934102.70287,1538717.94871795,2.8464999198913574,-2.6182608243041283,107616836210.74762,9718430.30098157,11257148.24969952,9413228.509364983,107617141431.50708,5207328.8042117385,0.18369449220549333,1770934697.440402,1770934697.440402
3.0134293163848582,30,1,107680492805.45203,5388164.425099722,5693798.969866687,107680798460.38919,7232516.918584636,1647948.9951323513,-94.2041015625,-93.40850067138672,-0.9032999873161316,0.9099000096321106,[0. 0. 0.],[0. 0. 0. 1.],5.318561597208403,-2.2602615788978557,"(30, 1)",305655.1732788086,305634.4995743185,-107679150511.4882,1538717.948717949,3.058300018310547,-2.2602615788978557,107680492805.29892,5693798.89072516,7232516.839443109,5388164.3911508415,107680798460.4722,1647948.983999399,0.18517228150749263,1770934697.5036561,1770934697.5036561
3.198414535626743,31,1,107340746363.00937,147756.4896204433,451627.4955077131,107341050255.93416,1990345.4442256617,65198207.565658785,-91.08039855957033,-91.31809997558594,-1.6791000366210938,2.0731000900268555,[0. 0. 0.],[0. 0. 0. 1.],5.403218332373771,-2.182718340003166,"(31, 1)",303892.9318084717,303870.849609375,-107275852048.29083,1538717.9487179485,3.220499992370605,-2.182718340003166,107340746362.99124,451627.4163661859,1990345.3650841345,147756.5667568109,107341050255.92305,65198207.632211536,0.1834838628088165,1770934697.5656254,1770934697.5656254
4.610942284881738,20,2,106659333598.6485,53660396.06810471,53967308.5926251,106726856954.36435,55506026.54134305,55952606.24530561,-85.08979797363281,-85.11139678955078,-7.188799858093262,7.401199817657471,[0. 0. 0.],[0. 0. 0. 1.],5.780256972993651,-1.0323569638383772,"(20, 2)",67523356.16674805,306912.059294872,-106670904348.11119,1538717.9487179518,4.747900009155273,-1.0323569638383772,106659333598.56816,53967308.506109774,55506026.454827726,53660396.4468149,106726856954.73491,55952606.623722956,0.1988505814478403,1770934697.6229045,1770934697.6229045
4.093528777469122,21,2,107875829520.33238,62957826.054817244,63261683.5926251,107876133406.43152,64800401.54134305,62550079.400032215,-92.0644989013672,-92.20719909667967,-4.058700084686279,3.995300054550171,[0. 0. 0.],[0. 0. 0. 1.],6.2983455293594135,-2.089345418733193,"(21, 2)",303886.68745422363,303857.4062249586,-107813583327.29033,1538717.9487179518,4.209000110626221,-2.089345418733193,107875829520.04248,63261683.506109774,64800401.454827726,62957826.099884816,107876133406.72993,62550079.439603366,0.18393248268649778,1770934697.69945,1770934697.69945
4.408399365964288,30,2,107952485738.14433,4715388.949759753,5020129.1054456085,107952790509.15796,6558847.0541635575,4774362.581998112,-85.82039642333984,-85.60790252685547,-5.065400123596191,5.009500026702881,[0. 0. 0.],[0. 0. 0. 1.],5.370857095168491,-0.8022569174035983,"(30, 2)",304771.61895751953,304739.70853365306,-107948016146.66072,1538717.948717949,4.568600177764893,-0.8022569174035983,107952485737.99123,5020129.018930288,6558846.967648237,4715389.310396635,107952790509.61018,4774362.949469151,0.19616574267757222,1770934697.775604,1770934697.775604
5.053088090979013,31,2,107611739944.74013,65691498.65205108,65997444.81057382,107612045926.4255,319752.5028815065,111832.94734534429,-91.36170196533205,-90.89779663085938,-6.269599914550781,5.898900032043457,[0. 0. 0.],[0. 0. 0. 1.],5.909298044654857,-0.8308979096145741,"(31, 2)",305981.7113647461,305945.99797175825,-107611934093.39113,-65677692.30769231,5.078400135040283,-0.8308979096145741,107611739944.722,65997444.724058494,319752.4163661859,65691498.726086736,107612045926.43336,111833.04224258814,0.18346283636239397,1770934697.8365624,1770934697.8365624
6.626988169854636,20,3,106928326707.62285,48272215.78280431,48578550.59258352,106995849496.99837,50117268.541301474,56079497.430156946,-90.34750366210938,-90.28179931640624,-0.1917999982833862,0.4731000065803528,[0. 0. 0.],[0. 0. 0. 1.],8.333480663273496,-1.6421807479597756,"(20, 3)",67522789.57269287,306334.572816506,-106939769999.54408,1538717.9487179518,6.691299915313721,-1.6421807479597756,106928326707.54251,48578550.49328926,50117268.442007214,48272215.920472756,106995849497.1152,56079497.57111378,0.1834282044760029,1770934697.891846,1770934697.891846
5.955361007747949,21,3,108128822981.87083,41571318.562553965,41875209.246429674,108129126911.46664,43413927.195147626,46677932.90773395,-84.25499725341797,-85.09349822998047,2.51449990272522,-2.9941999912261963,[0. 0. 0.],[0. 0. 0. 1.],8.658882207513464,-2.483882016778601,"(21, 3)",303930.52322387695,303890.1930588931,-108082448978.8015,1538717.9487179518,6.175000190734863,-2.483882016778601,108128822981.58093,41875209.147135414,43413927.095853366,41571318.95407652,108129126912.10416,46677933.30265926,0.20012154956686382,1770934697.9550142,1770934697.9550142
5.819349064039849,30,3,108177479896.79817,22546206.19591982,22850906.36181429,108177784635.25397,24389624.310532242,28119247.89213899,-87.47969818115234,-87.50420379638672,1.2664999961853027,-1.8215999603271484,[0. 0. 0.],[0. 0. 0. 1.],8.088195173008208,-2.1299951951334517,"(30, 3)",304738.97297668457,304699.76963140815,-108149665387.43031,1538717.9487179518,5.958199977874756,-2.1299951951334517,108177479896.64507,22850906.26252003,24389624.211237982,22546206.492888622,108177784635.61804,28119248.18772536,0.18817915402264737,1770934698.000585,1770934698.000585
6.757550756274176,31,3,107820734992.81705,306961.8145464844,611795.7848912162,107821039872.15962,2150513.733609165,7456540.227456446,-91.3656997680664,-95.78500366210938,0.4571999907493591,-0.9192000031471252,[0. 0. 0.],[0. 0. 0. 1.],8.413408825323614,-1.6500087475037901,"(31, 3)",304879.21298217773,304833.7809244792,-107813583331.82886,1538717.948717949,6.763400077819824,-1.6500087475037901,107820734992.79892,611795.6855969551,2150513.634314904,306961.90467247594,107821039872.0119,7456540.183042869,0.18457056575901556,1770934698.0507796,1770934698.0507796
4.985652008703545,20,4,107142321074.61003,2176770.8253554907,2480609.8841943564,107209841357.95222,4019327.8329123054,1205720.7585838246,-94.63030242919922,-97.33090209960938,-2.478199958801269,2.8666000366210938,[0. 0. 0.],[0. 0. 0. 1.],5.9957967768636635,-1.0019966135946206,"(20, 4)",67520283.32832336,303838.9861278045,-107208635637.17368,1538717.948717949,4.993800163269043,-1.0019966135946206,107142321074.5297,2480609.7881610575,4019327.7368790065,2176770.802033253,107209841357.85802,1205720.684344952,0.18674984392857694,1770934698.105817,1770934698.105817
4.403585163856716,21,4,108343817428.98622,63692902.85183362,63998157.96111743,108344122713.29488,65536875.90983538,60024507.22610061,-96.82630157470705,-96.50250244140624,0.462799996137619,-0.6398000121116638,[0. 0. 0.],[0. 0. 0. 1.],6.075795992695039,-1.5892962063180862,"(21, 4)",305284.783782959,305255.08000300825,-108284098206.31552,1538717.9487179518,4.486499786376953,-1.5892962063180862,108343817428.69632,63998157.865084134,65536875.813802086,63692902.785081126,108344122713.4801,60024507.16458834,0.18737418021232227,1770934698.167385,1770934698.167385
4.850397002555927,30,4,108421473558.65714,6450265.223532351,6756579.435476408,108421779905.289,8295297.384194357,3248879.91049802,-92.3949966430664,-92.31990051269533,-0.4665000140666961,0.1220000013709068,[0. 0. 0.],[0. 0. 0. 1.],5.940327473034791,-1.0258272365235594,"(30, 4)",306346.90505981445,306314.07126402296,-108418531025.45116,1538717.948717949,4.914500236511231,-1.0258272365235594,108421473558.50403,6756579.339443109,8295297.288161058,6450265.268179086,108421779905.40909,3248879.9579326925,0.1840763634871047,1770934698.2447221,1770934698.2447221
4.712385940866492,31,4,108098728406.27858,18210353.659298968,18514504.114963587,108099032588.59792,20053222.063681535,16583616.348524554,-83.91020202636719,-84.47679901123047,-1.366199970245361,1.555299997329712,[0. 0. 0.],[0. 0. 0. 1.],6.018622700489663,-1.192022625721597,"(31, 4)",304182.62969970703,304149.9837239608,-108082448972.15024,1538717.948717948,4.826600074768066,-1.192022625721597,108098728406.26045,18514504.01893029,20053221.967648238,18210354.03520633,108099032588.89015,16583616.739908854,0.20022858659147,1770934698.3235474,1770934698.3235474
2.18666133132925,20,5,107398347324.61002,66321464.6776199,66626106.90760621,107465868392.85718,948414.5999138966,55583526.96660539,-88.21040344238281,-88.2959976196289,-4.40880012512207,3.9328999519348153,[0. 0. 0.],[0. 0. 0. 1.],3.059692769990478,-0.7065927085738521,"(20, 5)",67521068.55343628,304641.36368189007,-107410284865.57973,-65677692.30769231,2.353100061416626,-0.7065927085738521,107398347324.52968,66626106.583032854,948414.2753405449,66321465.219350964,107465868393.08311,55583527.50338041,0.18591109677841383,1770934698.3690906,1770934698.3690906
1.7611760526837783,21,5,108601810770.33237,62588980.424322,62967044.40760621,108602188846.47293,64505762.35632415,49225001.96726855,-81.59010314941406,-82.3772964477539,-1.4239000082015991,0.8819000124931335,[0. 0. 0.],[0. 0. 0. 1.],2.7001653466200923,-0.7197653803801636,"(21, 5)",378076.90742492676,378063.27624198794,-108552963844.46153,1538717.9487179443,1.9803999662399288,-0.7197653803801636,108601810770.04247,62967044.083032854,64505762.0317508,62588980.806790866,108602188846.94989,49225002.48835637,0.15599079060539928,1770934698.4254782,1770934698.4254782
1.7415802954059447,30,5,108688466619.55457,14345663.50399159,14651571.651195947,108688772539.88094,16190289.599913895,1375876.0185823373,-80.375,-80.0281982421875,-2.1549999713897705,2.1298999786376958,[0. 0. 0.],[0. 0. 0. 1.],3.307452451537286,-1.4931525104743586,"(30, 5)",305920.37886047363,305907.67102363706,-108687396663.64412,1538717.948717948,1.8142999410629272,-1.4931525104743586,108688466619.40146,14651571.326622596,16190289.275340544,14345663.655598959,108688772539.78032,1375876.1361929087,0.06556887615868871,1770934698.5116308,1770934698.5116308
1.6916184606156814,31,5,108364722100.18883,25105975.119260397,25411755.946067743,108365027893.1287,26950473.89478569,13713281.894631952,-81.9884033203125,-81.61959838867188,-3.111500024795532,3.375099897384644,[0. 0. 0.],[0. 0. 0. 1.],2.987940860432817,-1.1883408552829757,"(31, 5)",305792.95623779297,305780.0449469127,-108351314610.84404,1538717.948717948,1.7996000051498413,-1.1883408552829757,108364722100.1707,25411755.62149439,26950473.570212338,25105975.576547477,108365027893.12694,13713282.282902645,0.1479761276176556,1770934698.5896068,1770934698.5896068
3.232014088451576,20,11,107665308173.969,59934118.64741664,60237925.57131931,107732828413.11974,61776643.52003726,53677902.338738225,-83.15699768066406,-83.19200134277344,-2.0768001079559326,1.3251999616622925,[0. 0. 0.],[0. 0. 0. 1.],7.238867807619097,-3.8915677549762746,"(20, 11)",67520239.539505,303806.5435947478,-107679150510.78394,1538717.9487179518,3.3473000526428223,-3.8915677549762746,107665308173.88866,60237925.49328926,61776643.442007214,59934118.949694514,107732828413.42816,53677902.64423077,0.19231971885696775,1770934698.6352828,1770934698.6352828
3.60363937799186,21,11,108883803478.6657,4018122.489722033,4373678.776447514,108884159058.46254,5912396.725165463,62329568.9569031,-92.38990020751952,-92.73079681396484,1.4873000383377075,-1.7973999977111816,[0. 0. 0.],[0. 0. 0. 1.],6.76620379035099,-3.053003698035316,"(21, 11)",355580.3660888672,355556.186773838,-108821829489.77528,1538717.948717949,3.713200092315674,-3.053003698035316,108883803478.3758,4373678.698417468,5912396.647135417,4018122.51164363,108884159058.74188,62329568.96659655,0.18421437362013626,1770934698.7074704,1770934698.7074704
4.891166945896435,21,0,109139796868.08876,61304931.35814675,61611859.79619124,109140103830.33736,63150577.74490919,49408708.00189848,-87.05500030517578,-96.82630157470705,-2.2295000553131104,1.364300012588501,[0. 0. 0.],[0. 0. 0. 1.],8.86107451211785,-3.8569746662316193,"(21, 0)",306962.7184753418,306928.2257862538,-109090695122.6942,1538717.9487179518,5.004099845886231,-3.8569746662316193,109139796867.79886,61611859.788161054,63150577.736879006,61304931.5623748,109140103830.51733,49408707.82314203,0.18376191102675932,1770934698.963405,1770934698.963405
2.825406719869053,20,1,108179294640.31514,31438562.392892685,31804728.457046174,108246877236.61552,33343446.40576412,29995446.473646633,-89.89299774169922,-88.54889678955078,-3.1487998962402344,2.795799970626831,[0. 0. 0.],[0. 0. 0. 1.],5.378421035517765,-2.4772209794417153,"(20, 1)",67582596.59204102,366165.84973457456,-108216881790.1434,1538717.948717948,2.90120005607605,-2.4772209794417153,108179294640.2348,31804728.377904646,33343446.326622594,31438562.52817007,108246877236.82684,29995446.68344351,0.18423321183462707,1770934699.1429622,1770934699.1429622
2.657757544420323,21,1,109379790666.16568,24741187.013981394,25045273.328841045,109380094770.21695,26583991.277558994,20534000.990493387,-90.19270324707033,-88.30390167236328,-0.2560999989509582,-0.0745000019669532,[0. 0. 0.],[0. 0. 0. 1.],5.464760744195486,-2.6520607110076195,"(21, 1)",304104.83335876465,304086.1159104556,-109359560769.49469,1538717.948717948,2.812700033187866,-2.6520607110076195,109379790665.87578,25045273.249699518,26583991.198417466,24741187.133789062,109380094770.70914,20534001.21444311,0.18426236430847728,1770934699.2033932,1770934699.2033932
3.007993636958298,30,1,109443446996.15712,20714123.560558576,21018999.29037951,109443751892.22066,22557717.239097457,16974714.050430078,-95.14080047607422,-94.40799713134766,-0.6937999725341797,0.6528000235557556,[0. 0. 0.],[0. 0. 0. 1.],5.318561597208403,-2.2732615903419475,"(30, 1)",304896.27153015137,304875.707381811,-109426777178.26437,1538717.948717948,3.045300006866455,-2.2732615903419475,109443446996.00401,21018999.211237982,22557717.15995593,20714123.50385617,109443751892.27554,16974714.01116787,0.1859637340735694,1770934699.2665749,1770934699.2665749
3.1245260480926462,31,1,109129703967.176,41475186.628806435,41780040.95704617,109130008842.89781,43318758.905764125,39313717.434127524,-92.6604995727539,-91.82769775390624,-1.9780999422073364,2.0292999744415283,[0. 0. 0.],[0. 0. 0. 1.],5.403218332373771,-2.269318405234489,"(31, 1)",304875.70738220215,304854.23552684486,-109090695125.38603,1538717.9487179518,3.1338999271392822,-2.269318405234489,109129703967.15787,41780040.877904646,43318758.8266226,41475186.6423778,109130008842.86525,39313717.47921675,0.18398877475860076,1770934699.3556116,1770934699.3556116
4.633125297042159,20,2,108458287340.63564,37758051.09560303,38062492.887496896,108525808225.75566,39601210.83621484,40060800.74489017,-84.90499877929688,-84.63289642333984,-7.274499893188477,6.952300071716309,[0. 0. 0.],[0. 0. 0. 1.],5.780256972993651,-1.0095569951188947,"(20, 2)",67520885.5731659,304441.32486979663,-108485747425.00291,1538717.9487179443,4.770699977874756,-1.0095569951188947,108458287340.5553,38062492.800981574,39601210.74969952,37758051.47611178,108525808226.12846,40060801.12555088,0.19988467193009024,1770934699.4218733,1770934699.4218733
4.0725318218832935,21,2,109659783438.60158,32061365.791792795,32365305.387496892,109660087406.65283,33904023.33621484,31661002.870461494,-88.77330017089844,-92.02259826660156,-3.896600008010864,4.116399765014648,[0. 0. 0.],[0. 0. 0. 1.],6.2983455293594135,-2.085045301240517,"(21, 2)",303968.64671325684,303939.30288461596,-109628426404.04123,1538717.948717948,4.2133002281188965,-2.085045301240517,109659783438.31168,32365305.30098157,33904023.24969952,32061365.998096954,109660087406.95839,31661002.917167466,0.18349093383081436,1770934699.4833636,1770934699.4833636
4.353916323551515,30,2,109708440113.14429,13034184.425454127,13338638.720830224,109708744598.00699,14877356.669548173,13101785.139999818,-85.72149658203125,-85.39620208740234,-4.933199882507324,4.879099845886231,[0. 0. 0.],[0. 0. 0. 1.],5.370857095168491,-0.8554571623071627,"(30, 2)",304485.4736328125,304453.844901843,-109695642812.95174,1538717.948717948,4.515399932861328,-0.8554571623071627,109708440112.99118,13338638.634314904,14877356.583032852,13034184.789413061,109708744598.46481,13101785.513070913,0.1969124170049351,1770934699.5315216,1770934699.5315216
5.052598975288529,31,2,109357698406.27855,64012558.91322485,64318574.61826612,109358004457.47958,65857292.56698407,65660107.45036245,-90.40139770507812,-90.53089904785156,-6.018199920654297,6.004199981689453,[0. 0. 0.],[0. 0. 0. 1.],5.909298044654857,-0.8220978798599354,"(31, 2)",306051.24449157715,306015.49979967624,-109292344349.94218,1538717.9487179518,5.087200164794922,-0.8220978798599354,109357698406.26042,64318574.5317508,65857292.48046875,64012559.03195112,109358004457.50491,65660107.56272536,0.18340389516804914,1770934699.5827212,1770934699.5827212
6.604798950376315,20,3,108657282388.71255,29600437.454251528,29906579.43873737,108724804985.13333,31445297.387455318,37408318.99239306,-90.69170379638672,-90.4884033203125,-0.786899983882904,0.268200010061264,[0. 0. 0.],[0. 0. 0. 1.],8.333480663273496,-1.668480701420469,"(20, 3)",67522596.60769653,306141.7643229179,-108687396666.11682,1538717.948717948,6.664999961853027,-1.668480701420469,108657282388.63222,29906579.33944311,31445297.288161058,29600437.575120192,108724804985.23991,37408319.12309696,0.1833954792887948,1770934699.628469,1770934699.628469
5.930634511042626,21,3,109864778142.12721,29904468.442564216,30208350.272070702,109865082062.70985,31747068.22078865,35006417.51562162,-84.44259643554688,-85.17900085449219,2.4138998985290527,-2.784600019454956,[0. 0. 0.],[0. 0. 0. 1.],8.658882207513464,-2.508282251001013,"(21, 3)",303921.5087890625,303881.33513621613,-109830075645.43681,1538717.948717948,6.150599956512451,-2.508282251001013,109864778141.83731,30208350.172776442,31747068.12149439,29904468.837640226,109865082063.3461,35006417.909279846,0.19981489718414433,1770934699.6883109,1770934699.6883109
5.855652473062393,30,3,109913434784.61865,10877376.923981795,11182508.925916858,109913739955.10233,12721226.874634806,16447900.823470466,-87.94869995117188,-87.927001953125,1.4426000118255615,-2.276099920272827,[0. 0. 0.],[0. 0. 0. 1.],8.088195173008208,-2.101295320255522,"(30, 3)",305170.9766845703,305131.63248697855,-109897292054.34735,1538717.948717948,5.9868998527526855,-2.101295320255522,109913434784.46555,11182508.826622596,12721226.775340544,10877377.194135617,109913739955.44223,16447901.094876803,0.18674896838179184,1770934699.7366045,1770934699.7366045
6.370634395630085,31,3,109555693718.77855,54856513.135099374,55162653.15668609,109555999901.65071,56701371.105404034,62006313.605680756,-95.67610168457033,-102.44580078125,0.460999995470047,-0.9713000059127808,[0. 0. 0.],[0. 0. 0. 1.],8.413408825323614,-2.067108700201544,"(31, 3)",306182.6735229492,306139.9645683095,-109493993587.94173,1538717.9487179443,6.34630012512207,-2.067108700201544,109555693718.76042,55162653.05739183,56701371.006109774,54856513.09282352,109555999901.43394,62006313.49221254,0.1881050375248432,1770934699.7866828,1770934699.7866828
4.977423785370027,20,4,108812060145.1228,58717393.76105402,59021282.96111743,108879580478.55762,60560000.90983538,57750995.24146959,-95.38510131835938,-98.3156967163086,-2.7249999046325684,2.6319000720977783,[0. 0. 0.],[0. 0. 0. 1.],5.9957967768636635,-1.01459655866298,"(20, 4)",67520333.40846252,303889.1445062086,-108821829483.29617,1538717.9487179518,4.981200218200684,-1.01459655866298,108812060145.04247,59021282.865084134,60560000.813802086,58717393.720577925,108879580478.45093,57750995.1547476,0.1873383723242778,1770934699.8428323,1770934699.8428323
4.330815533980596,21,4,110079772589.24258,52022250.3620826,52327476.87137384,110080077844.48738,53866194.82009179,48352971.861530766,-96.32420349121094,-96.39969635009766,0.7635999917984009,-0.6491000056266785,[0. 0. 0.],[0. 0. 0. 1.],6.075795992695039,-1.6605957592355667,"(21, 4)",305255.7216644287,305226.47172976285,-110031724872.87259,1538717.9487179518,4.415200233459473,-1.6605957592355667,110079772588.95268,52327476.77534054,53866194.724058494,52022250.30361078,110080077844.67435,48352971.80175781,0.18717088367751336,1770934699.9058106,1770934699.9058106
4.784128621949167,30,4,110169428133.97762,6777317.043539736,7082653.153425126,110169733502.19547,8621371.102143075,3575810.807641234,-92.13520050048828,-92.6176986694336,-0.6909999847412109,0.368800014257431,[0. 0. 0.],[0. 0. 0. 1.],5.940327473034791,-1.0922272876405037,"(30, 4)",305368.4801940918,305335.9594100565,-110166157691.46048,1538717.948717949,4.848100185394287,-1.0922272876405037,110169428133.82451,7082653.057391827,8621371.006109776,6777317.0979817705,110169733502.3047,3575810.844225761,0.1840847557821861,1770934699.9924836,1770934699.9924836
4.725909691137889,31,4,109847686947.9452,19539493.66419257,19843879.114963587,109847991365.37189,21382597.063681535,17915726.56540806,-83.78459930419922,-83.9845962524414,-1.7099000215530396,1.5300999879837036,[0. 0. 0.],[0. 0. 0. 1.],6.018622700489663,-1.1812227409254543,"(31, 4)",304417.724609375,304384.984725561,-109830075638.70732,1538717.948717948,4.837399959564209,-1.1812227409254543,109847686947.92708,19843879.01893029,21382596.967648238,19539494.03420473,109847991365.65169,17915726.94436098,0.19928954712632468,1770934700.0725787,1770934700.0725787
2.1818474106092736,20,5,109081053398.32793,1393377.3090350507,1697477.0999138965,109148573924.12033,3236195.048631845,57878801.91342778,-88.0906982421875,-88.41560363769531,-4.599800109863281,4.149899959564209,[0. 0. 0.],[0. 0. 0. 1.],3.059692769990478,-0.7113927898269039,"(20, 5)",67520526.0917511,304098.917643229,-109090695121.89606,1538717.9487179487,2.348299980163574,-0.7113927898269039,109081053398.24759,1697476.7753405448,3236194.7240584935,1393377.8576973157,109148573924.33934,57878802.44328425,0.18591810791384675,1770934700.1176302,1770934700.1176302
1.7610441018497622,21,5,110350765586.03746,63915133.16189096,64290417.8050421,110351140882.8264,65829135.753760055,50550371.62279952,-81.57710266113281,-82.3667984008789,-1.3288999795913696,1.1641000509262085,[0. 0. 0.],[0. 0. 0. 1.],2.7001653466200923,-0.7205653939223384,"(21, 5)",375297.55421447754,375283.93867688626,-110300590511.15947,1538717.9487179518,1.979599952697754,-0.7205653939223384,110350765585.74756,64290417.48046875,65829135.4291867,63915133.541791864,110351140883.30177,50550372.142302684,0.15544208171922708,1770934700.1744306,1770934700.1744306
1.7611073548941174,30,5,110415421731.73402,60886851.43810177,61192669.40760621,110415727562.0004,62731387.35632415,47920641.66522675,-80.56430053710938,-80.16449737548828,-2.021899938583374,2.111299991607666,[0. 0. 0.],[0. 0. 0. 1.],3.307452451537286,-1.467852484534417,"(30, 5)",305830.3285217285,305817.4641927108,-110367806920.11694,1538717.9487179443,1.8395999670028689,-1.467852484534417,110415421731.58092,61192669.083032854,62731387.0317508,60886851.61884014,110415727561.90944,47920641.792492986,0.06882389966110292,1770934700.2386837,1770934700.2386837
1.6679726928862155,31,5,110074681571.34264,54649718.797293805,54955513.958888255,110074987378.47508,56494231.90760621,43262510.90906091,-81.41339874267578,-82.34030151367188,-3.078000068664551,3.458899974822998,[0. 0. 0.],[0. 0. 0. 1.],2.987940860432817,-1.209440899533464,"(31, 5)",305807.27601623535,305794.4899338931,-110031724867.176,1538717.9487179518,1.778499960899353,-1.209440899533464,110074681571.32451,54955513.6343149,56494231.583032854,54649719.14438101,110074987378.60052,43262511.42452925,0.1505730069115152,1770934700.2997918,1770934700.2997918
3.2370553282279153,20,11,109325047500.89203,39260486.19946453,39564391.91747316,109392567838.86755,41103109.866191104,33007071.660680912,-82.81680297851562,-83.08180236816406,-1.6912000179290771,1.1324000358581543,[0. 0. 0.],[0. 0. 0. 1.],7.238867807619097,-3.893467712633135,"(20, 11)",67520338.35386658,303905.373597756,-109359560767.20981,1538717.9487179443,3.345400094985962,-3.893467712633135,109325047500.81169,39564391.83944311,41103109.788161054,39260486.465845354,109392567839.16556,33007071.955754206,0.1882032894155799,1770934700.355861,1770934700.355861
3.6383015380214334,21,11,110577759728.66565,17566784.414233495,17921964.032857772,110578114932.02266,19460681.98157572,8658775.834743755,-92.05509948730467,-92.46620178222656,1.4500000476837158,-1.631600022315979,[0. 0. 0.],[0. 0. 0. 1.],6.76620379035099,-3.015003829642372,"(21, 11)",355203.9356842041,355179.5059595369,-110569456156.45757,1538717.948717948,3.751199960708618,-3.015003829642372,110577759728.37575,17921963.954827726,19460681.903545674,17566784.44886819,110578114932.31143,8658775.853866186,0.18400923386889906,1770934700.4015439,1770934700.4015439
5.393597536695612,21,0,110806753815.20412,47848745.07905628,48154552.10388355,110807059658.78157,49693270.052601494,35954276.984133676,-86.6344985961914,-87.07569885253906,-1.975299954414368,1.705199956893921,[0. 0. 0.],[0. 0. 0. 1.],8.86107451211785,-3.2941747356591105,"(21, 0)",305844.42921447754,305806.79086538404,-110771105382.15617,1538717.9487179443,5.56689977645874,-3.2941747356591105,110806753814.91422,48154552.095853366,49693270.04457131,47848745.30498798,110807059659.34343,35954277.1872496,0.19072951659060947,1770934700.6317244,1770934700.6317244
2.8793460975997553,20,1,109793035153.1356,31980102.63756235,32352100.25191797,109860623581.28839,33890818.20063592,30547944.679707173,-89.58090209960938,-88.6500015258789,-3.100300073623657,2.901000022888184,[0. 0. 0.],[0. 0. 0. 1.],5.378421035517765,-2.4216210515394936,"(20, 1)",67588428.43862915,371997.38331330195,-109830075636.61021,1538717.948717948,2.9567999839782715,-2.4216210515394936,109793035153.05527,32352100.172776442,33890818.12149439,31980102.78946314,109860623581.4939,30547944.8836889,0.1843364869438406,1770934700.8302479,1770934700.8302479
2.707443802155403,21,1,111062747196.61436,27287616.35362082,27592140.316020533,111063051738.61996,29130858.26473848,23080712.85807536,-89.41510009765625,-88.9114990234375,-0.035300001502037,-0.2989000082015991,[0. 0. 0.],[0. 0. 0. 1.],5.464760744195486,-2.6014606591277367,"(21, 1)",304542.7527770996,304523.7223307304,-111039971026.03012,1538717.948717948,2.863300085067749,-2.6014606591277367,111062747196.32446,27592140.236879006,29130858.185596954,27287616.514548276,111063051739.07724,23080713.0471254,0.18425000283028348,1770934700.8863168,1770934700.8863168
3.0593717806838345,30,1,111126403254.16989,23258627.80469126,23563927.174994893,111126708574.16745,25102645.12371284,19521139.336600408,-96.23770141601562,-102.3949966430664,-0.7785000205039978,0.6211000084877014,[0. 0. 0.],[0. 0. 0. 1.],5.318561597208403,-2.240061564783476,"(30, 1)",305320.1059265137,305299.36961638555,-111107187434.92499,1538717.948717948,3.0785000324249268,-2.240061564783476,111126403254.01678,23563927.095853366,25102645.044571314,23258627.72623698,111126708574.12271,19521139.197716348,0.18834597725004087,1770934700.949604,1770934700.949604
3.1831324389816813,31,1,110784664752.43236,16022465.94571873,16327981.66217438,110784970289.97195,17866699.61089233,13864908.285851328,-91.41380310058594,-91.6624984741211,-1.7489999532699585,1.8039000034332275,[0. 0. 0.],[0. 0. 0. 1.],5.403218332373771,-2.2024183903571695,"(31, 1)",305537.5319366455,305515.574919872,-110771105381.60844,1538717.94871795,3.2007999420166016,-2.2024183903571695,110784664752.41423,16327981.583032852,17866699.531750802,16022466.00811298,110784970289.94617,13864908.337715345,0.18361028419894507,1770934701.0096638,1770934701.0096638
4.616758696466212,20,2,110034028975.25099,293946.1159449361,599608.2721122757,110101551080.6347,2138326.2208302245,2609809.4701237194,-84.08100128173828,-83.96929931640625,-7.38070011138916,7.098499774932861,[0. 0. 0.],[0. 0. 0. 1.],5.780256972993651,-1.0295569760454084,"(20, 2)",67522105.82243347,305661.6993439503,-110098941271.15672,1538717.948717949,4.750699996948242,-1.0295569760454084,110034028975.17065,599608.1855969551,2138326.134314904,293946.4862530048,110101551080.99309,2609809.836363181,0.19984878683644003,1770934701.064852,1770934701.064852
4.062582834359207,21,2,111302741002.7041,61818351.23499913,62122420.77211228,111303045100.59999,63661138.720830224,61424850.507302076,-91.220703125,-91.18620300292967,-4.197400093078613,4.085700035095215,[0. 0. 0.],[0. 0. 0. 1.],6.2983455293594135,-2.1086454027114643,"(21, 2)",304098.5263977051,304069.37036759406,-111241620250.35153,1538717.9487179443,4.189700126647949,-2.1086454027114643,111302741002.4142,62122420.68559696,63661138.6343149,61818351.315229364,111303045100.9406,61424850.58906751,0.18348561493974092,1770934701.1263437,1770934701.1263437
4.2987720122032345,30,2,111366397012.18271,57788817.32478465,58095521.73365074,111366703746.84888,59634239.68236869,57867088.06283126,-86.54170227050781,-86.30919647216797,-5.1128997802734375,5.248000144958496,[0. 0. 0.],[0. 0. 0. 1.],5.370857095168491,-0.9203570837243991,"(30, 2)",306735.2451477051,306703.99201221764,-111308836658.8708,1538717.9487179518,4.450500011444092,-0.9203570837243991,111366397012.0296,58095521.647135414,59634239.595853366,57788817.6551232,111366703747.27475,57867088.40394631,0.1926867146842178,1770934701.1895192,1770934701.1895192
5.048815686364515,31,2,111025659039.29134,51552670.68469424,51856675.579804584,111025963079.69498,53395393.528522536,53208473.50593384,-91.03589630126952,-90.81620025634766,-6.325500011444092,5.95580005645752,[0. 0. 0.],[0. 0. 0. 1.],5.909298044654857,-0.8323980393142811,"(31, 2)",304040.4334411621,304004.7200520858,-110972754606.102,1538717.9487179518,5.076900005340576,-0.8323980393142811,111025659039.27321,51856675.49328926,53395393.442007214,51552670.773237176,111025963079.70665,53208473.60464243,0.1834195880518295,1770934701.25072,1770934701.25072
6.5465872434370596,20,3,110275022805.37918,34146231.07105132,34450722.0669425,110342543750.45021,35989440.01566044,41953238.29631137,-90.43659973144533,-90.0875015258789,-0.607200026512146,0.4284000098705292,[0. 0. 0.],[0. 0. 0. 1.],8.333480663273496,-1.721780605290098,"(20, 3)",67520945.27807617,304490.7633463517,-110300590512.12978,1538717.9487179443,6.611700057983398,-1.721780605290098,110275022805.29884,34450721.96764824,35989439.91636618,34146231.204301886,110342543750.57692,41953238.447140425,0.18344132848058622,1770934701.3057954,1770934701.3057954
5.949844154969318,21,3,111543734776.74255,28455343.872713014,28759664.374634806,111544039136.11842,30298382.323352754,33553234.4826775,-84.6227035522461,-84.9738998413086,2.5815999507904053,-2.9251999855041504,[0. 0. 0.],[0. 0. 0. 1.],8.658882207513464,-2.488382405877722,"(21, 3)",304360.30461120605,304320.00575921685,-111510485901.87833,1538717.948717948,6.170499801635742,-2.488382405877722,111543734776.45265,28759664.275340546,30298382.224058494,28455344.26958133,111544039136.75726,33553234.87893129,0.19981604877958936,1770934701.3672931,1770934701.3672931
5.869082906711368,30,3,111606390770.19553,23425984.30916293,23733093.86181429,111606697918.34692,25271811.810532242,28995607.814365283,-88.28820037841797,-87.98699951171875,1.2376999855041504,-1.924999952316284,[0. 0. 0.],[0. 0. 0. 1.],8.088195173008208,-2.091295091373686,"(30, 3)",307148.64094543457,307109.20284955576,-111577702310.60106,1538717.9487179518,5.9969000816345215,-2.091295091373686,111606390770.04242,23733093.76252003,25271811.711237982,23425984.559670474,111606697918.68336,28995608.08230669,0.18620826647090463,1770934701.4295647,1770934701.4295647
7.251249807936856,31,3,111265653358.20158,17190552.568161204,17496723.6695066,111265959577.41667,19035441.61822455,24339319.621951763,-91.94450378417967,-91.09539794921876,0.4144000113010406,-0.8185999989509583,[0. 0. 0.],[0. 0. 0. 1.],8.413408825323614,-1.1380086635804503,"(31, 3)",306219.2320251465,306170.93599759415,-111241620257.69142,1538717.9487179518,7.275400161743164,-1.1380086635804503,111265653358.18346,17496723.570212338,19035441.51893029,17190552.634214744,111265959577.41548,24339319.724058494,0.18359417871047418,1770934701.490541,1770934701.490541
4.945230866186925,20,4,110515016651.53302,14042719.084047299,14346547.384194357,110582536923.85602,15885265.332912305,13080773.888877865,-98.90689849853516,-98.4561996459961,-2.697999954223633,2.185800075531006,[0. 0. 0.],[0. 0. 0. 1.],5.9957967768636635,-1.0548969279256752,"(20, 4)",67520272.2950592,303828.2971504405,-110569456149.94716,1538717.948717948,4.940899848937988,-1.0548969279256752,110515016651.45268,14346547.288161058,15885265.236879006,14042718.991010617,110582536923.74774,13080773.80058093,0.18853124756757625,1770934701.545851,1770934701.545851
4.429716782622055,21,4,111782728606.87076,7352431.369145293,7657076.230348203,111783033281.072,9195794.179066151,3681741.497834901,-96.2499008178711,-97.10099792480467,0.6136999726295471,-0.7264000177383423,[0. 0. 0.],[0. 0. 0. 1.],6.075795992695039,-1.56319604762668,"(21, 4)",304674.6669616699,304644.8223407455,-111779351539.8209,1538717.948717948,4.512599945068359,-1.56319604762668,111782728606.58086,7657076.134314904,9195794.083032852,7352431.3119741585,111783033281.24782,3681741.426908053,0.18736968634239518,1770934701.6063366,1770934701.6063366
4.816239337331146,30,4,111846384528.20834,3322632.436236204,3629191.6149635874,111846691119.6664,5167909.563681536,123171.64925872453,-91.67960357666016,-93.13059997558594,-0.3556999862194061,0.6984000205993652,[0. 0. 0.],[0. 0. 0. 1.],5.940327473034791,-1.060027428021363,"(30, 4)",306591.7029724121,306559.010041066,-111846567948.08978,1538717.9487179485,4.880300045013428,-1.060027428021363,111846384528.05524,3629191.5189302885,5167909.467648237,3322632.5088892225,111846691119.75821,123171.66841947116,0.18406797811012046,1770934701.669494,1770934701.669494
4.725486332588409,31,4,111506647645.06055,65303738.84311176,65608462.44829692,111506952400.6548,67147180.39701487,63682915.7727719,-83.86750030517578,-84.75980377197266,-1.6744999885559082,1.4071999788284302,[0. 0. 0.],[0. 0. 0. 1.],6.018622700489663,-1.1789224784742824,"(31, 4)",304755.90632629395,304723.13514122367,-111443269484.78288,1538717.9487179443,4.839700222015381,-1.1789224784742824,111506647645.04242,65608462.35226362,67147180.30098157,65303739.2171224,111506952400.94875,63682916.165865384,0.20035096398901087,1770934701.7316134,1770934701.7316134
2.1799044641426195,20,5,110756010473.6484,63149430.89242342,63453662.99734979,110823531131.7486,64992380.94606774,52425753.16276813,-88.2123031616211,-88.4561996459961,-4.541999816894531,4.099599838256836,[0. 0. 0.],[0. 0. 0. 1.],3.059692769990478,-0.7146927413802491,"(20, 5)",67520658.39718628,304231.2387319654,-110771105378.27498,1538717.9487179518,2.345000028610229,-0.7146927413802491,110756010473.56807,63453662.67277644,64992380.62149439,63149431.43404447,110823531131.96526,52425753.69027945,0.1857217592229373,1770934701.7868052,1770934701.7868052
1.8209259221656704,21,5,112023722380.90921,56459753.144851826,56832372.93324723,112024095013.1341,58371090.88196518,43094245.082089335,-81.75260162353516,-82.09880065917969,-1.301900029182434,0.8827999830245972,[0. 0. 0.],[0. 0. 0. 1.],2.7001653466200923,-0.6619654450392818,"(21, 5)",372632.94708251953,372619.0498547703,-111981000768.00787,1538717.9487179518,2.0381999015808105,-0.6619654450392818,112023722380.61931,56832372.60867388,58371090.55739183,56459753.55881911,112024095013.56639,43094245.55851863,0.1539533951193348,1770934701.8499606,1770934701.8499606
1.7441201468933214,30,5,112109377693.27243,7212548.052685107,7518478.702477999,112109683636.08415,9057196.651195947,61466459.22921435,-80.56430053710938,-80.67259979248047,-2.160599946975708,1.9874000549316408,[0. 0. 0.],[0. 0. 0. 1.],3.307452451537286,-1.4740524404746638,"(30, 5)",305942.94622802734,305930.14448116906,-112048217176.63672,1538717.948717949,1.833400011062622,-1.4740524404746638,112109377693.11932,7518478.377904647,9057196.326622596,7212548.233423478,112109683636.06555,61466459.42883614,0.07946107747951069,1770934701.9324834,1770934701.9324834
1.6644118970555724,31,5,111785641034.48363,17977033.32282952,18282797.61273441,111785946810.7392,19821515.56145236,6595276.600450108,-82.01789855957031,-81.78929901123047,-3.240000009536743,3.399300098419189,[0. 0. 0.],[0. 0. 0. 1.],2.987940860432817,-1.20994086329384,"(31, 5)",305776.3045806885,305763.502854567,-111779351533.74872,1538717.948717948,1.777999997138977,-1.20994086329384,111785641034.4655,18282797.288161058,19821515.236879006,17977033.78530649,111785946810.77008,6595277.0213591745,0.15299470009223803,1770934702.0104976,1770934702.0104976
3.2485172506057607,20,11,111019017404.73814,52817486.300617635,53121363.07131931,111086537713.849,54660081.02003726,46566690.26322444,-82.38890075683594,-82.98699951171875,-1.910099983215332,0.9210000038146972,[0. 0. 0.],[0. 0. 0. 1.],7.238867807619097,-3.8920677187366506,"(20, 11)",67520309.47953796,303876.4836237952,-111039971023.58871,1538717.9487179518,3.3468000888824463,-3.8920677187366506,111019017404.6578,53121362.99328926,54660080.942007214,52817486.50966547,111086537714.13734,46566690.5486278,0.1818317354176569,1770934702.0564227,1770934702.0564227
3.6696811900778137,21,11,112289715513.92203,49115006.30133602,49469816.596960336,112290070348.13353,51008534.54567829,40203935.394560516,-91.247802734375,-92.25090026855467,1.603700041770935,-1.7350000143051147,[0. 0. 0.],[0. 0. 0. 1.],6.76620379035099,-2.9774037892065808,"(21, 11)",354834.79817199707,354810.1493639797,-112249866413.00862,1538717.9487179518,3.788800001144409,-2.9774037892065808,112289715513.63213,49469816.518930286,51008534.46764824,49115006.36956631,112290070348.4303,40203935.421674676,0.18369741997195557,1770934702.1133776,1770934702.1133776
5.375448565630197,21,0,112530709287.96048,24174572.63233033,24478895.052601498,112531013646.8436,26017613.001319446,12281598.551689321,-87.4198989868164,-87.24669647216797,-1.7591999769210815,1.208799958229065,[0. 0. 0.],[0. 0. 0. 1.],8.86107451211785,-3.3199744869408487,"(21, 0)",304359.7255554199,304322.2280649021,-112518732048.65063,1538717.948717948,5.541100025177002,-3.3199744869408487,112530709287.67058,24478895.044571314,26017612.993289262,24174572.816506412,112531013647.39613,12281598.745492788,0.18876021843174623,1770934702.3543642,1770934702.3543642
2.7999543748940527,20,1,111528990657.94325,20303656.86302264,20681675.57243079,111596585106.72086,22220393.521148738,18882803.617685404,-89.4303970336914,-88.77989959716797,-3.15149998664856,2.974600076675415,[0. 0. 0.],[0. 0. 0. 1.],5.378421035517765,-2.500920978297306,"(20, 1)",67594449.05599976,378018.47017728165,-111577702303.10469,1538717.948717948,2.877500057220459,-2.500920978297306,111528990657.86292,20681675.493289262,22220393.44200721,20303657.02311198,111596585106.91891,18882803.814227764,0.18433319738096032,1770934702.5599139,1770934702.5599139
2.6774897075973554,21,1,112796702412.96048,13616322.063866658,13919992.880123097,112797006101.66026,15458710.828841047,9408409.435195997,-89.70149993896484,-88.3136978149414,-0.3547999858856201,-0.2504999935626983,[0. 0. 0.],[0. 0. 0. 1.],5.464760744195486,-2.628660642724538,"(21, 1)",303689.4812927246,303670.591696715,-112787597692.49329,1538717.94871795,2.8361001014709477,-2.628660642724538,112796702412.67058,13919992.80098157,15458710.74969952,13616322.209284855,112797006102.15187,9408409.658578726,0.1845353952040002,1770934702.6202724,1770934702.6202724
3.0138369299027628,30,1,112845358550.64421,61802148.91019492,62107492.8801231,112845663914.99657,63646210.828841045,58066224.05285068,-95.56990051269533,-93.57749938964844,-0.6146000027656555,0.7542999982833862,[0. 0. 0.],[0. 0. 0. 1.],5.318561597208403,-2.2653615907234173,"(30, 1)",305364.58334350586,305343.9565805346,-112787597691.03786,1538717.9487179443,3.0532000064849854,-2.2653615907234173,112845358550.4911,62107492.800981574,63646210.74969952,61802148.84440104,112845663915.07445,58066224.036583535,0.1857222614638654,1770934702.6709895,1770934702.6709895
3.212772336063211,31,1,112503624015.25284,54568091.054953195,54872108.264738485,112503928054.47144,56410826.21345643,52412416.328181244,-91.7791976928711,-91.25550079345705,-1.794600009918213,2.010699987411499,[0. 0. 0.],[0. 0. 0. 1.],5.403218332373771,-2.172418418967399,"(31, 1)",304039.2283782959,304017.08358373493,-112451515638.0656,1538717.9487179443,3.230799913406372,-2.172418418967399,112503624015.23471,54872108.18559696,56410826.1343149,54568091.10201322,112503928054.46309,52412416.39748598,0.18359856248114328,1770934702.7353504,1770934702.7353504
4.640220960397833,20,2,111759984736.46889,45826970.185657896,46133863.079804584,111827508072.74025,47672581.028522536,48156545.087197915,-84.18579864501953,-84.06909942626953,-7.362100124359131,6.952300071716309,[0. 0. 0.],[0. 0. 0. 1.],5.780256972993651,-1.0050570828569318,"(20, 2)",67523336.71374512,306892.434144631,-111779351527.64519,1538717.9487179518,4.775199890136719,-1.0050570828569318,111759984736.38855,46133862.99328926,47672580.942007214,45826970.55914463,111827508073.1023,48156545.45710637,0.20012082406169862,1770934702.7907994,1770934702.7907994
4.048511449223892,21,2,113028696427.38354,40140032.752319865,40446699.61826612,113029003122.5531,41985417.56698407,39756205.93465916,-89.90440368652344,-92.14949798583984,-3.88919997215271,4.320400238037109,[0. 0. 0.],[0. 0. 0. 1.],6.2983455293594135,-2.119145356935097,"(21, 2)",306695.76008605957,306666.6353665814,-112989246916.87729,1538717.9487179518,4.179200172424316,-2.119145356935097,113028696427.09364,40446699.5317508,41985417.48046875,40140032.89638422,113029003122.85373,39756205.9764373,0.1834131828695861,1770934702.852475,1770934702.852475
4.28654226471069,30,2,113092352124.36215,36108505.41199036,36412837.438778944,113092656486.49986,37951555.387496896,36193160.78114377,-86.38189697265625,-86.35299682617188,-5.114799976348877,5.16510009765625,[0. 0. 0.],[0. 0. 0. 1.],5.370857095168491,-0.9317573065027185,"(30, 2)",304362.7147216797,304331.60243890435,-113056463325.80348,1538717.9487179518,4.439099788665772,-0.9317573065027185,113092352124.20905,36412837.35226362,37951555.300981574,36108505.74982472,113092656486.92377,36193161.12029247,0.1929580183014995,1770934702.9155784,1770934702.9155784
5.031844545202918,31,2,112684401731.59898,29874478.144605715,30180361.477240484,112684707650.36612,31719079.425958432,31542787.90771871,-90.81620025634766,-91.12920379638672,-6.004199981689453,5.795599937438965,[0. 0. 0.],[0. 0. 0. 1.],5.909298044654857,-0.8499980988235585,"(31, 2)",305918.78254699707,305883.1474108584,-112653164862.37137,1538717.948717948,5.059299945831299,-0.8499980988235585,112684401731.58086,30180361.390725162,31719079.33944311,29874478.243314303,112684707650.3634,31542787.99203726,0.18342765630884172,1770934702.9766045,1770934702.9766045
6.599876859118304,20,3,112000978558.58427,12474537.649205048,12779271.746429678,112068499747.09377,14317989.695147628,20282568.179344848,-90.56719970703124,-91.4582977294922,-0.3677999973297119,0.2392999976873397,[0. 0. 0.],[0. 0. 0. 1.],8.333480663273496,-1.679180450413389,"(20, 3)",67521188.65184021,304733.8710687086,-112048217178.8903,1538717.94871795,6.654300212860107,-1.679180450413389,112000978558.50394,12779271.647135416,14317989.595853366,12474537.776066707,112068499747.15578,20282568.26547476,0.18343157422674905,1770934703.0318344,1770934703.0318344
5.955533493703712,21,3,113268690225.46046,5788745.799991585,6095489.695147626,113268997008.24532,7634207.643865575,10884439.864690429,-84.65910339355469,-85.00330352783203,2.470700025558472,-3.226999998092652,[0. 0. 0.],[0. 0. 0. 1.],8.658882207513464,-2.482682294488562,"(21, 3)",306783.7133178711,306743.39881310053,-113258112568.62321,1538717.948717949,6.176199913024902,-2.482682294488562,113268690225.17056,6095489.595853365,7634207.544571314,5788746.1970402645,113268997008.88388,10884440.260667067,0.19973013946224855,1770934703.0923202,1770934703.0923202
5.824736290999628,30,3,113317346275.00317,53974148.71573811,54279263.73360916,113317651428.30582,55817981.682327114,59538861.25348963,-88.2843017578125,-87.70189666748047,1.5776000022888184,-1.8876999616622925,[0. 0. 0.],[0. 0. 0. 1.],8.088195173008208,-2.133195249302153,"(30, 3)",305153.80859375,305114.66784355044,-113258112567.12082,1538717.9487179518,5.954999923706055,-2.133195249302153,113317346274.85007,54279263.6343149,55817981.583032854,53974148.96647135,113317651428.65866,59538861.53783554,0.18661921103149037,1770934703.140527,1770934703.140527
6.3022105481938215,31,3,112893396779.6759,31741179.84110695,32047364.695147626,112893703006.31981,33586082.64386557,38888902.41823181,-106.42520141601562,-99.72599792480467,0.4776999950408935,-0.7590000033378601,[0. 0. 0.],[0. 0. 0. 1.],8.413408825323614,-2.1454086994386046,"(31, 3)",306226.4623413086,306184.8801832944,-112854814103.79828,1538717.9487179443,6.26800012588501,-2.1454086994386046,112893396779.65778,32047364.595853366,33586082.54457131,31741179.71567007,112893703006.12012,38888902.32183994,0.18970411457083924,1770934703.1911147,1770934703.1911147
4.351342341109496,21,4,113709678831.22969,52244114.14546191,52549984.88419435,113709984730.84056,54088702.8329123,48573704.368635505,-95.71929931640624,-96.82630157470705,0.902400016784668,-0.9154000282287598,[0. 0. 0.],[0. 0. 0. 1.],6.075795992695039,-1.639396056019014,"(21, 4)",305900.0807495117,305870.6899789646,-113661411026.71866,1538717.9487179518,4.436399936676025,-1.639396056019014,113709678830.93979,52549984.788161054,54088702.736879006,52244114.09818209,113709984731.02054,48573704.30188301,0.18708434330675264,1770934703.5357933,1770934703.5357933
4.780666736082626,30,4,113805333574.68265,12994835.722715994,13300730.07650205,113805639501.09052,14839448.025219997,9795655.700123543,-92.36479949951172,-93.0771026611328,-0.4776999950408935,0.2215999960899353,[0. 0. 0.],[0. 0. 0. 1.],5.940327473034791,-1.0993273929261482,"(30, 4)",305926.65452575684,305894.211989183,-113795843845.46304,1538717.948717948,4.841000080108643,-1.0993273929261482,113805333574.52954,13300729.98046875,14839447.929186698,12994835.768479567,113805639501.18407,9795655.721028646,0.18432206829036563,1770934703.628535,1770934703.628535
4.702456397312489,31,4,113416384359.8041,25761476.128996942,26066194.82009179,113416689110.24998,27604912.76880974,24143727.525201343,-84.3656005859375,-84.60250091552734,-1.692199945449829,1.4277000427246094,[0. 0. 0.],[0. 0. 0. 1.],6.018622700489663,-1.199722592152261,"(31, 4)",304750.75746154785,304718.2053786069,-113392545382.62563,1538717.948717948,4.818900108337402,-1.199722592152261,113416384359.78596,26066194.724058494,27604912.672776442,25761476.518679887,113416689110.54343,24143727.917793468,0.20034223302837728,1770934703.7100883,1770934703.7100883
2.184580123174697,20,5,112733959752.4945,24597963.27016882,24902180.625554923,112801480395.85155,26440898.57427287,13882709.448263304,-88.06639862060547,-88.98909759521484,-4.382800102233887,3.832299947738648,[0. 0. 0.],[0. 0. 0. 1.],3.059692769990478,-0.7133928832869869,"(20, 5)",67520643.62355042,304216.4807441905,-112787597686.09244,1538717.948717948,2.346299886703491,-0.7133928832869869,112733959752.41417,24902180.30098157,26440898.249699518,24597963.82023738,112801480396.03772,13882709.94528746,0.18534469580114088,1770934703.764809,1770934703.764809
1.7724769416943964,21,5,114002671259.11429,18914063.575411808,19283534.79222159,114003040742.47192,20822252.74093954,5547666.852846521,-82.08419799804688,-82.19850158691406,-1.3624999523162842,1.001099944114685,[0. 0. 0.],[0. 0. 0. 1.],2.7001653466200923,-0.6989653859114742,"(21, 5)",369484.0964355469,369470.4182942733,-113997493075.57495,1538717.948717948,2.001199960708618,-0.6989653859114742,114002671258.82439,19283534.467648238,20822252.416366186,18914064.049353965,114003040742.92082,5547667.3458784055,0.16363624739206414,1770934703.82639,1770934703.82639
1.7664118721395086,30,5,114066326787.82367,14881606.34241534,15187581.266580563,114066632775.07416,16726299.215298511,1923290.6052155804,-80.90489959716797,-80.32039642333984,-2.103800058364868,2.1373000144958496,[0. 0. 0.],[0. 0. 0. 1.],3.307452451537286,-1.450552474806939,"(30, 5)",305987.32972717285,305974.3558443524,-114064709484.25072,1538717.948717948,1.856899976730347,-1.450552474806939,114066326787.67056,15187580.942007212,16726298.89072516,14881606.58616286,114066632775.00029,1923290.749574319,0.07869852652726628,1770934703.8896,1770934703.8896
1.688537380193434,31,5,113657378646.66306,7648972.965834719,7954608.510170307,113657684294.28706,9493326.458888255,63489682.990545705,-82.15239715576172,-81.80999755859375,-2.811599969863892,3.455199956893921,[0. 0. 0.],[0. 0. 0. 1.],2.987940860432817,-1.1817408329669967,"(31, 5)",305647.6769104004,305634.73432492,-113594194610.9065,1538717.948717949,1.8062000274658203,-1.1817408329669967,113657378646.64493,7954608.185596955,9493326.134314904,7648973.451272035,113657684294.32184,63489683.415339544,0.15653896370878087,1770934703.9494987,1770934703.9494987
3.247254093507231,20,11,112973953959.22528,58475126.66119486,58779031.34055008,113041474296.21167,60317749.28926803,52227375.06484817,-82.6448974609375,-82.96050262451172,-1.975299954414368,1.19760000705719,[0. 0. 0.],[0. 0. 0. 1.],7.238867807619097,-3.8883677008075734,"(20, 11)",67520337.35224915,303904.35634515435,-112989246921.14977,1538717.9487179518,3.3505001068115234,-3.8883677008075734,112973953959.14494,58779031.26252003,60317749.21123798,58475126.906174876,113041474296.4972,52227375.34743089,0.1849308118766989,1770934704.00475,1770934704.00475
3.665820093811436,21,11,114241665089.2425,51791770.84626049,52146154.737985976,114242019497.0178,53684872.68670393,42877186.81167946,-92.48680114746094,-92.57009887695312,1.458400011062622,-1.7639000415802002,[0. 0. 0.],[0. 0. 0. 1.],6.76620379035099,-2.990503698035316,"(21, 11)",354408.35023498535,354383.79532251507,-114199142310.47578,1538717.9487179518,3.775700092315674,-2.990503698035316,114241665088.95259,52146154.659955926,53684872.60867388,51791770.86463341,114242019497.30283,42877186.82704828,0.1841940576082853,1770934704.065426,1770934704.065426
4.825881022936134,21,0,114467659247.89633,11845299.374347696,12150088.96285791,114467964070.90736,13688806.911575858,67172538.59731033,-86.86289978027344,-99.18720245361328,-1.920300006866455,1.730299949645996,[0. 0. 0.],[0. 0. 0. 1.],8.86107451211785,-3.925174300783622,"(21, 0)",304823.4519042969,304789.3661107775,-114400791532.6688,1538717.948717948,4.9359002113342285,-3.925174300783622,114467659247.60643,12150088.954827724,13688806.903545672,11845299.588716947,114467964071.05833,67172538.38954827,0.183765084562976,1770934704.2923822,1770934704.2923822
2.833063821048628,20,1,113450941371.08424,60189061.93890963,60573734.86730258,113518542474.3177,62112452.81602053,58780684.01944518,-89.83100128173828,-88.98909759521484,-3.1691999435424805,2.839600086212158,[0. 0. 0.],[0. 0. 0. 1.],5.378421035517765,-2.472820964564396,"(20, 1)",67601103.49996948,384672.71071213484,-113459761790.29977,1538717.9487179518,2.905600070953369,-2.472820964564396,113450941371.0039,60573734.788161054,62112452.736879006,60189062.07744892,113518542474.50388,58780684.20410156,0.18398002802235092,1770934704.488953,1770934704.488953
2.7070930068551906,21,1,114720652717.4476,55507323.06173436,55813654.73909745,114720959067.14699,57352372.687815405,51301887.44514247,-90.1082992553711,-89.27249908447266,-0.0372000001370906,-0.2933000028133392,[0. 0. 0.],[0. 0. 0. 1.],5.464760744195486,-2.6103608246855976,"(21, 1)",306350.4263153076,306331.4741085693,-114669657179.97008,1538717.9487179518,2.854399919509888,-2.6103608246855976,114720652717.1577,55813654.659955926,57352372.60867388,55507323.18584736,114720959067.58401,51301887.61393229,0.1837309550233208,1770934704.5442214,1770934704.5442214
3.0224842516421093,30,1,114784308117.95186,51474115.56517378,51779415.95704617,114784613438.7652,53318133.905764125,47739850.29174062,-95.99960327148438,-93.55770111083984,-0.7245000004768372,0.8996000289916992,[0. 0. 0.],[0. 0. 0. 1.],5.318561597208403,-2.2578616574806194,"(30, 1)",305321.044921875,305300.38686899096,-114736873588.56761,1538717.9487179518,3.060699939727783,-2.2578616574806194,114784308117.79875,51779415.877904646,53318133.8266226,51474115.491035655,114784613438.84367,47739850.276066706,0.1858430235358485,1770934704.6074693,1770934704.6074693
3.2122544472873695,31,1,114376361603.39381,45242402.93224599,45546627.49550771,114376665849.83905,47085345.44422566,43090723.89034831,-92.01789855957033,-91.00640106201172,-1.9733999967575075,1.4788999557495115,[0. 0. 0.],[0. 0. 0. 1.],5.403218332373771,-2.1727183495399087,"(31, 1)",304246.466217041,304224.44661457837,-114333575125.87105,1538717.9487179518,3.2304999828338623,-2.1727183495399087,114376361603.37569,45546627.41636618,47085345.365084134,45242402.969751604,114376665849.8419,43090723.970853366,0.1835872054220116,1770934704.6685603,1770934704.6685603
4.593069156270774,20,2,113626718742.8791,30487520.28209839,30793278.14390715,113694240943.82349,32331996.092625096,32829929.131840806,-84.2853012084961,-84.58830261230469,-7.3815999031066895,7.007199764251709,[0. 0. 0.],[0. 0. 0. 1.],5.780256972993651,-1.050357089723387,"(20, 2)",67522201.39723206,305757.399338942,-113661411014.68378,1538717.948717948,4.729899883270264,-1.050357089723387,113626718742.79877,30793278.057391826,32331996.006109774,30487520.658052884,113694240944.196,32829929.512219552,0.2003699174743936,1770934704.7247677,1770934704.7247677
4.069177733999704,21,2,114961646491.48607,23806283.780628555,24111218.849035352,114961951454.97322,25649936.797753304,23428640.84066869,-89.81710052490234,-92.00869750976562,-3.849100112915039,4.0725998878479,[0. 0. 0.],[0. 0. 0. 1.],6.2983455293594135,-2.0969457261977924,"(21, 2)",304964.0831604004,304934.8332331702,-114938522814.3914,1538717.9487179518,4.201399803161621,-2.0969457261977924,114961646491.19617,24111218.76252003,25649936.711237982,23806283.92928686,114961951455.27933,23428640.887920674,0.18340087222926946,1770934704.7853878,1770934704.7853878
4.360581421354987,30,2,115052301146.798,46771694.246834576,47076210.83621484,115052605694.00879,48614928.78493279,46866470.932468176,-85.48789978027344,-85.86399841308594,-5.530099868774414,4.946199893951416,[0. 0. 0.],[0. 0. 0. 1.],5.370857095168491,-0.8498571867212252,"(30, 2)",304547.8077545166,304516.1320612952,-115005739223.16109,1538717.9487179518,4.520999908447266,-0.8498571867212252,115052301146.6449,47076210.74969952,48614928.69841747,46771694.61763822,115052605694.45265,46866471.291566506,0.19636283273212307,1770934704.875513,1770934704.875513
5.005600817415234,31,2,114661354848.58612,57539553.28842814,57845361.47724048,114661660692.0525,59384079.42595843,59219932.25214225,-90.98809814453124,-90.94450378417967,-5.851399898529053,5.7368998527526855,[0. 0. 0.],[0. 0. 0. 1.],5.909298044654857,-0.8761979164810292,"(31, 2)",305843.4902038574,305808.01156850904,-114602440759.71332,1538717.9487179518,5.033100128173828,-0.8761979164810292,114661354848.568,57845361.39072516,59384079.33944311,57539553.37915665,114661660692.0582,59219932.3448768,0.18342696799230085,1770934704.9560094,1770934704.9560094
6.584290005454611,20,3,113919711090.63551,49146705.953179054,49453390.336173266,113987234229.34619,50992108.28489122,56957563.346209496,-91.0395965576172,-91.16329956054688,-0.5875999927520752,0.5830000042915344,[0. 0. 0.],[0. 0. 0. 1.],8.333480663273496,-1.6961806487776467,"(20, 3)",67523138.86593628,306684.17906149477,-113930276665.97585,1538717.9487179518,6.63730001449585,-1.6961806487776467,113919711090.55518,49453390.236879006,50992108.18559696,49146706.05781751,113987234229.42111,56957563.44526242,0.1834569473045895,1770934705.017762,1770934705.017762
5.9465590543661815,21,3,115254638919.37067,42466879.43616568,42771050.59258352,115254943129.36714,44309768.541301474,47554663.56631758,-84.0093994140625,-84.99870300292969,2.3626999855041504,-2.7790000438690186,[0. 0. 0.],[0. 0. 0. 1.],8.658882207513464,-2.4935823150879273,"(21, 3)",304210.92498779297,304170.6730769202,-115207388466.04341,1538717.9487179518,6.165299892425537,-2.4935823150879273,115254638919.08076,42771050.49328926,44309768.442007214,42466879.82021234,115254943130.00575,47554663.962339744,0.2003468931950375,1770934705.078327,1770934705.078327
5.852505897566417,30,3,115303294616.34929,23433583.487355262,23740481.682327114,115303601553.0234,25279199.631045062,28996678.341405552,-88.62670135498047,-88.01640319824219,1.575700044631958,-2.263099908828736,[0. 0. 0.],[0. 0. 0. 1.],8.088195173008208,-2.1110952775309126,"(30, 3)",306937.1619567871,306897.8647085354,-115274604874.75049,1538717.948717948,5.977099895477295,-2.1110952775309126,115303294616.19618,23740481.583032854,25279199.531750802,23433583.71832432,115303601553.35814,28996678.607647236,0.18577253370394814,1770934705.1265624,1770934705.1265624
6.361521503669303,31,3,114878349552.11176,202915.00820073995,508742.9002758316,114878655422.1276,2047460.8489937803,7349010.220748301,-99.48690032958984,-100.3727035522461,0.3305999934673309,-0.6723999977111816,[0. 0. 0.],[0. 0. 0. 1.],8.413408825323614,-2.0822087024903624,"(31, 3)",305869.8292236328,305827.887119391,-114871306411.80354,1538717.9487179487,6.331200122833252,-2.0822087024903624,114878349552.09363,508742.8009815705,2047460.7496995192,202914.9138621795,114878655421.92285,7349010.1193159055,0.1890669041387165,1770934705.1766257,1770934705.1766257
4.952535803960845,20,4,114133705754.09705,3035940.1775603974,3340129.1149635874,114201226387.11624,4878847.063681536,2084083.3499863262,-99.13919830322266,-99.4355010986328,-2.697999954223633,2.4930999279022217,[0. 0. 0.],[0. 0. 0. 1.],5.9957967768636635,-1.0493966113058022,"(20, 4)",67520632.9815216,304188.936673678,-114199142303.74628,1538717.9487179485,4.946400165557861,-1.0493966113058022,114133705754.01671,3340129.0189302885,4878846.967648237,3035940.0822566105,114201226386.99823,2084083.251953125,0.18881127684859708,1770934705.2317424,1770934705.2317424
4.367870185491514,21,4,115469633366.48605,64572849.518472284,64878790.97393794,115469939336.95192,66417508.922655895,60901643.95422612,-96.9542999267578,-97.31520080566406,0.9350000023841858,-0.7487000226974487,[0. 0. 0.],[0. 0. 0. 1.],6.075795992695039,-1.627196177326387,"(21, 4)",305970.92848205566,305941.4281600565,-115409037693.24443,1538717.9487179518,4.448599815368652,-1.627196177326387,115469633366.19615,64878790.877904646,66417508.8266226,64572849.44974459,115469939337.12463,60901643.880208336,0.1876767105248682,1770934705.2932816,1770934705.2932816
4.781768915951888,30,4,115558287981.7339,18321727.28834892,18627092.255989227,115558593378.75961,20165810.204707175,15122866.68694999,-92.15910339355467,-92.09259796142578,-0.7365999817848206,0.2383999973535537,[0. 0. 0.],[0. 0. 0. 1.],5.940327473034791,-1.0918276981019295,"(30, 4)",305397.30755615234,305364.8180839345,-115543470512.14531,1538717.948717948,4.848499774932861,-1.0918276981019295,115558287981.5808,18627092.15995593,20165810.108673878,18321727.341871995,115558593378.88835,15122866.743038863,0.1839265539936856,1770934705.381566,1770934705.381566
4.69226430119831,31,4,115168342821.34251,30090537.72595419,30395121.10214307,115168647436.41771,31933839.050861023,28475387.088900145,-84.16519927978516,-84.410400390625,-1.4630999565124512,1.3140000104904177,[0. 0. 0.],[0. 0. 0. 1.],6.018622700489663,-1.210922543324136,"(31, 4)",304615.3846130371,304582.8951322101,-115140172049.22966,1538717.9487179518,4.807700157165527,-1.210922543324136,115168342821.32439,30395121.006109774,31933838.954827726,30090538.110977564,115168647436.709,28475387.479341947,0.20034760079933342,1770934705.4604797,1770934705.4604797
2.187388023613432,20,5,114401698742.87909,11919269.187113931,12223190.240939537,114469219089.94908,13761908.189657485,1211147.1199390441,-88.0551986694336,-88.70580291748047,-4.279399871826172,3.873300075531006,[0. 0. 0.],[0. 0. 0. 1.],3.059692769990478,-0.7079927024703365,"(20, 5)",67520347.35263062,303920.178535657,-114468007942.5183,1538717.948717948,2.3517000675201416,-0.7079927024703365,114401698742.79875,12223189.916366186,13761907.865084134,11919269.737830529,114469219090.15138,1211147.6330879407,0.18563943179557718,1770934705.505946,1770934705.505946
1.7220182871161014,21,5,115739626395.3322,8240547.873698922,8607252.740939537,115739993112.07207,10145970.689657485,62089780.34012752,-81.64969635009766,-82.90789794921875,-1.2582000494003296,1.2627999782562256,[0. 0. 0.],[0. 0. 0. 1.],2.7001653466200923,-0.7467653307890987,"(21, 5)",366717.57624816895,366704.1485126205,-115677903331.6878,1538717.948717948,1.9534000158309937,-0.7467653307890987,115739626395.0423,8607252.416366186,10145970.365084134,8240548.2678535655,115739993112.61855,62089780.93073918,0.16732749981017847,1770934705.5633903,1770934705.5633903
1.713843776077837,30,5,115803281611.54158,4206080.724400596,4512068.446067743,115803587611.27925,6050786.394785692,58467870.60353921,-80.3302001953125,-81.04139709472656,-1.9455000162124636,2.256500005722046,[0. 0. 0.],[0. 0. 0. 1.],3.307452451537286,-1.498852502654229,"(30, 5)",305999.9436645508,305987.2514773635,-115745119740.45749,1538717.948717949,1.8085999488830569,-1.498852502654229,115803281611.38847,4512068.121494391,6050786.07021234,4206080.8700170275,115803587611.33214,58467870.874649435,0.08220791474444872,1770934705.6264808,1770934705.6264808
1.6872365868498007,31,5,115395337444.73994,65191960.411041714,65497589.27940108,115395643085.66995,67036307.22811902,53821807.65985809,-81.43360137939453,-82.33380126953125,-3.159899950027466,3.5473999977111816,[0. 0. 0.],[0. 0. 0. 1.],2.987940860432817,-1.18974084917946,"(31, 5)",305641.07258605957,305628.19260817766,-115341821277.62007,1538717.9487179443,1.798200011253357,-1.18974084917946,115395337444.72182,65497588.954827726,67036306.90354567,65191960.76221955,115395643085.7944,53821808.17432892,0.1509777979668015,1770934705.6875699,1770934705.6875699
3.2042353038343534,20,11,114644693013.71242,48801214.407178074,49105032.943114184,114712213264.2991,50643750.891832136,42556086.898559846,-83.33390045166016,-83.2396011352539,-1.6297999620437622,1.0578999519348145,[0. 0. 0.],[0. 0. 0. 1.],7.238867807619097,-3.91636781715584,"(20, 11)",67520250.97969055,303818.1402744353,-114669657177.40349,1538717.9487179518,3.322499990463257,-3.91636781715584,114644693013.63208,49105032.865084134,50643750.813802086,48801214.7248097,114712213264.61177,42556087.20828325,0.19397083765057926,1770934705.742781,1770934705.742781
3.6915388646128493,21,11,115979620201.42194,42122966.25036454,42476956.02003726,115979974215.18626,44015673.96875521,33205238.047454163,-92.25579833984376,-92.8582000732422,1.497499942779541,-1.471400022506714,[0. 0. 0.],[0. 0. 0. 1.],6.76620379035099,-2.9650038773260876,"(21, 11)",354014.32917785645,353989.66471354663,-115946768977.40845,1538717.9487179443,3.8011999130249023,-2.9650038773260876,115979620201.13203,42476955.942007214,44015673.89072516,42122966.27729367,115979974215.46121,33205238.052759416,0.18420697974616726,1770934705.8033342,1770934705.8033342
5.518666974450255,21,0,116234613614.88347,31169952.940906443,31475617.809011754,116234919316.50746,33014335.7577297,19284700.763952322,-87.0802001953125,-87.50420379638672,-1.9947999715805051,1.5132999420166016,[0. 0. 0.],[0. 0. 0. 1.],8.86107451211785,-3.1760745693383097,"(21, 0)",305702.45205688477,305664.6572015211,-116215634616.10223,1538717.948717948,5.684999942779541,-3.1760745693383097,116234613614.59357,31475617.80098157,33014335.749699518,31169953.14378005,116234919317.04562,19284700.943384416,0.18893217176155805,1770934706.058335,1770934706.058335
2.8153596402976717,20,1,115141679784.54573,3295446.6770674144,3601451.2134564314,115209202219.06956,5140169.16217438,1813762.276840338,-89.37960052490234,-89.06120300292969,-3.061199903488159,2.885200023651123,[0. 0. 0.],[0. 0. 0. 1.],5.378421035517765,-2.4874210030928383,"(20, 1)",67522434.7862854,306004.294370994,-115207388456.79425,1538717.948717949,2.8910000324249268,-2.4874210030928383,115141679784.4654,3601451.134314904,5140169.083032853,3295446.83994391,115209202219.25168,1813762.457431891,0.18417317251785367,1770934706.2396767,1770934706.2396767
2.6821282013465684,21,1,116476607364.88347,63835465.59745506,64140016.91858464,116476911934.12842,65678734.86730258,59628088.10423917,-89.658203125,-88.78209686279297,0.1032999977469444,-0.166700005531311,[0. 0. 0.],[0. 0. 0. 1.],5.464760744195486,-2.6276607152037865,"(21, 1)",304569.99949645996,304551.0942508057,-116417283846.2924,1538717.9487179443,2.837100028991699,-2.6276607152037865,116476607364.59357,64140016.83944311,65678734.788161054,63835465.745192304,116476911934.59306,59628088.30065605,0.18419694652890473,1770934706.3002317,1770934706.3002317
3.0301669049959914,30,1,116525262837.5031,44800623.00833284,45105489.67499489,116525567724.62973,46644207.62371284,41067469.427031316,-95.99960327148438,-93.28279876708984,-1.01419997215271,0.5940999984741211,[0. 0. 0.],[0. 0. 0. 1.],5.318561597208403,-2.248961491922758,"(30, 1)",304887.3666687012,304866.6616586521,-116484500255.29684,1538717.9487179443,3.0696001052856445,-2.248961491922758,116525262837.34999,45105489.595853366,46644207.54457131,44800622.934194714,116525567724.71666,41067469.41982172,0.1856992232366916,1770934706.3485878,1770934706.3485878
3.1658537298300864,31,1,116101320713.9707,22571468.295536444,22875698.008328225,116101624965.41673,24414415.957046174,20423173.615208045,-91.25170135498048,-91.9354019165039,-1.8690999746322632,1.8085999488830569,[0. 0. 0.],[0. 0. 0. 1.],5.403218332373771,-2.220218244635734,"(31, 1)",304251.4272766113,304229.5641776845,-116081201791.72388,1538717.948717948,3.183000087738037,-2.220218244635734,116101320713.95258,22875697.929186698,24414415.877904646,22571468.365009014,116101624965.37985,20423173.65597456,0.18362990668827253,1770934706.4008732,1770934706.4008732
4.624726844017358,20,2,115359674343.8406,15803902.404797059,16109207.631086634,115427196092.37614,17647925.579804584,18158411.111781735,-84.0988998413086,-84.38159942626953,-7.17579984664917,6.83489990234375,[0. 0. 0.],[0. 0. 0. 1.],5.780256972993651,-1.0197570187700178,"(20, 2)",67521748.98587036,305304.76888020895,-115409037681.2565,1538717.948717948,4.760499954223633,-1.0197570187700178,115359674343.76027,16109207.544571314,17647925.493289262,15803902.775691105,115427196092.74614,18158411.489633415,0.20030255332137958,1770934706.457754,1770934706.457754
4.09968234185279,21,2,116695601707.83218,10127719.94119726,10431723.65672766,116695905740.17235,11970441.605445608,9756259.404462371,-91.90370178222656,-91.98560333251952,-3.900300025939941,4.366000175476074,[0. 0. 0.],[0. 0. 0. 1.],6.2983455293594135,-2.0809454553542865,"(21, 2)",304032.9370727539,304003.5775991585,-116686149481.02673,1538717.948717948,4.217400074005127,-2.0809454553542865,116695601707.54228,10431723.57021234,11970441.518930288,10127719.992613181,116695905740.47935,9756259.452624198,0.1838183180475679,1770934706.5192072,1770934706.5192072
4.340138316298402,30,2,116744257148.40053,58308839.46643798,58613326.220830224,116744561665.63356,60152044.169548176,58412186.115726426,-85.69550323486328,-86.06729888916016,-4.949900150299072,5.1631999015808105,[0. 0. 0.],[0. 0. 0. 1.],5.370857095168491,-0.8723572248681979,"(30, 2)",304517.822265625,304486.30308493227,-116686149479.60258,1538717.9487179518,4.498499870300293,-0.8723572248681979,116744257148.24742,58613326.1343149,60152044.083032854,58308839.83122997,116744561666.06969,58412186.46709736,0.195363021695151,1770934706.5675325,1770934706.5675325
5.019432081204666,31,2,116320315521.663,36079762.53961423,36384119.49006099,116320619913.9249,37922837.438778944,37768897.46392135,-90.86920166015624,-91.12169647216795,-6.229599952697754,6.395299911499023,[0. 0. 0.],[0. 0. 0. 1.],5.909298044654857,-0.862797838661205,"(31, 2)",304392.2776489258,304356.76770332456,-116282851016.37393,1538717.9487179518,5.046500205993652,-0.862797838661205,116320315521.64487,36384119.40354567,37922837.35226362,36079762.635842346,116320619913.92252,37768897.548577726,0.1834323158109262,1770934706.6181195,1770934706.6181195
6.607378472202679,20,3,115575734271.72522,24758871.614683308,25066010.52848096,115643257865.03351,26604728.477198906,32570942.18511542,-90.89420318603516,-91.05809783935548,-0.6854000091552734,0.4395000040531158,[0. 0. 0.],[0. 0. 0. 1.],8.333480663273496,-1.6713808250166604,"(20, 3)",67523593.46829224,307138.7031750791,-115610686922.82426,1538717.948717948,6.662099838256836,-1.6713808250166604,115575734271.64488,25066010.429186698,26604728.377904646,24758871.72601162,115643257865.11317,32570942.28891226,0.18342870931480384,1770934706.673756,1770934706.673756
5.904775043442855,21,3,116911596130.90909,19018282.339871146,19322500.913096342,116911900388.08981,20861218.86181429,24101666.113517344,-84.88610076904297,-84.92389678955078,2.1521999835968018,-3.316400051116944,[0. 0. 0.],[0. 0. 0. 1.],8.658882207513464,-2.5333820053345093,"(21, 3)",304258.10986328125,304218.0770482756,-116887798722.21889,1538717.948717948,6.125500202178955,-2.5333820053345093,116911596130.61919,19322500.813802082,20861218.76252003,19018282.736753806,116911900388.72905,24101666.510166265,0.19951063084966233,1770934706.7352524,1770934706.7352524
5.889474685859315,30,3,116975251138.78514,14982699.365780693,15288053.79771173,116975556531.91476,16826771.746429678,20541400.66605334,-87.74669647216797,-87.80239868164062,1.4873000383377075,-2.2453999519348145,[0. 0. 0.],[0. 0. 0. 1.],8.088195173008208,-2.064695207340483,"(30, 3)",305393.62980651855,305354.0508563705,-116955015131.3172,1538717.94871795,6.023499965667725,-2.064695207340483,116975251138.63203,15288053.698417468,16826771.647135418,14982699.647561098,116975556532.26184,20541400.94463642,0.18723952206145753,1770934706.7984498,1770934706.7984498
7.306506900611005,31,3,116567309664.2912,8753845.45754364,9060057.002839936,116567615923.72098,10598774.951557884,15899252.665164728,-91.10659790039062,-91.31420135498048,0.4487999975681305,-0.8335000276565552,[0. 0. 0.],[0. 0. 0. 1.],8.413408825323614,-1.078808853552374,"(31, 3)",306259.4369812012,306211.3444010429,-116551716670.95251,1538717.948717948,7.33459997177124,-1.078808853552374,116567309664.27307,9060056.903545674,10598774.852263622,8753845.559144631,116567615923.71005,15899252.75753706,0.18348736542909658,1770934706.8620358,1770934706.8620358
4.964697596349042,20,4,115840662020.12265,29577421.98009603,29881523.345732816,115908182565.62009,31420241.294450764,28630005.287126064,-97.29949951171876,-100.56719970703124,-2.6821999549865723,2.670099973678589,[0. 0. 0.],[0. 0. 0. 1.],5.9957967768636635,-1.0353966723409584,"(20, 4)",67520545.45083618,304101.343399439,-115879552560.31299,1538717.948717948,4.960400104522705,-1.0353966723409584,115840662020.04231,29881523.249699518,31420241.198417466,29577421.90630008,115908182565.49315,28630005.18016326,0.18851045503028868,1770934706.9386523,1770934706.9386523
4.463010969519805,21,4,117176589287.96037,23902938.049211904,24209648.345732816,117176896027.78331,25748366.294450764,20231667.52429281,-96.85440063476562,-97.39430236816406,0.5512999892234802,-0.7832000255584717,[0. 0. 0.],[0. 0. 0. 1.],6.075795992695039,-1.5319961155282913,"(21, 4)",306740.2844543457,306710.26767828315,-117156664360.50575,1538717.948717948,4.543799877166748,-1.5319961155282913,117176589287.67047,24209648.249699518,25748366.198417466,23902937.982021235,117176896027.95493,20231667.44916867,0.18766733415427994,1770934707.0002513,1770934707.0002513
4.782677179181997,30,4,117240244247.75949,19866909.96316844,20172941.614963587,117240550311.48819,21711659.563681535,16669543.067895541,-92.79679870605467,-92.38990020751952,-0.5242999792098999,0.83160001039505,[0. 0. 0.],[0. 0. 0. 1.],5.940327473034791,-1.0960276797913826,"(30, 4)",306063.9992828369,306031.5254407078,-117223880768.49294,1538717.948717948,4.844299793243408,-1.0960276797913826,117240244247.60638,20172941.51893029,21711659.467648238,19866909.993489582,117240550311.60567,16669543.112730369,0.18423684802737492,1770934707.063519,1770934707.063519
4.740851261917553,31,4,116832303382.23991,13638241.642810116,13942548.98675846,116832607721.61295,15481266.935476407,12025415.905226052,-84.29080200195312,-83.78810119628906,-1.604599952697754,1.4426000118255615,[0. 0. 0.],[0. 0. 0. 1.],6.018622700489663,-1.1648228805433742,"(31, 4)",304339.66220092773,304306.859725561,-116820582305.60857,1538717.948717948,4.853799819946289,-1.1648228805433742,116832303382.22179,13942548.89072516,15481266.839443108,13638242.030999599,116832607721.88399,12025416.275415665,0.19987201947146016,1770934707.1245246,1770934707.1245246
2.167792789153053,20,5,116081655842.23802,11458910.50633081,11763278.381965177,116149176636.00696,13301996.330683127,758436.798884325,-87.82710266113281,-88.16059875488281,-4.493599891662598,3.8901000022888175,[0. 0. 0.],[0. 0. 0. 1.],3.059692769990478,-0.7209927139144283,"(20, 5)",67520794.08303833,304366.9871794861,-116148418198.89722,1538717.94871795,2.33870005607605,-0.7209927139144283,116081655842.15768,11763278.057391826,13301996.006109776,11458911.07021234,116149176636.24072,758437.3434995994,0.18659865480818388,1770934707.1797435,1770934707.1797435
1.7767490909753823,21,5,117417583061.99883,5785035.311963694,6149071.651195948,117417947110.54723,7687789.599913897,59633522.29551642,-81.60690307617188,-82.77739715576172,-1.3559999465942385,0.988099992275238,[0. 0. 0.],[0. 0. 0. 1.],2.7001653466200923,-0.6955652985549072,"(21, 5)",364049.36961364746,364035.62888120953,-117358313588.20757,1538717.948717949,2.004600048065185,-0.6955652985549072,117417583061.70892,6149071.326622596,7687789.275340545,5785035.6977413865,117417947111.07854,59633522.87096855,0.1641233352162444,1770934707.2413297,1770934707.2413297
1.7265982091039749,30,5,117481237973.72102,1748620.1852047208,2054504.3435036403,117481543869.95535,3593222.2922215885,56013872.74421955,-80.11219787597656,-80.40299987792969,-2.1419999599456787,2.006999969482422,[0. 0. 0.],[0. 0. 0. 1.],3.307452451537286,-1.5067525022727595,"(30, 5)",305896.3247528076,305883.71081229975,-117425529996.9929,1538717.9487179485,1.8006999492645264,-1.5067525022727595,117481237973.56792,2054504.0189302885,3593221.967648237,1748620.3081179888,117481543869.89267,56013872.89976462,0.06633112492413432,1770934707.3044417,1770934707.3044417
1.6765016799419155,31,5,117072297693.13734,61736591.80798219,62042220.68965749,117072603334.03079,63580938.63837544,50371799.720036045,-81.90730285644531,-82.83519744873047,-3.1944000720977783,3.4514000415802,[0. 0. 0.],[0. 0. 0. 1.],2.987940860432817,-1.176540804547502,"(31, 5)",305641.10388183594,305628.11435797065,-117022231533.92075,1538717.9487179518,1.811400055885315,-1.176540804547502,117072297693.11922,62042220.365084134,63580938.313802086,61736592.25072616,117072603334.2231,50371800.30235878,0.171523483414035,1770934707.364578,1770934707.364578
3.2508965828644856,20,11,116305650465.63545,29345820.932314496,29649696.40465264,116373170773.47618,31188414.353370592,23103339.696712535,-82.86720275878906,-82.86720275878906,-2.056299924850464,1.0867999792099,[0. 0. 0.],[0. 0. 0. 1.],7.238867807619097,-3.8821678640766164,"(20, 11)",67520308.19624329,303875.1220703125,-116350067433.78241,1538717.9487179518,3.3566999435424805,-3.8821678640766164,116305650465.55511,29649696.326622594,31188414.275340546,29345821.20455228,116373170773.75136,23103339.96895032,0.18648770890300645,1770934707.4112804,1770934707.4112804
3.606628422445423,21,11,117648577092.44754,30672240.871917903,31025866.276447512,117648930741.32391,32564584.225165464,21751507.962690186,-91.49919891357422,-92.2217025756836,1.409999966621399,-1.6334999799728394,[0. 0. 0.],[0. 0. 0. 1.],6.76620379035099,-3.0420037800513073,"(21, 11)",353649.4641418457,353625.269180689,-117627179233.63087,1538717.9487179518,3.7242000102996826,-3.0420037800513073,117648577092.15764,31025866.198417466,32564584.147135418,30672240.929236777,117648930741.62178,21751507.990910456,0.18376300494029651,1770934707.4723585,1770934707.4723585
5.375776904595339,21,0,117889570866.486,5714089.332328549,6018254.0269604735,117889875067.59586,7556971.9756784225,61046608.79725947,-86.62110137939453,-86.8572998046875,-1.7899999618530271,1.5989999771118164,[0. 0. 0.],[0. 0. 0. 1.],8.86107451211785,-3.310174529665458,"(21, 0)",304201.97315979004,304164.4600110175,-117828828459.15733,1538717.948717949,5.550899982452393,-3.310174529665458,117889570866.19609,6018254.018930288,7556971.967648237,5714089.5589192705,117889875068.16925,61046609.011919074,0.19122674052556624,1770934707.7133203,1770934707.7133203
2.841553739067779,20,1,116703421779.738,19055034.12787544,19361395.12371284,116770944570.81929,20900113.07243079,17578677.737921324,-89.69599914550781,-88.83070373535156,-3.308900117874145,3.312700033187866,[0. 0. 0.],[0. 0. 0. 1.],5.378421035517765,-2.4619209439650307,"(20, 1)",67522791.35679626,306360.77098357305,-116753365893.0829,1538717.948717948,2.9165000915527344,-2.4619209439650307,116703421779.65767,19361395.044571314,20900112.993289262,19055034.27358774,116770944571.01447,17578677.931565505,0.18414390385181628,1770934707.8687391,1770934707.8687391
2.6736464394506743,21,1,118106565265.52444,13383252.968611466,13689952.816020533,118106871983.24237,15228670.764738483,9177880.823626209,-88.90239715576172,-88.8552017211914,0.0046000001020729,0.1061000004410743,[0. 0. 0.],[0. 0. 0. 1.],5.464760744195486,-2.6304607029967553,"(21, 1)",306718.4683074951,306699.57870092057,-118097694102.68698,1538717.94871795,2.8343000411987305,-2.6304607029967553,118106565265.23454,13689952.736879006,15228670.685596956,13383253.158178085,118106871983.70285,9177881.015875401,0.18465075830296115,1770934707.930273,1770934707.930273
3.016741696721646,30,1,118173219984.93896,12346042.72542562,12651667.559610277,118173525630.16899,14190385.508328225,8615118.681279477,-93.90809631347656,-95.0189971923828,-0.9760000109672546,0.6834999918937683,[0. 0. 0.],[0. 0. 0. 1.],5.318561597208403,-2.262161536554716,"(30, 1)",305645.4232940674,305624.780899439,-118164910511.58185,1538717.948717948,3.0564000606536865,-2.262161536554716,118173219984.78586,12651667.48046875,14190385.429186698,12346042.699569311,118173525630.20915,8615118.627303686,0.18569595577787487,1770934707.9965167,1770934707.9965167
3.2340433871976595,31,1,117768281202.7527,9118424.496760253,9424087.43140515,117768586887.65776,10962805.380123097,6974838.334852047,-91.4542007446289,-91.05069732666016,-2.0190999507904053,1.9575999975204468,[0. 0. 0.],[0. 0. 0. 1.],5.403218332373771,-2.147718254172477,"(31, 1)",305684.92401123047,305662.7948467545,-117761612049.24525,1538717.948717948,3.255500078201294,-2.147718254172477,117768281202.73457,9424087.352263622,10962805.30098157,9118424.557416867,117768586887.65858,6974838.4133363385,0.1834995224967437,1770934708.06327,1770934708.06327
4.622764247974036,20,2,116977472861.46877,20396367.000456054,20703149.938778944,117044996087.66704,22241867.887496892,22764560.014112603,-84.23789978027344,-84.29940032958984,-7.363900184631348,7.25029993057251,[0. 0. 0.],[0. 0. 0. 1.],5.780256972993651,-1.0213568074357893,"(20, 2)",67523226.64701843,306782.47696314007,-117022231527.64507,1538717.948717948,4.758900165557861,-1.0213568074357893,116977472861.38843,20703149.852263622,22241867.80098157,20396367.375300482,117044996088.03545,22764560.3903746,0.20033345604416763,1770934708.1426613,1770934708.1426613
4.086688092532486,21,2,118380558182.19112,14667020.733719777,14970746.092625096,118380861936.0837,16509464.041343044,14302198.889950484,-88.83290100097656,-92.3397979736328,-4.240300178527832,3.9068000316619873,[0. 0. 0.],[0. 0. 0. 1.],6.2983455293594135,-2.0732454889236225,"(21, 2)",303754.47590637207,303725.06948617846,-118366559737.45259,1538717.948717948,4.225100040435791,-2.0732454889236225,118380558181.90121,14970746.006109776,16509463.954827724,14667020.936623598,118380861936.37712,14302198.924529247,0.18344575660031728,1770934708.204272,1770934708.204272
4.352866685105056,30,2,118429213326.28511,62846192.3843108,63153125.90031741,118429520290.42995,64691843.84903535,62960554.76793992,-85.59519958496094,-86.35669708251953,-5.234899997711182,4.953700065612793,[0. 0. 0.],[0. 0. 0. 1.],5.370857095168491,-0.8609570020898776,"(30, 2)",306964.7216796875,306933.06164863706,-118366559735.74677,1538717.9487179443,4.509900093078613,-0.8609570020898776,118429213326.132,63153125.813802086,64691843.76252003,62846192.75215345,118429520290.85368,62960555.10692108,0.19495974054234955,1770934708.2524357,1770934708.2524357
5.07145456909963,31,2,118004275449.54758,39619063.13422639,39923198.015702024,118004579620.1049,41461915.96441997,41318347.327624395,-91.0990982055664,-90.654296875,-6.202600002288818,5.826300144195557,[0. 0. 0.],[0. 0. 0. 1.],5.909298044654857,-0.8090978684158436,"(31, 2)",304170.59481811523,304134.7092848569,-117963261272.69025,1538717.9487179443,5.100200176239014,-0.8090978684158436,118004275449.52945,39923197.9291867,41461915.877904646,39619063.219901845,118004579620.12427,41318347.43401943,0.1834114266505814,1770934708.302828,1770934708.302828
6.626764905431288,20,3,117192409247.68672,28239240.445078492,28544095.464378394,117259930557.23575,30082813.413096342,36049788.264848225,-90.36640167236328,-89.86759948730469,-0.8166999816894531,-0.1648000031709671,[0. 0. 0.],[0. 0. 0. 1.],8.333480663273496,-1.639380760166807,"(20, 3)",67521309.76750183,304854.7832782455,-117223880768.94678,1538717.948717948,6.6940999031066895,-1.639380760166807,117192409247.60638,28544095.365084134,30082813.313802082,28239240.58180589,117259930557.37389,36049788.42710837,0.18348760513552534,1770934708.3576467,1770934708.3576467
5.941310111563442,21,3,118594552661.35777,21569074.857556473,21873085.84899378,118594856711.16705,23411803.797711726,26647732.60839139,-84.72509765625,-85.39320373535156,2.5741000175476074,-3.075200080871582,[0. 0. 0.],[0. 0. 0. 1.],8.658882207513464,-2.497882432580603,"(21, 3)",304050.7311706543,304010.49491686746,-118568208978.80124,1538717.948717948,6.160999774932861,-2.497882432580603,118594552661.06787,21873085.749699518,23411803.698417466,21569075.25478265,118594856711.79904,26647732.997796476,0.19904709948950355,1770934708.41822,1770934708.41822
5.807039547045449,30,3,118657207396.79793,16531567.48014782,16836915.977198906,118657512783.55748,18375633.925916858,22087396.477602873,-88.34940338134766,-87.793701171875,1.6483999490737915,-1.6734999418258667,[0. 0. 0.],[0. 0. 0. 1.],8.088195173008208,-2.152294961673979,"(30, 3)",305387.26023864746,305348.15079126507,-118635425387.14838,1538717.9487179518,5.9359002113342285,-2.152294961673979,118657207396.64482,16836915.877904646,18375633.826622598,16531567.727113381,118657512783.90506,22087396.756685697,0.18640014107438913,1770934708.4805496,1770934708.4805496
7.3056401120458805,31,3,118250269776.47064,11304762.891169759,11610914.374634806,118250575975.8828,13149632.323352756,18449048.667163346,-92.15910339355467,-91.68810272216795,0.1917999982833862,-0.8166999816894531,[0. 0. 0.],[0. 0. 0. 1.],8.413408825323614,-1.0887089466309874,"(31, 3)",306199.403427124,306151.3264973946,-118232126927.11232,1538717.94871795,7.324699878692627,-1.0887089466309874,118250269776.45251,11610914.275340544,13149632.224058494,11304762.94884315,118250575975.85594,18449048.743614785,0.1838028196093866,1770934708.5424292,1770934708.5424292
4.985839151900168,20,4,117433403069.8021,9120231.475814065,9424824.627784101,117500924107.21266,10963542.57650205,8177700.647641058,-95.50749969482422,-96.47660064697266,-2.872100114822388,2.38319993019104,[0. 0. 0.],[0. 0. 0. 1.],5.9957967768636635,-1.0027967463460854,"(20, 4)",67521037.40985107,304593.09895833395,-117492746406.54504,1538717.948717948,4.993000030517578,-1.0027967463460854,117433403069.72176,9424824.531750802,10963542.48046875,9120231.432792468,117500924107.1316,8177700.5865635015,0.1868898234416554,1770934708.59867,1770934708.59867
4.371856874191721,21,4,118836546403.34494,3450607.1406940133,3756146.7431687154,118836851971.94731,5294864.691886664,66993765.94139053,-96.4123992919922,-97.19149780273438,0.1098000034689903,-0.7376000285148621,[0. 0. 0.],[0. 0. 0. 1.],6.075795992695039,-1.621695860706514,"(21, 4)",305569.06675720215,305539.56643129,-118769858206.25266,1538717.9487179485,4.454100131988525,-1.621695860706514,118836546403.05504,3756146.6471354165,5294864.595853365,3450607.0807041265,118836851972.1218,66993765.869140625,0.18745541582817907,1770934708.6602437,1770934708.6602437
4.814610404863387,30,4,118900201082.69536,66629081.65516449,66934896.74316871,118900506930.06703,1257204.4354764079,63432315.46164658,-92.31990051269533,-92.97200012207033,-0.7412999868392944,0.4032000005245209,[0. 0. 0.],[0. 0. 0. 1.],5.940327473034791,-1.0646274760865486,"(30, 4)",305847.6218109131,305814.9445362538,-118837074614.67804,-65677692.307692304,4.875699996948242,-1.0646274760865486,118900201082.54225,66934896.647135414,1257204.339443109,66629081.70259916,118900506930.16406,63432315.48602764,0.184269252068741,1770934708.7234826,1770934708.7234826
4.754166073316253,31,4,118492264039.29115,60402451.615100056,60707076.2303482,118492568696.04024,62245794.17906615,58792544.25696087,-83.7957992553711,-84.60420227050781,-1.5525000095367432,1.1920000314712524,[0. 0. 0.],[0. 0. 0. 1.],6.018622700489663,-1.1508224647413723,"(31, 4)",304657.0606689453,304624.1486378163,-118433776151.68413,1538717.9487179518,4.867800235748291,-1.1508224647413723,118492264039.27303,60707076.1343149,62245794.083032854,60402451.985677086,118492568696.3337,58792544.6495643,0.20022361010981105,1770934708.7845628,1770934708.7845628
2.2014902410487656,20,5,117675396867.87901,59215390.90642862,59520185.43324723,117742918088.52565,61058903.38196518,48522453.42018903,-87.55690002441406,-89.10600280761719,-4.647200107574463,3.803499937057495,[0. 0. 0.],[0. 0. 0. 1.],3.059692769990478,-0.6930927333693844,"(20, 5)",67521220.90657043,304793.62292167544,-117694395634.79462,1538717.9487179518,2.3666000366210938,-0.6930927333693844,117675396867.79868,59520185.10867388,61058903.05739183,59215391.4857522,117742918088.70525,48522453.910632014,0.18588740430535333,1770934708.8406925,1770934708.8406925
1.7515205041952866,21,5,119077540185.39622,52546411.30236963,52907821.65119595,119077901607.84581,54446539.599913895,39177763.449940205,-82.07340240478516,-82.47139739990234,-1.101699948310852,0.5978999733924866,[0. 0. 0.],[0. 0. 0. 1.],2.7001653466200923,-0.7138653550124263,"(21, 5)",361423.23028564453,361409.55215845257,-119038723844.35173,1538717.9487179443,1.986299991607666,-0.7138653550124263,119077540185.10632,52907821.3266226,54446539.27534054,52546411.774464145,119077901608.33661,39177763.9848758,0.16864275757020605,1770934708.9012704,1770934708.9012704
1.7424418453120853,30,5,119140194840.70818,47508113.406270534,47813919.40760621,119140500658.9129,49352637.35632415,34560405.40110573,-80.10330200195312,-80.10980224609375,-2.1549999713897705,1.9175000190734863,[0. 0. 0.],[0. 0. 0. 1.],3.307452451537286,-1.4959524982673273,"(30, 5)",305818.26234436035,305805.55451221764,-119105940253.29358,1538717.9487179443,1.8114999532699585,-1.4959524982673273,119140194840.55507,47813919.083032854,49352637.0317508,47508113.528520636,119140500658.81741,34560405.52383814,0.06539049324885525,1770934708.963368,1770934708.963368
1.6861912386395914,31,5,118731258374.22705,40281705.648255125,40587565.240939535,118731564245.94656,42126283.18965749,28922455.47598159,-82.07379913330078,-81.24469757080078,-2.8824000358581543,3.36299991607666,[0. 0. 0.],[0. 0. 0. 1.],2.987940860432817,-1.202940893811418,"(31, 5)",305871.6602783203,305858.79594851285,-118702641790.08057,1538717.9487179518,1.784999966621399,-1.202940893811418,118731258374.20892,40587564.91636618,42126282.865084134,40281706.12041767,118731564245.8692,28922455.78863682,0.13953346855828386,1770934709.0234897,1770934709.0234897
3.2684100150813733,20,11,117914391098.64824,24890009.719993405,25193823.007216744,117981911344.39592,26732540.955934692,18650064.3374464,-82.80290222167969,-82.81289672851562,-1.888700008392334,1.1753000020980835,[0. 0. 0.],[0. 0. 0. 1.],7.238867807619097,-3.8667676927967087,"(20, 11)",67520246.09687805,303812.94446113706,-117963261280.06142,1538717.948717948,3.372100114822388,-3.8667676927967087,117914391098.5679,25193822.929186698,26732540.877904646,24890009.98472556,117981911344.66478,18650064.603365384,0.18512273074963972,1770934709.0797205,1770934709.0797205
3.6246941560158974,21,11,119317533983.47314,19221516.099945422,19574776.532857772,119317887267.48111,21113494.48157572,10297777.63142212,-91.42990112304688,-91.36969757080078,1.510599970817566,-1.5776000022888184,[0. 0. 0.],[0. 0. 0. 1.],6.76620379035099,-3.0183037811957165,"(21, 11)",353284.6304016113,353260.2945963554,-119307589490.11934,1538717.948717948,3.7479000091552734,-3.0183037811957165,119317533983.18324,19574776.454827726,21113494.403545674,19221516.16023137,119317887267.81364,10297777.694310898,0.18355362665857766,1770934709.1412835,1770934709.1412835
5.431113554666503,21,0,119559527733.47313,62474224.34816204,62778550.501319446,119559832096.38322,64317268.4500374,50593381.03356169,-87.27300262451172,-87.04910278320312,-1.7639000415802002,1.9529000520706177,[0. 0. 0.],[0. 0. 0. 1.],8.86107451211785,-3.2614746738610148,"(21, 0)",304363.7632751465,304325.9527744353,-119509238715.70839,1538717.9487179518,5.599599838256836,-3.2614746738610148,119559527733.18323,62778550.49328926,64317268.442007214,62474224.54051483,119559832096.9465,50593381.23810597,0.18942985016644628,1770934709.3832262,1770934709.3832262
2.8613164681686443,20,1,118397378366.27643,32596209.04081451,32902637.11089233,118464901224.59207,34441355.05961028,31125075.24132506,-89.44059753417969,-88.86190032958984,-3.129199981689453,2.831199884414673,[0. 0. 0.],[0. 0. 0. 1.],5.378421035517765,-2.440320935954167,"(20, 1)",67522858.58937073,306427.8314052485,-118433776149.35226,1538717.948717948,2.938100099563598,-2.440320935954167,118397378366.19609,32902637.031750802,34441354.98046875,32596209.200345553,118464901224.78546,31125075.43319311,0.18426859567378415,1770934709.5626757,1770934709.5626757
2.673745940389786,21,1,119799521531.55005,25929411.36866566,26235641.918584637,119799827779.87767,27774359.867302585,21723420.57921827,-87.81120300292969,-88.60549926757812,-0.0493000000715255,-0.3846000134944916,[0. 0. 0.],[0. 0. 0. 1.],5.464760744195486,-2.6187607880645047,"(21, 1)",306249.09230041504,306230.21834935993,-119778104359.5667,1538717.948717948,2.845999956130981,-2.6187607880645047,119799521531.26015,26235641.83944311,27774359.788161058,25929411.62109375,119799827780.35245,21723420.78575721,0.18606673855035324,1770934709.6232238,1770934709.6232238
3.03372592272045,30,1,119848176427.24661,6890739.489852087,7195505.700635918,119848481213.95964,8734223.649353867,3160446.030420536,-94.48079681396484,-94.26580047607422,-0.7021999955177307,0.786899983882904,[0. 0. 0.],[0. 0. 0. 1.],5.318561597208403,-2.2446616128486614,"(30, 1)",304786.924697876,304766.1727514025,-119845320768.02336,1538717.948717949,3.073899984359741,-2.2446616128486614,119848176427.0935,7195505.621494391,8734223.57021234,6890739.4487429885,119848481214.0182,3160445.994841747,0.18565017380528695,1770934709.6714227,1770934709.6714227
3.2119249652134685,31,1,119424241947.94498,51882066.38333938,52185898.328841045,119424545801.8902,53724616.277559,49739907.321190216,-91.75740051269533,-91.4259033203125,-2.1559998989105225,2.032099962234497,[0. 0. 0.],[0. 0. 0. 1.],5.403218332373771,-2.1742182408210367,"(31, 1)",303853.9475708008,303831.8184094578,-119374805894.49136,1538717.9487179518,3.2290000915527344,-2.1742182408210367,119424241947.92685,52185898.24969952,53724616.19841747,51882066.43129006,119424545801.87442,49739907.3830629,0.1836337445619254,1770934709.7218544,1770934709.7218544
4.662838000276915,20,2,118621294039.35335,51011795.917571865,51389960.83621484,118688888648.29683,52928678.78493279,53463274.47444073,-85.11430358886719,-84.23179626464844,-7.561399936676025,6.688700199127197,[0. 0. 0.],[0. 0. 0. 1.],5.780256972993651,-0.9810569150102522,"(20, 2)",67594609.39065552,378164.4537509978,-118635425373.81453,1538717.9487179518,4.799200057983398,-0.9810569150102522,118621294039.27301,51389960.74969952,52928678.69841747,51011796.29594852,118688888648.66367,53463274.84913361,0.20012758011921555,1770934709.786635,1770934709.786635
4.057085975939912,21,2,120025515698.2167,46423927.84542507,46727645.13108663,120025819443.857,48266363.079804584,46065860.60333659,-89.35199737548828,-93.10079956054688,-4.3566999435424805,3.832299947738648,[0. 0. 0.],[0. 0. 0. 1.],6.2983455293594135,-2.111245595735146,"(21, 2)",303746.19705200195,303717.0253655836,-119979753583.5125,1538717.9487179518,4.187099933624268,-2.111245595735146,120025515697.9268,46727645.04457131,48266362.99328926,46423928.01920573,120025819444.12386,46065860.61135317,0.18340669702435836,1770934709.8543792,1770934709.8543792
4.312357104037175,30,2,120089170169.23378,42384333.280137494,42689568.20800971,120089475434.50209,44228286.156727664,42505442.38293152,-86.94709777832031,-85.92960357666016,-5.047699928283691,4.935999870300293,[0. 0. 0.],[0. 0. 0. 1.],5.370857095168491,-0.9075568670495944,"(30, 2)",305265.8628845215,305234.5315003991,-120046969992.20392,1538717.9487179518,4.4633002281188965,-0.9075568670495944,120089170169.08067,42689568.12149439,44228286.07021234,42384333.58999399,120089475434.94356,42505442.73963341,0.1927598805710306,1770934709.9124022,1770934709.9124022
5.007105168621508,31,2,119665236234.80394,20159352.01679468,20465313.400317404,119665542231.43245,22004031.349035352,21870702.182347246,-91.06549835205078,-90.84089660644533,-6.242599964141846,5.97160005569458,[0. 0. 0.],[0. 0. 0. 1.],5.909298044654857,-0.874497992012035,"(31, 2)",305996.65715026855,305961.20981069654,-119643671529.16307,1538717.948717948,5.034800052642822,-0.874497992012035,119665236234.78581,20465313.313802082,22004031.26252003,20159352.103991386,119665542231.44296,21870702.279897835,0.18342429175298866,1770934709.9629536,1770934709.9629536
6.586105481212152,20,3,118854366651.53282,9785643.615097273,10091867.900275832,118921889330.1358,11630585.848993782,17598305.052044187,-90.11730194091795,-90.25080108642578,-0.4507000148296356,0.3538999855518341,[0. 0. 0.],[0. 0. 0. 1.],8.333480663273496,-1.6810806464888284,"(20, 3)",67522678.80171204,306224.0365835335,-118904291025.05963,1538717.94871795,6.652400016784668,-1.6810806464888284,118854366651.45248,10091867.80098157,11630585.74969952,9785643.764398037,118921889330.2542,17598305.1945613,0.18346255631418973,1770934710.0196705,1770934710.0196705
5.918855837015788,21,3,120257509704.62697,4120322.809885698,4424287.772070703,120257813708.25728,5963005.720788652,9194473.288408492,-84.41999816894531,-86.02169799804688,2.3738999366760254,-2.966200113296509,[0. 0. 0.],[0. 0. 0. 1.],8.658882207513464,-2.5236821838623413,"(21, 3)",304004.5322418213,303964.46814903803,-120248619235.21146,1538717.948717949,6.135200023651123,-2.5236821838623413,120257509704.33707,4424287.672776442,5963005.621494391,4120323.204627404,120257813708.86931,9194473.657852564,0.19867363153408377,1770934710.0825574,1770934710.0825574
5.830605015843956,30,3,120343163558.65686,22080353.987533223,22384776.554121986,120343468019.5611,23923494.502839934,27632375.64844801,-88.0072021484375,-88.35340118408203,1.732200026512146,-2.0703001022338867,[0. 0. 0.],[0. 0. 0. 1.],8.088195173008208,-2.1305950562784712,"(30, 3)",304461.37257385254,304422.2005208358,-120315835643.98114,1538717.948717948,5.957600116729736,-2.1305950562784712,120343163558.50375,22384776.454827726,23923494.403545674,22080354.25430689,120343468019.87633,27632375.895182293,0.18610059106774987,1770934710.1664147,1770934710.1664147
6.784873594919481,31,3,119953229407.88086,33855209.02648481,34159888.73360916,119953534132.6125,35698606.682327114,40996951.85061146,-99.97899627685548,-90.78829956054688,0.2858999967575073,-1.1146999597549438,[0. 0. 0.],[0. 0. 0. 1.],8.413408825323614,-1.626908848211798,"(31, 3)",304724.76275634766,304679.7062800452,-119912537180.65858,1538717.9487179518,6.786499977111816,-1.626908848211798,119953229407.86273,34159888.6343149,35698606.583032854,33855208.92803486,119953534132.62549,40996951.96689703,0.18478145152716247,1770934710.2453983,1770934710.2453983
4.970673399396272,20,4,119119359856.66103,14662300.415535191,14966355.07650205,119186880355.49974,16505073.025219997,13723692.634052297,-99.0447998046875,-99.78099822998048,-2.8545000553131104,2.345000028610229,[0. 0. 0.],[0. 0. 0. 1.],5.9957967768636635,-1.0315967570272377,"(20, 4)",67520498.79808044,304054.65932992846,-119173156662.84572,1538717.948717948,4.964200019836426,-1.0315967570272377,119119359856.58069,14966354.98046875,16505072.929186698,14662300.321138822,119186880355.37877,13723692.533052884,0.188859697153789,1770934710.2916467,1770934710.2916467
4.321477643189966,21,4,120523502829.62695,9997592.173523627,10302140.332912305,120523807406.50327,11840858.281630255,6322534.096761892,-96.26219940185548,-97.28389739990234,0.5633999705314636,-0.5867000222206116,[0. 0. 0.],[0. 0. 0. 1.],6.075795992695039,-1.6718958462106643,"(21, 4)",304577.33937072754,304548.120743189,-120517484872.65323,1538717.94871795,4.403900146484375,-1.6718958462106643,120523502829.33705,10302140.236879006,11840858.185596956,9997592.116135817,120523807406.67642,6322534.023187099,0.1874282315150124,1770934710.3472261,1770934710.3472261
4.811103480757709,30,4,120587157220.51582,5957725.904330875,6263823.025219998,120587463349.82552,7802540.973937946,2762068.1935396134,-92.22660064697266,-92.168701171875,-0.7132999897003174,-0.0586000010371208,[0. 0. 0.],[0. 0. 0. 1.],5.940327473034791,-1.063327617993287,"(30, 4)",306129.5885925293,306096.97390825395,-120584701281.70462,1538717.948717948,4.876999855041504,-1.063327617993287,120587157220.36272,6263822.929186699,7802540.877904647,5957725.955278445,120587463349.95131,2762068.2466947115,0.18397173111554188,1770934710.4103043,1770934710.4103043
4.807130076866564,31,4,120180224023.26547,733118.7968390213,1037340.6534251259,120180528277.58095,2576058.6021430744,66341869.24658264,-83.45850372314453,-83.78050231933594,-1.8690999746322632,1.79830002784729,[0. 0. 0.],[0. 0. 0. 1.],6.018622700489663,-1.1043227355848781,"(31, 4)",304254.6042480469,304221.4105068109,-120114186408.23521,1538717.9487179485,4.914299964904785,-1.1043227355848781,120180224023.24734,1037340.5573918269,2576058.5061097755,733119.146885016,120180528277.8516,66341869.61638622,0.19756437363328477,1770934710.4724994,1770934710.4724994
2.1855687131343475,20,5,119295137220.44307,65754679.874726966,66058542.8050421,119362657509.38028,380850.497349794,55068028.105361216,-87.77100372314453,-88.28620147705078,-4.501999855041504,3.983200073242188,[0. 0. 0.],[0. 0. 0. 1.],3.059692769990478,-0.7037927207808834,"(20, 5)",67520289.24404907,303862.0386368185,-119307589480.96408,-65677692.307692304,2.3559000492095947,-0.7037927207808834,119295137220.36273,66058542.48046875,380850.1727764423,65754680.44183193,119362657509.60678,55068028.642703325,0.18651418232457526,1770934710.527665,1770934710.527665
1.7988629675293724,21,5,120765496579.62695,60090609.51953683,60449352.099913895,120765855334.49692,61988070.04863185,46721233.15872671,-81.64800262451172,-82.8228988647461,-1.4378999471664429,1.118499994277954,[0. 0. 0.],[0. 0. 0. 1.],2.7001653466200923,-0.67136533593894,"(21, 5)",358755.69660949707,358741.8619791642,-120719134101.29405,1538717.9487179518,2.0288000106811523,-0.67136533593894,120765496579.33705,60449351.77534054,61988069.724058494,60090609.91336138,120765855335.03366,46721233.73960837,0.16585638825346027,1770934710.5893068,1770934710.5893068
1.7828610450680364,30,5,120829150922.4389,56050354.400390424,56355994.72811902,120829456575.23012,57894712.676836975,43106065.26116556,-80.47899627685547,-81.12169647216797,-2.189500093460083,2.0833001136779785,[0. 0. 0.],[0. 0. 0. 1.],3.307452451537286,-1.4241525047523131,"(30, 5)",305653.0135650635,305639.8362379819,-120786350509.75073,1538717.9487179518,1.8832999467849727,-1.4241525047523131,120829150922.2858,56355994.40354567,57894712.35226362,56050354.56730769,120829456575.29936,43106065.5486278,0.08870281144785376,1770934710.6525168,1770934710.6525168
1.6901667880021225,31,5,120421218318.13727,49825980.0291297,50131563.63837544,120421523913.8307,51670281.58709338,38471866.60559644,-82.50540161132812,-81.74690246582031,-3.405800104141236,3.5706000328063965,[0. 0. 0.],[0. 0. 0. 1.],2.987940860432817,-1.1737408167545331,"(31, 5)",305595.73442077637,305582.7448918298,-120383052046.83508,1538717.9487179443,1.814200043678284,-1.1737408167545331,120421218318.11914,50131563.313802086,51670281.26252003,49825980.568910256,120421523913.85356,38471867.01847957,0.16232958523876492,1770934710.7151418,1770934710.7151418
3.244015648554945,20,11,119556130890.31487,53433302.71221572,53737188.391832136,119623651208.2737,55275906.34055008,47196081.967506595,-82.89769744873047,-82.79730224609375,-1.6390999555587769,1.2590999603271484,[0. 0. 0.],[0. 0. 0. 1.],7.238867807619097,-3.889767694704058,"(20, 11)",67520318.3061676,303885.3258964345,-119576455126.30913,1538717.9487179443,3.349100112915039,-3.889767694704058,119556130890.23453,53737188.313802086,55275906.26252003,53433302.98790565,119623651208.5407,47196082.23157051,0.18603667210287256,1770934710.7886238,1770934710.7886238
3.644842163123557,21,11,121026489840.8449,47769810.45322427,48122709.225165464,121026842763.3521,49661427.173883416,38843017.20174774,-91.5280990600586,-92.12100219726562,1.6930999755859375,-1.7127000093460083,[0. 0. 0.],[0. 0. 0. 1.],6.76620379035099,-3.0034038120947644,"(21, 11)",352923.09883117676,352898.63782051206,-120987999746.42,1538717.9487179518,3.7627999782562256,-3.0034038120947644,121026489840.555,48122709.147135414,49661427.095853366,47769810.5093149,121026842763.65382,38843017.23382412,0.18374628245784877,1770934710.8502724,1770934710.8502724
5.385234602818796,21,0,121271483510.71667,26800372.745759208,27104584.1551656,121271787758.59523,28643302.10388355,14922376.672853984,-86.6332015991211,-86.67489624023438,-2.013499975204468,1.4769999980926514,[0. 0. 0.],[0. 0. 0. 1.],8.86107451211785,-3.29947430383538,"(21, 0)",304248.7511291504,304211.17538060993,-121256865382.28111,1538717.948717948,5.561600208282471,-3.29947430383538,121271483510.42677,27104584.147135418,28643302.095853366,26800372.971754808,121271787759.1779,14922376.896784855,0.19160690537613792,1770934711.095302,1770934711.095302
2.85595518110667,20,1,120040174207.62254,62192996.87307902,62545177.17499489,120107742818.2786,64083895.12371284,60772822.821003094,-89.7864990234375,-88.5197982788086,-3.253999948501587,2.969000101089477,[0. 0. 0.],[0. 0. 0. 1.],5.378421035517765,-2.4455210835829506,"(20, 1)",67568610.9493866,352180.08188100904,-120046969995.45912,1538717.9487179443,2.9328999519348145,-2.4455210835829506,120040174207.5422,62545177.095853366,64083895.04457131,62192997.01397236,120107742818.4916,60772823.03247696,0.18431412480275183,1770934711.2726939,1770934711.2726939
2.678584125233659,21,1,121510477340.84488,56475106.4046253,56780657.94422566,121510782910.2319,58319375.89294361,52268294.71103572,-87.84649658203125,-89.24800109863281,-0.2337000072002411,-0.3129000067710876,[0. 0. 0.],[0. 0. 0. 1.],5.464760744195486,-2.6197607155852567,"(21, 1)",305570.11531066895,305551.21006109565,-121458514615.78911,1538717.9487179518,2.845000028610229,-2.6197607155852567,121510477340.55498,56780657.865084134,58319375.813802086,56475106.65502304,121510782910.67029,52268294.8811849,0.1853706052985952,1770934711.3342624,1770934711.3342624
3.0439350144447883,30,1,121559131948.07991,37434482.11868321,37739287.75191797,121559436774.25565,39278005.70063592,33705749.775347896,-94.48079681396484,-94.0167007446289,-1.0774999856948853,0.8335000276565552,[0. 0. 0.],[0. 0. 0. 1.],5.318561597208403,-2.2334616616767864,"(30, 1)",304826.3941040039,304805.5952023268,-121525731024.57443,1538717.9487179443,3.085099935531616,-2.2334616616767864,121559131947.9268,37739287.672776446,39278005.62149439,37434482.07757412,121559436774.3209,33705749.74646935,0.18554441834597682,1770934711.3825104,1770934711.3825104
3.1472291556536858,31,1,121136201210.76544,16211288.170275087,16521996.085251303,121136511940.22328,18060714.033969253,14079378.799855642,-92.17350006103516,-92.09739685058594,-1.909199953079224,2.021899938583374,[0. 0. 0.],[0. 0. 0. 1.],5.403218332373771,-2.245618406378898,"(31, 1)",310729.432723999,310707.8043619804,-121122432561.34578,1538717.94871795,3.157599925994873,-2.245618406378898,121136201210.74731,16521996.006109776,18060713.954827726,16211288.201747796,121136511940.18004,14079378.834259816,0.18393249441610618,1770934711.4325964,1770934711.4325964
4.60953678365499,20,2,120239143622.68665,55655332.349717416,55959560.1951892,120306664293.72917,57498278.14390715,58045073.98773868,-84.07579803466797,-83.95339965820312,-7.065000057220459,7.110599994659424,[0. 0. 0.],[0. 0. 0. 1.],5.780256972993651,-1.0369570119035627,"(20, 2)",67520671.48060608,304227.38882211596,-120248619219.73357,1538717.9487179518,4.743299961090088,-1.0369570119035627,120239143622.60631,55959560.10867388,57498278.05739183,55655332.71985176,120306664294.08691,58045074.35334034,0.19981438547689073,1770934711.476384,1770934711.476384
4.051075500140442,21,2,121713472092.44743,53963128.9466467,54267124.297753304,121713776116.08331,55805842.24647125,53612276.26293549,-90.98079681396484,-90.50469970703124,-3.952500104904175,3.8361001014709473,[0. 0. 0.],[0. 0. 0. 1.],6.2983455293594135,-2.113745652955605,"(21, 2)",304024.2982635498,303995.1735276431,-121660163840.07922,1538717.9487179443,4.184599876403809,-2.113745652955605,121713472092.15753,54267124.21123798,55805842.159955926,53963129.03771034,121713776116.4558,53612276.37657753,0.18339796797061994,1770934711.5371237,1770934711.5371237
4.4102767266869085,30,2,121762126675.64401,34922078.59624682,35228863.079804584,121762433491.09506,36767581.028522536,35053242.39352713,-85.49089813232422,-85.39820098876953,-4.959199905395508,4.765500068664551,[0. 0. 0.],[0. 0. 0. 1.],5.370857095168491,-0.7980569357141452,"(30, 2)",306816.0619354248,306784.0263171047,-121727380248.78629,1538717.9487179518,4.572800159454346,-0.7980569357141452,121762126675.4909,35228862.99328926,36767580.942007214,34922078.96697216,121762433491.55284,35053242.76655148,0.1974244741854708,1770934711.5853548,1770934711.5853548
5.06887628094766,31,2,121337196443.13724,11698992.818232683,12004792.56698407,121337502278.52356,13543510.515702019,13420492.769325044,-91.44609832763672,-90.84439849853516,-6.244500160217285,6.016300201416016,[0. 0. 0.],[0. 0. 0. 1.],5.909298044654857,-0.8152981819839589,"(31, 2)",305835.4147949219,305799.59184695594,-121324081785.66719,1538717.948717948,5.093999862670898,-0.8152981819839589,121337196443.11911,12004792.48046875,13543510.429186698,11698992.888621794,121337502278.5339,13420492.86671174,0.18346587256828856,1770934711.6354802,1770934711.6354802
6.610630735876492,20,3,120458181459.2251,405858.9553413859,712757.3233527547,120525704812.06233,2251475.2720707036,8219940.762155897,-90.99539947509766,-91.5864028930664,-0.6294999718666077,0.5047000050544739,[0. 0. 0.],[0. 0. 0. 1.],8.333480663273496,-1.6722806167341897,"(20, 3)",67523352.97413635,306898.16205929493,-120517484871.27605,1538717.948717949,6.661200046539307,-1.6722806167341897,120458181459.14476,712757.2240584936,2251475.1727764425,405859.0619991987,120525704812.1189,8219940.842848558,0.18351046835020718,1770934711.6906714,1770934711.6906714
5.942427811528651,21,3,121928466539.56282,61887796.81266812,62194351.8746348,121928773133.47432,63733069.823352754,66960052.50813653,-84.76329803466797,-85.91929626464844,2.6364998817443848,-2.403700113296509,[0. 0. 0.],[0. 0. 0. 1.],8.658882207513464,-2.499082154870642,"(21, 3)",306594.81733703613,306554.5654296875,-121861813081.20877,1538717.9487179518,6.159800052642822,-2.499082154870642,121928466539.27292,62194351.77534054,63733069.724058494,61887797.209910855,121928773134.09026,66960052.88148537,0.19804356898429704,1770934711.7522483,1770934711.7522483
5.899709309574114,30,3,121992120698.0799,57846464.35777354,58151699.63104506,121992425972.13492,59690417.57976301,63396481.99021491,-88.8196029663086,-87.91619873046875,1.375499963760376,-1.8876999616622925,[0. 0. 0.],[0. 0. 0. 1.],8.088195173008208,-2.064695207340483,"(30, 3)",305274.5486602783,305234.9540514797,-121929029490.21321,1538717.9487179518,6.023499965667725,-2.064695207340483,121992120697.92679,58151699.5317508,59690417.48046875,57846464.57769932,121992425972.47545,63396482.26224459,0.18569415921054824,1770934711.8153286,1770934711.8153286
6.385185265088811,31,3,121585190721.98338,52623697.3743379,52929816.61822455,121585496884.11577,54468534.5669425,59765859.87622964,-96.21330261230467,-101.73989868164062,0.4860999882221222,-0.9387000203132628,[0. 0. 0.],[0. 0. 0. 1.],8.413408825323614,-2.0536089634156554,"(31, 3)",306161.9372253418,306119.1969651431,-121525731024.13623,1538717.9487179518,6.359799861907959,-2.0536089634156554,121585190721.96526,52929816.518930286,54468534.46764824,52623697.32196514,121585496883.90248,59765859.766251,0.18826488828632615,1770934711.8785608,1770934711.8785608
4.967501334048196,20,4,120717157989.67381,66478592.48967414,66784287.768809736,120784680129.10736,1106595.4611174334,65546030.31297994,-99.80870056152344,-99.92150115966795,-2.937299966812134,2.422300100326538,[0. 0. 0.],[0. 0. 0. 1.],5.9957967768636635,-1.0359970103231362,"(20, 4)",67522139.39176941,305695.284329921,-120719134098.77441,-65677692.307692304,4.959799766540527,-1.0359970103231362,120717157989.59348,66784287.67277644,1106595.3650841345,66478592.38844652,120784680128.98524,65546030.21083734,0.18905037606024916,1770934711.9496999,1770934711.9496999
4.298347236048169,21,4,122187459856.8705,60761581.900405176,61067524.94829692,122187765828.47418,62606242.89701487,57087109.88258809,-96.23770141601562,-96.997802734375,1.0262999534606934,-0.1694999933242797,[0. 0. 0.],[0. 0. 0. 1.],6.075795992695039,-1.6942962253915725,"(21, 4)",305972.07093811035,305943.0088141039,-122130678718.83833,1538717.9487179518,4.381499767303467,-1.6942962253915725,122187459856.5806,61067524.85226362,62606242.800981574,60761581.84344952,122187765828.65154,57087109.81320112,0.18733393869785928,1770934712.0114021,1770934712.0114021
4.793896666215303,30,4,122251113967.31065,56719811.776296824,57028294.17906615,122251422481.84138,58567012.127784096,53527354.32165834,-92.31490325927734,-93.00090026855467,-0.3761999905109405,0.325899988412857,[0. 0. 0.],[0. 0. 0. 1.],5.940327473034791,-1.0854275897645271,"(30, 4)",308514.77990722656,308482.2591145858,-122197895127.59238,1538717.9487179443,4.854899883270264,-1.0854275897645271,122251113967.15755,57028294.083032854,58567012.0317508,56719811.82391827,122251422481.93745,53527354.34507712,0.1842769439294929,1770934712.0743752,1770934712.0743752
4.801279367649346,31,4,121844184576.15004,51497209.43098669,51801491.29445077,121844488890.43652,53340209.24316871,49892225.707616895,-83.5248031616211,-83.77909851074219,-1.6548999547958374,1.5542999505996704,[0. 0. 0.],[0. 0. 0. 1.],6.018622700489663,-1.1095226447950832,"(31, 4)",304314.5751953125,304281.41276042163,-121794596664.62976,1538717.9487179443,4.90910005569458,-1.1095226447950832,121844184576.13191,51801491.19841747,53340209.147135414,51497209.78565705,121844488890.7071,49892226.07734876,0.19783435838028562,1770934712.136392,1770934712.136392
2.1796171255307857,20,5,120959094576.21227,49294658.450449616,49599384.15119595,121026615727.93619,51138102.099913895,38615990.517100535,-88.32360076904297,-88.55719757080078,-4.549499988555908,3.8471999168396,[0. 0. 0.],[0. 0. 0. 1.],3.059692769990478,-0.7168928680281978,"(20, 5)",67521152.0151062,304724.84099559486,-120987999737.10825,1538717.9487179443,2.3427999019622803,-0.7168928680281978,120959094576.13193,49599383.8266226,51138101.77534054,49294658.985627,121026615728.14703,38615991.03878706,0.18548239005634543,1770934712.19166,1770934712.19166
1.789085022249043,21,5,122429453606.8705,43635469.00632482,43991571.65119595,122429809721.79918,45530289.599913895,30265364.31681478,-81.44770050048828,-82.45500183105469,-1.524500012397766,0.463699996471405,[0. 0. 0.],[0. 0. 0. 1.],2.7001653466200923,-0.6943653378462882,"(21, 5)",356115.7070159912,356101.9662710354,-122399544357.43823,1538717.9487179443,2.005800008773804,-0.6943653378462882,122429453606.5806,43991571.3266226,45530289.27534054,43635469.36035156,122429809722.28761,30265364.849384014,0.15395149707870673,1770934712.2533894,1770934712.2533894
1.77878126718439,30,5,122493107677.24655,39593317.38501157,39899175.817862615,122493413548.07874,41437893.76658057,26652781.511766892,-80.29979705810547,-80.86499786376953,-1.8476999998092647,1.986500024795532,[0. 0. 0.],[0. 0. 0. 1.],3.307452451537286,-1.439752470801507,"(30, 5)",305871.00297546387,305857.9664963931,-122466760766.34875,1538717.9487179518,1.8676999807357788,-1.439752470801507,122493107677.09344,39899175.49328926,41437893.442007214,39593317.52679287,122493413548.09642,26652781.747671273,0.07726054196992382,1770934712.3163936,1770934712.3163936
1.7054256598780033,31,5,122087178814.9321,35370877.27068361,35676683.83068313,122087484633.7067,37215401.77940108,24022330.21222005,-82.10489654541016,-81.55789947509766,-2.9577999114990234,3.321000099182129,[0. 0. 0.],[0. 0. 0. 1.],2.987940860432817,-1.1733408695880907,"(31, 5)",305818.77879333496,305805.75796274096,-122063462303.10445,1538717.9487179518,1.8145999908447263,-1.1733408695880907,122087178814.91397,35676683.506109774,37215401.454827726,35370877.74814703,122087484633.69276,24022330.588316306,0.14911700365007702,1770934712.3818154,1770934712.3818154
3.2472190745331115,20,11,121231087957.62251,47977517.36783336,48281355.0584988,121298608227.62917,49820073.00721675,41742844.99102607,-82.71610260009766,-82.93810272216797,-1.6130000352859497,1.1064000129699707,[0. 0. 0.],[0. 0. 0. 1.],7.238867807619097,-3.8873677732868215,"(20, 11)",67520270.37008667,303837.35852363706,-121256865382.64108,1538717.9487179518,3.3515000343322754,-3.8873677732868215,121231087957.54218,48281354.98046875,49820072.9291867,47977517.62194511,121298608227.91226,41742845.27118389,0.1855407241372785,1770934712.4636052,1770934712.4636052
3.6236913480451993,21,11,122701446579.6269,42318939.83641158,42671491.27644752,122701799154.69032,44210209.225165464,33389152.25495851,-92.17829895019533,-92.6176986694336,1.666100025177002,-1.600000023841858,[0. 0. 0.],[0. 0. 0. 1.],6.76620379035099,-3.0312038952551648,"(21, 11)",352575.63664245605,352551.3321314156,-122668410002.70502,1538717.9487179443,3.734999895095825,-3.0312038952551648,122701446579.337,42671491.19841747,44210209.147135414,42318939.866286054,122701799154.97365,33389152.268629808,0.18410011164899653,1770934712.5252428,1770934712.5252428
5.404505477261984,21,0,122943440329.62689,18344045.518712267,18649479.988498934,122943745800.7183,20188197.93721688,6470162.495246323,-87.33719635009766,-88.19120025634766,-1.857900023460388,1.135200023651123,[0. 0. 0.],[0. 0. 0. 1.],8.86107451211785,-3.298274581545341,"(21, 0)",305471.8800201416,305434.27296173945,-122937275638.58179,1538717.948717948,5.56279993057251,-3.298274581545341,122943440329.33699,18649479.98046875,20188197.929186698,18344045.70750701,122943745801.21701,6470162.635216346,0.18733766277536212,1770934712.7672663,1770934712.7672663
2.8751530483867995,20,1,121714075217.23788,55678655.60767383,55984231.66217438,121781597223.58429,57522949.610892326,54216971.45042431,-89.9531021118164,-88.64579772949219,-3.142199993133545,2.998800039291382,[0. 0. 0.],[0. 0. 0. 1.],5.378421035517765,-2.428720918406559,"(20, 1)",67522006.63249207,305575.8432241604,-121727380252.13539,1538717.9487179443,2.949700117111206,-2.428720918406559,121714075217.15755,55984231.583032854,57522949.5317508,55678655.73980869,121781597223.79004,54216971.65464743,0.18413371470261486,1770934712.9465733,1770934712.9465733
2.7203574617106936,21,1,123183434127.70381,49021778.24045421,49326843.84166156,123183739211.53365,50865561.79037951,44814340.11901093,-90.4916000366211,-89.26509857177734,0.2709999978542328,-0.1917999982833862,[0. 0. 0.],[0. 0. 0. 1.],5.464760744195486,-2.599960767846609,"(21, 1)",305084.5571746826,305065.41716746986,-123138924871.68288,1538717.9487179518,2.864799976348877,-2.599960767846609,123183434127.41391,49326843.76252003,50865561.71123798,49021778.34535256,123183739211.97108,44814340.28821114,0.18361988371336538,1770934713.0071855,1770934713.0071855
3.067533130685201,30,1,123247088077.88756,44978852.366034105,45284175.57243079,123247393421.81296,46822893.52114874,41252141.016354926,-96.1769027709961,-93.99479675292967,-1.065400004386902,0.3948000073432922,[0. 0. 0.],[0. 0. 0. 1.],5.318561597208403,-2.2151616052192664,"(30, 1)",305344.1443786621,305323.2046274021,-123206141280.89075,1538717.9487179518,3.103399991989136,-2.2151616052192664,123247088077.73445,45284175.49328926,46822893.442007214,44978852.28866186,123247393421.87883,41252140.988080926,0.18611651284398498,1770934713.070406,1770934713.070406
3.183884014939652,31,1,122840160962.36798,39757416.921515085,40061427.17499489,122840464994.4684,41600145.12371284,37622176.99469988,-91.22460174560548,-91.31420135498048,-1.7890000343322754,1.6158000230789185,[0. 0. 0.],[0. 0. 0. 1.],5.403218332373771,-2.1981182728644937,"(31, 1)",304032.10762023926,304010.10366586596,-122802842817.39606,1538717.9487179443,3.2051000595092773,-2.1981182728644937,122840160962.34985,40061427.095853366,41600145.04457131,39757416.9921875,122840464994.45747,37622177.06142328,0.18350654841158268,1770934713.132444,1770934713.132444
4.619122452508474,20,2,121955069039.35327,23941661.84160548,24254896.73365074,122022598717.52628,25793614.68236869,26352830.89910575,-84.59829711914062,-84.71219635009766,-7.316400051116943,7.042600154876709,[0. 0. 0.],[0. 0. 0. 1.],5.780256972993651,-1.0234567982805158,"(20, 2)",67529678.62641907,313234.425080128,-121996245886.61931,1538717.948717948,4.756800174713135,-1.0234567982805158,121955069039.27293,24254896.647135418,25793614.595853366,23941662.22205529,122022598717.89935,26352831.280048076,0.20012005362836796,1770934713.187633,1770934713.187633
4.092573367215291,21,2,123424427901.74228,17285233.579793736,17588871.092625096,123424731567.80608,19127589.04134305,16941061.27214606,-91.70099639892578,-92.31990051269533,-3.7467000484466553,4.007400035858154,[0. 0. 0.],[0. 0. 0. 1.],6.2983455293594135,-2.0887455575881733,"(21, 2)",303666.6478729248,303637.36666165665,-123407790506.79279,1538717.9487179518,4.20959997177124,-2.0887455575881733,123424427901.45238,17588871.006109774,19127588.954827726,17285233.639448117,123424731568.10025,16941061.307466947,0.18385022620446428,1770934713.248205,1770934713.248205
4.324616355908817,30,2,123488081811.86191,13241765.508842882,13545858.272112276,123488385934.9859,15084576.220830224,13379019.508182468,-85.73780059814453,-85.21649932861328,-4.796299934387207,5.162300109863281,[0. 0. 0.],[0. 0. 0. 1.],5.370857095168491,-0.8842571729883151,"(30, 2)",304123.73861694336,304092.3133263234,-123475006915.56248,1538717.948717948,4.486599922180176,-0.8842571729883151,123488081811.7088,13545858.185596956,15084576.134314904,13241765.872270633,123488385935.44742,13379019.884940905,0.19731112552484426,1770934713.3113241,1770934713.3113241
5.061747274269659,31,2,123106154664.29105,33019624.912003323,33323911.15672766,123106458986.11371,34862629.10544561,34750533.67720788,-90.84439849853516,-90.81620025634766,-6.208099842071533,5.940899848937988,[0. 0. 0.],[0. 0. 0. 1.],5.909298044654857,-0.8181978287429921,"(31, 2)",304321.85246276855,304286.0608223155,-123071708452.34947,1538717.948717948,5.091100215911865,-0.8181978287429921,123106154664.27292,33323911.070212338,34862629.018930286,33019625.009390023,123106458986.12538,34750533.775916465,0.18340627951774516,1770934713.398341,1770934713.398341
6.622557673952057,20,3,122221062076.21223,15659038.509499254,15963855.079763012,122288583347.28725,17502573.02848096,23471809.101358097,-91.30239868164062,-90.6780014038086,-0.3919999897480011,0.270000010728836,[0. 0. 0.],[0. 0. 0. 1.],8.333480663273496,-1.656280822727842,"(20, 3)",67521271.25274658,304816.37807992846,-122265111538.16176,1538717.948717948,6.677199840545654,-1.656280822727842,122221062076.1319,15963854.98046875,17502572.929186698,15659038.602388822,122288583347.38464,23471809.22288161,0.18342940980392403,1770934713.4536543,1770934713.4536543
5.949277478434098,21,3,123691421010.71663,10003927.240272166,10310593.861814294,123691727716.18945,11849311.810532242,15071558.081137015,-84.11540222167969,-84.61180114746094,2.4846999645233154,-2.7623000144958496,[0. 0. 0.],[0. 0. 0. 1.],8.658882207513464,-2.490181989312781,"(21, 3)",306706.40211486816,306666.13456530496,-123676656158.3509,1538717.948717948,6.168700218200684,-2.490181989312781,123691421010.42673,10310593.762520032,11849311.71123798,10003927.627954727,123691727716.82884,15071558.477939703,0.2003792614597066,1770934713.5160375,1770934713.5160375
5.817240231988274,30,3,123768074528.20805,18960260.860717375,19264680.40027583,123768378986.02704,20803398.34899378,24506419.19405306,-88.12079620361328,-88.58650207519531,1.5851000547409058,-2.025599956512451,[0. 0. 0.],[0. 0. 0. 1.],8.088195173008208,-2.146895257694487,"(30, 3)",304458.2738647461,304419.1800631024,-123743872566.90147,1538717.948717948,5.941299915313721,-2.146895257694487,123768074528.05495,19264680.30098157,20803398.249699518,18960261.120918468,123768378986.32881,24506419.427333735,0.1856873387242314,1770934713.5922372,1770934713.5922372
6.833579142201775,31,3,123391147901.47052,43738932.40676776,44045473.6695066,123391454488.07814,45584191.61822455,50880384.2237609,-102.81900024414062,-90.59380340576172,0.131300002336502,-0.9377999901771544,[0. 0. 0.],[0. 0. 0. 1.],8.413408825323614,-1.5793090557313292,"(31, 3)",306586.6480102539,306541.27854567766,-123340574103.75107,1538717.9487179443,6.834099769592285,-1.5793090557313292,123391147901.4524,44045473.57021234,45584191.518930286,43738932.291666664,123391454488.1004,50880384.349333934,0.18481882943948058,1770934713.683317,1770934713.683317
4.938604021378529,20,4,122506054768.51993,40527579.71908368,40833117.89701487,122573576750.69012,42371835.845732816,39599575.12920474,-98.77330017089844,-100.43659973144533,-3.0239999294281006,2.83489990234375,[0. 0. 0.],[0. 0. 0. 1.],5.9957967768636635,-1.0639968882528237,"(20, 4)",67521982.12451172,305538.1735777259,-122533977175.54094,1538717.9487179443,4.93179988861084,-1.0639968882528237,122506054768.43959,40833117.800981574,42371835.74969952,40527579.62740385,122573576750.5641,39599575.02316206,0.18891378315407978,1770934713.738655,1770934713.738655
4.344588684724548,21,4,123976413646.93457,34873167.02582597,35177548.986758456,123976718057.72957,36716266.93547641,31196262.058417767,-96.91120147705078,-97.07129669189452,0.3576000034809112,-0.583899974822998,[0. 0. 0.],[0. 0. 0. 1.],6.075795992695039,-1.6498960102426468,"(21, 4)",304411.261138916,304381.93296774477,-123945521795.91788,1538717.9487179518,4.425899982452393,-1.6498960102426468,123976413646.64467,35177548.89072516,36716266.83944311,34873166.95775741,123976718057.9058,31196261.98793069,0.18758829674435917,1770934713.8000715,1770934713.8000715
4.800898671026864,30,4,124040067460.90036,30829357.53855652,31137973.666245636,124040376109.21849,32676691.614963587,27637904.853968013,-91.64119720458984,-92.8582000732422,-0.4135000109672546,0.463699996471405,[0. 0. 0.],[0. 0. 0. 1.],5.940327473034791,-1.073727436413697,"(30, 4)",308648.5720977783,308615.95740684867,-124012738204.43716,1538717.9487179518,4.866600036621094,-1.073727436413697,124040067460.74725,31137973.570212338,32676691.51893029,30829357.61280549,124040376109.31935,27637904.8821865,0.18397789492508113,1770934713.8633928,1770934713.8633928
4.729731905543676,31,4,123632142188.3295,24608928.049164586,24915746.10214307,123632449038.38428,26454464.050861023,23009296.99837009,-83.93460083007812,-84.77899932861328,-1.5300999879837036,1.598099946975708,[0. 0. 0.],[0. 0. 0. 1.],6.018622700489663,-1.1742227714430324,"(31, 4)",306850.36683654785,306817.5800030045,-123609439741.28676,1538717.9487179518,4.844399929046631,-1.1742227714430324,123632142188.31137,24915746.006109774,26454463.954827726,24608928.42610677,123632449038.6782,23009297.39145132,0.20037421520575596,1770934713.9244387,1770934713.9244387
2.19543887239198,20,5,122747048734.86607,22398107.173608903,22702108.510170307,122814569162.29448,24240826.458888255,11726347.780213743,-88.63089752197266,-88.62670135498047,-4.214200019836426,3.946899890899658,[0. 0. 0.],[0. 0. 0. 1.],3.059692769990478,-0.7042926845412594,"(20, 5)",67520427.71559143,304000.49454126507,-122802842814.20343,1538717.948717948,2.3554000854492188,-0.7042926845412594,122747048734.78574,22702108.185596954,24240826.134314902,22398107.69105569,122814569162.50133,11726348.297901643,0.18509248082754906,1770934713.9796422,1770934713.9796422
1.8054589622874775,21,5,124217407420.97302,16744156.352287311,17097437.035811335,124217760713.97862,18636154.984529283,3373279.275872355,-82.35330200195312,-83.75830078125,-1.0169999599456787,1.1045000553131104,[0. 0. 0.],[0. 0. 0. 1.],2.7001653466200923,-0.6344652924513912,"(21, 5)",353293.9108886719,353279.84149639495,-124214387434.65862,1538717.948717948,2.065700054168701,-0.6344652924513912,124217407420.68312,17097436.711237982,18636154.65995593,16744156.869741587,124217760714.59401,3373279.9353966345,0.1892402397763768,1770934714.0412495,1770934714.0412495
1.7084270746483867,30,5,124304060593.91318,35699319.56631353,36005121.33068313,124304366407.68816,37543839.27940108,22762564.605051678,-80.61289978027344,-80.12000274658203,-1.8625999689102173,1.7899999618530271,[0. 0. 0.],[0. 0. 0. 1.],3.307452451537286,-1.5198524111014948,"(30, 5)",305813.83337402344,305801.25075119734,-124281603842.86488,1538717.9487179518,1.787600040435791,-1.5198524111014948,124304060593.76007,36005121.006109774,37543838.954827726,35699319.75535858,124304366407.59344,22762564.728565704,0.06881383083653676,1770934714.1274185,1770934714.1274185
1.6723433113401656,31,5,123913135521.66283,46478651.5126667,46784368.12555493,123913441250.25687,48323086.07427287,35135869.77677361,-82.1604995727539,-81.34980010986328,-3.192500114440918,3.426300048828125,[0. 0. 0.],[0. 0. 0. 1.],2.987940860432817,-1.2113408571903241,"(31, 5)",305728.55630493164,305715.8015324548,-123878305380.09007,1538717.9487179443,1.776600003242493,-1.2113408571903241,123913135521.6447,46784367.800981574,48323085.74969952,46478651.99944912,123913441250.201,35135870.110927485,0.14469759356931106,1770934714.2053297,1770934714.2053297
3.2180013583599556,20,11,123014042244.48145,16085981.72842565,16391234.866191104,123081563929.74825,17929952.814909052,9855470.218374752,-82.55809783935547,-83.13359832763672,-1.9622000455856323,0.994599997997284,[0. 0. 0.],[0. 0. 0. 1.],7.238867807619097,-3.9167678835315725,"(20, 11)",67521685.65016174,305252.82639723644,-123071708459.53282,1538717.948717948,3.3220999240875244,-3.9167678835315725,123014042244.40111,16391234.788161058,17929952.736879006,16085981.961763822,123081563930.05127,9855470.518454527,0.1857871712109992,1770934714.2523744,1770934714.2523744
3.617269373991511,21,11,124485400497.89609,11432605.555134615,11784768.520037258,124485752684.44571,13323486.468755206,2499605.102953119,-91.64119720458984,-91.75740051269533,1.642799973487854,-1.7582999467849731,[0. 0. 0.],[0. 0. 0. 1.],6.76620379035099,-3.0295037323675915,"(21, 11)",352187.1557006836,352162.83553685993,-124483253079.6124,1538717.948717948,3.7367000579833984,-3.0295037323675915,124485400497.60619,11784768.442007212,13323486.39072516,11432605.606470352,124485752684.76189,2499605.1494891825,0.1836866206037602,1770934714.3092432,1770934714.3092432
4.921468280292459,21,0,124728394223.85762,55668191.51849781,55973879.02696047,124728699945.37411,57512596.97567842,43797643.551847056,-86.57330322265625,-97.0270004272461,-1.5618000030517578,1.47979998588562,[0. 0. 0.],[0. 0. 0. 1.],8.86107451211785,-3.8234744716820597,"(21, 0)",305721.98330688477,305687.2715094164,-124684902302.18102,1538717.9487179518,5.037600040435791,-3.8234744716820597,124728394223.56772,55973879.018930286,57512596.96764824,55668191.74742087,124728699945.55103,43797643.37001703,0.1841835023519511,1770934714.5521424,1770934714.5521424
2.8200563558531173,20,1,123499029456.0199,25784393.31329499,26092981.66217438,123566554474.34845,27631699.61089233,24331145.526298106,-89.54669952392578,-88.49099731445312,-3.160900115966797,2.8907999992370605,[0. 0. 0.],[0. 0. 0. 1.],5.378421035517765,-2.4792210729017983,"(20, 1)",67525018.62355042,308588.1159855798,-123542223328.82368,1538717.948717948,2.899199962615967,-2.4792210729017983,123499029455.93956,26092981.583032854,27631699.531750802,25784393.467047274,123566554474.56311,24331145.73943309,0.1844836867625273,1770934714.7315574,1770934714.7315574
2.695627624029216,21,1,124968388021.93454,19132750.18443499,19436915.957046174,124968692205.71175,20975633.905764125,14924257.076725347,-89.54940032958984,-88.92960357666016,-0.0074000000022351,-0.3025999963283539,[0. 0. 0.],[0. 0. 0. 1.],5.464760744195486,-2.614560806375051,"(21, 1)",304184.52336120605,304165.53986378014,-124953767948.90324,1538717.9487179518,2.8501999378204346,-2.614560806375051,124968388021.64464,19436915.877904646,20975633.826622598,19132750.338040866,124968692206.168,14924257.264748598,0.18415990651663552,1770934714.792109,1770934714.792109
3.055516171431959,30,1,125032041675.64392,15087787.849980265,15393206.02114874,125032347114.48814,16931923.96986669,11362756.940643698,-94.06099700927734,-94.64730072021484,-0.6909999847412109,0.6919000148773193,[0. 0. 0.],[0. 0. 0. 1.],5.318561597208403,-2.2226615384620647,"(30, 1)",305439.04623413086,305418.12212039344,-125020984357.64165,1538717.94871795,3.095900058746338,-2.2226615384620647,125032041675.49081,15393205.942007212,16931923.890725162,15087787.819886819,125032347114.53705,11362756.895407652,0.1856275594102452,1770934714.8552423,1770934714.8552423
3.203923154564712,31,1,124625118638.64998,9868488.606326282,10173518.52114874,124625423690.53197,11712236.469866687,7737796.056985146,-91.25550079345705,-92.31490325927734,-2.315200090408325,2.0804998874664307,[0. 0. 0.],[0. 0. 0. 1.],5.403218332373771,-2.1844182644721593,"(31, 1)",305051.84858703613,305029.7663762029,-124617685894.39732,1538717.948717948,3.2188000679016118,-2.1844182644721593,124625118638.63185,10173518.442007212,11712236.39072516,9868488.675631009,124625423690.48044,7737796.0831079725,0.183714010338105,1770934714.9173875,1770934714.9173875
4.614746271982978,20,2,123741023254.09682,62256278.3232133,62576691.60544561,123808560110.70078,64115409.55416356,64687557.500892855,-84.45320129394531,-84.16680145263672,-6.855400085449219,6.89169979095459,[0. 0. 0.],[0. 0. 0. 1.],5.780256972993651,-1.0292570454728986,"(20, 2)",67536857.0493927,320412.81675680727,-123743872553.19202,1538717.9487179518,4.750999927520752,-1.0292570454728986,123741023254.01648,62576691.518930286,64115409.46764824,62256278.70217348,123808560111.06587,64687557.873848155,0.20036152559740378,1770934714.9735835,1770934714.9735835
4.076767063378104,21,2,125211381747.89607,56605062.019446984,56908911.156727664,125211685625.46425,58447629.10544561,56268452.18543197,-90.8834991455078,-91.04329681396484,-4.37060022354126,4.135000228881836,[0. 0. 0.],[0. 0. 0. 1.],6.2983455293594135,-2.0912456148086322,"(21, 2)",303878.20512390137,303848.95520332456,-125155417173.53766,1538717.9487179443,4.207099914550781,-2.0912456148086322,125211381747.60617,56908911.07021234,58447629.018930286,56605062.11500902,125211685625.8113,56268452.273637824,0.1834262964841303,1770934715.0351698,1770934715.0351698
4.398721189394856,30,2,125260035746.15674,37560018.65516531,37864752.502881505,125260340510.84427,39403470.45159946,37706928.60602334,-85.29460144042969,-85.48169708251953,-5.189300060272217,5.31309986114502,[0. 0. 0.],[0. 0. 0. 1.],5.370857095168491,-0.8092568868860202,"(30, 2)",304765.2963562012,304733.3859174624,-125222633582.323,1538717.9487179518,4.561600208282471,-0.8092568868860202,125260035746.00363,37864752.41636618,39403470.365084134,37560019.03044872,125260340511.29999,37706928.97698818,0.19767937025501356,1770934715.0833063,1770934715.0833063
5.056069077760086,31,2,124835113502.43202,14341119.766451485,14647212.438778942,124835419630.62395,16185930.38749689,16084511.364324968,-90.7155990600586,-91.0395965576172,-6.285399913787842,6.009799957275391,[0. 0. 0.],[0. 0. 0. 1.],5.909298044654857,-0.82449827811433,"(31, 2)",306128.2113952637,306092.4823467545,-124819335119.17259,1538717.948717948,5.084799766540527,-0.82449827811433,124835113502.4139,14647212.352263622,16185930.30098157,14341119.869916867,124835419630.62529,16084511.452699319,0.18341192154483527,1770934715.1334126,1770934715.1334126
5.93969269294228,21,3,125647370481.87042,16682770.772287663,16987020.143865574,125647674770.0453,18525738.092583522,21742714.548080694,-84.51280212402344,-85.38610076904297,2.7706000804901123,-2.895400047302246,[0. 0. 0.],[0. 0. 0. 1.],8.658882207513464,-2.4996820160156616,"(21, 3)",304289.0969390869,304248.8763271235,-125625932055.7398,1538717.948717948,6.159200191497803,-2.4996820160156616,125647370481.58052,16987020.044571314,18525737.993289262,16682771.16824419,125647674770.67746,21742714.93765024,0.19944167865696863,1770934715.4742155,1770934715.4742155
5.8549854358032904,30,3,125742023206.09262,43636434.90012278,43941242.900275834,125742328052.53659,45479960.84899378,49179587.82954616,-88.47250366210938,-88.10009765625,1.3271000385284424,-2.069299936294556,[0. 0. 0.],[0. 0. 0. 1.],8.088195173008208,-2.107995359165434,"(30, 3)",304846.92697143555,304807.66100761294,-125693148464.77554,1538717.9487179443,5.980199813842773,-2.107995359165434,125742023205.93951,43941242.800981574,45479960.74969952,43636435.13997396,125742328052.86649,49179588.09094551,0.18584028720728404,1770934715.5653145,1770934715.5653145
6.481086973894458,31,3,125336101755.63715,39418133.28840109,39724608.28489122,125336408273.59512,41263326.23360916,46558272.14839763,-103.88670349121094,-96.28690338134766,0.4720999896526336,-0.91729998588562,[0. 0. 0.],[0. 0. 0. 1.],8.413408825323614,-1.9592090343690245,"(31, 3)",306517.81913757324,306475.01627604663,-125289850001.34343,1538717.9487179443,6.45419979095459,-1.9592090343690245,125336101755.61902,39724608.18559696,41263326.1343149,39418133.16932091,125336408273.43816,46558272.09472656,0.18849492056743786,1770934715.6308293,1770934715.6308293
4.953457040205811,20,4,124462004752.49423,47196516.30475921,47502300.58932256,124529526980.8708,49041018.53804051,46273907.8740282,-99.38469696044922,-98.6436004638672,-2.710099935531616,2.4679999351501465,[0. 0. 0.],[0. 0. 0. 1.],5.9957967768636635,-1.0476966868368072,"(20, 4)",67522228.3466034,305784.2861077711,-124483253072.97679,1538717.9487179518,4.948100090026856,-1.0476966868368072,124462004752.4139,47502300.49328926,49041018.442007214,47196516.20718149,124529526980.7605,46273907.78370392,0.18868338982807623,1770934715.6945133,1770934715.6945133
4.328718957588682,21,4,125931363142.12683,40547726.88563745,40853382.32009179,125931668826.30122,42392100.26880974,36871133.25682866,-97.01239776611328,-96.9542999267578,0.620199978351593,-0.542900025844574,[0. 0. 0.],[0. 0. 0. 1.],6.075795992695039,-1.6656960094797073,"(21, 4)",305684.6423034668,305655.40802784264,-125894797693.29114,1538717.9487179518,4.410099983215332,-1.6656960094797073,125931363141.83693,40853382.224058494,42392100.172776446,40547726.81603065,125931668826.47923,36871133.188100964,0.1875836793374153,1770934715.7550702,1770934715.7550702
4.815269046183033,30,4,125993016683.65672,34501739.70325032,34810361.486758456,125993325337.70146,36349079.43547641,31311235.775896683,-92.27539825439452,-91.9719009399414,-0.7376000285148621,0.2468000054359436,[0. 0. 0.],[0. 0. 0. 1.],5.940327473034791,-1.0582273677491463,"(30, 4)",308654.3313140869,308621.6383713931,-125962014101.99821,1538717.9487179518,4.8821001052856445,-1.0582273677491463,125993016683.50362,34810361.39072516,36349079.33944311,34501739.752353765,125993325337.83493,31311235.836713742,0.18392362607065893,1770934715.816267,1770934715.816267
4.744120364711293,31,4,125569096218.77817,12284041.068347685,12591290.973937947,125569403500.75095,14130008.922655895,10687861.772682944,-84.07879638671875,-84.16069793701172,-1.6390999555587769,1.3596999645233154,[0. 0. 0.],[0. 0. 0. 1.],6.018622700489663,-1.1603224914442531,"(31, 4)",307282.2766418457,307249.4272085335,-125558715638.8791,1538717.948717948,4.85830020904541,-1.1603224914442531,125569096218.76004,12591290.877904648,14130008.826622596,12284041.450696114,125569403501.03668,10687862.157577123,0.20010439460474924,1770934715.8614094,1770934715.8614094
2.1904875119394274,20,5,124683072829.41731,9138045.249875149,9442268.766580563,124750593478.96893,10980986.715298511,65691177.15002631,-87.87850189208984,-88.66500091552734,-4.70959997177124,3.6396000385284415,[0. 0. 0.],[0. 0. 0. 1.],3.059692769990478,-0.7030927238326412,"(20, 5)",67520649.83660889,304222.631209936,-124684902301.50807,1538717.948717948,2.356600046157837,-0.7030927238326412,124683072829.33698,9442268.442007212,10980986.39072516,9138045.810797276,124750593479.17358,65691177.66551483,0.18590870622372982,1770934715.9155872,1770934715.9155872
1.7856889880055418,21,5,126152357436.99861,2416065.6100571607,2766283.189657486,126152707666.82654,4305001.138375435,56260745.21039679,-81.88880157470703,-82.23139953613281,-1.4053000211715698,0.9545999765396118,[0. 0. 0.],[0. 0. 0. 1.],2.7001653466200923,-0.6900654587721919,"(21, 5)",350230.57205200195,350216.815655048,-126096446921.572,1538717.9487179485,2.0100998878479004,-0.6900654587721919,126152357436.70871,2766282.8650841345,4305000.813802083,2416066.0494290865,126152707667.28076,56260745.70875902,0.1600636505777601,1770934715.9762115,1770934715.9762115
1.7568590083171953,30,5,126217010858.33621,66586044.63634395,66891836.07427287,126217316662.03639,1214143.7665805633,53653331.41388486,-80.62770080566406,-80.91069793701172,-2.134500026702881,1.7777999639511108,[0. 0. 0.],[0. 0. 0. 1.],3.307452451537286,-1.452852498839532,"(30, 5)",305803.87995910645,305790.92172475904,-126163663330.40428,-65677692.307692304,1.854599952697754,-1.452852498839532,126217010858.1831,66891835.74969952,1214143.4420072115,66586044.82797476,126217316662.06306,53653331.65877905,0.08746949055504305,1770934716.0402331,1770934716.0402331
1.7092471429289944,31,5,125840089792.49611,24150873.78002428,24456507.548631847,125840395438.47948,25995225.497349795,12814160.500921883,-81.36530303955078,-82.34429931640625,-2.8441998958587646,3.3787999153137207,[0. 0. 0.],[0. 0. 0. 1.],2.987940860432817,-1.1695408350650802,"(31, 5)",305646.1275482178,305633.106720753,-125827581277.58853,1538717.948717948,1.8184000253677368,-1.1695408350650802,125840089792.47798,24456507.224058494,25995225.172776442,24150874.11733774,125840395438.60553,12814161.017002203,0.14934059879834127,1770934716.1324935,1770934716.1324935
3.2528815220772653,20,11,124956992276.53268,9757121.595407529,10060706.020037258,125024512293.31076,11599423.968755206,3527936.3137269886,-82.70469665527344,-82.63849639892578,-1.9063999652862549,1.073799967765808,[0. 0. 0.],[0. 0. 0. 1.],7.238867807619097,-3.8873677732868215,"(20, 11)",67520017.10549927,303584.0939252805,-125020984356.99998,1538717.948717948,3.3515000343322754,-3.8873677732868215,124956992276.45235,10060705.942007212,11599423.89072516,9757121.848081931,125024512293.55785,3527936.557867588,0.18166494859114463,1770934716.1896079,1770934716.1896079
3.579700631983723,21,11,126426350353.66528,3109639.939484308,3461379.096960335,126426702116.22899,5000097.045678283,61389550.01978625,-92.13999938964844,-92.7145004272461,1.8690999746322632,-1.3791999816894531,[0. 0. 0.],[0. 0. 0. 1.],6.76620379035099,-3.075503736182289,"(21, 11)",351763.1335144043,351739.048101963,-126365312566.47885,1538717.9487179485,3.690700054168701,-3.075503736182289,126426350353.37538,3461379.0189302885,5000096.967648237,3109639.9708283255,126426702116.5089,61389550.03004808,0.18411736054263472,1770934716.250231,1770934716.250231
5.370490482482573,21,0,126667344127.70374,45338860.83272559,45644159.47567842,126667649462.7504,47182877.424396366,33471260.471818626,-87.05349731445312,-87.10549926757812,-1.4845000505447388,1.6017999649047852,[0. 0. 0.],[0. 0. 0. 1.],8.86107451211785,-3.3207746196923136,"(21, 0)",305335.89680480957,305298.4306139797,-126634178202.63731,1538717.9487179443,5.540299892425537,-3.3207746196923136,126667344127.41383,45644159.46764824,47182877.41636618,45338861.03703426,126667649463.31064,33471260.673327323,0.1897542225839259,1770934716.4912224,1770934716.4912224
2.8267656107844643,20,1,125436979760.50703,14452918.933333967,14760257.303200021,125504503528.93207,16298975.25191797,13004302.846205946,-89.16560363769531,-88.80850219726562,-3.1552999019622803,3.1152000427246094,[0. 0. 0.],[0. 0. 0. 1.],5.378421035517765,-2.4721209676161533,"(20, 1)",67523768.70179749,307338.1159855779,-125491499226.08737,1538717.948717948,2.9063000679016118,-2.4721209676161533,125436979760.4267,14760257.224058494,16298975.172776442,14452919.108072916,125504503529.1285,13004303.041115785,0.18448882410546819,1770934716.6695597,1770934716.6695597
2.681003042394561,21,1,126907337933.79347,8806940.472222812,9111258.905764123,126907642270.05664,10649976.854482071,4598423.594504861,-88.5280990600586,-88.51570129394531,-0.0260000005364418,-0.3883000016212463,[0. 0. 0.],[0. 0. 0. 1.],5.464760744195486,-2.617060625176931,"(21, 1)",304337.03300476074,304318.14340444654,-126903043846.73036,1538717.948717948,2.8477001190185547,-2.617060625176931,126907337933.50357,9111258.826622596,10649976.775340544,8806940.68321815,126907642270.53658,4598423.8062149435,0.185305988404779,1770934716.7310965,1770934716.7310965
3.034620277867101,30,1,126968991307.05414,2759806.7910335525,3064488.0724307904,126969296008.84058,4603206.021148739,66252163.97279987,-93.2581024169922,-92.9032974243164,-0.988099992275238,0.7635999917984009,[0. 0. 0.],[0. 0. 0. 1.],5.318561597208403,-2.232461495737455,"(30, 1)",304702.03887939453,304681.2086838945,-126903043844.96191,1538717.948717949,3.0861001014709477,-2.232461495737455,126968991306.90103,3064487.993289263,4603205.942007212,2759806.7846053685,126969296008.93991,66252163.977989785,0.18460246105484404,1770934716.7924314,1770934716.7924314
3.0780639469606283,31,1,126562072661.08583,64759234.87554175,65064167.55961028,126562377614.87837,66602885.50832823,62632233.13004054,-91.93080139160156,-92.0364990234375,-1.8625999689102173,1.7127000093460083,[0. 0. 0.],[0. 0. 0. 1.],5.403218332373771,-2.3129182492133706,"(31, 1)",304953.7697906494,304932.5639773607,-126499745381.67067,1538717.9487179518,3.0903000831604004,-2.3129182492133706,126562072661.0677,65064167.48046875,66602885.4291867,64759234.91649139,126562377614.8375,62632233.166816905,0.18384079314656096,1770934716.8543794,1770934716.8543794
4.633618598150703,20,2,125676973598.64806,48916721.07765935,49244920.77211228,125744518241.86536,50783638.720830224,51369791.323508404,-84.52269744873047,-84.22250366210938,-7.088200092315674,6.94950008392334,[0. 0. 0.],[0. 0. 0. 1.],5.780256972993651,-1.0100571972978498,"(20, 2)",67544643.66423035,328199.22814002633,-125693148450.53398,1538717.9487179443,4.770199775695801,-1.0100571972978498,125676973598.56772,49244920.68559696,50783638.6343149,48916721.45745693,125744518242.23195,51369791.69796675,0.20038087470620544,1770934716.9094844,1770934716.9094844
4.052348725498227,21,2,127147331731.87039,43271190.915538184,43575048.97724048,127147635618.22171,45113766.92595843,42942547.61659143,-91.1405029296875,-90.45600128173828,-4.126599788665772,4.125699996948242,[0. 0. 0.],[0. 0. 0. 1.],6.2983455293594135,-2.11324545077665,"(21, 2)",303887.01609802246,303857.89137619734,-127104693070.86397,1538717.9487179518,4.185100078582764,-2.11324545077665,127147331731.58049,43575048.89072516,45113766.83944311,43271190.99934896,127147635618.59659,42942547.7326222,0.18340162654849032,1770934716.9726038,1770934716.9726038
4.267534775040652,30,2,127226984600.32336,55222971.31951684,55527645.13108663,127227289304.20747,57066363.079804584,55379825.0811424,-86.3030014038086,-85.35710144042969,-5.187399864196777,4.868899822235107,[0. 0. 0.],[0. 0. 0. 1.],5.370857095168491,-0.9450572485193209,"(30, 2)",304704.4959411621,304673.3836638555,-127171909479.21109,1538717.9487179518,4.42579984664917,-0.9450572485193209,127226984600.17026,55527645.04457131,57066362.99328926,55222971.660907455,127227289304.6662,55379825.45510317,0.1957212216394948,1770934717.050299,1770934717.050299
5.041614188109964,31,2,126819066571.34224,49006076.45229596,49311875.90031741,126819372406.22102,50850593.84903535,50761389.57248938,-90.49819946289062,-90.70189666748048,-6.453999996185303,6.054500102996826,[0. 0. 0.],[0. 0. 0. 1.],5.909298044654857,-0.8349982323379619,"(31, 2)",305834.91398620605,305799.2475460768,-126768611016.5615,1538717.9487179443,5.074299812316895,-0.8349982323379619,126819066571.32411,49311875.813802086,50850593.76252003,49006076.56625601,126819372406.2381,50761389.67660757,0.1833952253957179,1770934717.111424,1770934717.111424
6.612110631526333,20,3,125933967012.10959,31659808.466941945,31964768.54130147,126001488426.6066,33503486.490019422,39474324.2556328,-91.10289764404295,-90.45919799804688,-0.5802000164985657,0.2123000025749206,[0. 0. 0.],[0. 0. 0. 1.],8.333480663273496,-1.66378051755206,"(20, 3)",67521414.68536377,304959.8732972741,-125962014102.32684,1538717.9487179518,6.669700145721436,-1.66378051755206,125933967012.02925,31964768.44200721,33503486.390725162,31659808.568709936,126001488426.71461,39474324.38777043,0.1834002985244359,1770934717.1664937,1770934717.1664937
5.9349459141199885,21,3,127403325121.29346,25015476.08495751,25319984.887455318,127403629668.89474,26858702.836173266,30070946.871751335,-84.98400115966797,-85.16560363769531,2.220200061798096,-3.013700008392334,[0. 0. 0.],[0. 0. 0. 1.],8.658882207513464,-2.5036822029358277,"(21, 3)",304548.5276489258,304508.30704126507,-127373558722.26558,1538717.948717948,6.155200004577637,-2.5036822029358277,127403325121.00356,25319984.788161058,26858702.736879006,25015476.481119793,127403629669.5312,30070947.265625,0.19894856308855413,1770934717.227062,1770934717.227062
5.840426835983592,30,3,127465978390.38747,19967916.567192376,20273630.72078865,127466284142.95116,21812348.6695066,25509011.906136114,-88.46430206298828,-87.79540252685547,1.454699993133545,-1.8914999961853027,[0. 0. 0.],[0. 0. 0. 1.],8.088195173008208,-2.1198953072855513,"(30, 3)",305753.06427001953,305713.81397736445,-127440775131.11351,1538717.948717948,5.968299865722656,-2.1198953072855513,127465978390.23436,20273630.62149439,21812348.570212338,19967916.807517026,127466284143.29863,25509012.185121194,0.18625533323335033,1770934717.2893653,1770934717.2893653
6.833734241936735,31,3,127058060898.2653,13751719.105572201,14058149.951557884,127058367374.44795,15596867.900275832,20890706.444158383,-91.54049682617188,-99.59149932861328,0.5670999884605408,-0.8046000003814697,[0. 0. 0.],[0. 0. 0. 1.],8.413408825323614,-1.582608768866094,"(31, 3)",306476.0022277832,306430.6640625,-127037476667.9005,1538717.948717948,6.83080005645752,-1.582608768866094,127058060898.24718,14058149.852263622,15596867.80098157,13751719.188201122,127058367374.2494,20890706.348908253,0.18527920770627293,1770934717.3502514,1770934717.3502514
4.979015345029388,20,4,126172960890.31471,10521470.481916752,10827565.012399485,126240483429.11166,12366282.961117433,9603689.463903353,-96.82630157470705,-96.4636001586914,-2.8329999446868896,2.344099998474121,[0. 0. 0.],[0. 0. 0. 1.],5.9957967768636635,-1.013096905800431,"(20, 4)",67522538.79644775,306094.50120192394,-126230879739.62778,1538717.948717948,4.982699871063232,-1.013096905800431,126172960890.23438,10827564.916366186,12366282.865084134,10521470.415164262,126240483429.03082,9603689.403044872,0.18736070941008154,1770934717.4055076,1770934717.4055076
4.32176737971083,21,4,127642318951.42166,3877702.0665907767,4184159.563681536,127642625437.58386,5722877.512399485,201077.73198701537,-96.1769027709961,-96.1051025390625,0.8120999932289124,-0.4189999997615814,[0. 0. 0.],[0. 0. 0. 1.],6.075795992695039,-1.668495997272676,"(21, 4)",306486.6442565918,306457.4569310895,-127642424360.0986,1538717.948717949,4.407299995422363,-1.668495997272676,127642318951.13176,4184159.467648237,5722877.416366186,3877702.0107171475,127642625437.77602,201077.67740885416,0.18701598579714698,1770934717.4660747,1770934717.4660747
4.837203648370935,30,4,127705972148.40027,67046114.004978135,137661.16624563874,127706280138.21588,1676379.1149635874,63855779.8331521,-91.63700103759766,-92.9835968017578,-0.4972999989986419,0.8641999959945679,[0. 0. 0.],[0. 0. 0. 1.],5.940327473034791,-1.0380275920533455,"(30, 4)",307990.06535339355,-66908453.0091897,-127642424358.45537,1538717.9487179487,4.902299880981445,-1.0380275920533455,127705972148.24716,137661.07021233975,1676379.0189302885,67046114.079402044,127706280138.31252,63855779.857146434,0.1840108784455575,1770934717.5293148,1770934717.5293148
4.744686130400273,31,4,127299055185.12428,61830044.445960395,62139199.627784096,127299364372.34816,63677917.57650205,60238476.80319113,-84.47840118408203,-83.77770233154297,-1.3960000276565552,1.6073999404907229,[0. 0. 0.],[0. 0. 0. 1.],6.018622700489663,-1.1607225578199856,"(31, 4)",309187.51251220703,309154.69438601285,-127239125895.44582,1538717.9487179518,4.857900142669678,-1.1607225578199856,127299055185.10616,62139199.5317508,63677917.48046875,61830044.837364785,127299364372.61867,60238477.17285156,0.20009173529507743,1770934717.5928857,1770934717.5928857
2.192882284649025,20,5,126435954151.53265,14385203.953578204,14689127.740939537,126503474501.37595,16227845.689657485,3729122.6652895417,-88.14540100097656,-88.76229858398438,-4.5243000984191895,3.835099935531616,[0. 0. 0.],[0. 0. 0. 1.],3.059692769990478,-0.7037927207808834,"(20, 5)",67520350.12269592,303922.91729266755,-126499745378.39981,1538717.948717948,2.3559000492095947,-0.7037927207808834,126435954151.45232,14689127.416366186,16227845.365084134,14385204.499073518,126503474501.57501,3729123.1752053285,0.1854735157260662,1770934717.6684978,1770934717.6684978
1.7972156339963001,21,5,127905312156.54985,7742108.107364482,8089560.43324723,127905659621.19482,9628278.381965177,61586032.896415174,-82.24649810791016,-82.18840026855469,-1.3271000385284424,0.9265999794006348,[0. 0. 0.],[0. 0. 0. 1.],2.7001653466200923,-0.670365408418188,"(21, 5)",347465.3821258545,347451.5005258415,-127844073588.25427,1538717.948717948,2.0297999382019043,-0.670365408418188,127905312156.25995,8089560.108673878,9628278.057391826,7742108.6081480365,127905659621.64207,61586033.38779547,0.16670393283523569,1770934717.7290587,1770934717.7290587
1.7600102307993482,30,5,127966965361.54129,1693760.664120583,1999600.497349794,127967271213.66411,3538318.4460677425,55981216.40628316,-80.47119903564453,-80.04109954833984,-2.1122000217437744,2.158799886703491,[0. 0. 0.],[0. 0. 0. 1.],3.307452451537286,-1.4725524299842458,"(30, 5)",305852.17597961426,305839.342948718,-127911289997.0396,1538717.9487179487,1.83490002155304,-1.4725524299842458,127966965361.38818,1999600.1727764423,3538318.121494391,1693760.8298277243,127967271213.56416,55981216.5245643,0.06625721827279168,1770934717.7903266,1770934717.7903266
1.6972573178658998,31,5,127558049039.29094,61694367.55175529,61999937.035811335,127558354620.90025,63538654.98452928,50363086.4645334,-82.4437026977539,-81.74210357666016,-3.512900114059448,3.522200107574463,[0. 0. 0.],[0. 0. 0. 1.],2.987940860432817,-1.1681408411685963,"(31, 5)",305581.6493835449,305568.62855569273,-127507991534.0457,1538717.9487179443,1.8198000192642207,-1.1681408411685963,127558049039.27281,61999936.71123798,63538654.659955926,61694368.08268229,127558354620.9222,50363086.8765024,0.16101682157008274,1770934717.850364,1770934717.850364
3.2014987322726913,20,11,126673948414.35315,46300338.930701666,46604247.68670393,126741468755.1943,48142965.63542188,40074142.16265079,-83.51170349121094,-83.66120147705078,-2.1094000339508057,1.0951999425888062,[0. 0. 0.],[0. 0. 0. 1.],7.238867807619097,-3.9125679018421198,"(20, 11)",67520341.26478577,303908.347105369,-126701394613.03459,1538717.9487179518,3.326299905776977,-3.9125679018421198,126673948414.27281,46604247.60867388,48142965.55739183,46300339.26156851,126741468755.5376,40074142.503004804,0.19730300895198757,1770934717.9065447,1770934717.9065447
3.644484073682926,21,11,128162305521.93446,58657291.27063789,59008638.71234495,128162656893.08304,60547356.6610629,49717659.62817136,-92.43049621582033,-92.9489974975586,1.5132999420166016,-1.7424999475479126,[0. 0. 0.],[0. 0. 0. 1.],6.76620379035099,-3.013603835745887,"(21, 11)",351371.710357666,351347.3432491943,-128112939233.72452,1538717.9487179518,3.752599954605103,-3.013603835745887,128162305521.64456,59008638.6343149,60547356.583032854,58657291.29106571,128162656893.35492,49717659.63040865,0.18430427471017458,1770934717.98635,1770934717.98635
5.526182483432767,21,0,128423298783.1524,53663814.15431837,53968173.89875534,128423603179.69081,55506891.84747329,41798307.47474337,-86.86430358886719,-87.2698974609375,-1.738700032234192,1.5562000274658203,[0. 0. 0.],[0. 0. 0. 1.],8.86107451211785,-3.164974277132499,"(21, 0)",304397.37956237793,304359.5221103728,-128381804872.5748,1538717.9487179518,5.696100234985352,-3.164974277132499,128423298782.8625,53968173.89072516,55506891.83944311,53663814.368614785,128423603180.24207,41798307.66726763,0.18982428829339998,1770934718.2471957,1770934718.2471957
2.923822034802598,20,1,127194934704.41725,24775832.220338732,25081467.239097457,127262456770.09016,26620185.187815405,23330877.118589904,-90.36009979248048,-88.87090301513672,-3.100300073623657,2.966200113296509,[0. 0. 0.],[0. 0. 0. 1.],5.378421035517765,-2.385121074427677,"(20, 1)",67522065.94613647,305634.8282251619,-127239125892.9731,1538717.948717948,2.993299961090088,-2.385121074427677,127194934704.33691,25081467.15995593,26620185.108673878,24775832.331730768,127262456770.28305,23330877.309945915,0.18382643984808192,1770934718.4275131,1770934718.4275131
2.691418984704868,21,1,128665292533.1524,19135016.041157216,19439207.62371284,128665596742.71147,20977925.57243079,14926229.973975437,-90.08450317382812,-89.04019927978516,0.1816000044345855,0.0214000009000301,[0. 0. 0.],[0. 0. 0. 1.],5.464760744195486,-2.6239606972747094,"(21, 1)",304210.2989807129,304191.37807992846,-128650670513.00574,1538717.948717948,2.8408000469207764,-2.6239606972747094,128665292532.8625,19439207.544571314,20977925.493289262,19135016.166491386,128665596743.16148,14926230.155749198,0.1838447630144989,1770934718.48904,1770934718.48904
3.023338244006014,30,1,128727945577.88744,14085840.722496567,14390177.174994893,128728249934.77559,15928895.123712841,10363013.01607099,-95.5281982421875,-94.4000015258789,-0.8241999745368958,0.5978999733924866,[0. 0. 0.],[0. 0. 0. 1.],5.318561597208403,-2.2591615155738816,"(30, 1)",304357.09634399414,304336.438301282,-128717886921.85365,1538717.948717948,3.059400081634521,-2.2591615155738816,128727945577.73433,14390177.095853366,15928895.044571314,14085840.657552084,128728249934.83067,10363012.977013221,0.186098511792614,1770934718.551275,1770934718.551275
3.160011547180366,31,1,128320030970.38066,7871004.5224170275,8175738.07243079,128320335725.62283,9714456.02114874,5747267.139276197,-91.25550079345705,-91.32209777832033,-2.3236000537872314,1.7181999683380127,[0. 0. 0.],[0. 0. 0. 1.],5.403218332373771,-2.2223182354804605,"(31, 1)",304755.2490234375,304733.40156750847,-128314588458.4059,1538717.948717949,3.1809000968933105,-2.2223182354804605,128320030970.36253,8175737.993289263,9714455.942007212,7871004.5917217545,128320335725.61156,5747267.2056540465,0.18351312336849765,1770934718.6122835,1770934718.6122835
4.647688776197779,20,2,127434928558.58391,59232260.75409707,59567524.938778944,127502480266.40512,61106242.887496896,61705149.05580815,-84.48249816894531,-84.09519958496094,-7.201900005340576,6.854499816894531,[0. 0. 0.],[0. 0. 0. 1.],5.780256972993651,-0.9966571194780256,"(20, 2)",67551708.26446533,335263.7188251242,-127440775117.34145,1538717.9487179518,4.783599853515625,-0.9966571194780256,127434928558.50357,59567524.85226362,61106242.800981574,59232261.1334385,127502480266.76804,61705149.42658253,0.20034646303127604,1770934718.6674833,1770934718.6674833
4.09499891777039,21,2,128905286331.22932,53591881.706165306,53895746.0926251,128905590224.22095,55434464.04134305,53270487.10570257,-91.82330322265624,-92.81900024414062,-4.46560001373291,3.7467000484466553,[0. 0. 0.],[0. 0. 0. 1.],6.2983455293594135,-2.089745485108925,"(21, 2)",303893.55781555176,303864.24529246986,-128852319737.37408,1538717.9487179518,4.208600044250488,-2.089745485108925,128905286330.93942,53895746.006109774,55434463.954827726,53591881.760817304,128905590224.49724,53270487.12314703,0.18403338035331537,1770934718.7290545,1770934718.7290545
4.267068230307507,30,2,128967939343.91307,48542179.035528004,48848863.079804584,128968246058.04665,50387581.028522536,48709912.30062685,-85.90119934082031,-85.43470001220703,-5.01609992980957,4.743199825286865,[0. 0. 0.],[0. 0. 0. 1.],5.370857095168491,-0.9433573240503268,"(30, 2)",306714.7435913086,306683.60001001507,-128919536145.83078,1538717.9487179518,4.427499771118164,-0.9433573240503268,128967939343.75996,48848862.99328926,50387580.942007214,48542179.39327925,128968246058.50356,48709912.672776446,0.19641162862904482,1770934718.7913668,1770934718.7913668
5.083834889563068,31,2,128543025585.76527,25327783.121388342,25633879.105445612,128543331717.46358,27172597.05416356,27094034.148421384,-90.84439849853516,-91.40969848632812,-6.36269998550415,6.171800136566162,[0. 0. 0.],[0. 0. 0. 1.],5.909298044654857,-0.800098043891917,"(31, 2)",306131.70135498047,306095.8001552485,-128516237683.22812,1538717.948717948,5.10920000076294,-0.800098043891917,128543025585.74715,25633879.01893029,27172596.967648238,25327783.21877504,128543331717.4485,27094034.220377605,0.1834613246219689,1770934718.841425,1770934718.841425
6.609063493112104,20,3,127664922661.14801,14988024.293520097,15294504.11822455,127732445595.43446,16833222.066942498,22804826.71421565,-91.31420135498048,-90.7500991821289,-0.9787999987602234,0.0138999996706843,[0. 0. 0.],[0. 0. 0. 1.],8.333480663273496,-1.6703808974959085,"(20, 3)",67522934.4607544,306479.6330378596,-127709640768.69612,1538717.94871795,6.663099765777588,-1.6703808974959085,127664922661.06767,15294504.018930288,16833221.967648238,14988024.385892428,127732445595.52843,22804826.83230669,0.18343848368059035,1770934718.8974204,1770934718.8974204
5.947299987976632,21,3,129135280393.72931,9348746.285235243,9653141.93873737,129135584828.26434,11191859.88745532,14399439.57472682,-84.8718032836914,-85.42749786376953,2.658900022506714,-2.846100091934204,[0. 0. 0.],[0. 0. 0. 1.],8.658882207513464,-2.4920821853882202,"(21, 3)",304435.45611572266,304395.15725160204,-129121185388.9322,1538717.94871795,6.166800022125244,-2.4920821853882202,129135280393.4394,9653141.839443108,11191859.788161058,9348746.682191506,129135584828.89552,14399439.963316306,0.19869916560678708,1770934718.9589581,1770934718.9589581
5.832313086357475,30,3,129197933366.34895,4299201.069127915,4604047.387455319,129198238251.00623,6142765.336173267,9836453.200674806,-88.08319854736328,-88.029296875,1.8215999603271484,-2.145699977874756,[0. 0. 0.],[0. 0. 0. 1.],8.088195173008208,-2.126695005161528,"(30, 3)",304885.1443634033,304845.95665564947,-129188401797.87404,1538717.948717948,5.96150016784668,-2.126695005161528,129197933366.19585,4604047.288161058,6142765.236879006,4299201.3315054085,129198238251.34021,9836453.466170873,0.18641776884274075,1770934719.0212882,1770934719.0212882
6.487092570174834,31,3,128790019824.54732,65301495.637612656,65607677.195147626,128790326049.09424,67146395.14386557,5222714.251664012,-104.10569763183594,-96.05789947509766,0.8306999802589417,-0.8986999988555908,[0. 0. 0.],[0. 0. 0. 1.],8.413408825323614,-1.9527087902283995,"(31, 3)",306224.41218566895,306181.57802484185,-128785103334.73927,1538717.9487179443,6.460700035095215,-1.9527087902283995,128790019824.52919,65607677.095853366,67146395.04457131,65301495.517828524,128790326048.94138,5222714.2020983575,0.18841239839479942,1770934719.0823889,1770934719.0823889
4.933246984551456,20,4,127904972260.50697,62117998.29890694,62425289.37137384,127972495995.52792,63964007.32009179,61205999.3917117,-99.16320037841795,-100.34120178222656,-3.0016000270843506,2.389699935913086,[0. 0. 0.],[0. 0. 0. 1.],5.9957967768636635,-1.069896794411271,"(20, 4)",67523734.97595215,307291.0719651431,-127911289996.11623,1538717.9487179518,4.925899982452393,-1.069896794411271,127904972260.42664,62425289.27534054,63964007.224058494,62117998.2033754,127972495995.40259,61205999.28635817,0.18899005255617102,1770934719.137556,1770934719.137556
4.36063578013519,21,4,129374274792.76778,55424137.33740369,55731090.65342513,129374581775.05171,57269808.60214307,51747159.00872303,-96.50250244140624,-97.0417022705078,0.7674000263214111,-0.7171000242233276,[0. 0. 0.],[0. 0. 0. 1.],6.075795992695039,-1.6326960171091018,"(21, 4)",306982.7505187988,306953.28150040656,-129322834616.28972,1538717.9487179443,4.4430999755859375,-1.6326960171091018,129374274792.47787,55731090.55739183,57269808.506109774,55424137.27589142,129374581775.2284,51747158.938676886,0.1874418119446206,1770934719.1980252,1770934719.1980252
4.790078677708663,30,4,129436927725.3233,50374182.768726915,50682236.486758456,129437235811.14676,52220954.43547641,47184786.206944995,-91.8812026977539,-93.30760192871094,-0.7878000140190125,0.3538999855518341,[0. 0. 0.],[0. 0. 0. 1.],5.940327473034791,-1.0882275775574959,"(30, 4)",308086.06271362305,308053.5575671047,-129390051025.01245,1538717.9487179518,4.852099895477295,-1.0882275775574959,129436927725.1702,50682236.39072516,52220954.33944311,50374182.83315805,129437235811.23291,47184786.220452726,0.18419959155589194,1770934719.2602756,1770934719.2602756
4.731656506786411,31,4,129030014135.44475,45159621.70041067,45467084.24316871,129030321629.9718,47005802.19188666,43569067.916701406,-84.08100128173828,-83.86319732666016,-1.6800999641418457,1.1660000085830688,[0. 0. 0.],[0. 0. 0. 1.],6.018622700489663,-1.1744225662123196,"(31, 4)",307494.81983947754,307462.06430288404,-128986752561.95595,1538717.9487179518,4.844200134277344,-1.1744225662123196,129030014135.42662,45467084.147135414,47005802.095853366,45159622.08283253,129030321630.24646,43569068.29051483,0.19966115551434205,1770934719.3222866,1770934719.3222866
2.1973799531262936,20,5,128145910337.43004,43923805.30704645,44230634.15119595,128213433592.42433,45769352.099913895,33277957.56951863,-88.37339782714844,-89.08709716796875,-4.54670000076294,4.14900016784668,[0. 0. 0.],[0. 0. 0. 1.],3.059692769990478,-0.7040926513533932,"(20, 5)",67523255.2552948,306827.9872796461,-128180155634.54398,1538717.9487179443,2.355600118637085,-0.7040926513533932,128145910337.3497,44230633.8266226,45769351.77534054,43923805.83934295,128213433592.605,33277958.061022636,0.18493008416459045,1770934719.37854,1770934719.37854
1.7528000733866977,21,5,129615267997.89597,37285731.163116336,37630481.90760621,129615612760.66412,39169199.85632415,23912505.71474082,-81.91950225830078,-82.6614990234375,-1.3186999559402466,1.0188000202178955,[0. 0. 0.],[0. 0. 0. 1.],2.7001653466200923,-0.7126653943038084,"(21, 5)",344763.57484436035,344749.9749599397,-129591700254.90524,1538717.9487179443,1.987499952316284,-0.7126653943038084,129615267997.60606,37630481.583032854,39169199.5317508,37285731.608072914,129615612761.18091,23912506.275666066,0.1688996479864265,1770934719.439179,1770934719.439179
1.7333493422289583,30,5,129677920890.3874,32235398.04264521,32541203.06145236,129678226707.52094,34079921.01017031,19310043.61214083,-80.14640045166016,-80.32830047607422,-1.9603999853134155,1.9837000370025637,[0. 0. 0.],[0. 0. 0. 1.],3.307452451537286,-1.5011524074775326,"(30, 5)",305817.21379089355,305804.56855969504,-129658916663.69058,1538717.9487179518,1.8063000440597532,-1.5011524074775326,129677920890.2343,32541202.736879006,34079920.68559696,32235398.16831931,129678226707.44809,19310043.757512018,0.06602977000208754,1770934719.5013504,1770934719.5013504
1.668966629114236,31,5,129270008446.34218,26021626.370782834,26327196.651195947,129270314028.59325,27865914.5999139,14695827.663053095,-82.13289642333984,-82.18070220947266,-3.110599994659424,3.1040000915527344,[0. 0. 0.],[0. 0. 0. 1.],2.987940860432817,-1.1920408732120529,"(31, 5)",305582.3692932129,305569.4736578502,-129255618200.54018,1538717.9487179518,1.7958999872207642,-1.1920408732120529,129270008446.32405,26327196.326622594,27865914.275340546,26021626.852964744,129270314028.69334,14695828.153170072,0.1642825463442198,1770934719.5623763,1770934719.5623763
3.236432520127028,20,11,128385904552.17363,10627134.409048155,10930946.404652642,128453424796.46265,12469664.35337059,4403516.639179725,-83.00910186767578,-82.84020233154297,-1.880300045013428,1.1864999532699585,[0. 0. 0.],[0. 0. 0. 1.],7.238867807619097,-3.894767809144976,"(20, 11)",67520244.64141846,303811.62985777296,-128449021279.8264,1538717.948717948,3.344099998474121,-3.894767809144976,128385904552.09329,10930946.326622596,12469664.275340544,10627134.696764823,128453424796.73471,4403516.908303285,0.18771578497194089,1770934719.6184716,1770934719.6184716
3.659305312092741,21,11,129855261795.97289,3989566.697621969,4340521.725165463,129855612774.76762,5879239.673883411,62263284.73039562,-92.57009887695312,-93.2030029296875,1.5255000591278076,-1.698699951171875,[0. 0. 0.],[0. 0. 0. 1.],6.76620379035099,-3.000803857489662,"(21, 11)",350979.3482055664,350954.93414463196,-129793349490.30688,1538717.948717948,3.765399932861328,-3.000803857489662,129855261795.68298,4340521.647135417,5879239.595853365,3989566.712990785,129855612775.03119,62263284.72430889,0.18444758444778342,1770934719.679075,1770934719.679075
5.431025074439174,21,0,130098255529.94724,48207409.771230064,48512845.37311432,130098561002.32909,50051563.32183227,36345876.83281048,-86.95140075683594,-87.77269744873047,-2.0190999507904053,1.6354000568389893,[0. 0. 0.],[0. 0. 0. 1.],8.86107451211785,-3.2649746586022257,"(21, 0)",305473.1946258545,305435.3841145858,-130062215125.85501,1538717.9487179518,5.596099853515625,-3.2649746586022257,130098255529.65733,48512845.365084134,50051563.313802086,48207409.98096955,130098561002.85196,36345876.99694511,0.18872187593503237,1770934719.9221115,1770934719.9221115
2.89123260595617,20,1,128893891178.77618,43316852.01925459,43624367.8801231,128961415125.10107,45163085.828841045,41878975.828828566,-89.96170043945312,-88.9114990234375,-3.017400026321411,2.699899911880493,[0. 0. 0.],[0. 0. 0. 1.],5.378421035517765,-2.415021148432804,"(20, 1)",67523946.59579468,307515.65004006773,-128919536149.27376,1538717.9487179443,2.963399887084961,-2.415021148432804,128893891178.69585,43624367.800981574,45163085.74969952,43316852.150941506,128961415125.29164,41878976.01787861,0.18396444459570963,1770934720.1265073,1770934720.1265073
2.6439355243180787,21,1,130363248678.9857,36681043.320186414,36987476.85448207,130363555130.15794,38526194.80320002,32474360.900688548,-88.56559753417969,-88.4114990234375,0.1462000012397766,-0.2029999941587448,[0. 0. 0.],[0. 0. 0. 1.],5.464760744195486,-2.653460704904104,"(21, 1)",306451.9481048584,306433.2463191077,-130331080769.5255,1538717.9487179518,2.811300039291382,-2.653460704904104,130363248678.6958,36987476.77534054,38526194.724058494,36681043.529021434,130363555130.6439,32474361.11841446,0.18537713574457423,1770934720.187165,1770934720.187165
3.076088348525095,31,1,130250985161.08574,56761915.209759586,57066907.94422566,130251290174.93112,58605625.89294361,54642229.1585822,-92.30500030517578,-92.13050079345705,-1.8831000328063965,2.036799907684326,[0. 0. 0.],[0. 0. 0. 1.],5.403218332373771,-2.317618433081779,"(31, 1)",305013.81898498535,304992.62883113325,-130196647945.69489,1538717.9487179518,3.085599899291992,-2.317618433081779,130250985161.06761,57066907.865084134,58605625.813802086,56761915.236253,130251290174.8866,54642229.19170673,0.18398408814168565,1770934720.545656,1770934720.545656
4.636409178720634,20,2,129398921867.87874,6719010.678004766,7028742.8874968905,129466448043.47885,8567460.83621484,9180618.48421911,-84.93389892578125,-84.72769927978516,-7.484099864959717,7.0528998374938965,[0. 0. 0.],[0. 0. 0. 1.],5.780256972993651,-1.006256805146971,"(20, 2)",67526176.05355835,309731.74266326055,-129457267424.98677,1538717.94871795,4.77400016784668,-1.006256805146971,129398921867.7984,7028742.80098157,8567460.74969952,6719011.0583183095,129466448043.85196,9180618.865184294,0.19972536651885672,1770934720.6314414,1770934720.6314414
4.07065950728809,21,2,130868235626.10107,40788.92767936923,344784.5541635578,130868539650.1523,1883502.5028815067,66944015.507300645,-89.54940032958984,-91.73560333251952,-3.849999904632568,3.5641000270843506,[0. 0. 0.],[0. 0. 0. 1.],6.2983455293594135,-2.091745340150429,"(21, 2)",304024.658203125,303995.37697816506,-130801595634.90384,1538717.9487179487,4.206600189208984,-2.091745340150429,130868235625.81117,344784.4676482372,1883502.416366186,40789.09067007212,130868539650.46938,66944015.565529846,0.1834000170279506,1770934720.6919544,1770934720.6919544
4.30368899839595,30,2,130930888302.24635,62205241.7447545,62511803.78493279,130931194894.60086,64050521.73365074,62382851.325092524,-85.79930114746094,-86.17449951171875,-5.315000057220459,5.357800006866455,[0. 0. 0.],[0. 0. 0. 1.],5.370857095168491,-0.9099572653039889,"(30, 2)",306592.9393310547,306561.5922976807,-130868812043.36053,1538717.9487179443,4.460899829864502,-0.9099572653039889,130930888302.09325,62511803.69841747,64050521.647135414,62205242.10611979,130931194895.03258,62382851.67205028,0.19484339530243763,1770934720.7542493,1770934720.7542493
5.056402244921179,31,2,130522978702.75241,55992799.29336609,56297020.13108663,130523282959.12892,57835738.079804584,57769378.47181775,-90.9626007080078,-91.20919799804688,-6.427000045776367,5.906400203704834,[0. 0. 0.],[0. 0. 0. 1.],5.909298044654857,-0.8269978584976307,"(31, 2)",304256.38833618164,304220.65930488706,-130465513580.57005,1538717.9487179518,5.082300186157227,-0.8269978584976307,130522978702.73428,56297020.04457131,57835737.99328926,55992799.38526642,130523282959.12262,57769378.55255909,0.1834527045294828,1770934720.8154128,1770934720.8154128
6.597101618341687,20,3,129637872108.26334,38660706.53360353,38965393.541301474,129705393249.67406,40504111.49001942,46476583.62750515,-91.20919799804688,-90.60050201416016,-0.5392000079154968,0.1816000044345855,[0. 0. 0.],[0. 0. 0. 1.],8.333480663273496,-1.6805804443098733,"(20, 3)",67521141.59217834,304686.81139823794,-129658916666.02242,1538717.9487179443,6.652900218963623,-1.6805804443098733,129637872108.183,38965393.442007214,40504111.39072516,38660706.630608976,129705393249.77518,46476583.752754405,0.18341476355034236,1770934720.8705122,1770934720.8705122
5.944720028926628,21,3,131108229424.178,33027209.08035159,33330874.310532242,131108533128.20956,34869592.25925019,38071841.75543363,-84.28919982910156,-85.07759857177734,2.6356000900268555,-2.8571999073028564,[0. 0. 0.],[0. 0. 0. 1.],8.658882207513464,-2.494381971002233,"(21, 3)",303704.95918273926,303664.7385817319,-131070461286.69672,1538717.9487179443,6.164500236511231,-2.494381971002233,131108229423.88809,33330874.211237982,34869592.159955926,33027209.47265625,131108533128.84727,38071842.15056591,0.200100514457339,1770934720.9320054,1770934720.9320054
5.826262181004581,30,3,131155882452.88737,12975766.773521934,13280714.054121986,131156187438.50357,14819432.002839934,18509743.44998002,-88.01640319824219,-88.03849792480469,1.8514000177383425,-2.149399995803833,[0. 0. 0.],[0. 0. 0. 1.],8.088195173008208,-2.1322949807474654,"(30, 3)",304986.10276794434,304946.91506410204,-131137677695.12209,1538717.948717948,5.955900192260742,-2.1322949807474654,131155882452.73427,13280713.954827724,14819431.903545672,12975767.039763622,131156187438.83704,18509743.714943912,0.18649632844680605,1770934720.9791842,1770934720.9791842
7.279172596337039,31,3,130730973614.61137,56980661.691137455,57286611.49001942,130731279612.14731,58825329.43873737,64116787.4178315,-91.09539794921876,-90.50800323486328,0.6657999753952026,-0.9675999879837036,[0. 0. 0.],[0. 0. 0. 1.],8.413408825323614,-1.100508758947882,"(31, 3)",305997.5805053711,305949.59748096764,-130667162824.62617,1538717.9487179518,7.312900066375732,-1.100508758947882,130730973614.59325,57286611.39072516,58825329.33944311,56980661.79324419,130731279612.17375,64116787.54757612,0.1834022657874768,1770934721.0297656,1770934721.0297656
4.965859282812736,20,4,129854866547.3659,62731222.86741916,63039351.87137384,129922391120.55688,64578069.82009179,61825227.07873168,-99.48690032958984,-98.66500091552734,-2.784600019454956,2.4102001190185547,[0. 0. 0.],[0. 0. 0. 1.],5.9957967768636635,-1.035496808144181,"(20, 4)",67524573.16079712,308129.006410256,-129860565893.45819,1538717.9487179518,4.960299968719482,-1.035496808144181,129854866547.28557,63039351.77534054,64578069.724058494,62731222.768930286,129922391120.44637,61825226.98818109,0.1887099017644465,1770934721.0873902,1770934721.0873902
4.367484598263651,21,4,131324223847.2549,56098256.0346594,56405073.02522,131324530693.20609,57943790.97393794,52420179.46119209,-97.39430236816406,-96.7020034790039,0.7142999768257141,-0.2318000048398971,[0. 0. 0.],[0. 0. 0. 1.],6.075795992695039,-1.627196177326387,"(21, 4)",306846.42303466797,306816.96965144575,-131272110513.99162,1538717.9487179443,4.448599815368652,-1.627196177326387,131324223846.965,56405072.9291867,57943790.877904646,56098255.959535256,131324530693.38803,52420179.39640925,0.18761609215299174,1770934721.1481729,1770934721.1481729
5.286737068950606,30,4,131387876427.24634,52046041.924616754,52353887.127784096,131388184307.33377,53892605.07650205,48857382.28195459,-91.72689819335938,-105.11239624023438,-0.609000027179718,0.2784000039100647,[0. 0. 0.],[0. 0. 0. 1.],5.940327473034791,-0.6116274074219978,"(30, 4)",307880.18643188477,307845.03643328696,-131339326925.12447,1538717.9487179518,5.328700065612793,-0.6116274074219978,131387876427.09323,52353887.0317508,53892604.98046875,52046041.99531751,131388184307.27966,48857382.15519832,0.18578891203111453,1770934721.2113945,1770934721.2113945
4.7654947745163305,31,4,130979967869.41907,45834430.918885134,46140722.063681535,130980274192.77242,47679440.01239948,44245733.28146842,-83.18049621582031,-84.57740020751953,-2.1010000705718994,1.2776999473571775,[0. 0. 0.],[0. 0. 0. 1.],6.018622700489663,-1.1460226219068996,"(31, 4)",306323.6647338867,306290.721404247,-130936028459.3918,1538717.9487179443,4.872600078582764,-1.1460226219068996,130979967869.40094,46140721.96764824,47679439.91636618,45834431.24624399,130980274193.06567,44245733.67387821,0.1989797921611094,1770934721.2722397,1770934721.2722397
2.2046122457293,20,5,130092860449.60948,41589678.97342427,41896379.34350364,130160383576.1369,43435097.29222159,30952043.642791394,-88.15299987792969,-88.34149932861328,-4.396699905395508,3.992500066757202,[0. 0. 0.],[0. 0. 0. 1.],3.059692769990478,-0.6885928211074215,"(20, 5)",67523126.83105469,306699.5004507154,-130129431532.18327,1538717.9487179518,2.3710999488830566,-0.6885928211074215,130092860449.52914,41896379.018930286,43435096.96764824,41589679.51847957,130160383576.3602,30952044.17693309,0.1859275990842277,1770934721.3255372,1770934721.3255372
1.7734189656616928,21,5,131578217284.7549,50956881.58322488,51298534.79222159,131578558950.12222,52837252.740939535,37582797.73698128,-82.18360137939453,-82.18109893798828,-1.44350004196167,1.0319000482559204,[0. 0. 0.],[0. 0. 0. 1.],2.7001653466200923,-0.6958652291274166,"(21, 5)",341666.1032714844,341652.393830128,-131540976152.34111,1538717.9487179443,2.004300117492676,-0.6958652291274166,131578217284.465,51298534.46764824,52837252.41636618,50956882.07381811,131578558950.56827,37582798.227163464,0.16531827827159903,1770934721.4020545,1770934721.4020545
1.675108515127661,31,5,131434957060.12418,40038227.95060302,40344151.77940108,131435262995.9718,41882869.72811902,28719666.86782507,-81.94309997558594,-81.34940338134766,-2.988600015640259,3.223299980163574,[0. 0. 0.],[0. 0. 0. 1.],2.987940860432817,-1.2142408615772262,"(31, 5)",305935.80979919434,305923.0550130233,-131406543328.71394,1538717.9487179443,1.7736999988555908,-1.2142408615772262,131434957060.10605,40344151.454827726,41882869.40354567,40038228.3998147,131435262995.91585,28719667.20189804,0.13934911605827544,1770934721.7294967,1770934721.7294967
3.2214789258106626,20,11,130578848358.26332,52642376.11574488,52946202.814909056,130646368617.11905,54484920.76362701,46422208.902709365,-83.09010314941406,-83.17449951171875,-1.7424999475479126,1.167799949645996,[0. 0. 0.],[0. 0. 0. 1.],7.238867807619097,-3.9032679083271047,"(20, 11)",67520259.24290466,303826.3252453953,-130599946408.21928,1538717.9487179518,3.335599899291992,-3.9032679083271047,130578848358.18298,52946202.736879006,54484920.68559696,52642376.41163361,130646368617.42589,46422209.20660557,0.19163237059037494,1770934721.8234797,1770934721.8234797
3.574354920056622,21,11,132061204800.78053,59010928.16054699,59361363.07131931,132061555259.00662,60900081.02003726,50064231.00870469,-93.63089752197266,-93.1605987548828,1.4630999565124512,-1.7201000452041626,[0. 0. 0.],[0. 0. 0. 1.],6.76620379035099,-3.09070387427433,"(21, 11)",350458.78091430664,350434.8520132229,-132011491028.26756,1538717.9487179518,3.67549991607666,-3.09070387427433,132061204800.49063,59361362.99328926,60900080.942007214,59010928.14127604,132061555259.27155,50064231.00398137,0.18484919747995632,1770934721.8850193,1770934721.8850193
5.521831495871907,21,0,132303198542.7677,35005103.963233516,35310465.56542201,132303503941.11902,36849183.51413996,23147273.953010295,-87.0698013305664,-87.94329833984375,-2.1512999534606934,1.287999987602234,[0. 0. 0.],[0. 0. 0. 1.],8.86107451211785,-3.1765742946801065,"(21, 0)",305399.1542663574,305361.3907251656,-132280356667.52475,1538717.9487179443,5.684500217437744,-3.1765742946801065,132303198542.4778,35310465.55739183,36849183.506109774,35005104.166666664,132303503941.63206,23147274.107321713,0.18820498620859047,1770934722.1270423,1770934722.1270423
2.811432206033372,20,1,131026618398.32741,25112216.415400524,25419880.700635917,131094142492.57274,26958598.649353866,23681215.23626646,-89.6771011352539,-89.12259674072266,-3.242799997329712,3.190700054168701,[0. 0. 0.],[0. 0. 0. 1.],5.378421035517765,-2.4943210751906166,"(20, 1)",67524094.5043335,307664.05936999246,-131070461277.338,1538717.948717948,2.8840999603271484,-2.4943210751906166,131026618398.24707,25419880.62149439,26958598.570212338,25112216.562124398,131094142492.7514,23681215.413411457,0.18397866482106337,1770934722.326391,1770934722.326391
2.697203074684851,21,1,132563191828.02411,18482862.491200875,18788214.033969253,132563497197.52925,20326931.9826872,14274889.653990349,-89.02149963378906,-88.70149993896484,0.1974000036716461,-0.506600022315979,[0. 0. 0.],[0. 0. 0. 1.],5.464760744195486,-2.606660806756521,"(21, 1)",305370.26429748535,305351.28079928085,-132549222308.1435,1538717.948717948,2.858099937438965,-2.606660806756521,132563191827.7342,18788213.954827726,20326931.903545674,18482862.674028445,132563497197.9985,14274889.855018029,0.1846835199320767,1770934722.387902,1770934722.387902
3.050558774081556,30,1,132638843879.16939,26428877.056777526,26734263.71345643,132639149286.4629,28272981.66217438,22710569.925587516,-95.14080047607422,-94.63880157470705,-1.0533000230789185,0.8781999945640564,[0. 0. 0.],[0. 0. 0. 1.],5.318561597208403,-2.2315617040199256,"(30, 1)",305407.49574279785,305386.63423978165,-132616438716.63147,1538717.9487179518,3.086999893188477,-2.2315617040199256,132638843879.01628,26734263.634314902,28272981.583032854,26428877.00007512,132639149286.51202,22710569.880558893,0.18606266000918706,1770934722.462178,1770934722.462178
3.2333464642208276,31,1,132253937629.03442,43218166.24770538,43522356.66217438,132254241841.58604,45061074.610892326,41101588.011684485,-91.64119720458984,-91.4582977294922,-1.7116999626159668,1.500300049781799,[0. 0. 0.],[0. 0. 0. 1.],5.403218332373771,-2.1523183022376626,"(31, 1)",304212.5525817871,304190.2825771272,-132213140253.49672,1538717.9487179443,3.2509000301361084,-2.1523183022376626,132253937629.0163,43522356.583032854,45061074.5317508,43218166.30045573,132254241841.56888,41101588.07216547,0.18361578206665014,1770934722.546259,1770934722.546259
4.633864771650076,20,2,131301611355.05818,27334693.583695047,27685786.15672766,131369178891.305,29224504.105445612,29851979.16221203,-84.52020263671875,-84.54910278320312,-7.28849983215332,7.195300102233887,[0. 0. 0.],[0. 0. 0. 1.],5.780256972993651,-1.0090567929399397,"(20, 2)",67567536.69934082,351092.1067457907,-131339326912.13492,1538717.9487179518,4.771200180053711,-1.0090567929399397,131301611354.97784,27685786.070212338,29224504.01893029,27334693.963466547,131369178891.67719,29851979.542267628,0.20029457622426902,1770934722.6015308,1770934722.6015308
4.0478604905531865,21,2,132838184720.6523,20705891.125570595,21009824.618266124,132838488682.4266,22548542.566984072,20400740.13629644,-89.90160369873047,-92.4000015258789,-4.387400150299072,4.059599876403809,[0. 0. 0.],[0. 0. 0. 1.],6.2983455293594135,-2.1212453477798237,"(21, 2)",303962.35540771484,303933.26196915284,-132818087942.54916,1538717.948717948,4.17710018157959,-2.1212453477798237,132838184720.3624,21009824.531750802,22548542.48046875,20705891.26978165,132838488682.7178,20400740.16864483,0.18342836077052876,1770934722.662075,1770934722.662075
4.444069028531932,30,2,132885837460.90015,652151.0675986578,956675.5798045835,132886142016.48872,2495393.528522532,837664.6912430581,-85.86509704589844,-85.5281982421875,-4.948999881744385,5.151100158691406,[0. 0. 0.],[0. 0. 0. 1.],5.370857095168491,-0.7664569372400241,"(30, 2)",304556.1961669922,304524.0666316106,-132885304351.88223,1538717.9487179485,4.604400157928467,-0.7664569372400241,132885837460.74704,956675.4932892629,2495393.4420072115,652151.4266576522,132886142016.9432,837665.0609725561,0.19625956774194775,1770934722.7114136,1770934722.7114136
5.040849769782622,31,2,132461932693.13698,45658956.889276676,45964912.75929177,132462238684.44913,47503630.70800971,47449206.34051767,-90.50140380859376,-90.94090270996094,-6.227700233459473,6.0619001388549805,[0. 0. 0.],[0. 0. 0. 1.],5.909298044654857,-0.8374978127212636,"(31, 2)",305991.33613586426,305955.6696965173,-132414789478.02156,1538717.9487179443,5.071800231933594,-0.8374978127212636,132461932693.11885,45964912.672776446,47503630.62149439,45658957.00307993,132462238684.45499,47449206.43341847,0.183396830088206,1770934722.7609115,1770934722.7609115
6.59879219895014,20,3,131517605689.99406,36333925.5361839,36639832.64386557,131585128051.48854,38178550.59258352,44151898.12169904,-91.40170288085938,-90.10540008544922,-0.6779999732971191,0.2206999957561493,[0. 0. 0.],[0. 0. 0. 1.],8.333480663273496,-1.6763804626204202,"(20, 3)",67522361.70059204,305906.9198217094,-131540976153.34271,1538717.9487179518,6.657100200653076,-1.6763804626204202,131517605689.91373,36639832.54457131,38178550.49328926,36333925.6247496,131585128051.61432,44151898.271609575,0.18339635923610206,1770934722.8173766,1770934722.8173766
5.929396531243138,21,3,133054179143.72922,29706310.265117325,30010417.57976301,133054483289.76338,31549135.52848096,34746105.98295227,-84.40080261230469,-84.92659759521484,2.6113998889923096,-2.8907999992370605,[0. 0. 0.],[0. 0. 0. 1.],8.658882207513464,-2.5091820427185425,"(21, 3)",304146.9632720947,304106.8209134601,-133019737184.02301,1538717.948717948,6.149700164794922,-2.5091820427185425,133054179143.43932,30010417.48046875,31549135.429186698,29706310.65955529,133054483290.40259,34746106.37958233,0.2001184746409642,1770934722.8780234,1770934722.8780234
5.837862651743751,30,3,133101831843.91296,9652637.709133921,9957108.284891218,133102136352.87161,11495826.233609166,15182760.22566621,-88.09629821777344,-87.13249969482422,1.6344000101089478,-2.478199958801269,[0. 0. 0.],[0. 0. 0. 1.],8.088195173008208,-2.113694993717435,"(30, 3)",304509.49644470215,304470.21484375,-133086953592.71443,1538717.948717948,5.974500179290772,-2.113694993717435,133101831843.75986,9957108.185596956,11495826.134314904,9652637.970753206,133102136353.2563,15182760.541866988,0.18784765965637626,1770934722.9251444,1770934722.9251444
6.881205168669317,31,3,132677927572.94467,54660020.69551529,54964952.836173266,132678232550.72768,56503670.78489122,61793831.37935165,-97.2375030517578,-90.58380126953124,0.4889000058174133,-1.065400004386902,[0. 0. 0.],[0. 0. 0. 1.],8.413408825323614,-1.5246086811280577,"(31, 3)",304977.82388305664,304932.1101262048,-132616438719.24503,1538717.9487179518,6.888800144195557,-1.5246086811280577,132677927572.92654,54964952.736879006,56503670.68559696,54660020.6267528,132678232550.75043,61793831.50540865,0.18435007383492236,1770934722.975591,1770934722.975591
4.935706504572978,20,4,131731600353.4556,57400359.97729377,57708198.02522,131799124635.44475,59246915.97393794,56499254.568055965,-98.5177993774414,-100.247802734375,-2.8050999641418457,2.884299993515014,[0. 0. 0.],[0. 0. 0. 1.],5.9957967768636635,-1.0662966738668374,"(20, 4)",67524281.94485474,307838.0408653915,-131742625380.85672,1538717.9487179443,4.929500102996826,-1.0662966738668374,131731600353.37526,57708197.9291867,59246915.877904646,57400359.88832131,131799124635.32011,56499254.46339142,0.18881666267972938,1770934723.031407,1770934723.031407
4.283145841731883,21,4,133268173614.88306,50773095.14782997,51080048.986758456,133268480597.22586,52618766.93547641,47094186.57723231,-97.08609771728516,-96.79840087890624,0.3930000066757202,-0.7189000248908997,[0. 0. 0.],[0. 0. 0. 1.],6.075795992695039,-1.711096152149385,"(21, 4)",306982.81312561035,306953.81360176206,-133221386410.89537,1538717.9487179518,4.364699840545654,-1.711096152149385,133268173614.59315,51080048.89072516,52618766.83944311,50773095.077123396,133268480597.40628,47094186.51091747,0.1875559860207242,1770934723.0921345,1770934723.0921345
4.760563441725589,30,4,133329825922.4386,44718709.82181787,45027132.32009179,133330134376.86119,46565850.26880974,41531557.12794381,-92.63899993896484,-93.11270141601562,-0.3770999908447265,0.6816999912261963,[0. 0. 0.],[0. 0. 0. 1.],5.940327473034791,-1.1211274341248787,"(30, 4)",308454.6680908203,308422.36641126126,-133288602819.8059,1538717.9487179518,4.819200038909912,-1.1211274341248787,133329825922.28549,45027132.224058494,46565850.172776446,44718709.85764723,133330134376.95358,41531557.147686295,0.18444333013991496,1770934723.1530783,1770934723.1530783
4.778148091145482,31,4,132921921787.68825,38509445.74659275,38816339.05086102,132922228713.26758,40355056.99957897,36924356.24686544,-84.09369659423828,-83.4397964477539,-1.3653000593185425,1.0887000560760498,[0. 0. 0.],[0. 0. 0. 1.],6.018622700489663,-1.1316226165663235,"(31, 4)",306925.8469848633,306892.82539563626,-132885304356.92155,1538717.9487179443,4.88700008392334,-1.1316226165663235,132921921787.67012,38816338.954827726,40355056.90354567,38509446.12943209,132922228713.5171,36924356.595552884,0.19857306231668204,1770934723.2142665,1770934723.2142665
2.1867408516207827,20,5,131969594263.712,36255643.34662404,36559504.34350364,132037114550.74832,38098222.29222159,25623531.137370504,-87.64569854736328,-88.43180084228516,-4.40880012512207,4.2170000076293945,[0. 0. 0.],[0. 0. 0. 1.],3.059692769990478,-0.7027927932601314,"(20, 5)",67520287.33473206,303860.09803184867,-132011491019.30011,1538717.9487179518,2.3568999767303467,-0.7027927932601314,131969594263.63167,36559504.018930286,38098221.96764824,36255643.92089844,132037114550.9664,25623531.666291066,0.1865141262797479,1770934723.2694142,1770934723.2694142
1.762336948322724,21,5,133506167461.03691,29628972.364631146,29967589.27940108,133506506090.02629,31506307.228119027,16254040.173907641,-81.5896987915039,-82.30449676513672,-1.5217000246047974,0.5996999740600586,[0. 0. 0.],[0. 0. 0. 1.],2.7001653466200923,-0.720165327546606,"(21, 5)",338629.7450866699,338616.20780749246,-133490252049.80826,1538717.948717948,1.9800000190734863,-0.720165327546606,133506167460.74701,29967588.954827726,31506306.903545674,29628972.747020233,133506506090.4921,16254040.683844151,0.1544322327617258,1770934723.3299906,1770934723.3299906
1.7455071236576596,30,5,133570819656.41296,26574132.976233643,26879993.125554923,133571125528.7769,28418711.07427287,13657070.090284318,-80.38069915771484,-80.31729888916016,-2.187599897384644,1.9500999450683596,[0. 0. 0.],[0. 0. 0. 1.],3.307452451537286,-1.4852525108558285,"(30, 5)",305872.442779541,305859.67235076055,-133557468458.46838,1538717.948717948,1.8221999406814573,-1.4852525108558285,133570819656.25986,26879992.80098157,28418710.749699518,26574133.12863081,133571125528.70264,13657070.2342498,0.06850443938172115,1770934723.3941636,1770934723.3941636
1.6909867149173003,31,5,133161916090.57286,19365084.959330454,19670754.343503643,133162221772.0749,21209472.29222159,8051776.273016129,-82.59760284423828,-81.20189666748047,-3.208400011062622,3.021199941635132,[0. 0. 0.],[0. 0. 0. 1.],2.987940860432817,-1.1873408085529342,"(31, 5)",305681.4340362549,305668.507111378,-133154169995.41187,1538717.948717948,1.8006000518798828,-1.1873408085529342,133161916090.55473,19670754.01893029,21209471.967648238,19365085.511818912,133162221771.98877,8051776.5768980365,0.15016656404343237,1770934723.454201,1770934723.454201
3.257559322428822,20,11,132210588454.41713,3969496.8323516436,4273398.327729565,132278108788.32849,5812116.276447514,64968534.05224461,-83.31639862060547,-83.38300323486328,-1.8560999631881716,1.5263999700546265,[0. 0. 0.],[0. 0. 0. 1.],7.238867807619097,-3.861567783586504,"(20, 11)",67520334.31614685,303901.1011368185,-132213140254.27919,1538717.948717949,3.3773000240325928,-3.861567783586504,132210588454.33679,4273398.249699519,5812116.198417468,3969497.1485627005,132278108788.65294,64968534.373748,0.19479878841851714,1770934723.510375,1770934723.510375
3.6593875765151833,21,11,133747161235.07536,64559751.933594495,64909800.57131931,133747511307.55728,66448518.52003726,55610022.97699271,-91.80560302734376,-92.63899993896484,1.464900016784668,-1.7750999927520752,[0. 0. 0.],[0. 0. 0. 1.],6.76620379035099,-2.993503719016151,"(21, 11)",350073.0543823242,350048.5151242018,-133691901284.84993,1538717.9487179518,3.772700071334839,-2.993503719016151,133747161234.78546,64909800.49328926,66448518.442007214,64559751.97816506,133747511307.83984,55610022.98990885,0.18397478485934501,1770934723.5709665,1770934723.5709665
4.907881580763663,21,0,133988155009.11382,39548415.90258172,39852733.19362714,133988459360.33557,41391451.142345086,27692443.222802542,-86.76370239257812,-96.489501953125,-1.403499960899353,1.0570000410079956,[0. 0. 0.],[0. 0. 0. 1.],8.86107451211785,-3.8372746158776163,"(21, 0)",304351.6970977783,304317.0635516867,-133960766917.47151,1538717.9487179443,5.023799896240234,-3.8372746158776163,133988155008.82391,39852733.18559696,41391451.1343149,39548416.12204527,133988459360.52101,27692443.049504206,0.1840385393018064,1770934723.8120997,1770934723.8120997
2.8624485141125837,20,1,132710575297.36583,28653662.22709302,28959728.457046174,132778097793.92256,30498446.40576412,27226260.332387064,-89.3594970703125,-89.27249908447266,-3.1198999881744385,3.33870005607605,[0. 0. 0.],[0. 0. 0. 1.],5.378421035517765,-2.4420210988417397,"(20, 1)",67522496.8073883,306065.98682892695,-132750871533.5917,1538717.948717948,2.9363999366760254,-2.4420210988417397,132710575297.28549,28959728.377904646,30498446.326622594,28653662.39107572,132778097794.09288,27226260.501176883,0.18405900808878115,1770934724.0103874,1770934724.0103874
2.7197471909972406,21,1,134247148318.40868,22029239.777722258,22335786.149353866,134247454882.91481,23874504.098071817,17822318.738903828,-90.92649841308594,-88.34739685058594,-0.2635000050067901,-0.4413999915122986,[0. 0. 0.],[0. 0. 0. 1.],5.464760744195486,-2.5957607861571557,"(21, 1)",306565.2857055664,306546.2083082907,-134229632564.44414,1538717.9487179518,2.86899995803833,-2.5957607861571557,134247148318.11877,22335786.070212338,23874504.01893029,22029239.861904047,134247454883.40448,17822318.96033654,0.18392150834505697,1770934724.0709693,1770934724.0709693
3.0228921670192985,30,1,134309800441.66936,16973680.799568772,17278406.341661558,134310105187.63516,18817124.29037951,13256214.546766547,-95.61209869384766,-93.36409759521484,-0.7357000112533569,0.3194000124931335,[0. 0. 0.],[0. 0. 0. 1.],5.318561597208403,-2.2554614976448044,"(30, 1)",304746.2032928467,304725.5295973532,-134296848973.18254,1538717.9487179518,3.063100099563598,-2.2554614976448044,134309800441.51625,17278406.26252003,18817124.211237982,16973680.732922677,134310105187.71954,13256214.537009215,0.18562754262728126,1770934724.13319,1770934724.13319
3.1686280826395614,31,1,133902898526.47028,11765557.964017555,12071210.828841047,133903204201.06482,13609928.777558995,9653691.18979486,-91.61579895019533,-92.67659759521484,-1.989300012588501,1.7201000452041626,[0. 0. 0.],[0. 0. 0. 1.],5.403218332373771,-2.2240183983680337,"(31, 1)",305674.5480194092,305652.731870994,-133893550509.79736,1538717.948717948,3.1791999340057373,-2.2240183983680337,133902898526.45215,12071210.74969952,13609928.698417468,11765558.017828526,133903204201.00017,9653691.202799479,0.1839192305783,1770934724.195272,1770934724.195272
4.6230061361392,20,2,132951569071.40428,64086533.683073066,64444327.82339433,133019143309.2008,65983045.77211228,66622550.93552349,-84.84600067138672,-84.78690338134766,-7.157199859619141,6.991399765014648,[0. 0. 0.],[0. 0. 0. 1.],5.780256972993651,-1.0195567471635725,"(20, 2)",67574238.24995422,357793.67300180346,-132952520758.25742,1538717.9487179518,4.760700225830078,-1.0195567471635725,132951569071.32394,64444327.736879006,65983045.68559696,64086534.0638772,133019143309.5739,66622551.31648137,0.1997604611397249,1770934724.2514255,1770934724.2514255
4.088100218901952,21,2,134488142092.44714,57462620.40857465,57766611.47724048,134488446112.0662,59305329.42595843,57164323.62207121,-91.20149993896484,-92.0457992553711,-4.104300022125244,4.232800006866455,[0. 0. 0.],[0. 0. 0. 1.],6.2983455293594135,-2.0884456270156635,"(21, 2)",304020.2135925293,303990.9010667056,-134431281788.70297,1538717.9487179518,4.20989990234375,-2.0884456270156635,134488142092.15724,57766611.39072516,59305329.33944311,57462620.48965845,134488446112.37083,57164323.66786859,0.183640527035948,1770934724.3120356,1770934724.3120356
4.413831375969253,30,2,134550794183.65652,52406531.44255128,52713101.861855865,134551100785.02544,54251819.81057382,52602587.40280442,-85.59940338134766,-85.1218032836914,-5.139900207519531,4.858699798583984,[0. 0. 0.],[0. 0. 0. 1.],5.370857095168491,-0.7941568845972018,"(30, 2)",306601.9850463867,306569.9650691077,-134498498197.70738,1538717.9487179518,4.576700210571289,-0.7941568845972018,134550794183.50342,52713101.77534054,54251819.724058494,52406531.810271434,134551100785.48846,52602587.78107472,0.19782424979144758,1770934724.3741617,1770934724.3741617
5.034327084866773,31,2,134142892837.3677,46198468.33227767,46504279.74647125,134143198684.21698,48042997.6951892,47998949.88595605,-90.6240005493164,-90.66449737548828,-6.345099925994873,6.32919979095459,[0. 0. 0.],[0. 0. 0. 1.],5.909298044654857,-0.842897993537914,"(31, 2)",305846.8862609863,305811.21982672065,-134095199734.24397,1538717.9487179518,5.066400051116943,-0.842897993537914,134142892837.34958,46504279.659955926,48042997.60867388,46198468.440129206,134143198684.23584,47998949.99186198,0.1833948575764463,1770934724.4352767,1770934724.4352767
6.58012362243521,20,3,133190563013.71198,28880216.65225423,29184832.643865574,133258084083.99019,30723550.592583522,36697674.338341035,-90.78479766845705,-90.8656997680664,-0.5112000107765198,0.8073999881744385,[0. 0. 0.],[0. 0. 0. 1.],8.333480663273496,-1.6964805793501565,"(20, 3)",67521070.44708252,304615.77586638555,-133221386409.62772,1538717.948717948,6.63700008392334,-1.6964805793501565,133190563013.63164,29184832.544571314,30723550.493289262,28880216.76870493,133258084084.07872,36697674.45099659,0.1834056868436962,1770934724.4903905,1770934724.4903905
5.9439572711611675,21,3,134727135922.57533,22257362.1236935,22561467.25925019,134727440066.48119,24100185.20796814,27292626.05579298,-84.2218017578125,-84.94020080566406,2.946700096130371,-2.7362000942230225,[0. 0. 0.],[0. 0. 0. 1.],8.658882207513464,-2.4951821037536988,"(21, 3)",304144.83486938477,304104.6455578916,-134700147440.66798,1538717.948717948,6.163700103759766,-2.4951821037536988,134727135922.28543,22561467.15995593,24100185.108673878,22257362.51439804,134727440067.1203,27292626.452323716,0.2002572703550853,1770934724.5509753,1770934724.5509753
5.843478438892018,30,3,134789787965.7078,17201413.60768167,17506050.592583522,134790092641.10036,19044768.54130147,22728791.98159535,-88.05709838867188,-87.05349731445312,1.8207000494003296,-1.997599959373474,[0. 0. 0.],[0. 0. 0. 1.],8.088195173008208,-2.1070950906107466,"(30, 3)",304675.93463134766,304636.6217197515,-134767363849.18726,1538717.948717948,5.981100082397461,-2.1070950906107466,134789787965.55469,17506050.493289262,19044768.44200721,17201413.87156951,134790092641.48932,22728792.302058294,0.1880584482020393,1770934724.6131964,1770934724.6131964
