range,from_id,to_id,tx1,rx1,tx2,rx2,tx3,rx3,fpp1,fpp2,skew1,skew2,r_iw_a_Husky,q_ai_Husky,gt_range,bias,pair,del_t1,del_t2,del_t3,del_t4,range_raw,bias_raw,tx1_raw,tx2_raw,tx3_raw,rx1_raw,rx2_raw,rx3_raw,std,timestamp,Time
2.205805832684287,20,1,34279872.689011574,36272655.12110407,36578029.73909745,34585262.97147204,38116747.687815405,36123985.67932456,-89.7479019165039,-88.48069763183594,-2.9400999546051025,2.9755001068115234,[0. 0. 0.],[0. 0. 0. 1.],5.378421035517765,-3.095020976771427,"(20, 1)",305390.57804988325,305374.39590845257,1538722.706330128,1538717.9487179518,2.283400058746338,-3.095020976771427,34279872.60867388,36578029.659955926,38116747.60867388,36272655.26404747,34585263.18672376,36123985.89305389,0.18436709718989183,1770935140.9709299,1770935140.9709299
2.607968770363162,21,1,29814760.719082948,35877766.08728424,36185441.59807181,30122453.674702477,37724159.546789765,31661171.82905355,-82.89140319824219,-82.93009948730469,-0.3864000141620636,-0.8251000046730042,[0. 0. 0.],[0. 0. 0. 1.],5.464760744195486,-2.669860803704763,"(21, 1)",307693.79444611445,307675.1552483961,1538717.88611779,1538717.9487179518,2.7948999404907227,-2.669860803704763,29814760.429186698,36185441.518930286,37724159.46764824,35877766.36368189,30122454.223632812,31661172.109750602,0.1874376360181199,1770935141.0318248,1770935141.0318248
2.8952909779195815,30,1,27169335.902808808,32330227.065855186,32638366.277558994,27477494.73025669,34177084.22627694,29016214.150318958,-83.26789855957031,-83.39830017089844,-1.1753000020980835,0.7562000155448914,[0. 0. 0.],[0. 0. 0. 1.],5.318561597208403,-2.2760615781349163,"(30, 1)",308159.398788061,308138.8189853765,1538719.325921476,1538717.948717948,3.0425000190734863,-2.2760615781349163,27169335.749699518,32638366.198417466,34177084.147135414,32330227.37943209,27477495.14848758,29016214.474409055,0.19458310188875685,1770935141.0957167,1770935141.0957167
2.843015668180697,31,1,24524992.81910943,27640926.50174227,27944856.66217438,24828942.523784433,29483574.61089233,26367663.368356235,-88.45210266113281,-88.07569885253906,-2.143899917602539,1.857900023460388,[0. 0. 0.],[0. 0. 0. 1.],5.403218332373771,-2.491818252646598,"(31, 1)",303949.88231169805,303929.8659104593,1538720.922225561,1538717.948717948,2.911400079727173,-2.491818252646598,24524992.80098157,27944856.583032854,29483574.531750802,27640926.717122395,24828942.683293268,26367663.60551883,0.18589448415339768,1770935141.1581516,1770935141.1581516
4.618779216425216,20,2,266273919.16337055,60958648.88503728,61262757.31057382,266578060.57490012,62801475.25929176,66467558.70155292,-85.2759017944336,-85.18180084228516,-7.481299877166748,6.9131999015808105,[0. 0. 0.],[0. 0. 0. 1.],5.780256972993651,-1.0250570637834455,"(20, 2)",304141.86135315895,304107.9633663893,-200110501.86548477,1538717.9487179443,4.755199909210205,-1.0250570637834455,266273919.08303285,61262757.224058494,62801475.17277644,60958649.260692105,266578060.944386,66467559.07890124,0.19835236307419266,1770935141.2047744,1770935141.2047744
4.0764453975904456,21,2,261808767.12933934,60564160.54887694,60870337.438778944,262114972.50096735,62409055.387496896,62004466.10541878,-90.61730194091795,-91.06179809570312,-4.297100067138672,3.9814000129699703,[0. 0. 0.],[0. 0. 0. 1.],6.2983455293594135,-2.089745485108925,"(21, 2)",306206.00773739815,306176.69521234185,-200110506.65439704,1538717.9487179518,4.208600044250488,-2.089745485108925,261808766.8394431,60870337.35226362,62409055.300981574,60564160.65705128,262114972.8471805,62004466.19278345,0.18340669617262145,1770935141.2638354,1770935141.2638354
4.321878868223807,30,2,259163286.2233216,57016062.06045609,57320369.49006099,259467624.05215004,58859087.438778944,59357119.11011311,-85.88990020751953,-86.25479888916016,-4.992800235748291,4.93779993057251,[0. 0. 0.],[0. 0. 0. 1.],5.370857095168491,-0.892757272170444,"(30, 2)",304338.4102063775,304306.984925881,-200110505.02679288,1538717.9487179518,4.478099822998047,-0.892757272170444,259163286.0702123,57320369.40354567,58859087.35226362,57016062.41861979,259467624.48041868,59357119.4536258,0.19442037005561785,1770935141.3298159,1770935141.3298159
5.053656577143504,31,2,270519151.4729556,66326372.36785909,66632068.20800971,270824882.8795864,954375.900317404,3497969.0743487123,-90.27559661865234,-90.18659973144533,-6.2891998291015625,6.1774001121521,[0. 0. 0.],[0. 0. 0. 1.],5.909298044654857,-0.8174978317947499,"(31, 2)",305731.46722251177,305695.6286308095,-267326913.71819907,-65677692.307692304,5.091800212860107,-0.8174978317947499,270519151.4548277,66632068.12149439,954375.8138020834,66326372.49286358,270824882.92205024,3497969.203851162,0.18344866857503395,1770935141.404224,1770935141.404224
6.585662169552001,20,3,512267613.0736269,35564682.64588133,35871130.72078865,512574105.2288591,37409848.6695066,43597952.04718057,-90.87640380859376,-90.5145034790039,-0.699400007724762,0.4460999965667724,[0. 0. 0.],[0. 0. 0. 1.],8.333480663273496,-1.6890805434920022,"(20, 3)",306492.3408703804,306447.86345653236,-468976153.157552,1538717.9487179518,6.644400119781494,-1.6890805434920022,512267612.9932892,35871130.62149439,37409848.57021234,35564682.75803786,512574105.33415955,43597952.17660757,0.18339582730162318,1770935141.4500766,1770935141.4500766
5.925697310256371,21,3,508802388.9242111,36171343.29954579,36475305.400275834,509106389.7912756,38014023.34899378,40130232.009145506,-84.75019836425781,-85.16079711914062,2.0683999061584477,-2.7202999591827397,[0. 0. 0.],[0. 0. 0. 1.],8.658882207513464,-2.512782163262976,"(21, 3)",304001.7934945822,303961.60419171304,-468976158.02471447,1538717.9487179443,6.146100044250488,-2.512782163262976,508802388.63431484,36475305.300981574,38014023.24969952,36171343.69678986,509106390.4278094,40130232.403094955,0.1993690155306498,1770935141.5108323,1770935141.5108323
5.81052285653016,30,3,490157252.5694754,16623740.035867484,16929880.72078865,490463431.5108451,18468598.6695066,21487275.05702635,-89.19930267333984,-88.20459747314453,1.3075000047683716,-2.0517001152038574,[0. 0. 0.],[0. 0. 0. 1.],8.088195173008208,-2.159595338566069,"(30, 3)",306179.4183193445,306140.38711939007,-468976156.5223106,1538717.948717948,5.928599834442139,-2.159595338566069,490157252.4163661,16929880.62149439,18468598.570212338,16623740.234375,490463431.83468544,21487275.3123748,0.1850075754308829,1770935141.5584636,1770935141.5584636
6.949594785208624,31,3,469514271.66526324,61151863.42830459,61458334.246429674,469820788.0321087,62997052.195147626,844630.029291869,-94.87359619140624,-89.32450103759766,0.6173999905586243,-0.8120999932289124,[0. 0. 0.],[0. 0. 0. 1.],8.413408825323614,-1.439909050390753,"(31, 3)",306516.4732321501,306470.7438151017,-468976157.89951414,1538717.9487179518,6.973499774932861,-1.439909050390753,469514271.6471354,61458334.147135414,62997052.095853366,61151863.40332031,469820788.1203675,844630.2208533654,0.1835058984505756,1770935141.6088748,1770935141.6088748
4.93606178289396,20,4,717262356.6633704,46746642.30827952,47050561.80727128,717566309.880207,48589279.75598922,46940929.204306304,-91.0322036743164,-91.15950012207033,-2.479099988937378,2.51449990272522,[0. 0. 0.],[0. 0. 0. 1.],5.9957967768636635,-1.007596589180558,"(20, 4)",303953.3722707033,303919.30213341117,-670625380.6559244,1538717.9487179443,4.9882001876831055,-1.007596589180558,717262356.5830327,47050561.71123798,48589279.659955926,46746642.40910457,717566309.9553034,46940929.299379006,0.18345551709646254,1770935141.6507664,1770935141.6507664
4.315551526432195,21,4,708797220.6549803,42353889.58995955,42657861.486758456,709101221.2108288,44196579.43547641,38475835.887526445,-84.13050079345703,-85.26319885253906,0.8791000247001648,-0.6966000199317932,[0. 0. 0.],[0. 0. 0. 1.],6.075795992695039,-1.542496069751924,"(21, 4)",304001.48049378395,303971.41676682234,-670625385.570037,1538717.9487179518,4.533299922943115,-1.542496069751924,708797220.365084,42657861.39072516,44196579.33944311,42353889.973958336,709101221.8455778,38475836.275540866,0.20011068766283666,1770935141.7108126,1770935141.7108126
4.804970349160721,30,4,690152036.2233216,22805938.03243106,23111611.48675846,690457742.8358147,24650329.435476407,19832363.723636314,-95.71929931640624,-95.91929626464844,-0.5922999978065491,0.527999997138977,[0. 0. 0.],[0. 0. 0. 1.],5.940327473034791,-1.0997274593018806,"(30, 4)",305706.787109375,305673.4055739194,-670625379.1848207,1538717.948717948,4.84060001373291,-1.0997274593018806,690152036.0702122,23111611.390725162,24650329.33944311,22805937.985151242,690457742.8573216,19832363.672501,0.18678244987731668,1770935141.7584848,1770935141.7584848
4.63936833235381,31,4,669509528.0755197,117813.91118388413,422989.69188666437,669814735.2588564,1961707.6406046129,66405763.13258568,-83.16539764404297,-83.31449890136719,-1.6884000301361084,1.4164999723434448,[0. 0. 0.],[0. 0. 0. 1.],6.018622700489663,-1.2803228538404934,"(31, 4)",305207.44128108025,305175.35869891825,-603408972.0271183,1538717.9487179485,4.73829984664917,-1.2803228538404934,669509528.0573918,422989.5958533654,1961707.544571314,117814.23715444711,669814735.4986728,66405763.47155449,0.19330421089520966,1770935141.8088295,1770935141.8088295
2.1928583491275737,20,5,917257228.4582422,54141244.262370706,54447501.13837544,917563501.1456681,55986219.08709338,45288891.67892345,-87.66600036621094,-88.36139678955078,-4.324999809265137,4.116399765014648,[0. 0. 0.],[0. 0. 0. 1.],3.059692769990478,-0.6962927875380855,"(20, 5)",306272.98990881443,306255.9783153087,-872274609.1558993,1538717.9487179443,2.3633999824523926,-0.6962927875380855,917257228.3779045,54447500.813802086,55986218.76252003,54141244.83548678,917563501.3678133,45288892.21191406,0.18657303591032062,1770935141.851155,1770935141.851155
1.7874396750105979,21,5,909792028.347288,50748952.30252114,51053046.01017031,910096134.280502,52591763.958888255,37821520.40110615,-81.82769775390625,-82.15239715576172,-1.3746000528335571,1.0719000101089478,[0. 0. 0.],[0. 0. 0. 1.],2.7001653466200923,-0.6917653832411861,"(21, 5)",304106.6644129753,304092.95497796685,-872274613.8352612,1538717.9487179443,2.0083999633789062,-0.6917653832411861,909792028.0573918,51053045.68559696,52591763.6343149,50748952.73061899,910096134.7218047,37821520.88654347,0.15695836426170107,1770935141.9118044,1770935141.9118044
1.800758782419838,30,5,907146371.1592189,47200210.090338655,47504376.13837544,907450549.737943,49043094.08709338,35175936.95210809,-80.37999725341797,-81.01709747314453,-2.134500026702881,2.1951000690460205,[0. 0. 0.],[0. 0. 0. 1.],3.307452451537286,-1.4116524570685969,"(30, 5)",304178.7797976732,304165.57116386294,-872274612.567608,1538717.9487179443,1.895799994468689,-1.4116524570685969,907146371.0061096,47504375.813802086,49043093.76252003,47200210.24263822,907450549.7859073,35175937.21829928,0.08304131208107474,1770935141.9754744,1770935141.9754744
1.697124496501003,31,5,902504151.4729556,40512013.91920899,40818310.43324723,902810460.1226065,42357028.38196518,30535848.80823106,-82.09449768066406,-81.81400299072266,-3.192500114440918,3.1059000492095947,[0. 0. 0.],[0. 0. 0. 1.],2.987940860432817,-1.1745408302967086,"(31, 5)",306308.70330023766,306295.71376702935,-872274610.9243538,1538717.9487179518,1.8134000301361084,-1.1745408302967086,902504151.4548277,40818310.10867388,42357028.05739183,40512014.39490685,902810460.1581279,30535849.23377404,0.15534734135763778,1770935142.0361857,1770935142.0361857
3.2803479096014003,20,11,1144251763.7146528,8982378.918946404,9287332.62260136,1144556739.678675,10826050.571319308,3416485.133710187,-82.78630065917969,-83.19200134277344,-1.857900023460388,1.3075000047683716,[0. 0. 0.],[0. 0. 0. 1.],7.238867807619097,-3.849167871706011,"(20, 11)",304976.352789402,304953.36288060807,-1141140254.5479016,1538717.948717948,3.389699935913086,-3.849167871706011,1144251763.634315,9287332.544571314,10826050.493289262,8982379.181690706,1144556739.9871044,3416485.4392027245,0.18895048997860334,1770935142.0827725,1770935142.0827725
3.6298699555149225,21,11,1142786010.719083,11590427.980502304,11894712.430293668,1143090318.88209,13433430.379011616,1950059.8931743337,-92.11150360107422,-92.57540130615234,1.4808000326156616,-1.3847999572753906,[0. 0. 0.],[0. 0. 0. 1.],6.76620379035099,-3.025703817053871,"(21, 11)",304308.73773026466,304284.3393179085,-1141140259.2585638,1538717.948717948,3.740499973297119,-3.025703817053871,1142786010.4291868,11894712.352263622,13433430.30098157,11590428.012945713,1143090319.166917,1950059.9083533653,0.1840629485236544,1770935142.1447918,1770935142.1447918
2.2374858154870623,20,1,1611239423.9710636,33495.50242961771,338318.20063591824,1611544262.5217373,1877036.149353867,67105549.222602986,-90.4656982421875,-88.38939666748047,-3.107800006866455,3.0910000801086426,[0. 0. 0.],[0. 0. 0. 1.],5.378421035517765,-3.068120923747135,"(20, 1)",304838.85153746605,304822.512895633,-1544438713.3006568,1538717.9487179487,2.31030011177063,-3.068120923747135,1611239423.8907259,338318.121494391,1877036.0702123397,33495.608598758015,1611544262.7422633,67105549.441606574,0.18407143028897646,1770935142.5537724,1770935142.5537724
2.603363640556248,21,1,1612773871.2960067,5643088.97931583,5950529.739097456,1613081329.4323344,7489247.687815405,1426201.2450383233,-82.75489807128906,-82.59549713134766,-0.034400001168251,-0.26910001039505,[0. 0. 0.],[0. 0. 0. 1.],5.464760744195486,-2.682960712533498,"(21, 1)",307458.93429493904,307440.42029747553,-1611655128.4555295,1538717.948717949,2.7818000316619877,-2.682960712533498,1612773871.0061104,5950529.659955929,7489247.608673878,5643089.2396584535,1613081329.9404054,1426201.4848758013,0.18174576824009467,1770935142.6147327,1770935142.6147327
2.9346834108507167,30,1,1609128053.8515275,1093548.5851464034,1399303.7775589952,1609433828.923391,2938021.726276944,64995112.46166684,-83.68489837646484,-83.45330047607422,-1.2003999948501587,1.1836999654769895,[0. 0. 0.],[0. 0. 0. 1.],5.318561597208403,-2.2316616014045696,"(30, 1)",305775.64728569984,305754.7701322115,-1544438716.555865,1538717.9487179485,3.086899995803833,-2.2316616014045696,1609128053.6984181,1399303.698417468,2938021.6471354165,1093548.9282852565,1609433829.3457038,64995112.78983874,0.19714101674423393,1770935142.6775107,1770935142.6775107
2.819875911879339,31,1,1606487444.742187,63622677.136319526,63926274.93140515,1606791061.9573503,65464992.8801231,62352347.060985886,-88.00530242919922,-87.45210266113281,-2.202500104904175,1.9063999652862549,[0. 0. 0.],[0. 0. 0. 1.],5.403218332373771,-2.5057182942267984,"(31, 1)",303617.4285106659,303597.47470953315,-1544438714.8187106,1538717.9487179518,2.8975000381469727,-2.5057182942267984,1606487444.724059,63926274.85226362,65464992.800981574,63622677.37755409,1606791062.1525698,62352347.333859175,0.18741196305546753,1770935142.7401707,1770935142.7401707
4.601674653023686,20,2,1848233342.2402947,29712684.498579547,30019279.746471252,1848539970.3777282,31557997.6951892,35235622.350533836,-85.2916030883789,-84.94750213623047,-7.269899845123291,7.060299873352051,[0. 0. 0.],[0. 0. 0. 1.],5.780256972993651,-1.041856990541258,"(20, 2)",306628.59011912346,306594.78603265435,-1813304348.019332,1538717.948717948,4.738399982452393,-1.041856990541258,1848233342.159957,30019279.65995593,31557997.608673878,29712684.873923276,1848539970.750076,35235622.73074419,0.1987925196434275,1770935142.7864802,1770935142.7864802
4.080391999095044,21,2,1828768294.37293,14323301.533558866,14629664.361855865,1829074685.6913705,16168382.310573814,15770333.04807463,-91.29060363769533,-90.26319885253906,-4.520599842071533,4.262599945068359,[0. 0. 0.],[0. 0. 0. 1.],6.2983455293594135,-2.0847453706680072,"(21, 2)",306391.9928135872,306362.66463842057,-1813304352.9021444,1538717.94871795,4.213600158691406,-2.0847453706680072,1828768294.0830338,14629664.275340544,16168382.224058494,14323301.610702123,1829074686.0758474,15770333.173702925,0.1833986339079177,1770935142.8307338,1770935142.8307338
4.3649542181292285,30,2,1812122757.3771687,63990035.16552495,64294576.220830224,1812427329.080081,65833294.169548176,66339388.03715666,-86.23400115966797,-86.59049987792969,-5.165999889373779,4.725500106811523,[0. 0. 0.],[0. 0. 0. 1.],5.370857095168491,-0.8540571684106784,"(30, 2)",304572.2687551975,304540.62437399477,-1746087941.1276803,1538717.9487179518,4.5167999267578125,-0.8540571684106784,1812122757.2240593,64294576.1343149,65833294.083032854,63990035.50994091,1812427329.4928145,66339388.36513422,0.1927600093281437,1770935142.8805246,1770935142.8805246
5.018822789032713,31,2,1808482653.0755208,58302783.26280964,58609744.49006099,1808789649.6725197,60148462.438778944,62701710.36710564,-89.91010284423828,-90.3823013305664,-6.544400215148926,6.02839994430542,[0. 0. 0.],[0. 0. 0. 1.],5.909298044654857,-0.8509980263443104,"(31, 2)",306996.6477613449,306960.9969701469,-1746087939.2183754,1538717.9487179518,5.058300018310547,-0.8509980263443104,1808482653.0573928,58609744.40354567,60148462.35226362,58302783.40657552,1808789649.7051542,62701710.48677885,0.18347691718355202,1770935142.9420657,1770935142.9420657
6.581405776772668,20,3,2049228189.9967053,26546935.714792904,26852661.1695066,2049533959.4968088,28391379.11822455,34580370.38639292,-91.11409759521484,-90.8656997680664,-0.8623999953269958,0.4284000098705292,[0. 0. 0.],[0. 0. 0. 1.],8.333480663273496,-1.6974805068709085,"(20, 3)",305769.66897034645,305725.2541566491,-2014953589.0862894,1538717.9487179518,6.636000156402588,-1.6974805068709085,2049228189.9163675,26852661.070212338,28391379.01893029,26546935.81605569,2049533959.5853379,34580370.49904848,0.18343121188146108,1770935142.9876094,1770935142.9876094
5.881868807087286,21,3,2045762685.3985715,27158111.175023254,27462428.797711726,2046067041.549918,29001146.746429678,31113448.15205119,-84.76419830322266,-85.69010162353516,2.427900075912476,-2.8749001026153564,[0. 0. 0.],[0. 0. 0. 1.],8.658882207513464,-2.5585823723083863,"(21, 3)",304357.06505417824,304317.12615184113,-2014953593.6404512,1538717.9487179518,6.100299835205078,-2.5585823723083863,2045762685.1086752,27462428.698417466,29001146.647135418,27158111.572265625,2046067042.1737294,31113448.533278245,0.198457472608421,1770935143.047804,1770935143.047804
5.77209921565603,30,3,2027117148.40281,7608542.590272441,7916339.054121985,2027424982.873282,9455057.002839936,12471390.568976067,-89.11540222167969,-87.75360107421875,1.3392000198364258,-2.06469988822937,[0. 0. 0.],[0. 0. 0. 1.],8.088195173008208,-2.193394986850981,"(30, 3)",307834.97345757484,307796.161358173,-2014953592.3727977,1538717.94871795,5.894800186157227,-2.193394986850981,2027117148.2497008,7916338.954827724,9455056.903545674,7608542.793469551,2027424983.2231584,12471390.850360576,0.18560993393883235,1770935143.0954494,1770935143.0954494
6.391733086831337,31,3,2013477693.1396236,59138528.19373988,59443566.61822455,2013782773.9927104,60982284.5669425,66045593.3693242,-96.93990325927734,-97.79540252685548,0.295199990272522,-0.6891000270843506,[0. 0. 0.],[0. 0. 0. 1.],8.413408825323614,-2.043708870337042,"(31, 3)",305080.6916065216,305038.3895482719,-1947737180.5200834,1538717.9487179518,6.369699954986572,-2.043708870337042,2013477693.1214957,59443566.518930286,60982284.46764824,59138528.129382014,2013782773.8131022,66045593.29301883,0.1878089075948055,1770935143.1471505,1770935143.1471505
4.978512940613444,20,4,2255222909.547987,38725718.871524274,39030593.85855333,2255527818.513789,40569311.80727128,38925001.815251365,-91.243896484375,-91.18229675292967,-2.7855000495910645,2.38129997253418,[0. 0. 0.],[0. 0. 0. 1.],5.9957967768636635,-0.9666968356100014,"(20, 4)",304909.1202173233,304874.79967948794,-2216602816.6785617,1538717.9487179518,5.029099941253662,-0.9666968356100014,2255222909.4676495,39030593.76252003,40569311.71123798,38725718.96284054,2255527818.587867,38925001.90930489,0.18348854107378482,1770935143.1928852,1770935143.1928852
4.336433327397997,21,4,2250757388.9242125,38337382.50719289,38642028.15342513,2251062063.390224,40180746.10214307,34459242.27903477,-84.11620330810547,-83.49929809570312,0.5978999733924866,-0.5029000043869019,[0. 0. 0.],[0. 0. 0. 1.],6.075795992695039,-1.5268958652841507,"(21, 4)",304675.3555688858,304645.16664163023,-2216602821.357924,1538717.9487179443,4.548900127410889,-1.5268958652841507,2250757388.6343164,38642028.05739183,40180746.006109774,38337382.8907502,2251062063.9898853,34459242.63196114,0.19883137098980963,1770935143.252787,1770935143.252787
6.522987759527328,30,4,2232111795.8387074,18787455.658601496,19091723.666245636,2232416106.5177674,20630441.614963587,15813281.664276326,-81.62640380859375,-81.40850067138672,-0.7357000112533569,0.6108999848365784,[0. 0. 0.],[0. 0. 0. 1.],5.940327473034791,0.656072311053344,"(30, 4)",304310.96003580093,304267.81287559867,-2216602824.926133,1538717.9487179518,6.596399784088135,0.656072311053344,2232111795.6855984,19091723.570212338,20630441.51893029,18787455.75733674,2232416106.645634,15813281.719501201,0.1326344708507078,1770935143.3003986,1770935143.3003986
4.659380945833648,31,4,2211472933.524239,63317708.57083353,63623101.87137384,2211778358.3208995,65161819.82009179,62391950.09374113,-83.56300354003906,-83.79930114746094,-1.8560999631881716,1.5924999713897705,[0. 0. 0.],[0. 0. 0. 1.],6.018622700489663,-1.2509225051771633,"(31, 4)",305425.0863881111,305392.8473056853,-2149386408.128006,1538717.9487179518,4.7677001953125,-1.2509225051771633,2211472933.506111,63623101.77534054,65161819.724058494,63317708.92803486,2211778358.5924993,62391950.464493185,0.19805803246314876,1770935143.3505757,1770935143.3505757
2.192510723938618,20,5,2459217677.176192,50117700.53461204,50424087.676836975,2459524080.1498327,51962805.62555493,41272034.89520147,-88.0199966430664,-88.90019989013672,-4.537399768829346,3.8183999061584473,[0. 0. 0.],[0. 0. 0. 1.],3.059692769990478,-0.704392820344482,"(20, 5)",306403.2451925278,306386.2648988366,-2418252044.943786,1538717.9487179518,2.355299949645996,-0.704392820344482,2459217677.0958543,50424087.35226362,51962805.300981574,50117701.087364785,2459524080.341047,41272035.397260614,0.18548455237669578,1770935143.3927357,1770935143.3927357
1.7597406865773342,21,5,2450752228.6678014,45729970.10991201,46035049.21529851,2451057319.8427997,47573767.16401646,32805270.20681769,-81.4697036743164,-82.8655014038086,-1.5785000324249268,0.9797000288963318,[0. 0. 0.],[0. 0. 0. 1.],2.7001653466200923,-0.714865401742468,"(21, 5)",305092.006585598,305078.4223507568,-2418252049.591848,1538717.9487179518,1.9852999448776243,-0.714865401742468,2450752228.3779054,46035048.89072516,47573766.83944311,45729970.4683744,2451057320.384491,32805270.79264323,0.16242017461330954,1770935143.4528081,1770935143.4528081
1.7494509392418887,30,5,2448106162.8258862,42179249.4047199,42483462.676836975,2448410388.323508,44022180.62555493,30158339.828035906,-80.53489685058594,-80.2927017211914,-2.131700038909912,1.8198000192642207,[0. 0. 0.],[0. 0. 0. 1.],3.307452451537286,-1.4781524055701838,"(30, 5)",304225.5734176636,304212.77168469876,-2418252048.2772446,1538717.9487179518,1.829300045967102,-1.4781524055701838,2448106162.672777,42483462.35226362,44022180.300981574,42179249.58057892,2448410388.246195,30158339.96895032,0.0705255305732328,1770935143.5165153,1770935143.5165153
1.6988544562742132,31,5,2443467588.9729567,35493026.90513233,35799103.702478,2443773677.9448957,37337821.65119595,25521630.873933244,-81.55750274658203,-81.72129821777344,-2.996900081634521,3.2390999794006348,[0. 0. 0.],[0. 0. 0. 1.],2.987940860432817,-1.190340829533769,"(31, 5)",306089.008038044,306076.09675480425,-2418252046.6809406,1538717.9487179518,1.797600030899048,-1.190340829533769,2443467588.9548287,35799103.377904646,37337821.3266226,35493027.28114984,2443773677.962867,25521631.28192608,0.13948630810620055,1770935143.5771942,1770935143.5771942
3.2265006453997827,20,11,2686212212.4326015,4963009.9336268045,5266811.789268027,2686516036.212595,6805529.737985975,66614756.151804894,-82.62249755859375,-82.99859619140625,-1.832800030708313,0.8641999959945679,[0. 0. 0.],[0. 0. 0. 1.],7.238867807619097,-3.9089677812976857,"(20, 11)",303824.149889946,303801.5355819315,-2619901280.0637274,1538717.948717948,3.329900026321411,-3.9089677812976857,2686212212.352264,5266811.711237981,6805529.659955929,4963010.1756560495,2686516036.502154,66614756.43842648,0.1850890485552097,1770935143.6234248,1770935143.6234248
3.6019748604776884,21,11,2681746259.116519,4575661.771172323,4880249.289268027,2682050870.207639,6418967.237985975,62149585.812448025,-91.97650146484376,-92.30999755859376,1.4742000102996826,-1.8029999732971191,[0. 0. 0.],[0. 0. 0. 1.],6.76620379035099,-3.051403909369545,"(21, 11)",304611.67555618286,304587.40234375,-2619901284.6648393,1538717.948717948,3.714799880981445,-3.051403909369545,2681746258.826623,4880249.211237981,6418967.159955929,4575661.808894231,2682050870.502179,62149585.837339744,0.18393546557769846,1770935143.6837685,1770935143.6837685
2.2810506797880805,20,1,3150199944.8043957,60228249.74992725,60533165.95704617,3150504877.089859,62071883.905764125,60088727.564639054,-89.55979919433594,-88.50540161132812,-3.085400104522705,2.746400117874145,[0. 0. 0.],[0. 0. 0. 1.],5.378421035517765,-3.0185210378065834,"(20, 1)",304932.5796275139,304915.9749348983,-3090416149.5267425,1538717.9487179518,2.3598999977111816,-3.0185210378065834,3150199944.724058,60533165.877904646,62071883.8266226,60228249.90296975,3150504877.3036857,60088727.77694311,0.18446332510815827,1770935144.087708,1770935144.087708
2.5499956654337788,21,1,3145734271.9370313,59842521.295688085,60148598.64935387,3146040366.3422184,61687316.59807181,55624212.670398064,-82.97660064697266,-82.39140319824219,-0.00089999998454,-0.4171999990940094,[0. 0. 0.],[0. 0. 0. 1.],5.464760744195486,-2.7369608517699486,"(21, 1)",306095.17415332794,306076.9888070971,-3090416153.9400535,1538717.9487179443,2.727799892425537,-2.7369608517699486,3145734271.6471353,60148598.57021234,61687316.518930286,59842521.581405245,3146040366.8212886,55624212.88123497,0.18173731809015842,1770935144.147798,1770935144.147798
2.9031885315333956,30,1,3142088061.8643465,55291020.32007541,55596948.00832823,3142394009.2095966,57135665.95704617,51977856.78783722,-82.9386978149414,-84.10569763183594,-0.8464999794960022,0.7896999716758728,[0. 0. 0.],[0. 0. 0. 1.],5.318561597208403,-2.2672615483802776,"(30, 1)",305947.9542269707,305927.3274739608,-3090416152.5159,1538717.9487179443,3.051300048828125,-2.2672615483802776,3142088061.7112374,55596947.9291867,57135665.877904646,55291020.60171274,3142394009.6654644,51977857.1495643,0.19632511730431065,1770935144.2104654,1770935144.2104654
2.8113478373794867,31,1,3139451074.549878,50605691.73527022,50909279.73909745,3139754681.8921514,52447997.687815405,49338530.97315179,-88.17780303955078,-87.76750183105469,-2.128000020980835,2.021899938583374,[0. 0. 0.],[0. 0. 0. 1.],5.403218332373771,-2.518418375098381,"(31, 1)",303607.5376853943,303587.69343449175,-3090416150.841346,1538717.9487179518,2.88479995727539,-2.518418375098381,3139451074.53175,50909279.659955926,52447997.60867388,50605691.966521434,3139754682.0694356,49338531.22808994,0.1866631716866751,1770935144.2730625,1770935144.2730625
4.5799783794740305,20,2,3381194023.330036,16684754.179169737,16988855.066984072,3381498156.944861,18527573.01570202,22216373.02023273,-85.6697006225586,-84.93119812011719,-7.371399879455566,7.299699783325195,[0. 0. 0.],[0. 0. 0. 1.],5.780256972993651,-1.0649568898332502,"(20, 2)",304134.067633152,304100.43569711596,-3359281783.9167657,1538717.948717948,4.7153000831604,-1.0649568898332502,3381194023.2496986,16988854.98046875,18527572.929186698,16684754.544771634,3381498157.317332,22216373.400565904,0.19812024246763166,1770935144.3197186,1770935144.3197186
4.072078249196811,21,2,3379728230.270364,19299329.787763383,19607917.566984072,3380036846.52165,21146635.51570202,20755058.121770557,-90.60389709472656,-91.95359802246094,-4.150899887084961,4.269100189208984,[0. 0. 0.],[0. 0. 0. 1.],6.2983455293594135,-2.0996455781875385,"(21, 2)",308616.8494591713,308587.5838842131,-3359281788.658728,1538717.948717948,4.198699951171875,-2.0996455781875385,3379728229.980468,19607917.48046875,21146635.429186698,19299329.896584537,3380036846.829927,20755058.17119892,0.18349275139832108,1770935144.3818831,1770935144.3818831
4.347792847134001,30,2,3378081900.0053716,16747194.744051768,17053839.04134305,3378388574.808812,18592556.990060996,19106787.42424301,-86.8501968383789,-85.89209747314453,-5.114799976348877,4.999300003051758,[0. 0. 0.],[0. 0. 0. 1.],5.370857095168491,-0.8711570257410006,"(30, 2)",306675.39938926697,306643.89585837536,-3359281787.469325,1538717.948717948,4.49970006942749,-0.8711570257410006,3378081899.8522625,17053838.954827726,18592556.903545674,16747195.05896935,3378388575.251652,19106787.782326724,0.19306737800848278,1770935144.4465122,1770935144.4465122
5.016952499494891,31,2,3393445048.908852,30061371.89868978,30367028.14390715,3393750740.53755,31905746.092625096,34468955.2504424,-89.9760971069336,-90.9228973388672,-6.305900096893311,6.19789981842041,[0. 0. 0.],[0. 0. 0. 1.],5.909298044654857,-0.8572979988784901,"(31, 2)",305691.6535205841,305656.01837940514,-3359281785.200069,1538717.948717948,5.052000045776367,-0.8572979988784901,3393445048.890724,30367028.057391826,31905746.006109774,30061372.03901242,3393750740.544245,34468955.34417568,0.18340905241741,1770935144.5271332,1770935144.5271332
6.59365435570701,20,3,3634187524.9325995,65527931.079661235,65834183.605404034,3634493821.570113,156491.297711729,6346386.227604191,-90.58719635009766,-90.16539764404295,-0.6128000020980835,0.6080999970436096,[0. 0. 0.],[0. 0. 0. 1.],8.333480663273496,-1.6763804626204202,"(20, 3)",306296.840569973,306252.30055588484,-3628147435.3183827,-65677692.307692304,6.657100200653076,-1.6763804626204202,3634187524.852262,65834183.506109774,156491.19841746794,65527931.20555389,3634493821.692832,6346386.374449119,0.18341722413119907,1770935144.5773277,1770935144.5773277
5.945725348739549,21,3,3633721667.7703633,1927291.5838995827,2233815.015660447,3634028230.092442,3772532.9643783956,5880790.243381187,-83.9115982055664,-84.58830261230469,2.3738999366760254,-2.666300058364868,[0. 0. 0.],[0. 0. 0. 1.],8.658882207513464,-2.494882173181189,"(21, 3)",306563.2512021065,306522.95234875823,-3628147440.0916452,1538717.9487179485,6.164000034332275,-2.494882173181189,3633721667.4804673,2233814.916366186,3772532.8650841345,1927291.9640174278,3634028230.7316694,5880790.640024038,0.2003012162274768,1770935144.6357496,1770935144.6357496
5.882313378938207,30,3,3630075329.492551,64591729.6761049,64899415.977198906,3630383054.5202937,66438133.92591686,2235615.9838943076,-88.06079864501953,-87.9906005859375,1.497499942779541,-1.7628999948501587,[0. 0. 0.],[0. 0. 0. 1.],8.088195173008208,-2.0761950890848677,"(30, 3)",307725.51707696915,307685.9381259978,-3628147438.6048913,1538717.9487179518,6.01200008392334,-2.0761950890848677,3630075329.339442,64899415.877904646,66438133.8266226,64591729.93977865,3630383054.8565187,2235616.251627604,0.1865015073086174,1770935144.6984227,1770935144.6984227
6.793457933069699,31,3,3626439520.062698,58907203.916855276,59211827.836173266,3626744189.0979443,60750545.78489122,65813162.35201448,-95.15029907226562,-89.02850341796875,0.326799988746643,-0.829800009727478,[0. 0. 0.],[0. 0. 0. 1.],8.413408825323614,-1.5944090580201475,"(31, 3)",304669.1581530571,304623.8512870595,-3560931026.642627,1538717.9487179518,6.818999767303467,-1.5944090580201475,3626439520.04457,59211827.736879006,60750545.68559696,58907203.88559195,3626744189.202723,65813162.56009615,0.1834540999638492,1770935144.7602024,1770935144.7602024
4.968737703178457,20,4,3868181523.330035,38486263.30261864,38790193.21752769,3868485487.1561418,40328911.16624564,38688824.30376079,-90.5177993774414,-90.46240234375,-2.6747000217437744,2.7007999420166016,[0. 0. 0.],[0. 0. 0. 1.],5.9957967768636635,-0.9663969050374916,"(20, 4)",303964.0142979622,303929.69376001507,-3829796662.832405,1538717.9487179518,5.029399871826172,-0.9663969050374916,3868181523.2496977,38790193.12149439,40328911.07021234,38486263.427734375,3868485487.2639956,38688824.43159054,0.18340144297375777,1770935144.806303,1770935144.806303
4.294075577337585,21,4,3863715722.257542,38102670.818353675,38406643.53804051,3864019723.4775047,39945361.486758456,34223056.02467167,-84.77549743652344,-84.04540252685547,-0.1816000044345855,-0.2671999931335449,[0. 0. 0.],[0. 0. 0. 1.],6.075795992695039,-1.5635961140024124,"(21, 4)",304002.13779592514,303972.2305689156,-3829796667.699568,1538717.9487179443,4.512199878692627,-1.5635961140024124,3863715721.967646,38406643.442007214,39945361.39072516,38102671.2114383,3864019724.105442,34223056.4058744,0.20038020281474203,1770935144.8658125,1770935144.8658125
4.803033708331899,30,4,3845069720.5181913,18550680.455143638,18854616.294450764,3845373689.4717956,20393334.243168715,15577028.183136106,-94.6050033569336,-95.7302017211914,-0.3510999977588653,0.0540000014007091,[0. 0. 0.],[0. 0. 0. 1.],5.940327473034791,-1.0975273326539314,"(30, 4)",303969.13186120987,303935.765975561,-3829796661.3613014,1538717.9487179518,4.842800140380859,-1.0975273326539314,3845069720.3650823,18854616.198417466,20393334.147135418,18550680.432441905,3845373689.4969435,15577028.135642027,0.1862594046621459,1770935144.9134197,1770935144.9134197
4.686638232831141,31,4,3824434672.3062873,63082989.76574058,63386779.75598922,3824738493.9538984,64925497.704707175,62158239.478996895,-83.22000122070312,-83.04239654541016,-1.6223000288009644,1.5794999599456787,[0. 0. 0.],[0. 0. 0. 1.],6.018622700489663,-1.2360227744947903,"(31, 4)",303821.880633831,303789.56330128014,-3762580254.375749,1538717.9487179518,4.782599925994873,-1.2360227744947903,3824434672.2881594,63386779.659955926,64925497.60867388,63082990.096654646,3824738494.168793,62158239.79304387,0.19160229242297275,1770935144.963669,1770935144.963669
2.1974978113786983,20,5,4071176314.9967012,48875653.39903142,49182549.21529851,4071483226.645322,50721267.16401646,40037335.06469707,-87.7345962524414,-88.65640258789062,-4.5447998046875,3.956199884414673,[0. 0. 0.],[0. 0. 0. 1.],3.059692769990478,-0.6947926578383781,"(20, 5)",306911.93409490585,306894.9225009978,-4031445891.2697797,1538717.9487179518,2.3649001121521,-0.6947926578383781,4071176314.9163637,49182548.89072516,50721266.83944311,48875653.96822416,4071483226.8504586,40037335.58067909,0.18611527127558367,1770935145.0060303,1770935145.0060303
1.7917551967266223,21,5,4064710529.9498496,46492604.28541459,46799191.84350364,4065017129.76786,48337909.79222159,33571233.85283428,-81.58799743652344,-82.32279968261719,-1.4155999422073364,1.035599946975708,[0. 0. 0.],[0. 0. 0. 1.],2.7001653466200923,-0.690265253541479,"(21, 5)",306600.5765476227,306586.8514623344,-4031445895.870891,1538717.9487179518,2.0099000930786133,-0.690265253541479,4064710529.6599536,46799191.518930286,48337909.46764824,46492604.66746795,4065017130.236501,33571234.36560997,0.15478254327952015,1770935145.0667794,1770935145.0667794
1.796217239676392,30,5,4061064087.5053706,41939855.5382347,42244087.676836975,4061368332.1630306,43782805.62555493,29922437.41981583,-80.3832015991211,-80.58049774169922,-2.311500072479248,1.986500024795532,[0. 0. 0.],[0. 0. 0. 1.],3.307452451537286,-1.428452503035699,"(30, 5)",304244.77601623535,304231.66128305346,-4031445894.5249877,1538717.9487179518,1.878999948501587,-1.428452503035699,4061064087.3522615,42244087.35226362,43782805.300981574,41939855.69098057,4061368332.128278,29922437.603290264,0.07314498324194074,1770935145.1294355,1770935145.1294355
1.7143068974334428,31,5,4074428895.062697,53255194.66922218,53561066.84350364,4074734779.5203524,55099784.79222159,43288886.3268476,-81.33080291748047,-82.06210327148438,-3.158099889755249,3.4207000732421875,[0. 0. 0.],[0. 0. 0. 1.],2.987940860432817,-1.172440839451982,"(31, 5)",305884.555914402,305871.5194310844,-4031445892.803483,1538717.9487179518,1.815500020980835,-1.172440839451982,4074428895.044569,53561066.518930286,55099784.46764824,53255194.9994992,4074734779.6004834,43288886.7970002,0.14178052793704887,1770935145.2080948,1770935145.2080948
3.2262019338532117,20,11,4316170385.5095215,21724835.89994825,22028646.725165464,4316474218.210759,23567364.673883412,16162681.504965628,-82.89540100097656,-83.14920043945312,-1.9603999853134155,1.4006999731063845,[0. 0. 0.],[0. 0. 0. 1.],7.238867807619097,-3.901967811815264,"(20, 11)",303833.08606243134,303810.471754808,-4300311536.708731,1538717.948717948,3.336899995803833,-3.901967811815264,4316170385.429184,22028646.647135418,23567364.595853366,21724836.17538061,4316474218.515246,16162681.806515425,0.18964698215323145,1770935145.2597687,1770935145.2597687
3.6644067677155134,21,11,4317703991.488311,27342132.449132387,27648566.596960336,4318010449.591809,29187284.545678284,17698908.6298643,-91.89469909667967,-92.168701171875,1.469599962234497,-1.6017999649047852,[0. 0. 0.],[0. 0. 0. 1.],6.76620379035099,-2.987603812857704,"(21, 11)",306458.6932840347,306434.02882111445,-4300311541.231593,1538717.948717948,3.778599977493286,-2.987603812857704,4317703991.198415,27648566.51893029,29187284.467648238,27342132.490109175,4318010449.891699,17698908.66010617,0.18386804761919676,1770935145.3198855,1770935145.3198855
2.223732375098103,20,1,4811157324.612088,40770271.523915924,41075056.9826872,4811462125.840734,42613774.93140515,40635720.28085797,-89.70690155029297,-88.71880340576172,-2.841399908065796,3.1059000492095947,[0. 0. 0.],[0. 0. 0. 1.],5.378421035517765,-3.078821149577213,"(20, 1)",304801.5105419159,304785.23450019956,-4770826405.5613985,1538717.9487179518,2.299599885940552,-3.078821149577213,4811157324.531751,41075056.90354567,42613774.85226362,40770271.66904547,4811462126.042293,40635720.48089443,0.18421347585050174,1770935145.748394,1770935145.748394
2.6244761285506812,21,1,4807691331.231903,41389395.1300884,41696491.277559,4807998444.887435,43235209.22627694,37172034.60190683,-82.6438980102539,-83.06230163574219,0.0054999999701976,-0.5289000272750854,[0. 0. 0.],[0. 0. 0. 1.],5.464760744195486,-2.6557607289366967,"(21, 1)",307114.5082130432,307095.8220653087,-4770826410.553761,1538717.9487179443,2.809000015258789,-2.6557607289366967,4807691330.942007,41696491.19841747,43235209.147135414,41389395.37635216,4807998445.45022,37172034.89645933,0.18605611157202556,1770935145.809772,1770935145.809772
2.93134206772309,30,1,4805044672.441271,37835740.09257096,38141675.57243079,4805350627.731784,39680393.52114874,34524218.72761752,-83.66729736328125,-83.16120147705078,-0.960099995136261,0.8586000204086304,[0. 0. 0.],[0. 0. 0. 1.],5.318561597208403,-2.238761706690214,"(30, 1)",305955.84184646606,305935.05859375,-4770826409.098307,1538717.9487179518,3.0797998905181885,-2.238761706690214,4805044672.288161,38141675.49328926,39680393.442007214,37835740.43469551,4805350628.130008,34524219.03170072,0.19549049857795994,1770935145.873513,1770935145.873513
2.8030189796713407,31,1,4802411619.421673,33152527.912019815,33457396.726276945,4802716507.521232,34996114.67499489,31890100.191975344,-87.98509979248047,-88.12460327148438,-2.2100000381469727,1.6464999914169312,[0. 0. 0.],[0. 0. 0. 1.],5.403218332373771,-2.528218332373771,"(31, 1)",304888.27436447144,304868.49271334335,-4770826407.251603,1538717.948717948,2.875,-2.528218332373771,4802411619.403545,33457396.647135418,34996114.595853366,33152528.154422075,4802716507.67791,31890100.42630709,0.18642285390430854,1770935145.9384527,1770935145.9384527
4.622556972018295,20,2,5067153831.022346,22222032.54744742,22526315.00288151,5067458146.490221,24065032.951599456,27766106.155335,-85.19629669189453,-84.65059661865234,-7.400199890136719,7.182300090789795,[0. 0. 0.],[0. 0. 0. 1.],5.780256972993651,-1.0205571515214826,"(20, 2)",304315.9210987091,304281.9918118976,-5039692040.327024,1538717.948717948,4.759699821472168,-1.0205571515214826,5067153830.942008,22526314.916366186,24065032.865084134,22222032.92455429,5067458146.863107,27766106.536082733,0.19948058016084097,1770935145.9978895,1770935145.9978895
4.079640953734991,21,2,5056684888.924212,15838744.06888372,16144135.515702019,5056990308.86459,17682853.46441997,17298263.9762013,-91.27110290527344,-91.00279998779295,-4.462800025939941,4.093999862670898,[0. 0. 0.],[0. 0. 0. 1.],6.2983455293594135,-2.0906457536636127,"(21, 2)",305420.5791759491,305391.282301683,-5039692045.147237,1538717.948717948,4.207699775695801,-2.0906457536636127,5056684888.634316,16144135.429186698,17682853.377904646,15838744.146885015,5056990309.213492,17298264.06625601,0.1834658844032129,1770935146.0589051,1770935146.0589051
4.360971129960374,30,2,5053038206.095118,11284547.421052862,11588871.092625096,5053342560.358775,13127589.041343044,13650516.610897299,-86.66950225830078,-86.30670166015625,-5.414700031280518,4.986299991607666,[0. 0. 0.],[0. 0. 0. 1.],5.370857095168491,-0.8591569418176608,"(30, 2)",304354.84274864197,304323.26096754894,-5039692043.832633,1538717.948717948,4.51170015335083,-0.8591569418176608,5053038205.942008,11588871.006109776,13127588.954827724,11284547.745142227,5053342560.784757,13650516.952123398,0.19239892931449473,1770935146.1213996,1770935146.1213996
5.055083873775928,31,2,5049405762.049879,5601420.941575766,5908382.310573814,5049712759.018118,7447100.2592917625,10020717.086001428,-89.89299774169922,-90.94450378417967,-6.397200107574463,5.776000022888184,[0. 0. 0.],[0. 0. 0. 1.],5.909298044654857,-0.8186980309219472,"(31, 2)",306996.99206256866,306961.137820513,-5039692041.845078,1538717.948717948,5.09060001373291,-0.8186980309219472,5049405762.031752,5908382.224058494,7447100.172776442,5601421.086237981,5049712759.023814,10020717.178735977,0.18341456193887895,1770935146.1830592,1770935146.1830592
6.62362394076559,20,3,5291144872.6890135,42074080.373233855,42381250.913096346,5291452087.5253525,43919968.86181429,50110805.95074347,-90.95179748535156,-90.7052993774414,-0.7310000061988831,0.5885000228881836,[0. 0. 0.],[0. 0. 0. 1.],8.333480663273496,-1.6529806327559182,"(20, 3)",307215.0127706528,307170.33190605044,-5241341281.550483,1538717.9487179443,6.680500030517578,-1.6529806327559182,5291144872.608676,42381250.813802086,43919968.76252003,42074080.481896035,5291452087.621447,50110806.07096354,0.18340588279638093,1770935146.2288716,1770935146.2288716
5.898941393518712,21,3,5288678895.33447,43694883.07531186,44001363.09258352,5288985413.976726,45540081.041301474,47644128.208565935,-84.40399932861328,-84.71050262451172,2.2751998901367188,-2.841399908065796,[0. 0. 0.],[0. 0. 0. 1.],8.658882207513464,-2.539482183099401,"(21, 3)",306519.5719394684,306479.5234875828,-5241341286.010744,1538717.9487179518,6.119400024414063,-2.539482183099401,5288678895.044574,44001362.99328926,45540080.942007214,43694883.46980168,5288985414.616513,47644128.60576923,0.20027173861409403,1770935146.2907777,1770935146.2907777
5.824847042505635,30,3,5286032124.364349,40140781.13807753,40449432.00283993,5286340813.586313,41988149.95155788,44999528.97431354,-88.5197982788086,-87.6355972290039,1.1259000301361084,-1.6241999864578247,[0. 0. 0.],[0. 0. 0. 1.],8.088195173008208,-2.1344951073954146,"(30, 3)",308689.73169612885,308650.52834534645,-5241341284.680491,1538717.9487179518,5.953700065612793,-2.1344951073954146,5286032124.21124,40449431.90354567,41988149.85226362,40140781.375200324,5286340813.942936,44999529.26244491,0.1864202933271848,1770935146.35445,1770935146.35445
6.835767662993651,31,3,5282400233.203727,34458367.022551365,34764536.1695066,5282706447.651312,36303254.11822455,41365164.00997117,-89.8759994506836,-94.39189910888672,0.4162999987602234,-0.5782999992370605,[0. 0. 0.],[0. 0. 0. 1.],8.413408825323614,-1.556408951208624,"(31, 3)",306214.3492088318,306168.8858423531,-5241341283.538038,1538717.9487179443,6.85699987411499,-1.556408951208624,5282400233.185599,34764536.07021234,36303254.018930286,34458367.18436999,5282706447.534808,41365163.99676983,0.18362606238714707,1770935146.4160533,1770935146.4160533
4.965111409962625,20,4,5525139007.3043995,15029161.260721143,15333149.948296921,5525443029.86366,16871867.897014868,15236110.522766426,-90.70189666748048,-91.45020294189452,-2.6291000843048096,2.3803999423980717,[0. 0. 0.],[0. 0. 0. 1.],5.9957967768636635,-0.9780965815511635,"(20, 4)",304022.7019481659,303988.475310497,-5510206919.320917,1538717.948717948,5.0177001953125,-0.9780965815511635,5525139007.224062,15333149.852263622,16871867.80098157,15029161.376953125,5525443029.92601,15236110.60509315,0.1834468567026489,1770935146.4625268,1770935146.4625268
4.335693455585234,21,4,5520672901.744727,14650420.843690146,14955673.98675846,5520978183.658936,16494391.935476407,10771259.764540307,-84.87539672851562,-84.56819915771484,0.06700000166893,-0.6276999711990356,[0. 0. 0.],[0. 0. 0. 1.],6.075795992695039,-1.520396097980683,"(21, 4)",305282.8431739807,305252.65424679406,-5510206924.1411295,1538717.948717948,4.555399894714356,-1.520396097980683,5520672901.454831,14955673.89072516,16494391.839443108,14650421.236478366,5520978184.298005,10771260.156876002,0.19999303318321796,1770935146.5226877,1770935146.5226877
5.760111175650946,30,4,5518026074.684864,11095896.046371534,11401651.550861023,5518331867.7532425,12940369.499578971,8124940.2730464665,-95.87409973144533,-81.47669982910156,-0.6108999848365784,0.3370999991893768,[0. 0. 0.],[0. 0. 0. 1.],5.940327473034791,-0.12712747608654862,"(30, 4)",305793.36313056946,305755.458733974,-5510206927.552837,1538717.948717948,5.813199996948242,-0.12712747608654862,5518026074.5317545,11401651.454827724,12940369.403545672,11095895.99609375,5518331867.894885,8124940.342047276,0.2003727326555895,1770935146.5864482,1770935146.5864482
4.6530412864962925,31,4,5515394704.357574,6413616.555333496,6717693.21752769,5515698812.490402,8256411.166245639,5491891.536628948,-83.00090026855469,-83.45459747314453,-1.9306000471115112,1.4825999736785889,[0. 0. 0.],[0. 0. 0. 1.],6.018622700489663,-1.2675226371656887,"(31, 4)",304108.4015674591,304076.2563852165,-5510206920.854621,1538717.948717949,4.751100063323975,-1.2675226371656887,5515394704.339447,6717693.121494391,8256411.07021234,6413616.8651091745,5515698812.7410145,5491891.8863932295,0.1930466977300426,1770935146.649069,1770935146.649069
2.1796111142683396,20,5,5757133053.77876,54414993.62704035,54721138.958888255,5757439214.845653,56259856.90760621,45583066.97996517,-88.04779815673828,-88.82849884033203,-4.443299770355225,4.048399925231934,[0. 0. 0.],[0. 0. 0. 1.],3.059692769990478,-0.7168928680281978,"(20, 5)",306161.34252262115,306144.45612980425,-5711856147.554842,1538717.9487179518,2.3427999019622803,-0.7168928680281978,5757133053.698422,54721138.6343149,56259856.583032854,54414994.1781851,5757439215.040945,45583067.48610277,0.1855222817017364,1770935146.6958299,1770935146.6958299
1.8106440584889962,21,5,5755666820.013959,57036737.61173355,57340906.58709338,5755971001.33887,58879624.535811335,44114848.84143087,-81.86370086669922,-82.2145004272461,-1.5618000030517578,0.8959000110626221,[0. 0. 0.],[0. 0. 0. 1.],2.7001653466200923,-0.6659653935408683,"(21, 5)",304182.0663061142,304168.2160206288,-5711856152.453304,1538717.9487179518,2.034199953079224,-0.6659653935408683,5755666819.724063,57340906.26252003,58879624.21123798,57036738.0464994,5755971001.790369,44114849.3370643,0.1591351494320384,1770935146.7577536,1770935146.7577536
1.7392472752452737,30,5,5738020337.505378,38482243.25498781,38786467.48452928,5738324573.907823,40325185.43324723,26468422.926494416,-80.72689819335938,-80.31890106201172,-2.255599975585937,2.0731000900268555,[0. 0. 0.],[0. 0. 0. 1.],3.307452451537286,-1.4828524702293022,"(30, 5)",304236.48149585724,304223.69541265815,-5711856150.763101,1538717.9487179518,1.8245999813079836,-1.4828524702293022,5738020337.352268,38786467.159955926,40325185.10867388,38482243.46454327,5738324573.833764,26468423.07066306,0.07473474979404092,1770935146.8063588,1770935146.8063588
1.663470497095362,31,5,5735389488.011421,33800143.95243951,34106162.9973498,5735695518.997752,35644880.94606774,23839369.37833371,-82.13050079345703,-82.17060089111328,-3.0938000679016118,3.1152000427246094,[0. 0. 0.],[0. 0. 0. 1.],2.987940860432817,-1.1978408819858566,"(31, 5)",306031.10289001465,306018.23855669796,-5711856149.229397,1538717.9487179443,1.7900999784469604,-1.1978408819858566,5735389487.993294,34106162.672776446,35644880.62149439,33800144.43421975,5735695519.096184,23839369.86678686,0.16402792805671018,1770935146.8690665,1770935146.8690665
3.2248280631391815,20,11,5976127797.368505,1269456.45171782,1573286.1482423863,5976431648.975165,3112004.096960335,62926266.33461711,-83.01609802246094,-83.32640075683594,-1.8766000270843504,0.8278999924659729,[0. 0. 0.],[0. 0. 0. 1.],7.238867807619097,-3.8990679266376516,"(20, 11)",303852.00696086884,303829.330053085,-5913505382.643485,1538717.9487179487,3.3397998809814453,-3.8990679266376516,5976127797.288167,1573286.0702123397,3112004.0189302885,1269456.7401592548,5976431649.295128,62926266.65164263,0.19222475521809176,1770935146.9191682,1770935146.9191682
3.6314863452658037,21,11,5978661058.796012,7891574.890446113,8198085.827729565,5978967593.537738,9736803.776447514,65462206.76623829,-91.64119720458984,-93.04759979248048,1.401600003242493,-1.7732000350952148,[0. 0. 0.],[0. 0. 0. 1.],6.76620379035099,-3.0236038262091443,"(21, 11)",306535.30023002625,306510.8079176685,-5913505387.041146,1538717.948717949,3.7425999641418457,-3.0236038262091443,5978661058.506116,8198085.749699519,9736803.698417468,7891574.9417818505,5978967593.806346,65462206.76519932,0.1840301142047141,1770935146.9807618,1770935146.9807618
2.2606245345445477,20,1,6410898141.919788,27312129.215260126,27616010.508328225,6411202039.195255,29154728.457046174,27181787.3250247,-89.7123031616211,-88.59919738769531,-2.979300022125244,2.723099946975708,[0. 0. 0.],[0. 0. 0. 1.],5.378421035517765,-3.040920940150333,"(20, 1)",303897.56422805786,303881.06908553466,-6384020251.871753,1538717.948717948,2.337500095367432,-3.040920940150333,6410898141.839451,27616010.429186698,29154728.377904646,27312129.360101163,6411202039.403679,27181787.53192608,0.18429672816357962,1770935147.4088848,1770935147.4088848
2.596912706040626,21,1,6467648414.565245,20936289.635645263,21242332.62371284,6467954474.9272585,22781050.57243079,16717808.481866842,-82.99449920654297,-82.64550018310547,-0.0074000000022351,-0.5493999719619751,[0. 0. 0.],[0. 0. 0. 1.],5.464760744195486,-2.684360706429983,"(21, 1)",306061.1666164398,306042.62131911144,-6451236666.713625,1538717.948717948,2.780400037765503,-2.684360706429983,6467648414.275349,21242332.544571314,22781050.493289262,20936289.923252203,6467954475.441965,16717808.728340345,0.1853257098342342,1770935147.4696972,1770935147.4696972
2.9303391700502828,30,1,6465001371.159227,17380549.40241082,17687052.174994893,6465307893.773643,19225770.12371284,14071228.54701221,-83.35710144042969,-83.41609954833984,-1.019700050354004,0.8120999932289124,[0. 0. 0.],[0. 0. 0. 1.],5.318561597208403,-2.2396614984077434,"(30, 1)",306523.1870994568,306502.37254607305,-6451236665.320771,1538717.948717948,3.078900098800659,-2.2396614984077434,6465001371.006118,17687052.095853366,19225770.044571314,17380549.723307293,6465307894.193217,14071228.872445913,0.19525095695228653,1770935147.5334737,1770935147.5334737
2.7850782554273743,31,1,6462372236.408861,12699441.515063368,13005032.944225661,6462677847.004976,14543750.892943611,11441183.265455632,-88.15869903564453,-87.5239028930664,-2.3989999294281006,1.7517999410629272,[0. 0. 0.],[0. 0. 0. 1.],5.403218332373771,-2.542418304526481,"(31, 1)",305610.80541324615,305591.11766326055,-6451236663.661867,1538717.94871795,2.86080002784729,-2.542418304526481,6462372236.390734,13005032.865084134,14543750.813802084,12699441.747420873,6462677847.196147,11441183.534279848,0.18706928521013333,1770935147.5961013,1770935147.5961013
4.619797228066016,20,2,6636892340.637738,45971192.40579803,46275121.0926251,6637196302.309891,47813839.04134305,51526826.04626087,-85.1626968383789,-85.82820129394531,-7.481299877166748,7.0854997634887695,[0. 0. 0.],[0. 0. 0. 1.],5.780256972993651,-1.0263569218767072,"(20, 2)",303962.1049928665,303928.22265625,-6585669476.255768,1538717.9487179518,4.753900051116943,-1.0263569218767072,6636892340.557401,46275121.006109774,47813838.954827726,45971192.783453524,6637196302.662394,51526826.4066256,0.19725012881844436,1770935147.6425073,1770935147.6425073
4.059246420966062,21,2,6699642412.962682,45595572.678233236,45901258.91313792,6699948127.553163,47439976.861855865,47062236.49526898,-90.19879913330078,-91.89019775390624,-4.324999809265137,3.9412999153137207,[0. 0. 0.],[0. 0. 0. 1.],6.2983455293594135,-2.1091456048904194,"(21, 2)",305715.19118118286,305686.0195062086,-6652885891.316741,1538717.9487179443,4.189199924468994,-2.1091456048904194,6699642412.672786,45901258.8266226,47439976.77534054,45595572.80711639,6699948127.863967,47062236.54722556,0.18342629821645803,1770935147.7017193,1770935147.7017193
4.296984503197714,30,2,6696995313.466921,42039272.55054908,42343478.46441997,6697299549.638121,43882196.41313792,44413660.20589058,-85.71279907226562,-85.99729919433594,-5.128699779510498,4.9257001876831055,[0. 0. 0.],[0. 0. 0. 1.],5.370857095168491,-0.915157174514194,"(30, 2)",304236.7631959915,304205.4631159827,-6652885889.516986,1538717.9487179518,4.455699920654297,-0.915157174514194,6696995313.313811,42343478.377904646,43882196.3266226,42039272.91478866,6697299550.077007,44413660.560021035,0.1954843610189855,1770935147.7654202,1770935147.7654202
5.058522446802284,31,2,6693366755.639631,36358231.36076686,36664608.27211228,6693673168.178961,38203326.220830224,40787280.13993968,-90.02559661865234,-90.1082992553711,-6.343200206756592,6.332900047302246,[0. 0. 0.],[0. 0. 0. 1.],5.909298044654857,-0.8100982727737529,"(31, 2)",306412.6039161682,306376.6870743185,-6652885887.9519825,1538717.9487179443,5.099199771881104,-0.8100982727737529,6693366755.621504,36664608.18559696,38203326.1343149,36358231.49852264,6693673168.22542,40787280.2734375,0.1835042322170728,1770935147.8270519,1770935147.8270519
6.5859070529599,20,3,6867886266.919791,5620698.605652426,5925818.220788652,6868191430.6225195,7464536.169506601,13656303.113156354,-90.67459869384766,-89.918701171875,-0.9993000030517578,0.1703999936580658,[0. 0. 0.],[0. 0. 0. 1.],8.333480663273496,-1.6828807067610452,"(20, 3)",305163.9185190201,305119.39415564947,-6854535127.485236,1538717.948717949,6.650599956512451,-1.6828807067610452,6867886266.839454,5925818.121494391,7464536.07021234,5620698.7273387415,6868191430.757973,13656303.272736378,0.18343597399577224,1770935147.8726678,1770935147.8726678
5.953547520387156,21,3,6931636419.37294,6246326.193745927,6552861.490019421,6931942993.621054,8091579.43873737,10191451.254828246,-85.6686019897461,-84.51110076904297,2.2100000381469727,-2.51449990272522,[0. 0. 0.],[0. 0. 0. 1.],8.658882207513464,-2.486882276178015,"(21, 3)",306575.1765317917,306534.8150791265,-6921751542.608809,1538717.948717949,6.171999931335449,-2.486882276178015,6931636419.083044,6552861.39072516,8091579.339443109,6246326.5756460335,6931942994.259576,10191451.650766226,0.1990290874982309,1770935147.9337337,1770935147.9337337
5.816314513123771,30,3,6949988718.91564,23689647.606239162,23997396.746429678,6950296506.360723,25536114.695147626,28544965.354107734,-87.15809631347656,-87.25129699707031,1.36899995803833,-1.722000002861023,[0. 0. 0.],[0. 0. 0. 1.],8.088195173008208,-2.128195134861235,"(30, 3)",307787.9763879776,307748.72608673945,-6921751541.075107,1538717.948717948,5.960000038146973,-2.128195134861235,6949988718.76253,23997396.647135418,25536114.595853366,23689647.92104868,6950296506.738918,28544965.6638121,0.1892522108786742,1770935148.0185838,1770935148.0185838
6.735601264914347,31,3,6964360321.344761,36008915.86124819,36315850.272070706,6964667300.602386,37854568.22078865,42915761.630633965,-89.1488037109375,-102.875,0.4013999998569488,-0.7310000061988831,[0. 0. 0.],[0. 0. 0. 1.],8.413408825323614,-1.6659088825440733,"(31, 3)",306979.0571165085,306934.110201329,-6921751538.86845,1538717.9487179443,6.747499942779541,-1.6659088825440733,6964360321.326633,36315850.172776446,37854568.12149439,36008916.06257512,6964667300.38375,42915761.51529948,0.18383812623039403,1770935148.0980463,1770935148.0980463
4.937751404760971,20,4,7137879488.073639,14571413.302369967,14875345.461117433,7138183453.96463,16414063.409835383,14782688.688982617,-90.39820098876952,-91.10659790039062,-2.75570011138916,2.4093000888824463,[0. 0. 0.],[0. 0. 0. 1.],5.9957967768636635,-1.0009966860738686,"(20, 4)",303966.04880332947,303931.9317157455,-7123400765.2556715,1538717.94871795,4.994800090789795,-1.0009966860738686,7137879487.993301,14875345.365084134,16414063.313802084,14571413.433368389,7138183454.042105,14782688.786433293,0.18339807565689037,1770935148.1482527,1770935148.1482527
4.321039881197979,21,4,7204629360.078069,18197462.03225879,18501435.204707175,7204933361.896725,20040153.153425124,14316181.451214,-84.53089904785156,-84.65059661865234,0.4386000037193298,-0.3919999897480011,[0. 0. 0.],[0. 0. 0. 1.],6.075795992695039,-1.5350960338937698,"(21, 4)",304002.7481479645,303972.68442007154,-7190617180.6922455,1538717.948717948,4.5406999588012695,-1.5350960338937698,7204629359.788173,18501435.108673878,20040153.057391826,18197462.424253806,7204933362.536321,14316181.844075521,0.20022450301823788,1770935148.2066908,1770935148.2066908
4.9289472979790725,30,4,7185982565.069488,65857667.91260751,66165000.90983538,7186289931.079764,487308.6021430746,62889162.4537263,-95.87409973144533,-95.54900360107422,-0.9853000044822692,0.654699981212616,[0. 0. 0.],[0. 0. 0. 1.],5.940327473034791,-0.9751275256776131,"(30, 4)",307366.19215774536,307332.9514723569,-7123400768.69868,-65677692.30769231,4.965199947357178,-0.9751275256776131,7185982564.916378,66165000.813802086,487308.5061097756,65857667.86232973,7186289931.108536,62889162.40985577,0.18670122889839166,1770935148.2544796,1770935148.2544796
4.61490976323509,31,4,7165355393.460147,43177789.01817954,43483117.89701487,7165660753.594147,45021835.845732816,42259986.67432062,-83.47270202636719,-83.48310089111328,-1.5469000339508057,1.5961999893188477,[0. 0. 0.],[0. 0. 0. 1.],6.018622700489663,-1.2991226356398098,"(31, 4)",305360.4047718048,305328.4317407906,-7123400766.820675,1538717.9487179443,4.7195000648498535,-1.2991226356398098,7165355393.442019,43483117.800981574,45021835.74969952,43177789.36924078,7165660753.846791,42259987.02611679,0.19627101183264758,1770935148.3050783,1770935148.3050783
2.199756498714515,20,5,7278657733.265947,29955225.93472569,30259304.02299082,7278961827.215658,31798021.97170877,21128243.452526376,-87.7500991821289,-89.72599792480469,-4.592299938201904,4.048399925231934,[0. 0. 0.],[0. 0. 0. 1.],3.059692769990478,-0.7014926967482906,"(20, 5)",304094.1756811142,304077.19538761675,-7257833583.452287,1538717.9487179518,2.3582000732421875,-0.7014926967482906,7278657733.18561,30259303.698417466,31798021.647135418,29955226.50302985,7278961827.361291,21128243.909004405,0.185096656986829,1770935148.3471699,1770935148.3471699
1.796113076905422,21,5,7405624159.757558,26581957.58912686,26886988.317862615,7405929202.711709,28425706.266580563,13662793.663153756,-82.77519989013672,-82.41220092773438,-0.8651000261306763,0.6816999912261963,[0. 0. 0.],[0. 0. 0. 1.],2.7001653466200923,-0.6548653397536373,"(21, 5)",305043.72621154785,305029.82897636294,-7392266409.00442,1538717.948717948,2.045300006866455,-0.6548653397536373,7405624159.467662,26886987.993289262,28425705.94200721,26581958.1643129,7405929203.193873,13662794.189453125,0.17937802865478827,1770935148.4077291,1770935148.4077291
1.7649612151205964,30,5,7402976900.005386,23024969.836552523,23329127.74093954,7403281070.2417755,24867845.689657487,11014662.7875825,-80.33830261230469,-81.09839630126953,-2.225800037384033,1.8727999925613403,[0. 0. 0.],[0. 0. 0. 1.],3.307452451537286,-1.4457523935538874,"(30, 5)",304170.45397663116,304157.43314303085,-7392266407.235966,1538717.948717948,1.8617000579833984,-1.4457523935538874,7402976899.852277,23329127.416366186,24867845.365084134,23024969.983223155,7403281070.306253,11014663.07028746,0.08384467468242224,1770935148.4713593,1770935148.4713593
1.692406315311141,31,5,7399350000.831943,17345001.950444322,17651018.766580563,7399656029.81994,19189736.715298515,7389623.978057305,-81.74600219726562,-81.46929931640625,-2.9577999114990234,3.560400009155273,[0. 0. 0.],[0. 0. 0. 1.],2.987940860432817,-1.198740912121965,"(31, 5)",306028.97448444366,306016.07885115966,-7392266405.451861,1538717.9487179518,1.789199948310852,-1.198740912121965,7399350000.813815,17651018.44200721,19189736.390725162,17345002.36315605,7399656029.7883,7389624.336438301,0.13766374210813542,1770935148.53303,1770935148.53303
3.213184537803863,20,11,7506652244.483897,53030349.02124827,53334231.6610629,7506956148.950034,54872949.60978085,47473330.38074165,-83.8490982055664,-83.21700286865234,-1.8523999452590945,1.2376999855041504,[0. 0. 0.],[0. 0. 0. 1.],7.238867807619097,-3.9028678419513723,"(20, 11)",303904.8571462631,303882.21153846383,-7459482818.572229,1538717.9487179443,3.3359999656677246,-3.9028678419513723,7506652244.40356,53334231.583032854,54872949.5317508,53030349.37149439,7506956149.260706,47473330.68847656,0.19671036050914634,1770935148.5789845,1770935148.5789845
3.7453604954948156,21,11,7637618166.167815,53657469.50314251,53965641.91747316,7637926363.037606,55504359.866191104,44010719.323741145,-91.87220001220705,-91.77050018310548,1.420199990272522,-1.7415000200271606,[0. 0. 0.],[0. 0. 0. 1.],6.76620379035099,-2.9041039044104378,"(21, 11)",308197.47533512115,308172.2944210768,-7593915643.983513,1538717.9487179443,3.862099885940552,-2.9041039044104378,7637618165.877919,53965641.83944311,55504359.788161054,53657469.54502203,7637926363.353254,44010719.36974159,0.18374982425569986,1770935148.6397104,1770935148.6397104
2.2647207831972804,20,1,8090636891.919797,26635271.405003596,26939007.30320002,8090940643.833477,28477725.25191797,26510135.58428136,-90.12629699707033,-88.5260009765625,-3.114300012588501,2.8441998958587646,[0. 0. 0.],[0. 0. 0. 1.],5.378421035517765,-3.039520946253849,"(20, 1)",303752.206656456,303735.695863381,-8064430508.250718,1538717.948717948,2.338900089263916,-3.039520946253849,8090636891.839459,26939007.224058494,28477725.172776442,26635271.528195113,8090940644.046116,26510135.795397636,0.18413087881875032,1770935149.1698115,1770935149.1698115
2.571736256770891,21,1,8225602957.834485,31264240.244401764,31570161.149353866,8225908895.936022,33108879.098071817,27045562.777004283,-83.02189636230469,-82.92500305175781,0.0,-0.6331999897956848,[0. 0. 0.],[0. 0. 0. 1.],5.464760744195486,-2.7040607567839867,"(21, 1)",305938.9398031235,305920.53535657004,-8198863333.427251,1538717.9487179518,2.760699987411499,-2.7040607567839867,8225602957.544589,31570161.070212338,33108879.01893029,31264240.534855768,8225908896.484392,27045563.057141427,0.18872757754324548,1770935149.2276862,1770935149.2276862
2.93471270118858,30,1,8244954936.864365,49705709.045948505,50011707.62371284,8245260955.269102,51550425.57243079,46397623.156694435,-83.91739654541016,-83.18720245361328,-0.8073999881744385,0.8288000226020813,[0. 0. 0.],[0. 0. 0. 1.],5.318561597208403,-2.233061595301054,"(30, 1)",306018.95845890045,305998.14390524477,-8198863332.206548,1538717.9487179518,3.0855000019073486,-2.233061595301054,8244954936.711255,50011707.54457131,51550425.49328926,49705709.400666066,8245260955.669714,46397623.463166066,0.196858275548304,1770935149.313417,1770935149.313417
2.8338055644988596,31,1,8259329576.152459,62026391.166758545,62331186.79037951,8259634391.2759905,63869904.73909745,60771060.91674479,-87.90540313720703,-88.12650299072266,-2.3626999855041504,1.4387999773025513,[0. 0. 0.],[0. 0. 0. 1.],5.403218332373771,-2.496718231284294,"(31, 1)",304815.2982273102,304795.29747596383,-8198863330.281592,1538717.9487179443,2.906500101089477,-2.496718231284294,8259329576.134332,62331186.71123798,63869904.659955926,62026391.41376202,8259634391.432559,60771061.15096655,0.18653196354895388,1770935149.3944087,1770935149.3944087
4.604674299317516,20,2,8374629600.253132,36068659.31886352,36374456.028522536,8374935429.851118,37913173.97724048,41639286.87386208,-86.12300109863281,-85.81819915771484,-7.296899795532227,6.9085001945495605,[0. 0. 0.],[0. 0. 0. 1.],5.780256972993651,-1.0456569058549787,"(20, 2)",305830.0311746597,305796.27403846383,-8333296142.969394,1538717.9487179443,4.734600067138672,-1.0456569058549787,8374629600.172794,36374455.942007214,37913173.89072516,36068659.66796875,8374935430.203969,41639287.234575324,0.19491706396206646,1770935149.45245,1770935149.45245
4.0940062777744775,21,2,8508595634.116537,39698176.18303961,40002420.77211228,8508899907.268606,41541138.720830224,41170939.19372675,-91.80999755859376,-91.3458023071289,-4.339000225067139,3.946899890899658,[0. 0. 0.],[0. 0. 0. 1.],6.2983455293594135,-2.082045518678261,"(21, 2)",304273.77554130554,304244.4473657906,-8467728968.333728,1538717.9487179443,4.216300010681152,-2.082045518678261,8508595633.826641,40002420.68559696,41541138.6343149,39698176.23823117,8508899907.602182,41170939.26845453,0.18362607961539992,1770935149.5106428,1770935149.5106428
4.332450218783622,30,2,8489948542.633597,20140124.270042732,20444736.477240484,8490253185.262554,21983454.425958432,22524218.531635907,-86.0708999633789,-86.591796875,-5.106400012969971,5.154799938201904,[0. 0. 0.],[0. 0. 0. 1.],5.370857095168491,-0.8855570310815768,"(30, 2)",304643.1947364807,304611.76945613325,-8467728966.815674,1538717.948717948,4.485300064086914,-0.8855570310815768,8489948542.480488,20444736.390725162,21983454.33944311,20140124.62126903,8490253185.675224,22524218.85955028,0.1931702187029609,1770935149.5584323,1770935149.5584323
5.009863607043501,31,2,8469324439.934512,64678092.99170934,64982188.40031741,8469628570.70978,66520906.34903535,1899606.1389233987,-89.89019775390625,-90.34120178222656,-6.342299938201904,6.23330020904541,[0. 0. 0.],[0. 0. 0. 1.],5.909298044654857,-0.8594981255264393,"(31, 2)",304130.82807540894,304095.1772836596,-8467728964.483818,1538717.9487179443,5.049799919128418,-0.8594981255264393,8469324439.916385,64982188.313802086,66520906.26252003,64678093.136518426,8469628570.74446,1899606.2606420272,0.1834876034496751,1770935149.6097412,1770935149.6097412
6.6490249021065,20,3,8515407853.458261,39947448.01783871,40252989.695147626,8515713439.576188,41791707.64386557,47984465.56866926,-91.0915985107422,-90.97350311279295,-0.6266999840736389,0.499099999666214,[0. 0. 0.],[0. 0. 0. 1.],8.333480663273496,-1.6304805946089456,"(20, 3)",305586.28180122375,305541.47573617846,-8467728973.983392,1538717.9487179443,6.703000068664551,-1.6304805946089456,8515407853.377923,40252989.595853366,41791707.54457131,39947448.12011719,8515713439.659724,47984465.67633213,0.1834404937288676,1770935149.6504312,1770935149.6504312
5.930029633341378,21,3,8708590465.847307,35578234.92811103,35882292.57976301,8708894562.287775,37421010.52848096,39516353.192274176,-84.15989685058594,-85.06079864501953,2.11680006980896,-2.51449990272522,[0. 0. 0.],[0. 0. 0. 1.],8.658882207513464,-2.5094819732910523,"(21, 3)",304097.3682899475,304057.1633363366,-8669378209.338085,1538717.9487179518,6.149400234222412,-2.5094819732910523,8708590465.557411,35882292.48046875,37421010.4291867,35578235.31713241,8708894562.925701,39516353.587615184,0.2002291947863576,1770935149.7108138,1770935149.7108138
5.825981033635095,30,3,8704942933.659237,31019880.394006804,31325946.425916854,8705249038.04154,32864664.374634806,35870830.258700795,-88.41560363769531,-87.89459991455078,1.191100001335144,-1.5115000009536743,[0. 0. 0.],[0. 0. 0. 1.],8.088195173008208,-2.1347950379679244,"(30, 3)",306104.87717819214,306065.6894781627,-8669378207.85133,1538717.9487179518,5.953400135040283,-2.1347950379679244,8704942933.506128,31325946.326622594,32864664.275340546,31019880.63714443,8705249038.383307,35870830.53197616,0.18617636147010863,1770935149.7759025,1770935149.7759025
6.3440554701200345,31,3,8644102436.729383,35341530.076065846,35647717.25925019,8644408666.087553,37186435.20796814,42246870.408183284,-99.78099822998048,-103.81600189208984,0.5633999705314636,-0.4898000061511993,[0. 0. 0.],[0. 0. 0. 1.],8.413408825323614,-2.102708885595831,"(31, 3)",306229.1541481018,306187.18073917925,-8602161795.576067,1538717.9487179518,6.310699939727783,-2.102708885595831,8644102436.711256,35647717.159955926,37186435.10867388,35341529.97921675,8644408665.865404,42246870.28933794,0.18955263652108045,1770935149.8449025,1770935149.8449025
4.945258940740225,20,4,8749401851.855698,12895385.820159992,13199464.050861023,8749705963.850561,14738181.999578971,13111352.32715752,-90.83740234375,-91.71829986572266,-2.664499998092652,2.433500051498413,[0. 0. 0.],[0. 0. 0. 1.],5.9957967768636635,-1.0005966196981362,"(20, 4)",304112.1262779236,304078.024839744,-8736594611.503426,1538717.948717948,4.995200157165527,-1.0005966196981362,8749401851.77536,13199463.954827724,14738181.903545672,12895385.92998798,8749705963.901638,13111352.398212139,0.18350205610949424,1770935149.8896565,1770935149.8896565
4.333640596088295,21,4,8963583871.296026,29526188.735327803,29830722.063681535,8963888433.403885,31369440.012399483,25644586.542100903,-83.7916030883789,-83.59809875488281,0.3585000038146972,-0.9908999800682068,[0. 0. 0.],[0. 0. 0. 1.],6.075795992695039,-1.5306957805978714,"(21, 4)",304563.00393104553,304532.8619541265,-8938243847.108519,1538717.948717948,4.545100212097168,-1.5306957805978714,8963583871.00613,29830721.967648238,31369439.916366186,29526189.10569411,8963888434.010061,25644586.901542466,0.19816173225415218,1770935149.9656627,1770935149.9656627
4.870051103318759,30,4,8958936307.056675,23967415.718272686,24273286.166245636,8959242210.167645,25812004.114963587,20998364.837621577,-95.39520263671876,-95.74109649658205,-0.5029000043869019,0.8270000219345093,[0. 0. 0.],[0. 0. 0. 1.],5.940327473034791,-1.0332272723817146,"(30, 4)",305903.28901290894,305870.3926282041,-8938243845.402666,1538717.9487179518,4.907100200653076,-1.0332272723817146,8958936306.903566,24273286.070212338,25812004.01893029,23967415.677584134,8959242210.19258,20998364.789913863,0.18659332313763505,1770935150.0273526,1770935150.0273526
4.652242701111913,31,4,8871096891.857592,1289763.4690009146,1595353.4739379464,8871402513.326813,3134071.422655895,375079.53685795184,-82.99629974365234,-83.33889770507812,-1.4528000354766846,1.4946999549865725,[0. 0. 0.],[0. 0. 0. 1.],6.018622700489663,-1.269722763813638,"(31, 4)",305621.72914123535,305589.599609375,-8871027433.690802,1538717.9487179485,4.748899936676025,-1.269722763813638,8871096891.839464,1595353.3779046475,3134071.326622596,1289763.7782952725,8871402513.568605,375079.8778044872,0.19215678615477033,1770935150.0776114,1770935150.0776114
2.209589928936004,20,5,8984395818.201853,55275554.19972026,55579776.77940108,8984700056.706068,57118494.72811902,46456216.51702052,-88.11509704589844,-89.06590270996094,-4.561600208282471,3.720599889755249,[0. 0. 0.],[0. 0. 0. 1.],3.059692769990478,-0.6893927154403072,"(20, 5)",304238.7664012909,304221.70785757154,-8938243839.8782,1538717.9487179443,2.370300054550171,-0.6893927154403072,8984395818.121515,55579776.454827726,57118494.40354567,55275554.746970154,8984700056.887917,46456217.00971554,0.18521902852205147,1770935150.1196303,1770935150.1196303
1.7989589893716662,21,5,9177578334.437054,50907471.753223784,51211643.76658057,9177882518.737455,52750361.71529851,37989443.24132717,-82.14140319824219,-82.4030990600586,-1.3251999616622925,1.3531999588012695,[0. 0. 0.],[0. 0. 0. 1.],2.7001653466200923,-0.6659653935408683,"(21, 5)",304185.0711135864,304171.2051782906,-9139893075.451996,1538717.9487179443,2.034199953079224,-0.6659653935408683,9177578334.147158,51211643.442007214,52750361.39072516,50907472.23682892,9177882519.218271,37989443.76627604,0.16873458493359314,1770935150.1798086,1770935150.1798086
1.716696236710807,30,5,9158931090.710522,31348728.15702414,31653254.343503643,9159235628.923075,33191972.29222159,19342554.880456757,-80.25389862060547,-80.62999725341797,-2.3320000171661377,2.005100011825561,[0. 0. 0.],[0. 0. 0. 1.],3.307452451537286,-1.5091524236899958,"(30, 5)",304538.3394680023,304525.7255358584,-9139893073.82439,1538717.948717948,1.79830002784729,-1.5091524236899958,9158931090.557413,31653254.01893029,33191971.967648238,31348728.29339443,9159235628.896881,19342555.072490986,0.07146075428913823,1770935150.2273152,1770935150.2273152
1.6633469720840592,31,5,9071092148.267849,8671259.89851314,8976996.330683127,9071397896.658497,10515714.279401075,65937644.568860106,-82.10489654541016,-82.28579711914062,-3.196199893951416,3.443000078201294,[0. 0. 0.],[0. 0. 0. 1.],2.987940860432817,-1.1958409077350631,"(31, 5)",305748.52576446533,305735.6301332135,-9005460251.699615,1538717.948717948,1.792099952697754,-1.1958409077350631,9071092148.249722,8976996.006109776,10515713.954827724,8671260.375976562,9071397896.775486,65937645.07587139,0.1657993611826695,1770935150.2777064,1770935150.2777064
3.212012140992101,20,11,9184391042.560827,50356251.61930617,50660064.99439623,9184694877.745058,52198782.943114184,44801802.71854987,-84.45970153808594,-84.57990264892578,-1.8235000371932983,1.020699977874756,[0. 0. 0.],[0. 0. 0. 1.],7.238867807619097,-3.8920677187366506,"(20, 11)",303835.6370201111,303812.92881109565,-9139893075.029444,1538717.9487179518,3.3468000888824463,-3.8920677187366506,9184391042.48049,50660064.91636618,52198782.865084134,50356251.98755509,9184694878.11751,44801803.08806591,0.20031034038288908,1770935150.3203976,1770935150.3203976
3.6580812769850097,21,11,9379573118.0909,47988527.125995286,48296819.802088544,9379881434.730738,49835537.750806496,38339124.80404976,-92.51270294189452,-93.55110168457033,1.4118000268936155,-1.7760000228881836,[0. 0. 0.],[0. 0. 0. 1.],6.76620379035099,-3.0044037396155163,"(21, 11)",308317.1824913025,308292.580629006,-9341542310.196337,1538717.9487179518,3.7618000507354736,-3.0044037396155163,9379573117.801004,48296819.724058494,49835537.672776446,47988527.14342949,9379881434.983496,38339124.78715946,0.18454358375325328,1770935150.3817258,1770935150.3817258
2.217960291445344,20,1,9693377621.086472,16177039.179906439,16481923.969866687,9693682521.61119,18020641.918584637,16058167.348989816,-90.30359649658205,-88.38739776611328,-3.2158000469207764,2.845099925994873,[0. 0. 0.],[0. 0. 0. 1.],5.378421035517765,-3.0864209802046547,"(20, 1)",304900.8256969452,304884.596604567,-9677624354.263721,1538717.94871795,2.2920000553131104,-3.0864209802046547,9693377621.006134,16481923.89072516,18020641.83944311,16177039.294120593,9693682521.831831,16058167.568108974,0.18414530298519663,1770935150.8380802,1770935150.8380802
2.648319552033607,21,1,9895559768.731928,20810864.314742576,21118590.636533353,9895867512.664545,22657308.5852513,16593922.610111494,-83.1498031616211,-83.03240203857422,-0.0372000001370906,-0.4050999879837036,[0. 0. 0.],[0. 0. 0. 1.],5.464760744195486,-2.623860799890066,"(21, 1)",307744.7822780609,307725.93962840363,-9879273590.322668,1538717.948717948,2.84089994430542,-2.623860799890066,9895559768.442032,21118590.557391826,22657308.506109774,20810864.617763422,9895867513.22431,16593922.901642628,0.19092624733475835,1770935150.8976536,1770935150.8976536
2.9379601381667104,30,1,9883990754.172064,8329667.315299594,8635689.995507713,9884296796.760073,10174407.944225661,5023208.534750492,-83.21700286865234,-83.14440155029297,-0.729200005531311,0.8391000032424927,[0. 0. 0.],[0. 0. 0. 1.],5.318561597208403,-2.237261576990507,"(30, 1)",306043.13777160645,306022.291917067,-9879273588.319462,1538717.948717948,3.0813000202178955,-2.237261576990507,9883990754.018955,8635689.916366186,10174407.865084134,8329667.624449119,9884296797.156727,5023208.8372646235,0.19241556213304478,1770935150.9524467,1770935150.9524467
2.8097061298799964,31,1,9815074640.255032,4574250.730214239,4878246.085251303,9815378654.925966,6416964.033969251,3321478.3033133005,-88.24140167236328,-88.12650299072266,-2.1298999786376958,1.6232000589370728,[0. 0. 0.],[0. 0. 0. 1.],5.403218332373771,-2.523718420111808,"(31, 1)",304014.8456287384,303995.048327324,-9812057176.544998,1538717.948717948,2.879499912261963,-2.523718420111808,9815074640.236904,4878246.006109776,6416963.954827724,4574250.957782452,9815378655.082533,3321478.537535056,0.1860835391007581,1770935151.016007,1770935151.016007
4.606656987542922,20,2,9921371763.714678,36821646.88113418,37126723.656727664,9921676873.39295,38665441.60544561,42403294.54955021,-85.02539825439453,-85.09919738769531,-7.173900127410889,6.886099815368652,[0. 0. 0.],[0. 0. 0. 1.],5.780256972993651,-1.0364568097246076,"(20, 2)",305110.12933158875,305076.3095953539,-9879273578.835537,1538717.9487179443,4.743800163269043,-1.0364568097246076,9921371763.63434,37126723.57021234,38665441.518930286,36821647.26061699,9921676873.763672,42403294.928135015,0.19899077628910403,1770935151.0661697,1770935151.0661697
4.097434338261442,21,2,10122553903.347315,40455866.11355079,40762276.54134305,10122860342.41034,42300994.49006099,41937528.38505678,-90.77780151367188,-91.5322036743164,-4.360400199890137,4.066100120544434,[0. 0. 0.],[0. 0. 0. 1.],6.2983455293594135,-2.0729455583511127,"(21, 2)",306439.67848587036,306410.2407602146,-10080922814.284132,1538717.9487179443,4.225399971008301,-2.0729455583511127,10122553903.057419,40762276.454827726,42300994.40354567,40455866.21406751,10122860342.735905,41937528.45177284,0.1834669108010681,1770935151.1246855,1770935151.1246855
4.301737105495919,30,2,10119906018.595142,36895292.21229991,37201907.95159946,10120212664.592361,38740625.90031741,39289851.86409025,-85.68260192871094,-86.03690338134766,-5.283299922943115,4.953700065612793,[0. 0. 0.],[0. 0. 0. 1.],5.370857095168491,-0.9104569906457858,"(30, 2)",306646.58766555786,306615.2875851393,-10080922812.813028,1538717.9487179518,4.460400104522705,-0.9104569906457858,10119906018.442034,37201907.865084134,38740625.813802086,36895292.577498995,10120212665.0297,39289852.216671675,0.1954675724447141,1770935151.1883945,1770935151.1883945
5.025125180772372,31,2,10048069111.408878,30218579.669272665,30522677.18236869,10048373244.32554,32061395.131086636,34666843.52858854,-90.04910278320312,-90.28800201416016,-6.337600231170654,5.966000080108643,[0. 0. 0.],[0. 0. 0. 1.],5.909298044654857,-0.8450981201858632,"(31, 2)",304132.9721317291,304097.2900390625,-10013706400.709913,1538717.948717948,5.064199924468994,-0.8450981201858632,10048069111.39075,30522677.095853366,32061395.044571314,30218579.805814303,10048373244.362883,34666843.65296975,0.18346784043183,1770935151.248964,1770935151.248964
6.617560177107332,20,3,10154435505.701859,65780348.50126906,66086875.913096346,10154742077.369497,409183.6054040367,6602847.076912698,-90.40779876708984,-90.09339904785156,-0.654699981212616,0.3837000131607055,[0. 0. 0.],[0. 0. 0. 1.],8.333480663273496,-1.6506808471419046,"(20, 3)",306571.87437438965,306527.17785957456,-10148139230.268457,-65677692.30769231,6.682799816131592,-1.6506808471419046,10154435505.621521,66086875.813802086,409183.5061097756,65780348.63594251,10154742077.495895,6602847.2274389025,0.18344412246097755,1770935151.2947385,1770935151.2947385
5.921405679489863,21,3,10353547933.796034,129639.75366692035,433823.02848095977,10353852155.811071,1972540.9771989086,4063690.352256555,-85.39720153808594,-84.9176025390625,2.6131999492645264,-2.684000015258789,[0. 0. 0.],[0. 0. 0. 1.],8.658882207513464,-2.5178824135071167,"(21, 3)",304222.9442100525,304182.78620793263,-10349788465.701399,1538717.9487179487,6.140999794006348,-2.5178824135071167,10353547933.506138,433822.9291866987,1972540.8779046475,129640.14297876603,10353852156.450348,4063690.7489483175,0.19866068477320953,1770935151.355705,1770935151.355705
5.796543025515621,30,3,10334900409.620785,47786002.9502997,48091948.02848096,10335206392.90913,49630665.977198906,52634339.25413548,-88.32170104980469,-88.54060363769531,1.3056999444961548,-1.5924999713897705,[0. 0. 0.],[0. 0. 0. 1.],8.088195173008208,-2.168995229465727,"(30, 3)",305983.74586868286,305944.7303185165,-10282572053.723486,1538717.9487179443,5.9191999435424805,-2.168995229465727,10334900409.467676,48091947.9291867,49630665.877904646,47786003.198868185,10335206393.213545,52634339.49005909,0.18550218284753955,1770935151.4033284,1770935151.4033284
6.88918677534853,31,3,10247064231.601187,25110185.76660946,25414864.695147626,10247368955.67087,26953582.643865574,32013310.441588897,-94.51360321044922,-88.63510131835938,0.4013999998569488,-1.0496000051498413,[0. 0. 0.],[0. 0. 0. 1.],8.413408825323614,-1.4931088184571593,"(31, 3)",304724.21499443054,304678.84552784637,-10215355645.125978,1538717.948717948,6.920300006866455,-1.4931088184571593,10247064231.58306,25414864.595853366,26953582.544571314,25110185.75032552,10247368955.798054,32013310.67207532,0.18339488056375697,1770935151.453759,1770935151.453759
4.950114862178685,20,4,10360397637.112116,10693131.726271637,10997188.409835383,10360701727.595285,12535906.358553331,10913269.933678383,-90.77429962158205,-91.15570068359376,-2.540600061416626,2.3757998943328857,[0. 0. 0.],[0. 0. 0. 1.],5.9957967768636635,-0.9916969309774322,"(20, 4)",304090.6387729645,304056.4747345764,-10349788457.64163,1538717.948717948,5.004099845886231,-0.9916969309774322,10360397637.031778,10997188.313802084,12535906.262520032,10693131.839067508,10360701727.670551,10913270.028921274,0.18342595269123463,1770935151.496702,1770935151.496702
4.2873682302333265,21,4,10555542709.43706,8291972.047070798,8595938.409835383,10555846704.292442,10134656.358553331,4409011.386353935,-83.87670135498047,-83.91739654541016,0.3743000030517578,-0.6528000235557556,[0. 0. 0.],[0. 0. 0. 1.],6.075795992695039,-1.573895796619599,"(21, 4)",303995.76823043823,303965.8923026854,-10551437693.152824,1538717.948717948,4.50190019607544,-1.573895796619599,10555542709.147163,8595938.313802084,10134656.262520032,8291972.421499399,10555846704.915394,4409011.762570112,0.1993530152233356,1770935151.55766,1770935151.55766
4.89797719108881,30,4,10552894728.531042,4731157.451881779,5038847.063681536,10553202450.990042,6577565.012399485,1764759.490513991,-95.24659729003906,-95.71929931640624,-0.6463000178337097,0.305400013923645,[0. 0. 0.],[0. 0. 0. 1.],5.940327473034791,-1.0047276691102303,"(30, 4)",307722.63747024536,307689.553285256,-10551437691.57217,1538717.948717949,4.9355998039245605,-1.0047276691102303,10552894728.377934,5038846.967648237,6577564.916366186,4731157.414362981,10553202451.015404,1764759.4432341747,0.18652640805662765,1770935151.6214097,1770935151.6214097
4.634505639417936,31,4,10483058782.88324,55210.358984706894,359792.576502049,10483363396.432905,1898510.5252199976,66358526.682906166,-83.50260162353516,-83.72039794921875,-1.5859999656677246,1.79830002784729,[0. 0. 0.],[0. 0. 0. 1.],6.018622700489663,-1.2770226638685696,"(31, 4)",304613.8352622986,304581.76832932694,-10417004869.650845,1538717.9487179487,4.741600036621094,-1.2770226638685696,10483058782.865112,359792.48046875,1898510.4291866987,55210.71213942308,10483363396.700375,66358527.04952925,0.19751117700865323,1770935151.6839566,1770935151.6839566
2.1940675905223324,20,5,10590354592.240322,48033689.04811222,48337821.65119595,10590658740.633074,49876539.599913895,39221054.13367263,-88.19309997558594,-88.5426025390625,-4.291500091552734,3.806299924850464,[0. 0. 0.],[0. 0. 0. 1.],3.059692769990478,-0.7011927661757809,"(20, 5)",304148.6847705841,304131.735777244,-10551437686.188555,1538717.9487179443,2.3585000038146973,-0.7011927661757809,10590354592.159985,48337821.3266226,49876539.27534054,48033689.590845354,10590658740.844755,39221054.65619992,0.18564852884586966,1770935151.7301097,1770935151.7301097
1.800566817656359,21,5,10789536659.757574,49670129.78336038,49974151.77940108,10789840694.02342,51512869.72811902,36753772.23258642,-82.07240295410156,-82.85980224609375,-1.1855000257492063,0.9965000152587892,[0. 0. 0.],[0. 0. 0. 1.],2.7001653466200923,-0.6570652279830074,"(21, 5)",304035.096780777,304021.1995442733,-10753086921.7467,1538717.9487179443,2.043100118637085,-0.6570652279830074,10789536659.467678,49974151.454827726,51512869.40354567,49670130.25528345,10789840694.564459,36753772.81775841,0.174999366513441,1770935151.7916977,1770935151.7916977
1.7533529439613977,30,5,10785888646.800274,45108940.9923421,45414392.16401646,10786194110.235054,46953110.11273441,33107189.991632465,-80.41480255126953,-81.23040008544922,-2.130800008773804,1.982699990272522,[0. 0. 0.],[0. 0. 0. 1.],3.307452451537286,-1.4517524355155575,"(30, 5)",305463.6793861389,305450.68985376507,-10753086920.025194,1538717.9487179443,1.8557000160217283,-1.4517524355155575,10785888646.647165,45414391.83944311,46953109.788161054,45108941.149589345,10786194110.326551,33107190.301357172,0.08956969763924948,1770935151.854419,1770935151.854419
1.6751795483733083,31,5,10715053278.075548,39433219.091527306,39739304.02299082,10715359375.070335,41278021.97170877,29488866.6956342,-82.42790222167969,-81.66929626464844,-3.057499885559082,2.899199962615967,[0. 0. 0.],[0. 0. 0. 1.],2.987940860432817,-1.192640853566362,"(31, 5)",306097.02085876465,306084.07827524096,-10685870507.98468,1538717.9487179443,1.795300006866455,-1.192640853566362,10715053278.05742,39739303.69841747,41278021.647135414,39433219.62014223,10715359375.07828,29488867.09359976,0.15898025722141126,1770935151.9161026,1770935151.9161026
3.231715237022399,20,11,10823348967.240324,8901441.23299912,9205257.30208854,10823652805.209871,10743975.250806488,3349473.5696496074,-83.21820068359375,-82.90049743652344,-1.7750999927520752,1.1584999561309814,[0. 0. 0.],[0. 0. 0. 1.],7.238867807619097,-3.895467806093218,"(20, 11)",303838.32882499695,303815.68321814947,-10820303331.643158,1538717.948717948,3.343400001525879,-3.895467806093218,10823348967.159986,9205257.224058494,10743975.172776442,8901441.540840345,10823652805.488811,3349473.845653045,0.1903152756189892,1770935151.9618356,1770935151.9618356
3.740272753295644,21,11,11020530690.206293,8538446.9845144,8844832.62260136,11020837100.265894,10383550.571319308,66100943.715848766,-91.76170349121094,-93.10079956054688,1.448199987411499,-1.9538999795913696,[0. 0. 0.],[0. 0. 0. 1.],6.76620379035099,-2.915903716727333,"(21, 11)",306410.61636161804,306385.51369691454,-10954736156.819693,1538717.948717948,3.850300073623657,-2.915903716727333,11020530689.916397,8844832.544571314,10383550.493289262,8538447.0308744,11020837100.532759,66100943.71306591,0.18409157158042602,1770935152.022693,1770935152.022693
2.2275609775692735,20,1,11286336723.650583,63153828.34288458,63460874.29037951,11286643785.387909,64999592.23909745,63041995.150013596,-89.76439666748047,-88.7405014038086,-3.3526999950408936,2.8050999641418457,[0. 0. 0.],[0. 0. 0. 1.],5.378421035517765,-3.075621095408512,"(20, 1)",307062.0179786682,307045.7262870595,-11223601790.239416,1538717.9487179443,2.302799940109253,-3.075621095408512,11286336723.570246,63460874.21123798,64999592.159955926,63153828.48495092,11286643785.588224,63041995.348808095,0.1841672791447172,1770935152.4255474,1770935152.4255474
2.611686216500022,21,1,11484518695.013988,63792410.89459357,64098638.71345643,11484824940.24312,65637356.66217438,59573914.51034337,-83.19390106201172,-82.26069641113281,-0.1490000039339065,-0.3138000071048736,[0. 0. 0.],[0. 0. 0. 1.],5.464760744195486,-2.675060712914968,"(21, 1)",306245.9779396057,306227.4326422289,-11425251026.00101,1538717.9487179518,2.7897000312805176,-2.675060712914968,11484518694.724092,64098638.6343149,65637356.583032854,63792411.20167267,11484824940.702032,59573914.701021634,0.182485491108777,1770935152.4867241,1770935152.4867241
2.9224142742410524,30,1,11481870489.748995,60230390.769293696,60536659.546789765,11482176778.299643,62075377.49550771,56925754.020376295,-83.96060180664062,-83.07589721679688,-1.5068000555038452,1.0709999799728394,[0. 0. 0.],[0. 0. 0. 1.],5.318561597208403,-2.2467616036933884,"(30, 1)",306289.0938014984,306268.3418469578,-11425251024.373407,1538717.9487179443,3.071799993515014,-2.2467616036933884,11481870489.595886,60536659.46764824,62075377.41636618,60230391.12580128,11482176778.689688,56925754.31628105,0.1964544008905939,1770935152.550328,1770935152.550328
2.8396781713580834,31,1,11429036338.972988,5338747.018950513,5643638.713456431,11429341250.169567,7182356.66217438,4090227.3148106546,-87.98699951171875,-88.89790344238281,-2.174599885940552,1.993899941444397,[0. 0. 0.],[0. 0. 0. 1.],5.403218332373771,-2.4982183609840005,"(31, 1)",304911.3268737793,304891.37307191547,-11425251022.777102,1538717.948717949,2.9049999713897705,-2.4982183609840005,11429036338.95486,5643638.634314904,7182356.583032853,5338747.2612429885,11429341250.281734,4090227.504632412,0.18552672900066758,1770935152.6298952,1770935152.6298952
4.586655906270527,20,2,11535330329.419815,37574627.82286475,37878911.156727664,11535634645.545116,39417629.10544561,43167220.68871251,-85.05609893798828,-84.88520050048828,-7.19350004196167,7.147900104522705,[0. 0. 0.],[0. 0. 0. 1.],5.780256972993651,-1.0562569958818342,"(20, 2)",304316.5783996582,304282.8682141453,-11492467424.848541,1538717.9487179443,4.723999977111816,-1.0562569958818342,11535330329.339478,37878911.07021234,39417629.018930286,37574628.2019982,11535634645.917877,43167221.06933594,0.1993072059936897,1770935152.6803815,1770935152.6803815
4.064860933191269,21,2,11737512156.55245,42213532.41011696,42517789.361855865,11737816441.931538,44056507.31057382,43699781.84630259,-90.12629699707033,-91.44609832763672,-3.953399896621704,4.284999847412109,[0. 0. 0.],[0. 0. 0. 1.],6.2983455293594135,-2.100245439332557,"(21, 2)",304285.9982223511,304256.7326472327,-11694116660.344086,1538717.9487179518,4.198100090026856,-2.100245439332557,11737512156.262554,42517789.27534054,44056507.224058494,42213532.54269331,11737816442.260777,43699781.916691706,0.18339796960641577,1770935152.7396672,1770935152.7396672
4.31668693414671,30,2,11754863366.35156,58650297.932678886,58954095.45159946,11755167194.220087,60492813.40031741,61050535.36926037,-85.91929626464844,-86.16729736328125,-5.155799865722656,5.206999778747559,[0. 0. 0.],[0. 0. 0. 1.],5.370857095168491,-0.8975571150049166,"(30, 2)",303828.4536514282,303797.07532051206,-11694116658.935581,1538717.9487179518,4.473299980163574,-0.8975571150049166,11754863366.198452,58954095.365084134,60492813.313802086,58650298.28976362,11755167194.652103,61050535.716521434,0.194553632028747,1770935152.8233325,1770935152.8233325
5.095547917904907,31,2,11701029880.639656,2758696.5136531247,3063943.2080097115,11701335163.152502,4602661.15672766,7218505.632284565,-89.77269744873047,-90.1143035888672,-6.309700012207031,6.3105998039245605,[0. 0. 0.],[0. 0. 0. 1.],5.909298044654857,-0.7711978974075429,"(31, 2)",305282.57712364197,305246.4568309295,-11694116657.433178,1538717.948717949,5.1381001472473145,-0.7711978974075429,11701029880.621529,3063943.121494391,4602661.07021234,2758696.6646634615,11701335163.198652,7218505.76547476,0.18356183940088922,1770935152.9019127,1770935152.9019127
6.64046566487246,20,3,11740106931.983917,38257020.271793485,38563430.400275834,11740413386.474283,40102148.34899378,46296720.04950495,-91.46649932861328,-90.94450378417967,-0.6416000127792358,0.3109999895095825,[0. 0. 0.],[0. 0. 0. 1.],8.333480663273496,-1.6412804794050881,"(20, 3)",306454.6555747986,306409.9434094578,-11694116666.40065,1538717.9487179443,6.692200183868408,-1.6412804794050881,11740106931.90358,38563430.300981574,40102148.24969952,38257020.357572116,11740413386.559155,46296720.15850361,0.18348387499175636,1770935152.9398303,1770935152.9398303
5.94011879415729,21,3,11999505385.719118,32897438.318123408,33201323.02848096,11999809309.289156,34740040.977198906,36826997.64518633,-84.54910278320312,-86.15290069580078,2.348700046539306,-2.941999912261963,[0. 0. 0.],[0. 0. 0. 1.],8.658882207513464,-2.5029822059875855,"(21, 3)",303924.4666481018,303884.2147435881,-11962982311.886555,1538717.948717948,6.155900001525879,-2.5029822059875855,11999505385.429222,33201322.929186698,34740040.877904646,32897438.71444311,11999809309.89587,36826998.0093149,0.19815118238256565,1770935153.0016105,1770935153.0016105
5.817875162041742,30,3,11995857076.28746,28334947.058733553,28640169.182327114,11996162336.71502,30178887.131045062,33180026.399361745,-87.79720306396484,-87.43280029296875,1.020699977874756,-1.7862000465393066,[0. 0. 0.],[0. 0. 0. 1.],8.088195173008208,-2.1335953156778853,"(30, 3)",305260.9487667084,305221.7454176694,-11962982310.38415,1538717.948717948,5.954599857330322,-2.1335953156778853,11995857076.134352,28640169.083032854,30178887.031750802,28334947.337615184,11996162337.083118,33180026.69896835,0.18776847329902244,1770935153.0642931,1770935153.0642931
6.333662852608448,31,3,11925024568.139658,22660987.872458067,22967108.284891214,11925330730.651531,24505826.233609162,29564832.37674235,-96.5155029296875,-98.3156967163086,0.3147000074386596,-0.4571999907493591,[0. 0. 0.],[0. 0. 0. 1.],8.413408825323614,-2.1018086170411436,"(31, 3)",306162.3441257477,306120.3707181476,-11895765898.171486,1538717.948717948,6.311600208282471,-2.1018086170411436,11925024568.12153,22967108.185596954,24505826.134314902,22660987.814878806,11925330730.465656,29564832.294170674,0.18779462285895898,1770935153.1259305,1770935153.1259305
4.9594025761530665,20,4,11965101010.50956,2198317.4528080476,2502324.6277841004,11965405051.508892,4041042.576502049,2422747.505629452,-90.60389709472656,-90.52110290527344,-2.709199905395508,2.414900064468384,[0. 0. 0.],[0. 0. 0. 1.],5.9957967768636635,-0.9767967234579018,"(20, 4)",304041.18464660645,304006.9580078125,-11962982303.983284,1538717.9487179485,5.019000053405762,-0.9767967234579018,11965101010.429222,2502324.5317508015,4041042.48046875,2198317.573742989,11965405051.613869,2422747.6305839345,0.18339646208343025,1770935153.1718285,1770935153.1718285
4.265544828166646,21,4,12230499408.155018,2839250.615553816,3143662.7688097414,12230803848.689142,4682380.71752769,66172309.80135003,-84.33869934082031,-83.66799926757812,0.0958999991416931,-0.3668999969959259,[0. 0. 0.],[0. 0. 0. 1.],6.075795992695039,-1.5953959072458206,"(21, 4)",304441.43441963196,304411.6680438705,-12164631539.134527,1538717.9487179485,4.480400085449219,-1.5953959072458206,12230499407.865122,3143662.6727764425,4682380.621494391,2839251.004732572,12230803849.299541,66172310.16501402,0.19973311725415602,1770935153.2326486,1770935153.2326486
4.893690955698302,30,4,12227851026.607973,66492733.54332012,66800137.127784096,12228158463.026516,1122444.8200917924,63526925.45138334,-95.59100341796876,-96.31169891357422,-0.36039999127388,0.2662999927997589,[0. 0. 0.],[0. 0. 0. 1.],5.940327473034791,-1.0117276385926521,"(30, 4)",307436.5860385895,307403.5331530422,-12164631537.647774,-65677692.307692304,4.928599834442139,-1.0117276385926521,12227851026.454865,66800137.0317508,1122444.7240584935,66492733.498597756,12228158463.040903,63526925.393129006,0.18686901685451768,1770935153.296331,1770935153.296331
4.664226739194,31,4,12159019007.242222,62818876.86023494,63124407.96111743,12159324569.921463,64663125.90983538,61909443.99594936,-83.88030242919922,-84.03070068359375,-1.34660005569458,1.8690999746322632,[0. 0. 0.],[0. 0. 0. 1.],6.018622700489663,-1.2419226806532375,"(31, 4)",305562.97889328003,305530.63025841117,-12097415125.82636,1538717.9487179518,4.776700019836426,-1.2419226806532375,12159019007.224094,63124407.865084134,64663125.813802086,62818877.23482572,12159324570.202988,61909444.3766276,0.19959996877174374,1770935153.3600335,1770935153.3600335
2.206939239328274,20,5,12199095153.137766,43573330.19305545,43877412.9973498,12199399251.829807,45416130.94606774,34767719.23915053,-87.92880249023438,-89.44309997558594,-4.454500198364258,4.075399875640869,[0. 0. 0.],[0. 0. 0. 1.],3.059692769990478,-0.6935926971297603,"(20, 5)",304098.93329429626,304081.9216997251,-12164631532.27981,1538717.9487179443,2.3661000728607178,-0.6935926971297603,12199095153.057428,43877412.672776446,45416130.62149439,43573330.75107672,12199399251.990723,34767719.71091246,0.1851089398711504,1770935153.4058611,1770935153.4058611
1.7600355533802179,21,5,12465493334.437069,45214661.45123645,45519824.85632415,12465798509.888996,47058542.8050421,32301331.922647867,-82.1937026977539,-82.08930206298828,-1.291700005531311,0.4889000058174133,[0. 0. 0.],[0. 0. 0. 1.],2.7001653466200923,-0.7110653672194576,"(21, 5)",305176.1725025177,305162.58826622367,-12433497177.922215,1538717.9487179518,1.9890999794006348,-0.7110653672194576,12465493334.147173,45519824.5317508,47058542.48046875,45214661.943484575,12465798510.319675,32301332.397460938,0.163645107814124,1770935153.4676638,1770935153.4676638
1.7587424596071597,30,5,12462844888.787462,41651325.50633887,41955850.4973498,12463149426.06345,43494568.44606774,29652249.347162332,-80.19660186767578,-80.1614990234375,-2.189500093460083,2.027400016784668,[0. 0. 0.],[0. 0. 0. 1.],3.307452451537286,-1.477752458403741,"(30, 5)",304537.33786582947,304524.5361328125,-12433497176.49806,1538717.9487179443,1.829699993133545,-1.477752458403741,12462844888.634354,41955850.172776446,43494568.12149439,41651325.63664363,12463149425.97222,29652249.474158652,0.06541977012763403,1770935153.5313168,1770935153.5313168
1.700172826241928,31,5,12409013077.755045,52977268.58559413,53283294.40760621,12409319115.782097,54822012.35632415,43038350.87193026,-82.0425033569336,-81.50250244140625,-3.405800104141236,3.124500036239624,[0. 0. 0.],[0. 0. 0. 1.],2.987940860432817,-1.1818408495609298,"(31, 5)",306038.0202064514,306025.03067407757,-12366280764.520145,1538717.9487179443,1.8061000108718872,-1.1818408495609298,12409013077.736917,53283294.083032854,54822012.0317508,52977269.05235878,12409319115.757124,43038351.236979164,0.14614120244424308,1770935153.6098795,1770935153.6098795
3.2236871781619096,20,11,12448089111.471102,20445197.22050568,20748863.071319308,12448392799.190254,22287581.020037256,14895621.505727982,-83.11859893798828,-82.85089874267578,-1.636299967765808,1.062600016593933,[0. 0. 0.],[0. 0. 0. 1.],7.238867807619097,-3.905667829744341,"(20, 11)",303688.0727901459,303665.47413361445,-12433497177.687462,1538717.948717948,3.333199977874756,-3.905667829744341,12448089111.390764,20748862.993289262,22287580.94200721,20445197.519155648,12448392799.463554,14895621.776091747,0.18891636942604212,1770935153.6599565,1770935153.6599565
3.6964939064542572,21,11,12718486795.975533,26086999.333877824,26393502.494396232,12718793323.187275,27932220.44311418,16430499.579304555,-92.8469009399414,-92.97779846191406,1.4835000038146973,-1.7489999532699585,[0. 0. 0.],[0. 0. 0. 1.],6.76620379035099,-2.965103774710731,"(21, 11)",306527.772562027,306503.0767978765,-12702362823.877619,1538717.948717948,3.801100015640259,-2.965103774710731,12718486795.685637,26393502.416366186,27932220.365084134,26086999.33956831,12718793323.458199,16430499.580578927,0.1844754732567817,1770935153.7206633,1770935153.7206633
2.2788317213889537,20,1,12936076218.842897,32477829.175045595,32781699.61089233,12936380105.354797,34320417.55961028,32368058.471889064,-89.63939666748047,-88.66290283203125,-3.2939999103546143,2.913100004196167,[0. 0. 0.],[0. 0. 0. 1.],5.378421035517765,-3.0227210194960366,"(20, 1)",303886.797000885,303870.2079577334,-12904012046.88443,1538717.948717948,2.3557000160217285,-3.0227210194960366,12936076218.76256,32781699.531750802,34320417.48046875,32477829.32379307,12936380105.55956,32368058.675130207,0.18429199726072495,1770935154.1426673,1770935154.1426673
2.619626673400914,21,1,13200474336.039637,32121453.332186628,32427556.9826872,13200780457.119156,33966274.93140515,27902764.547553647,-83.18350219726562,-82.45240020751953,0.1600999981164932,-0.3585000038146972,[0. 0. 0.],[0. 0. 0. 1.],5.464760744195486,-2.662860834222341,"(21, 1)",306121.8574733734,306103.26522435993,-13172877692.839836,1538717.948717948,2.8018999099731445,-2.662860834222341,13200474335.74974,32427556.903545674,33966274.85226362,32121453.638321314,13200780457.607214,27902764.767377805,0.18499646916635382,1770935154.2026923,1770935154.2026923
2.9396590377473495,30,1,13197825714.107979,28557263.70994338,28863542.559610277,13198132012.849,30402260.508328225,25254321.918710437,-83.54319763183594,-82.90619659423828,-1.035599946975708,0.7840999960899353,[0. 0. 0.],[0. 0. 0. 1.],5.318561597208403,-2.2354615167182903,"(30, 1)",306299.26632499695,306278.43612279743,-13172877691.024431,1538717.948717948,3.0831000804901123,-2.2354615167182903,13197825713.95487,28863542.48046875,30402260.429186698,28557264.044345953,13198132013.221195,25254322.196764823,0.1929149026778573,1770935154.2662992,1770935154.2662992
2.813015810762479,31,1,13158995281.28069,54883839.76595645,55189439.99550771,13159300900.869862,56728157.94422566,53639621.77699125,-88.34149932861328,-87.69850158691406,-2.187599897384644,1.5738999843597412,[0. 0. 0.],[0. 0. 0. 1.],5.403218332373771,-2.5176182423469156,"(31, 1)",305619.7885360718,305599.9286358133,-13105661279.015215,1538717.9487179518,2.8856000900268555,-2.5176182423469156,13158995281.262562,55189439.91636618,56728157.865084134,54883839.98773037,13159300901.051098,53639622.03588241,0.1865498417897376,1770935154.3599486,1770935154.3599486
4.6095602290683315,20,2,13200069439.996746,21890902.96657572,22195257.310573816,13200373827.266966,23733975.259291764,27496145.90639621,-85.54070281982422,-84.66000366210938,-7.21120023727417,7.276400089263916,[0. 0. 0.],[0. 0. 0. 1.],5.780256972993651,-1.0347568852556135,"(20, 2)",304387.72348213196,304353.88809595257,-13172877681.352707,1538717.948717948,4.745500087738037,-1.0347568852556135,13200069439.916409,22195257.224058494,23733975.172776442,21890903.33596254,13200373827.63989,27496146.287184495,0.1989332678232629,1770935154.4058487,1770935154.4058487
4.086434255059029,21,2,13464467509.116562,21535012.910503533,21842004.105445612,13464774528.875778,23380722.05416356,23031202.02996637,-91.247802734375,-91.9489974975586,-4.362299919128418,4.3557000160217285,[0. 0. 0.],[0. 0. 0. 1.],6.2983455293594135,-2.089745485108925,"(21, 2)",307020.35757255554,306991.0293970369,-13441743327.104662,1538717.948717948,4.208600044250488,-2.089745485108925,13464467508.826666,21842004.01893029,23380721.967648238,21535012.989533253,13464774529.184238,23031202.079577323,0.18363180570678117,1770935154.4666624,1770935154.4666624
4.309161996097886,30,2,13461818823.082338,17970221.34093031,18274255.708009712,13462122887.753103,19812973.65672766,20379562.25125219,-86.29180145263672,-86.20230102539062,-5.478000164031982,5.16510009765625,[0. 0. 0.],[0. 0. 0. 1.],5.370857095168491,-0.9075568670495944,"(30, 2)",304065.2544078827,304033.93867688254,-13441743325.586607,1538717.948717948,4.4633002281188965,-0.9075568670495944,13461818822.92923,18274255.62149439,19812973.570212338,17970221.682817508,13462122888.183638,20379562.59703025,0.1935437565726438,1770935154.530352,1770935154.530352
5.049247926452031,31,2,13409989327.75505,31297136.228896737,31604095.451599456,13410296322.534914,33142813.400317404,35769408.792232476,-89.93579864501953,-90.34750366210938,-6.623499870300293,6.19789981842041,[0. 0. 0.],[0. 0. 0. 1.],5.909298044654857,-0.820498091194164,"(31, 2)",306994.83235549927,306958.9937650226,-13374526913.655642,1538717.948717948,5.088799953460693,-0.820498091194164,13409989327.736923,31604095.365084134,33142813.313802082,31297136.37131911,13410296322.569279,35769408.91363682,0.18347796089744978,1770935154.6108446,1770935154.6108446
6.596244431862226,20,3,13449063045.765978,66801955.57895108,67107036.1695066,13449368170.494474,1429343.861814293,7624837.762971656,-91.20919799804688,-91.08419799804688,-0.5717999935150146,0.0175999999046325,[0. 0. 0.],[0. 0. 0. 1.],8.333480663273496,-1.6847804259993264,"(20, 3)",305124.8873195648,305080.3942558095,-13441743332.707375,-65677692.30769231,6.64870023727417,-1.6847804259993264,13449063045.68564,67107036.07021234,1429343.762520032,66801955.67595653,13449368170.57296,7624837.865584936,0.1834690059227074,1770935154.6615262,1770935154.6615262
5.909961775922837,21,3,13718460946.616564,4230719.301154249,4534752.515660447,13718765018.510769,6073470.464378396,8156040.309674838,-84.73719787597656,-85.5022964477539,2.4558000564575195,-2.968100070953369,[0. 0. 0.],[0. 0. 0. 1.],8.658882207513464,-2.5296822258240113,"(21, 3)",304072.813375473,304032.71797375847,-13710608978.44368,1538717.948717949,6.129199981689453,-2.5296822258240113,13718460946.326668,4534752.416366186,6073470.365084135,4230719.6983924275,13718765019.140043,8156040.696364183,0.19884191101028448,1770935154.72055,1770935154.72055
5.827079981097061,30,3,13719812084.30029,4665927.813283948,4972452.836173267,13720118647.695702,6511170.784891216,9509670.760318486,-88.03109741210938,-87.85009765625,1.2824000120162964,-1.7405999898910522,[0. 0. 0.],[0. 0. 0. 1.],8.088195173008208,-2.129895059330229,"(30, 3)",306563.8928527832,306524.658203125,-13710608977.003876,1538717.948717949,5.9583001136779785,-2.129895059330229,13719812084.14718,4972452.736879006,6511170.685596955,4665928.078675881,13720118648.040033,9509671.036157852,0.18674372931810454,1770935154.7882583,1770935154.7882583
6.820401192112309,31,3,13649983630.639666,67210548.14913853,300249.3105322418,13650289787.349016,1838967.2592501906,6897222.125850841,-103.04759979248048,-89.83100128173828,0.6676999926567078,-0.6955999732017517,[0. 0. 0.],[0. 0. 0. 1.],8.413408825323614,-1.586808750555548,"(31, 3)",306156.78836250305,-66910298.82186498,-13643392565.119862,1538717.9487179487,6.826600074768066,-1.586808750555548,13649983630.621538,300249.21123798075,1838967.1599559295,67210548.03310296,13650289787.4099,6897222.2900390625,0.184273071287435,1770935154.853328,1770935154.853328
4.940490117171098,20,4,13697056675.573671,53739236.279942594,54043246.10214307,13697360719.118763,55581964.05086102,53968158.83043764,-91.22840118408205,-91.42990112304688,-2.8582000732421875,2.856300115585327,[0. 0. 0.],[0. 0. 0. 1.],5.9957967768636635,-1.0062967310872963,"(20, 4)",304043.6886520386,304009.63416466117,-13643392560.268349,1538717.9487179518,4.989500045776367,-1.0062967310872963,13697056675.493334,54043246.006109774,55581963.954827726,53739236.37194511,13697360719.181986,53968158.91363682,0.18352687436300694,1770935154.9083996,1770935154.9083996
4.367240366129349,21,4,13966454536.360153,58384988.44303714,58689632.32009179,13966759209.209898,60228350.268809736,54501003.21722915,-83.73069763183594,-83.5635986328125,0.3714999854564667,-0.6955999732017517,[0. 0. 0.],[0. 0. 0. 1.],6.075795992695039,-1.4978960598337112,"(21, 4)",304673.7436161041,304643.4138371423,-13912258206.239405,1538717.9487179443,4.577899932861328,-1.4978960598337112,13966454536.070257,58689632.224058494,60228350.17277644,58384988.81022135,13966759209.813873,54501003.57446915,0.19780503890659215,1770935154.968593,1770935154.968593
4.8867883030550265,30,4,13963805722.120802,54819857.92819965,55127212.44829692,13964113109.438265,56665930.39701487,51854905.24340776,-95.66539764404295,-95.93070220947266,-0.4684000015258789,0.554099977016449,[0. 0. 0.],[0. 0. 0. 1.],5.940327473034791,-1.0178273395203865,"(30, 4)",307387.49186325073,307354.4702774435,-13912258204.2675,1538717.9487179518,4.922500133514404,-1.0178273395203865,13963805721.967693,55127212.35226362,56665930.300981574,54819857.88198618,13964113109.459557,51854905.19205729,0.18676613579146056,1770935155.0323193,1770935155.0323193
4.664423571047023,31,4,13892977869.421719,49148271.961143576,49453590.65342513,13893283219.652988,50992308.60214307,48241426.85734889,-82.82350158691406,-83.668701171875,-1.3633999824523926,1.3671000003814695,[0. 0. 0.],[0. 0. 0. 1.],6.018622700489663,-1.2570226829420559,"(31, 4)",305350.51394844055,305318.3061648682,-13845041792.696486,1538717.9487179443,4.761600017547607,-1.2570226829420559,13892977869.403591,49453590.55739183,50992308.506109774,49148272.25122696,13893283219.91754,48241427.22105368,0.19310236106744005,1770935155.093792,1770935155.093792
2.2058438207947226,20,5,13932050641.919827,28894847.01875533,29199496.330683127,13932355307.126747,30738214.27940108,20097107.932016406,-88.07009887695312,-88.59290313720703,-4.672399997711182,3.860300064086914,[0. 0. 0.],[0. 0. 0. 1.],3.059692769990478,-0.6887928542952877,"(20, 5)",304665.49604415894,304648.4375,-13912258198.883886,1538717.9487179518,2.3708999156951904,-0.6887928542952877,13932050641.839489,29199496.006109774,30738213.954827726,28894847.568609774,13932355307.335533,20097108.451647636,0.18574250771988698,1770935155.138929,1770935155.138929
1.7703547919848548,21,5,14197448566.808874,29541280.55193065,29845658.189657487,14197752956.521282,31384376.138375435,16629111.684809275,-82.13240051269531,-82.97550201416016,-1.471400022506714,0.8744999766349792,[0. 0. 0.],[0. 0. 0. 1.],2.7001653466200923,-0.6838653836226558,"(21, 5)",304390.5561389923,304376.8310546875,-14181123844.79234,1538717.948717948,2.0162999629974365,-0.6838653836226558,14197448566.518978,29845657.865084134,31384375.813802082,29541281.034029447,14197752957.075117,16629112.282777444,0.17769767102370204,1770935155.1995788,1770935155.1995788
1.7403766768087232,30,5,14193799720.51824,24975779.25101205,25279937.035811335,14194103890.470982,26818654.984529283,12980047.11931868,-80.4854965209961,-81.4917984008789,-2.30679988861084,1.8681999444961548,[0. 0. 0.],[0. 0. 0. 1.],3.307452451537286,-1.455152403662835,"(30, 5)",304170.2505264282,304157.2922926694,-14181123843.133436,1538717.948717948,1.852300047874451,-1.455152403662835,14193799720.365131,25279936.711237982,26818654.65995593,24975779.418945312,14194103890.615658,12980047.482221555,0.09889407419997699,1770935155.2622528,1770935155.2622528
1.700224017431674,31,5,14122972412.69095,19304386.848357458,19610401.77940108,14123278439.793108,21149119.728119027,9371008.044114249,-82.55339813232422,-81.91680145263672,-3.091900110244751,3.0146000385284424,[0. 0. 0.],[0. 0. 0. 1.],2.987940860432817,-1.157940817517473,"(31, 5)",306027.1747303009,306014.059995994,-14113907431.35897,1538717.948717948,1.830000042915344,-1.157940817517473,14122972412.672823,19610401.454827726,21149119.403545674,19304387.394831732,14123278439.847553,9371008.48858173,0.166941696502351,1770935155.3237858,1770935155.3237858
3.2266187377813207,20,11,14163045073.009571,54988331.868970536,55292340.63542188,14163349103.68597,56831058.584139824,49441669.700729206,-83.20050048828125,-83.12640380859375,-1.905400037765503,1.1649999618530271,[0. 0. 0.],[0. 0. 0. 1.],7.238867807619097,-3.8972678663654348,"(20, 11)",304031.0590686798,304008.3821614608,-14113907433.988176,1538717.9487179443,3.341599941253662,-3.8972678663654348,14163045072.929234,55292340.55739183,56831058.506109774,54988332.17523037,14163349103.988302,49441670.0001252,0.19214193595662682,1770935155.3699539,1770935155.3699539
3.73126882516611,21,11,14428442597.257593,55635267.82665637,55941803.77644752,14428749157.571667,57480521.725165464,45976077.96033391,-92.3397979736328,-92.59649658203124,1.4471999406814575,-1.9837000370025637,[0. 0. 0.],[0. 0. 0. 1.],6.76620379035099,-2.9257036740027234,"(21, 11)",306560.8880443573,306535.8479817733,-14382773079.880981,1538717.9487179443,3.8405001163482666,-2.9257036740027234,14428442596.967697,55941803.69841747,57480521.647135414,55635267.8504357,14428749157.855742,45976077.974759616,0.1841507464664894,1770935155.430663,1770935155.430663
2.2166994996947817,20,1,14629032749.291624,45018922.29589067,45322781.34166156,14629336624.076052,46861499.29037951,44914321.17412772,-89.58090209960938,-88.56559753417969,-2.908499956130981,2.5936999320983887,[0. 0. 0.],[0. 0. 0. 1.],5.378421035517765,-3.0835210950270424,"(20, 1)",303875.0751209259,303858.8147285655,-14584422302.903444,1538717.9487179518,2.2948999404907227,-3.0835210950270424,14629032749.211287,45322781.26252003,46861499.21123798,45018922.447791465,14629336624.286407,44914321.38296274,0.18440151005032743,1770935155.8360546,1770935155.8360546
2.638796151498731,21,1,14895430529.949902,46667447.96631778,46975401.53396925,14895738501.190067,48514119.4826872,42450552.7872525,-82.91470336914062,-82.97139739990234,-0.2075999975204467,-0.1797000020742416,[0. 0. 0.],[0. 0. 0. 1.],5.464760744195486,-2.637960636239553,"(21, 1)",307972.0834598541,307953.2095102146,-14853287948.67105,1538717.9487179443,2.8268001079559326,-2.637960636239553,14895430529.660006,46975401.454827726,48514119.40354567,46667448.24531751,14895738501.743465,42450553.072415866,0.18811431849117907,1770935155.897629,1770935155.897629
2.934904929214316,30,1,14915780890.39004,66100494.789443545,66406483.264738485,14916086898.702919,728790.9570461747,62798951.25281382,-84.11990356445312,-83.0020980834961,-0.8436999917030334,1.030900001525879,[0. 0. 0.],[0. 0. 0. 1.],5.318561597208403,-2.2344615891975383,"(30, 1)",306008.848531723,305988.0339793712,-14853287947.544247,-65677692.30769231,3.0841000080108643,-2.2344615891975383,14915780890.23693,66406483.18559696,728790.8779046474,66100495.15161759,14916086899.085463,62798951.54121595,0.1967450093009587,1770935155.9842727,1770935155.9842727
2.819218558182701,31,1,14862954864.61403,11213218.210525509,11518109.867302585,14863259775.667358,13056827.816020533,9971829.892161405,-87.82710266113281,-88.5822982788086,-2.27239990234375,1.833699941635132,[0. 0. 0.],[0. 0. 0. 1.],5.403218332373771,-2.5146182213660806,"(31, 1)",304911.2016735077,304891.3261217959,-14853287945.697542,1538717.948717948,2.8886001110076904,-2.5146182213660806,14862954864.595903,11518109.788161058,13056827.736879006,11213218.462039262,14863259775.797577,9971830.100035056,0.18607156488528886,1770935156.0639539,1770935156.0639539
4.616688864770021,20,2,14902025738.073677,43424568.454178356,43729696.41313792,14902330899.021244,45268414.361855865,49042961.29736106,-85.45809936523438,-85.081298828125,-6.993299961090088,7.043499946594238,[0. 0. 0.],[0. 0. 0. 1.],5.780256972993651,-1.0275571210039045,"(20, 2)",305161.39886283875,305127.50087640435,-14853287937.71602,1538717.9487179443,4.752699851989746,-1.0275571210039045,14902025737.99334,43729696.3266226,45268414.27534054,43424568.82574619,14902330899.392202,49042961.67618189,0.19820024112774726,1770935156.114395,1770935156.114395
4.123423038391619,21,2,15171423398.539648,48073513.21124349,48377476.861855865,15171727390.979332,49916194.81057382,49573807.67630645,-90.84089660644533,-92.168701171875,-4.178800106048584,4.186200141906738,[0. 0. 0.],[0. 0. 0. 1.],6.2983455293594135,-2.0513453119216694,"(21, 2)",303993.0294704437,303963.46654646844,-15122153583.561874,1538717.9487179518,4.247000217437744,-2.0513453119216694,15171423398.249752,48377476.77534054,49916194.724058494,48073513.308794074,15171727391.279222,49573807.717347756,0.18357537319298525,1770935156.1736467,1770935156.1736467
4.362872672152555,30,2,15168774287.825937,44506564.029034324,44813470.45159946,15169081224.903381,46352188.40031741,46927642.88171481,-85.70089721679688,-85.7477035522461,-5.478000164031982,4.821400165557861,[0. 0. 0.],[0. 0. 0. 1.],5.370857095168491,-0.8478573316797213,"(30, 2)",306937.6784095764,306905.9714292884,-15122153582.106422,1538717.9487179518,4.5229997634887695,-0.8478573316797213,15168774287.672829,44813470.365084134,46352188.313802086,44506564.393654846,15169081225.351238,46927643.244816706,0.1961107267350761,1770935156.2372818,1770935156.2372818
5.04719237241155,31,2,15114948887.04993,55835720.55466973,56141659.55416356,15115254861.620907,57680377.502881505,60317691.64011076,-90.82330322265624,-90.0697021484375,-6.379499912261963,6.024700164794922,[0. 0. 0.],[0. 0. 0. 1.],5.909298044654857,-0.8270979943008534,"(31, 2)",305974.63754463196,305938.81460336596,-15054937169.893757,1538717.9487179443,5.082200050354004,-0.8270979943008534,15114948887.031803,56141659.46764824,57680377.41636618,55835720.65304487,15115254861.669348,60317691.77559095,0.18340818371581863,1770935156.3158536,1770935156.3158536
6.62800778707945,20,3,15154053887.11214,24165201.055950843,24470185.20796814,15154358915.583008,26008903.156686086,32205326.284741003,-90.93009948730467,-90.54080200195312,-0.7272999882698059,0.5094000101089478,[0. 0. 0.],[0. 0. 0. 1.],8.333480663273496,-1.647280521366758,"(20, 3)",305028.6552219391,304983.9430588931,-15122153589.27414,1538717.948717948,6.686200141906738,-1.647280521366758,15154053887.031803,24470185.108673878,26008903.057391826,24165201.165614985,15154358915.687025,32205326.412885617,0.18339766117754092,1770935156.3660734,1770935156.3660734
5.972440780483624,21,3,15423416892.129393,28780752.260902345,29086122.70796814,15423722301.641806,30624840.656686086,32703066.88959635,-84.94750213623047,-85.214599609375,2.5806000232696533,-2.799499988555908,[0. 0. 0.],[0. 0. 0. 1.],8.658882207513464,-2.466282434106482,"(21, 3)",305410.4379501343,305369.95129707456,-15391019234.994795,1538717.948717948,6.192599773406982,-2.466282434106482,15423416891.839497,29086122.608673878,30624840.557391826,28780752.657376803,15423722302.277447,32703067.282652244,0.19892988108768173,1770935156.4256003,1770935156.4256003
5.8270962507865365,30,3,15420767709.300297,25213903.508200727,25519848.6695066,15421073692.8072,27058566.61822455,30054459.320698984,-88.23750305175781,-87.44239807128906,1.4742000102996826,-1.3997000455856323,[0. 0. 0.],[0. 0. 0. 1.],8.088195173008208,-2.128195134861235,"(30, 3)",305984.0275707245,305944.8085687086,-15391019233.554993,1538717.9487179518,5.960000038146973,-2.128195134861235,15420767709.147188,25519848.570212338,27058566.51893029,25213903.76164363,15421073693.174759,30054459.619766627,0.18709345387896592,1770935156.4893658,1770935156.4893658
6.830071595179323,31,3,15374942717.178137,44543726.41865256,44848470.464378394,15375247506.565441,46387188.413096346,51444684.85376252,-96.09329986572266,-89.65550231933594,0.0865999981760978,-0.6220999956130981,[0. 0. 0.],[0. 0. 0. 1.],8.413408825323614,-1.5658088421082823,"(31, 3)",304789.4756603241,304743.996644631,-15323802821.608376,1538717.9487179518,6.847599983215332,-1.5658088421082823,15374942717.16001,44848470.365084134,46387188.313802086,44543726.3684395,15375247506.63567,51444685.02729367,0.18372648040944212,1770935156.5758986,1770935156.5758986
4.939253555674996,20,4,15415012573.009577,24064002.297429524,24367877.512399483,15415316481.938852,25906595.46111743,24297254.98384974,-90.58049774169922,-90.86209869384766,-2.843300104141236,2.4028000831604004,[0. 0. 0.],[0. 0. 0. 1.],5.9957967768636635,-0.9991966258016518,"(20, 4)",303909.09830856323,303874.99686999246,-15391019226.935024,1538717.948717948,4.996600151062012,-0.9991966258016518,15415012572.92924,24367877.416366186,25906595.365084134,24064002.419496194,15415316482.027548,24297255.09252304,0.18339700133707793,1770935156.6219144,1770935156.6219144
4.2955792109531545,21,4,15679410273.53965,23714905.964207318,24019440.012399483,15679714836.125742,25558157.96111743,19829963.68549863,-84.19879913330078,-83.7155990600586,0.8241999745368958,-0.6043999791145325,[0. 0. 0.],[0. 0. 0. 1.],6.075795992695039,-1.5653961742746292,"(21, 4)",304563.4890823364,304533.56620592996,-15659884872.686977,1538717.948717948,4.51039981842041,-1.5653961742746292,15679410273.249754,24019439.916366186,25558157.865084134,23714906.350160256,15679714836.738836,19829964.051857974,0.19958264927540115,1770935156.6815932,1770935156.6815932
6.537657648245773,30,4,15676761034.620811,20147615.943610895,20455081.038040508,15677068542.441135,21993798.98675846,17183666.133389316,-81.3280029296875,-81.28160095214844,-0.8501999974250793,0.609000027179718,[0. 0. 0.],[0. 0. 0. 1.],5.940327473034791,0.6578723713255608,"(30, 4)",307508.07542037964,307464.9595602937,-15659884876.380388,1538717.9487179518,6.598199844360352,0.6578723713255608,15676761034.467703,20455080.94200721,21993798.890725162,20147615.982446916,15677068542.543123,17183666.162735377,0.12014591071201348,1770935156.7452257,1770935156.7452257
4.644731759121602,31,4,15623936811.72942,32477753.256949827,32783198.025219996,15624242287.9334,34321915.97393794,31573828.61193731,-83.10910034179688,-83.17510223388672,-1.8198000192642207,1.6678999662399292,[0. 0. 0.],[0. 0. 0. 1.],6.018622700489663,-1.277622525013589,"(31, 4)",305476.4498195648,305444.3515875414,-15592668459.22231,1538717.948717948,4.741000175476074,-1.277622525013589,15623936811.711292,32783197.929186698,34321915.877904646,32477753.577599157,15624242288.161112,31573828.938802082,0.19179582557292732,1770935156.8262327,1770935156.8262327
2.20493404546827,20,5,15675005898.330091,24216069.199129738,24520714.27940108,15675310559.271381,26059432.228119027,15425693.269123629,-88.9937973022461,-88.43990325927734,-4.214200019836426,3.6545000076293945,[0. 0. 0.],[0. 0. 0. 1.],3.059692769990478,-0.6962927875380855,"(20, 5)",304661.23923301697,304644.25893930346,-15659884865.69141,1538717.948717948,2.3633999824523926,-0.6962927875380855,15675005898.249754,24520713.954827726,26059431.903545674,24216069.695888422,15675310559.488987,15425693.797576122,0.18494387395972428,1770935156.8867924,1770935156.8867924
1.7613273130393847,21,5,15944403422.578114,28867489.085789982,29171146.97170877,15944707092.539623,30709864.92042672,15956581.349474562,-82.2853012084961,-82.30249786376953,-1.2107000350952148,0.7663999795913696,[0. 0. 0.],[0. 0. 0. 1.],2.7001653466200923,-0.702365354058752,"(21, 5)",303670.7168960571,303657.0544120595,-15928750511.146013,1538717.948717948,1.9977999925613403,-0.702365354058752,15944403422.288218,29171146.647135418,30709864.595853366,28867489.59272336,15944707093.005114,15956581.85909956,0.16961542538983193,1770935156.9465468,1770935156.9465468
1.7524624083940437,30,5,15925754536.223377,9300205.503346631,9604440.240939537,15926058783.197327,11143158.189657485,64524683.37279788,-80.26969909667969,-80.37850189208984,-2.2844998836517334,2.06469988822937,[0. 0. 0.],[0. 0. 0. 1.],3.307452451537286,-1.4791524523002255,"(30, 5)",304247.0609226227,304234.274839744,-15861534099.606302,1538717.948717948,1.8282999992370603,-1.4791524523002255,15925754536.070269,9604439.916366186,11143157.865084134,9300205.641526442,15926058783.131191,64524683.52488983,0.06781917606157953,1770935156.9944255,1770935156.9944255
1.7164315356961521,31,5,15837931579.357626,53847737.799283996,54153751.13837544,15838237604.991547,55692469.08709338,43919916.91053871,-81.33789825439453,-82.0781021118164,-2.913100004196167,3.1552999019622803,[0. 0. 0.],[0. 0. 0. 1.],2.987940860432817,-1.1697408682529467,"(31, 5)",306025.73492622375,306012.68279246986,-15794317687.690987,1538717.9487179443,1.8181999921798704,-1.1697408682529467,15837931579.339499,54153750.813802086,55692468.76252003,53847738.131009616,15838237605.074425,43919917.3834385,0.14237708671015378,1770935157.0453877,1770935157.0453877
3.1577413636173866,20,11,15817784448.009579,29314870.86942314,29618750.89183213,15818088349.519226,31157468.840550076,23770659.311521348,-84.16300201416016,-84.997802734375,-1.7797000408172607,1.0561000108718872,[0. 0. 0.],[0. 0. 0. 1.],7.238867807619097,-3.9473677160663625,"(20, 11)",303901.96188926697,303879.5823317282,-15794317690.210642,1538717.948717948,3.2915000915527344,-3.9473677160663625,15817784447.929241,29618750.813802082,31157468.76252003,29314871.231470354,15818088349.89113,23770659.68048878,0.20026458529277874,1770935157.086933,1770935157.086933
3.6368967038036573,21,11,16146398206.23196,25966952.120969027,26272997.686703924,16146704275.523724,27811715.635421872,16304529.198763644,-92.94329833984376,-92.9835968017578,1.6520999670028689,-1.5580999851226809,[0. 0. 0.],[0. 0. 0. 1.],6.76620379035099,-3.025203853293495,"(21, 11)",306069.85238838196,306045.485276442,-16130399746.594608,1538717.948717948,3.740999937057495,-3.025203853293495,16146398205.942064,26272997.608673878,27811715.557391826,25966952.123397436,16146704275.794453,16304529.199844752,0.18451477488000873,1770935157.148574,1770935157.148574
2.227375385449811,20,1,16318771226.855736,54341770.0090195,54645553.777559,16319075026.412313,56184271.72627694,54242466.99057719,-89.30460357666016,-88.05709838867188,-3.261399984359741,2.914099931716919,[0. 0. 0.],[0. 0. 0. 1.],5.378421035517765,-3.066220966090275,"(20, 1)",303799.87667655945,303783.52238582075,-16264832559.423258,1538717.9487179443,2.3122000694274902,-3.066220966090275,16318771226.775398,54645553.69841747,56184271.647135414,54341770.17603165,16319075026.652075,54242467.22881611,0.18507823321957304,1770935157.597619,1770935157.597619
2.6836201066381817,21,1,16656385025.14222,59995339.61371627,60303302.17499489,16656693005.571774,61842020.12371284,55778389.98583153,-82.50180053710938,-82.56279754638672,-0.1898999959230423,-0.462799996137619,[0. 0. 0.],[0. 0. 0. 1.],5.464760744195486,-2.608360731225515,"(21, 1)",307981.22308158875,307962.2552333772,-16600914615.854176,1538717.9487179443,2.8564000129699707,-2.608360731225515,16656385024.852324,60303302.095853366,61842020.04457131,59995339.84061999,16656693006.075405,55778390.221228965,0.1776569684211941,1770935157.6586218,1770935157.6586218
2.8387877657035268,31,1,16767909656.280706,34104589.357813135,34410056.9826872,16768215143.415182,35948774.93140515,32867710.366589352,-88.10379791259766,-89.1895980834961,-2.235100030899048,1.569200038909912,[0. 0. 0.],[0. 0. 0. 1.],5.403218332373771,-2.50261837586132,"(31, 1)",305487.2483482361,305467.3101963103,-16735347432.970938,1538717.9487179518,2.900599956512451,-2.50261837586132,16767909656.262579,34410056.90354567,35948774.85226362,34104589.59334936,16768215143.510927,32867710.539988983,0.18512337519717784,1770935157.9714327,1770935157.9714327
4.576246996617771,20,2,16786759199.612148,46084360.348838925,46390393.528522536,16787065265.54504,47929111.47724048,51717840.78250833,-85.11799621582031,-85.41130065917969,-6.974599838256836,7.35830020904541,[0. 0. 0.],[0. 0. 0. 1.],5.780256972993651,-1.0679571492326643,"(20, 2)",306066.37808036804,306032.71484375,-16735347424.754667,1538717.9487179443,4.712299823760986,-1.0679571492326643,16786759199.53181,46390393.442007214,47929111.39072516,46084360.727163464,16787065265.909891,51717841.155223355,0.1982145207119423,1770935158.067762,1770935158.067762
4.0686569948704445,21,2,17123372949.821709,50739021.49920765,51042805.387496896,17123676762.145206,52581523.33621484,52247281.46887166,-91.31809997558594,-91.05069732666016,-4.05679988861084,4.148099899291992,[0. 0. 0.],[0. 0. 0. 1.],6.2983455293594135,-2.1023454301772846,"(21, 2)",303812.96011161804,303783.72583634406,-17071429480.935183,1538717.9487179443,4.196000099182129,-2.1023454301772846,17123372949.531813,51042805.300981574,52581523.24969952,50739021.57514523,17123676762.491924,52247281.55674078,0.18347931614041874,1770935158.1255934,1770935158.1255934
4.316667585295403,30,2,17120723342.313128,47169594.85565202,47474399.938778944,17121028177.722948,49013117.887496896,49598698.21842425,-85.94670104980469,-85.96040344238281,-5.3094000816345215,4.820499897003174,[0. 0. 0.],[0. 0. 0. 1.],5.370857095168491,-0.896457051680942,"(30, 2)",304836.00322914124,304804.64054988325,-17071429479.58928,1538717.9487179518,4.474400043487549,-0.896457051680942,17120723342.160019,47474399.85226362,49013117.800981574,47169595.21171374,17121028178.163248,49598698.57396835,0.1949880270870882,1770935158.1893091,1770935158.1893091
5.085914846973309,31,2,17049902957.56276,41501751.35953781,41807717.24647125,17050208959.18639,43346435.1951892,45995891.3001852,-89.86759948730469,-90.25389862060548,-6.406499862670898,5.737800121307373,[0. 0. 0.],[0. 0. 0. 1.],5.909298044654857,-0.7825981201858632,"(31, 2)",306001.68081474304,305965.65442207456,-17004213067.799164,1538717.9487179518,5.126699924468994,-0.7825981201858632,17049902957.544632,41807717.159955926,43346435.10867388,41501751.50553385,17050208959.225447,45995891.42628205,0.18350842508242468,1770935158.250887,1770935158.250887
6.611918316807748,20,3,17021771467.240355,9822262.873675484,10128526.554121986,17022077775.141996,11667244.502839936,17864698.711182125,-91.34980010986328,-91.05809783935548,-0.4050999879837036,0.4869999885559082,[0. 0. 0.],[0. 0. 0. 1.],8.333480663273496,-1.6698806953169534,"(20, 3)",306308.0616493225,306263.490334535,-17004213076.406687,1538717.94871795,6.663599967956543,-1.6698806953169534,17021771467.160017,10128526.454827724,11667244.403545674,9822262.964493189,17022077775.221666,17864698.814978965,0.18348503325646098,1770935158.296587,1770935158.296587
5.917133113055692,21,3,17355366948.219143,11459860.836386876,11763815.015660448,17355670941.101437,13302532.964378396,15375808.92897149,-85.1094970703125,-84.80000305175781,2.3598999977111816,-2.719399929046631,[0. 0. 0.],[0. 0. 0. 1.],8.658882207513464,-2.521282262445105,"(21, 3)",303993.8119735718,303953.6852714345,-17340295132.415047,1538717.948717948,6.137599945068359,-2.521282262445105,17355366947.929245,11763814.916366186,13302532.865084134,11459861.231094752,17355670941.74122,15375809.326171875,0.19936471759233948,1770935158.3575826,1770935158.3575826
5.8153444981123155,30,3,17369716843.915688,24890155.505678784,25196988.092583522,17370023714.84622,26735706.04130147,29728584.31506687,-87.8677978515625,-87.50910186767578,1.3997000455856323,-1.7378000020980835,[0. 0. 0.],[0. 0. 0. 1.],8.088195173008208,-2.1372950951883833,"(30, 3)",306871.4474411011,306832.2127904631,-17340295130.59964,1538717.948717948,5.950900077819824,-2.1372950951883833,17369716843.762577,25196987.993289262,26735705.94200721,24890155.7804988,17370023715.21002,29728584.610376604,0.18752535909028314,1770935158.4383063,1770935158.4383063
6.826006844413815,31,3,17337896122.626858,58222139.768188626,58528766.93873737,17338202795.129105,60067484.887455314,65124076.07542019,-93.92960357666016,-89.2332992553711,0.4684000015258789,-0.2896000146865845,[0. 0. 0.],[0. 0. 0. 1.],8.413408825323614,-1.5591088031983702,"(31, 3)",306672.6136856079,306627.0720653087,-17273078718.950382,1538717.9487179443,6.854300022125244,-1.5591088031983702,17337896122.60873,58528766.83944311,60067484.788161054,58222139.7673778,17338202795.222416,65124076.272035256,0.18342870659064184,1770935158.5398073,1770935158.5398073
4.9102137197432905,20,4,17271614912.753174,65818106.52806921,66122092.25598922,17271918932.054443,444399.9482969208,66056628.442411,-90.7397003173828,-91.3856964111328,-2.7334001064300537,2.4744999408721924,[0. 0. 0.],[0. 0. 0. 1.],5.9957967768636635,-1.0328966151204995,"(20, 4)",304019.4467391968,303985.51745292544,-17205862303.592056,-65677692.307692304,4.962900161743164,-1.0328966151204995,17271614912.672836,66122092.159955926,444399.8522636218,65818106.642503,17271918932.119576,66056628.52751903,0.18344469616451978,1770935158.6058266,1770935158.6058266
4.311210212821612,21,4,17680358550.783237,8171885.077384451,8476427.191886665,17680663121.493484,10015145.140604613,4285941.126187571,-84.92479705810547,-84.01820373535156,0.664900004863739,-0.6128000020980835,[0. 0. 0.],[0. 0. 0. 1.],6.075795992695039,-1.5466960514413772,"(21, 4)",304571.6271018982,304541.62597656343,-17676377180.614033,1538717.948717948,4.529099941253662,-1.5466960514413772,17680358550.49334,8476427.095853366,10015145.044571314,8171885.4698768025,17680663122.12044,4285941.506410256,0.20036369847248683,1770935158.6850114,1770935158.6850114
4.8707440945276,30,4,17700708206.09517,27601442.56700657,27908895.14060461,17701015691.387268,29447613.08932256,24638512.974282704,-94.6812973022461,-96.22550201416016,-0.4507000148296356,0.2440000027418136,[0. 0. 0.],[0. 0. 0. 1.],5.940327473034791,-1.031427688946656,"(30, 4)",307485.4611129761,307452.50212840736,-17676377178.48563,1538717.948717948,4.908899784088135,-1.031427688946656,17700708205.94206,27908895.044571314,29447612.993289262,27601442.542442907,17701015691.40317,24638512.91754307,0.18645648617718946,1770935158.7693524,1770935158.7693524
4.61597955051622,31,4,17631889143.460186,23934576.897958416,24240097.063681535,17632194694.857426,25778815.012399483,23033927.78105612,-83.98090362548828,-83.42639923095703,-1.670699954032898,1.833699941635132,[0. 0. 0.],[0. 0. 0. 1.],6.018622700489663,-1.2945225875746242,"(31, 4)",305551.6639137268,305519.6908804104,-17609160766.977215,1538717.948717948,4.724100112915039,-1.2945225875746242,17631889143.44206,24240096.967648238,25778814.916366186,23934577.276767828,17632194695.105972,23033928.12875601,0.19816916173222882,1770935158.8328645,1770935158.8328645
2.2186283160382185,20,5,17537521787.753166,4664047.91746608,4968622.93324723,17537826378.7056,6507340.881965179,63098435.70202199,-87.8927993774414,-88.40750122070312,-4.1956000328063965,3.688899993896485,[0. 0. 0.],[0. 0. 0. 1.],3.059692769990478,-0.6727928218703609,"(20, 5)",304591.2522544861,304574.13110977504,-17474727942.692738,1538717.948717949,2.386899948120117,-0.6727928218703609,17537521787.67283,4968622.608673878,6507340.557391827,4664048.477564103,17537826378.925083,63098436.23234675,0.18618868855250237,1770935158.8776405,1770935158.8776405
1.8083651478284255,21,5,17932352036.360153,321563.38062940136,625658.1896574864,17932656143.50346,2164376.138375435,54629734.59572394,-81.94539642333984,-82.41929626464844,-0.975000023841858,0.7404000163078308,[0. 0. 0.],[0. 0. 0. 1.],2.7001653466200923,-0.6612654480910396,"(21, 5)",304107.9164161682,304094.0348307292,-17878026408.863598,1538717.948717949,2.0388998985290527,-0.6612654480910396,17932352036.070255,625657.8650841346,2164375.8138020835,321563.83025340544,17932656143.98667,54629735.12307192,0.1650586339689624,1770935158.9345639,1770935158.9345639
1.7242411377005498,30,5,17913702645.197727,47968168.317543566,48272404.98452928,17914006893.940594,49811122.93324723,35980486.56461821,-80.42179870605469,-80.66680145263672,-2.239799976348877,1.865399956703186,[0. 0. 0.],[0. 0. 0. 1.],3.307452451537286,-1.497352492163812,"(30, 5)",304248.87632751465,304236.184144631,-17878026407.15775,1538717.9487179518,1.810099959373474,-1.497352492163812,17913702645.044617,48272404.659955926,49811122.60867388,47968168.475811295,17914006893.920944,35980486.76319611,0.07583072985082812,1770935158.9822855,1770935158.9822855
1.7162799933423758,31,5,17870883470.383255,3084368.877435751,3390377.7409395375,17871189491.531227,4929095.689657487,60379495.71096934,-82.0781021118164,-81.7041015625,-3.3341000080108643,3.181299924850464,[0. 0. 0.],[0. 0. 0. 1.],2.987940860432817,-1.1589408642475143,"(31, 5)",306021.1807670593,306008.066030649,-17810809995.430233,1538717.948717949,1.8289999961853027,-1.1589408642475143,17870883470.365128,3390377.416366186,4929095.365084135,3084369.350335537,17871189491.545895,60379496.11566006,0.15227330296830888,1770935159.0731566,1770935159.0731566
3.2403789100675797,20,11,17805557164.355724,592215.7657667883,896098.6482423862,17805861069.25836,2434816.596960335,62267481.52086735,-82.93579864501953,-83.06880187988281,-1.7797000408172607,1.1986000537872314,[0. 0. 0.],[0. 0. 0. 1.],7.238867807619097,-3.88826780342293,"(20, 11)",303905.2796974182,303882.5245392629,-17743593587.74043,1538717.9487179487,3.350600004196167,-3.88826780342293,17805557164.275387,896098.5702123397,2434816.5189302885,592216.0456730769,17805861069.555084,62267481.81465345,0.18928983994792736,1770935159.1397166,1770935159.1397166
3.6550229213238055,21,11,18198345161.36015,61424893.18806673,61730553.77644752,18198650845.817966,63269271.725165464,51758791.910267666,-92.13050079345705,-93.49220275878906,1.4808000326156616,-1.8066999912261963,[0. 0. 0.],[0. 0. 0. 1.],6.76620379035099,-3.005203872366981,"(21, 11)",305685.0022506714,305660.47864082456,-18146892054.177345,1538717.9487179443,3.760999917984009,-3.005203872366981,18198345161.07025,61730553.69841747,63269271.647135414,61424893.219776645,18198650846.072502,51758791.89515725,0.1843602322818574,1770935159.2005646,1770935159.2005646
2.2115628577917676,20,1,18325501571.406994,44573463.57189423,44878718.84166156,18325806842.391697,46417436.79037951,44481975.418526106,-89.76709747314453,-88.52400207519531,-2.863800048828125,2.8152999877929688,[0. 0. 0.],[0. 0. 0. 1.],5.378421035517765,-3.089821067561222,"(20, 1)",305271.2777938843,305255.04870292544,-18281324866.974693,1538717.9487179518,2.288599967956543,-3.089821067561222,18325501571.326656,44878718.76252003,46417436.71123798,44573463.713817105,18325806842.60445,44481975.62975761,0.18432205736422588,1770935159.6650534,1770935159.6650534
2.5701136457373983,21,1,18719331691.808853,39233373.47002717,39540249.29037951,18719638584.805706,41078967.23909745,35015251.599724665,-82.85030364990234,-82.99510192871094,-0.3064000010490417,-0.4088000059127807,[0. 0. 0.],[0. 0. 0. 1.],5.464760744195486,-2.7073607083373314,"(21, 1)",306893.8426513672,306875.4695012048,-18684623333.474213,1538717.9487179443,2.7574000358581543,-2.7073607083373314,18719331691.518955,39540249.21123798,41078967.159955926,39233373.74173678,18719638585.361607,35015251.88739483,0.18767930025717106,1770935159.7216184,1770935159.7216184
2.8257311723446605,31,1,18826860762.0499,9342761.325598547,9647629.098071815,18827165649.27164,11186347.046789765,8109498.415216127,-87.8677978515625,-88.10009765625,-2.268699884414673,1.788100004196167,[0. 0. 0.],[0. 0. 0. 1.],5.403218332373771,-2.5042184029456704,"(31, 1)",304887.39796447754,304867.444160657,-18819056150.77877,1538717.94871795,2.8989999294281006,-2.5042184029456704,18826860762.031773,9647629.018930288,11186346.967648238,9342761.574769631,18827165649.429737,8109498.6509665465,0.18662188634824778,1770935160.0301564,1770935160.0301564
4.616059891515759,20,2,18779489904.74032,22307770.5684438,22613214.04134305,18779795381.215416,24151931.990060996,27955648.69801547,-84.6405029296875,-85.45099639892578,-7.220499992370605,6.977399826049805,[0. 0. 0.],[0. 0. 0. 1.],5.780256972993651,-1.0278570515764143,"(20, 2)",305476.91931915283,305443.00568409637,-18751839732.509537,1538717.948717948,4.752399921417236,-1.0278570515764143,18779489904.65998,22613213.954827726,24151931.903545674,22307770.94914363,18779795381.5793,27955649.06976162,0.19911515897161047,1770935160.1247153,1770935160.1247153
4.080332615095238,21,2,19183319688.603714,26968448.380644206,27272260.51570202,19183623529.239655,28810978.46441997,28485330.55204726,-91.35369873046876,-91.08419799804688,-4.285900115966797,3.9021999835968018,[0. 0. 0.],[0. 0. 0. 1.],6.2983455293594135,-2.0911454790054096,"(21, 2)",303841.2710342407,303811.9741586521,-19155138198.946453,1538717.948717948,4.207200050354004,-2.0911454790054096,19183319688.313816,27272260.429186698,28810978.377904646,26968448.455028046,19183623529.58485,28485330.638396434,0.1834897365470197,1770935160.1854734,1770935160.1854734
4.337986204558048,30,2,19164669984.941288,7396919.741749304,7701435.1951891985,19164974530.85295,9240153.143907147,9836333.352805108,-85.79049682617188,-85.8594970703125,-5.127799987792969,4.991799831390381,[0. 0. 0.],[0. 0. 0. 1.],5.370857095168491,-0.8737572187646823,"(30, 2)",304546.5087890625,304515.00525841303,-19155138197.584904,1538717.948717948,4.497099876403809,-0.8737572187646823,19164669984.788177,7701435.108673878,9240153.057391826,7396920.103415465,19164974531.296967,9836333.712064303,0.19562091666377765,1770935160.2332006,1770935160.2332006
5.062076490987905,31,2,19076854672.306305,51948471.29472191,52254295.77211228,19077160532.40403,53793013.720830224,56455157.04466559,-90.0875015258789,-90.84439849853516,-6.557400226593018,5.935299873352051,[0. 0. 0.],[0. 0. 0. 1.],5.909298044654857,-0.8124981941909901,"(31, 2)",305860.12620162964,305824.2563100979,-19020705375.272327,1538717.9487179443,5.096799850463867,-0.8124981941909901,19076854672.288177,52254295.68559696,53793013.6343149,51948471.42928686,19077160532.41438,56455157.142052285,0.18340574514582952,1770935160.2833552,1770935160.2833552
6.616087882559851,20,3,18938267701.214672,44257899.18383306,44562717.25925019,18938572563.57585,46101435.20796814,52300000.153395124,-91.23999786376952,-90.8656997680664,-0.5895000100135803,0.4693000018596649,[0. 0. 0.],[0. 0. 0. 1.],8.333480663273496,-1.6636808585859963,"(20, 3)",304862.53004837036,304817.8804837689,-18886272563.39833,1538717.9487179518,6.6697998046875,-1.6636808585859963,18938267701.134335,44562717.159955926,46101435.10867388,44257899.27947216,18938572563.664383,52300000.26605068,0.18344426231010816,1770935160.339682,1770935160.339682
5.911899565346865,21,3,19398314135.719093,37919976.08288175,38226467.25925019,19398620665.60066,39765185.20796814,41833225.9550362,-85.07949829101562,-86.1720962524414,2.686800003051758,-3.107800006866455,[0. 0. 0.],[0. 0. 0. 1.],8.658882207513464,-2.531482286096228,"(21, 3)",306530.7773704529,306490.68196614087,-19356787439.888206,1538717.9487179518,6.127399921417236,-2.531482286096228,19398314135.429195,38226467.159955926,39765185.10867388,37919976.477989785,19398620666.206566,41833226.318359375,0.19674483907262078,1770935160.400617,1770935160.400617
5.8524711280294035,30,3,19394663975.325897,33348116.911052875,33652557.00283993,19394968453.93837,35191274.95155788,38181015.33935926,-89.1488037109375,-88.22200012207031,1.2059999704360962,-1.791800022125244,[0. 0. 0.],[0. 0. 0. 1.],8.088195173008208,-2.1173952500650923,"(30, 3)",304479.0884170532,304439.79116586223,-19356787438.667503,1538717.9487179518,5.970799922943115,-2.1173952500650923,19394663975.172787,33652556.90354567,35191274.85226362,33348117.112379808,19394968454.261204,38181015.59369992,0.18503161993876788,1770935160.4633145,1770935160.4633145
6.332959611886965,31,3,19323848959.165276,27683615.333263505,27990097.066942498,19324155483.526543,29528815.015660446,34584459.7228095,-95.23690032958984,-100.60050201416016,0.3343000113964081,-0.9182000160217284,[0. 0. 0.],[0. 0. 0. 1.],8.413408825323614,-2.1019087528443663,"(31, 3)",306524.17304992676,306481.6675430685,-19289571023.70043,1538717.948717948,6.311500072479248,-2.1019087528443663,19323848959.14715,27990096.967648238,29528814.916366186,27683615.30010517,19324155483.320198,34584459.61976662,0.18768138354782907,1770935160.5247824,1770935160.5247824
4.957011042968318,20,4,19178261539.355694,23183698.70863546,23487621.10214307,19178565495.585217,25026339.050861023,23427294.286931343,-89.78099822998047,-90.98809814453124,-2.6468000411987305,2.687700033187866,[0. 0. 0.],[0. 0. 0. 1.],5.9957967768636635,-0.9761968623128823,"(20, 4)",303956.3927268982,303922.1347906627,-19155138201.27831,1538717.9487179518,5.019599914550781,-0.9761968623128823,19178261539.275356,23487621.006109774,25026338.954827726,23183698.87131911,19178565495.668083,23427294.389773637,0.1834224498873163,1770935160.5796573,1770935160.5796573
4.286158813106519,21,4,19638307933.796013,16846357.055424813,17152260.525219996,19638613865.724712,18690978.473937944,12960788.07806256,-84.07140350341797,-83.80339813232422,0.3585000038146972,-0.664900004863739,[0. 0. 0.],[0. 0. 0. 1.],6.075795992695039,-1.5746959293710647,"(21, 4)",305932.83628845215,305902.99166165665,-19625653077.893387,1538717.948717948,4.501100063323975,-1.5746959293710647,19638307933.506115,17152260.429186698,18690978.377904646,16846357.43752504,19638613866.342403,12960788.44901843,0.1995209234383854,1770935160.6405034,1770935160.6405034
4.480229843910647,30,4,19634657709.30025,12274058.868948761,12581106.679066151,19634964787.11952,14119824.627784101,9311710.754229492,-97.60700225830078,-95.77400207519533,-0.1721999943256378,0.7505999803543091,[0. 0. 0.],[0. 0. 0. 1.],5.940327473034791,-1.4287274554871834,"(30, 4)",307077.9966697693,307047.7920923475,-19625653076.43793,1538717.94871795,4.511600017547607,-1.4287274554871834,19634657709.14714,12581106.583032852,14119824.531750802,12274058.790940505,19634964787.14381,9311710.705879407,0.18732948472219615,1770935160.7032022,1770935160.7032022
4.650656194810914,31,4,19564843246.024242,7609724.589405871,7914872.704707177,19565148425.592636,9453590.653425125,6711761.0334677985,-83.39700317382812,-83.06120300292969,-1.4769999980926514,1.791800022125244,[0. 0. 0.],[0. 0. 0. 1.],6.018622700489663,-1.2696226280104153,"(31, 4)",305179.8033103943,305147.673778045,-19558436664.46002,1538717.948717948,4.749000072479248,-1.2696226280104153,19564843246.006115,7914872.608673878,9453590.557391826,7609724.934895833,19565148425.809425,6711761.349409054,0.19310659439583142,1770935160.765788,1770935160.765788
2.202242228943872,20,5,19420255337.43261,5329852.281854914,5634496.330683128,19420559997.333786,7173214.279401076,63772567.27596269,-87.88030242919922,-88.85970306396484,-4.607200145721436,3.944999933242798,[0. 0. 0.],[0. 0. 0. 1.],3.059692769990478,-0.6929928359847408,"(20, 5)",304660.17502975464,304643.1634364985,-19356787429.74698,1538717.948717948,2.3666999340057373,-0.6929928359847408,19420255337.352272,5634496.006109776,7173213.954827724,5329852.8426732775,19420559997.5273,63772567.78032352,0.18569877994337655,1770935160.8217185,1770935160.8217185
1.7926334812223457,21,5,19896301259.11652,14992676.885077775,15296699.856324153,19896605294.313908,16835417.805042103,2086577.6982584973,-82.19509887695312,-83.24449920654297,-1.36899995803833,0.9656999707221984,[0. 0. 0.],[0. 0. 0. 1.],2.7001653466200923,-0.6561654362654781,"(21, 5)",304036.0670814514,304022.154196715,-19894518716.571514,1538717.948717948,2.0439999103546143,-0.6561654362654781,19896301258.826622,15296699.531750802,16835417.48046875,14992677.377554087,19896605294.893703,2086578.3221905048,0.18211285841565555,1770935160.8985353,1770935160.8985353
1.7420566051085715,30,5,19915650377.569477,33419310.899639618,33723622.93324723,19915954701.785614,35262340.88196518,21435986.654777557,-80.27369689941406,-80.78829956054688,-2.1373000144958496,2.217400074005127,[0. 0. 0.],[0. 0. 0. 1.],3.307452451537286,-1.4791524523002255,"(30, 5)",304324.37211990356,304311.5703876205,-19894518714.91261,1538717.9487179518,1.8282999992370603,-1.4791524523002255,19915650377.416367,33723622.60867388,35262340.55739183,33419311.038286258,19915954701.788486,21435986.8758764,0.07496729728164875,1770935160.9842992,1770935160.9842992
1.68002914269916,31,5,19861836194.742188,44754800.68566869,45060602.099913895,19862142008.226418,46599320.04863185,34839704.85474855,-81.85749816894531,-81.48280334472656,-2.959700107574463,3.09660005569458,[0. 0. 0.],[0. 0. 0. 1.],2.987940860432817,-1.207540822667314,"(31, 5)",305813.47343063354,305800.65604967624,-19827302302.981644,1538717.9487179518,1.780400037765503,-1.207540822667314,19861836194.72406,45060601.77534054,46599319.724058494,44754801.119290866,19862142008.19749,34839705.215845354,0.14097650568846937,1770935161.0627701,1770935161.0627701
3.213156155634434,20,11,19699248534.54799,12221129.99372283,12524888.71234495,19699552315.07096,14063606.661062898,6682829.7254611105,-83.50520324707031,-83.34140014648438,-1.6893999576568604,0.8436999917030334,[0. 0. 0.],[0. 0. 0. 1.],7.238867807619097,-3.904267835847857,"(20, 11)",303780.92448043823,303758.31017127447,-19692869485.34844,1538717.948717948,3.33459997177124,-3.904267835847857,19699248534.46765,12524888.634314904,14063606.583032852,12221130.32414363,19699552315.39213,6682830.0436949115,0.19566964893221891,1770935161.1126583,1770935161.1126583
3.626296385926031,21,11,20172294127.706257,18884704.953287955,19190561.789268028,20172600008.26008,20729279.737985976,9215646.8635676,-92.6604995727539,-93.03009796142578,1.491000056266785,-1.7890000343322754,[0. 0. 0.],[0. 0. 0. 1.],6.76620379035099,-3.034603744193153,"(21, 11)",305881.11290359497,305856.7457932718,-20163384361.666157,1538717.948717948,3.731600046157837,-3.034603744193153,20172294127.41636,19190561.711237982,20729279.65995593,18884704.96544471,20172600008.529263,9215646.86310597,0.18442223434717905,1770935161.1745338,1770935161.1745338
2.2917935972495522,20,1,20132018943.201824,36241789.70797511,36547188.39294361,20132324358.05682,38085906.34166156,36156413.75371043,-89.80039978027344,-89.34449768066406,-2.90939998626709,2.94569993019104,[0. 0. 0.],[0. 0. 0. 1.],5.378421035517765,-3.0168211133375893,"(20, 1)",305415.1016654968,305398.46567007154,-20096167944.304634,1538717.9487179443,2.361599922180176,-3.0168211133375893,20132018943.121487,36547188.313802086,38085906.26252003,36241789.848132014,20132324358.223152,36156413.91851963,0.18381401829908747,1770935161.6007254,1770935161.6007254
2.632774363420734,21,1,20659281539.56522,29907398.71308757,30214303.777558994,20659588462.243076,31753021.726276945,25689231.695145994,-83.45790100097656,-83.23159790039062,0.1098000034689903,-0.0260000005364418,[0. 0. 0.],[0. 0. 0. 1.],5.464760744195486,-2.632760727029348,"(21, 1)",306923.5464248657,306904.6568259187,-20633899230.816162,1538717.9487179518,2.8320000171661377,-2.632760727029348,20659281539.275322,30214303.698417466,31753021.647135418,29907399.041591547,20659588462.821747,25689232.005583934,0.19471930556273231,1770935161.6615398,1770935161.6615398
2.931360488134892,30,1,20656631026.60792,26333742.11351275,26637701.21345643,20656935005.566498,28176419.16217438,23035776.299931593,-83.44429779052734,-83.52680206298828,-1.0047999620437622,0.7394000291824341,[0. 0. 0.],[0. 0. 0. 1.],5.318561597208403,-2.236561580042265,"(30, 1)",303979.53913497925,303958.6932842545,-20633899229.360706,1538717.9487179518,3.0820000171661377,-2.236561580042265,20656631026.45481,26637701.134314902,28176419.083032854,26333742.441030648,20656935005.993946,23035776.63323818,0.1963481793695921,1770935161.7252154,1770935161.7252154
2.7928214171277403,31,1,20586818991.216526,21670707.537201513,21974568.200635917,20587122871.101475,23513286.149353866,20440053.547125306,-88.09819793701172,-87.71910095214844,-1.9733999967575075,1.6418999433517456,[0. 0. 0.],[0. 0. 0. 1.],5.403218332373771,-2.5358184014197915,"(31, 1)",303880.0831336975,303860.34843249246,-20566682817.476696,1538717.948717948,2.8673999309539795,-2.5358184014197915,20586818991.1984,21974568.12149439,23513286.070212338,21670707.773061898,20587122871.281532,20440053.80483774,0.1868458829213304,1770935161.7878447,1770935161.7878447
4.594111954940151,20,2,20374012741.278744,3624146.176475352,3930056.9900609935,20374318684.929646,5468774.938778942,9285106.148883227,-84.98490142822266,-84.79830169677734,-7.552000045776367,7.407700061798096,[0. 0. 0.],[0. 0. 0. 1.],5.780256972993651,-1.0485570294511701,"(20, 2)",305944.1043167114,305910.3471804885,-20365033578.7729,1538717.948717949,4.7316999435424805,-1.0485570294511701,20374012741.198406,3930056.903545673,5468774.852263622,3624146.5563651845,20374318685.302723,9285106.529822716,0.19955339633910876,1770935161.8426085,1770935161.8426085
4.070433314183343,21,2,20901275281.55239,64506605.47027712,64812372.6951892,20901581077.22653,66351090.64390715,66032622.16000517,-90.4916000366211,-92.31490325927734,-4.266300201416016,4.065199851989746,[0. 0. 0.],[0. 0. 0. 1.],6.2983455293594135,-2.1026453607497944,"(21, 2)",305796.2583885193,305767.0241135806,-20835548455.325367,1538717.9487179518,4.195700168609619,-2.1026453607497944,20901275281.262493,64812372.60867388,66351090.55739183,64506605.5845603,20901581077.52088,66032622.195512824,0.18351989343479286,1770935161.9050097,1770935161.9050097
4.32735416882939,30,2,20914624287.825863,9715461.010219036,10020040.964419968,20914928898.207928,11558758.913137916,12164034.244607635,-86.39330291748047,-86.06729888916016,-5.355100154876709,5.046800136566162,[0. 0. 0.],[0. 0. 0. 1.],5.370857095168491,-0.889257287429233,"(30, 2)",304610.97130203247,304579.5303735975,-20902764864.048077,1538717.948717948,4.481599807739258,-0.889257287429233,20914624287.672752,10020040.877904648,11558758.826622596,9715461.34753105,20914928898.644054,12164034.595978566,0.19363951558903367,1770935161.9832752,1770935161.9832752
5.05097096462246,31,2,20882811963.97293,43051363.961301975,43357324.61826612,20883117960.18005,44896042.56698407,47569507.91329912,-90.22630310058594,-91.20919799804688,-6.388800144195557,6.174600124359131,[0. 0. 0.],[0. 0. 0. 1.],5.909298044654857,-0.8270979943008534,"(31, 2)",305996.21894836426,305960.4429587275,-20835548452.17971,1538717.9487179518,5.082200050354004,-0.8270979943008534,20882811963.954803,43357324.5317508,44896042.48046875,43051364.08879207,20883117960.17375,47569507.99404047,0.18339576965200316,1770935162.0837607,1770935162.0837607
6.628604739105683,20,3,20669005169.163353,27367690.614395674,27674287.772070702,20669311810.650566,29213005.72078865,35412580.358030684,-91.95359802246094,-90.82679748535156,-0.7430999875068665,0.67330002784729,[0. 0. 0.],[0. 0. 0. 1.],8.333480663273496,-1.6553805541731546,"(20, 3)",306641.6579017639,306596.99268830195,-20633899230.26841,1538717.948717948,6.678100109100342,-1.6553805541731546,20669005169.083015,27674287.672776442,29213005.62149439,27367690.68008814,20669311810.740917,35412580.47250601,0.18353624423629628,1770935162.1376915,1770935162.1376915
5.952473545280556,21,3,21196267661.360077,21035020.65264287,21338935.20796814,21196571614.804905,22877653.156686086,24941097.766746897,-84.5907974243164,-84.93569946289062,2.427900075912476,-2.7771999835968018,[0. 0. 0.],[0. 0. 0. 1.],8.658882207513464,-2.4857822128540406,"(21, 3)",303954.3738746643,303914.05936999246,-21171630517.280743,1538717.948717948,6.173099994659424,-2.4857822128540406,21196267661.07018,21338935.108673878,22877653.057391826,21035021.049303886,21196571615.444054,24941098.1633113,0.1999012547347724,1770935162.19859,1770935162.19859
6.763338394790736,31,3,21310801795.70369,65361495.35520798,65667821.42591686,21311108166.67253,67206539.3746348,5044832.156077709,-103.88670349121094,-89.44309997558594,0.4348999857902527,-0.6984000205993652,[0. 0. 0.],[0. 0. 0. 1.],8.413408825323614,-1.6412087177491514,"(31, 3)",306371.06871032715,306326.09049479663,-21306063334.41315,1538717.9487179443,6.772200107574463,-1.6412087177491514,21310801795.685562,65667821.3266226,67206539.27534054,65361495.2361278,21311108166.754272,5044832.3411207935,0.18403822866365951,1770935162.5141993,1770935162.5141993
4.965235199422444,20,4,21081994568.2018,44852084.58879452,45156234.88419435,21082298752.36392,46694952.8329123,45101063.76099046,-90.58719635009766,-90.1323013305664,-2.6319000720977783,1.9874000549316408,[0. 0. 0.],[0. 0. 0. 1.],5.9957967768636635,-0.9678965579000405,"(20, 4)",304184.36686325073,304150.0776241943,-21037197688.582954,1538717.9487179518,5.027900218963623,-0.9678965579000405,21081994568.121464,45156234.788161054,46694952.736879006,44852084.71053686,21082298752.488327,45101063.905373596,0.18342035083979621,1770935162.563525,1770935162.563525
4.343896453070321,21,4,21619256715.847248,48520236.11690378,48824087.44829692,21619560596.011448,50362805.39701487,44631620.86634539,-83.80130004882812,-83.75070190429688,0.3714999854564667,-0.3910999894142151,[0. 0. 0.],[0. 0. 0. 1.],6.075795992695039,-1.519095763050264,"(21, 4)",303881.0690841675,303850.8645082116,-21574928975.391834,1538717.9487179518,4.556700229644775,-1.519095763050264,21619256715.55735,48824087.35226362,50362805.300981574,48520236.48775541,21619560596.626434,44631621.23460036,0.19870693540153953,1770935162.6214955,1770935162.6214955
5.766062183112835,30,4,21600606363.14636,28945809.006660976,29253085.845732816,21600913677.631557,30791803.794450764,25984699.104102783,-96.18900299072266,-81.56420135498047,-0.4032000005245209,0.654699981212616,[0. 0. 0.],[0. 0. 0. 1.],5.940327473034791,-0.1193273738526619,"(30, 4)",307314.7974281311,307276.7991286032,-21574928978.600098,1538717.948717948,5.821000099182129,-0.1193273738526619,21600606362.993248,29253085.749699518,30791803.698417466,28945808.950570915,21600913677.790676,25984699.19057993,0.20037252504928077,1770935162.6692822,1770935162.6692822
4.610188102285501,31,4,21512796843.78061,6284339.253150272,6589231.679066152,21513101767.44503,8127949.6277841,5389205.731706646,-83.40979766845703,-83.84700012207031,-1.5469000339508057,1.337299942970276,[0. 0. 0.],[0. 0. 0. 1.],6.018622700489663,-1.301322762287759,"(31, 4)",304923.9564552307,304891.98342347797,-21507712561.61417,1538717.948717948,4.717299938201904,-1.301322762287759,21512796843.76248,6589231.583032853,8127949.531750801,6284339.599609375,21513101767.718937,5389206.104767628,0.19761693730416224,1770935162.7190173,1770935162.7190173
2.1760180837877297,20,5,21237772444.804363,7995596.4536693515,8300313.638375435,21238077177.703884,9839031.587093383,66446670.910825044,-88.36540222167969,-88.97530364990234,-4.634200096130371,3.5855000019073486,[0. 0. 0.],[0. 0. 0. 1.],3.059692769990478,-0.7243928012709957,"(20, 5)",304733.1668167114,304716.327373798,-21171630506.482212,1538717.948717949,2.3352999687194824,-0.7243928012709957,21237772444.724026,8300313.313802083,9839031.262520032,7995596.986428285,21238077177.890842,66446671.40862881,0.18503363900304157,1770935162.773643,1770935162.773643
1.7762727850495945,21,5,21832251211.03955,1664549.3739139915,1971138.9588882555,21832557812.768658,3509856.907606204,55979609.09877072,-81.47129821777344,-82.76200103759766,-1.1957999467849731,1.0887000560760498,[0. 0. 0.],[0. 0. 0. 1.],2.7001653466200923,-0.7000654492354483,"(21, 5)",306602.54845046997,306588.901617588,-21776578203.62575,1538717.9487179487,2.000099897384644,-0.7000654492354483,21832251210.749653,1971138.6343149038,3509856.5830328525,1664549.7326973157,21832557813.298103,55979609.672350764,0.16059120634720894,1770935162.834463,1770935162.834463
1.7559085830199432,30,5,21828600409.620712,64305756.68979455,64610433.83068313,21828905099.03104,66149151.77940108,52326896.689462915,-80.19850158691406,-80.15809631347656,-2.2453999519348145,1.9631999731063845,[0. 0. 0.],[0. 0. 0. 1.],3.307452451537286,-1.4806524627906428,"(30, 5)",304689.47190475464,304676.6858223155,-21776578202.123352,1538717.9487179518,1.826799988746643,-1.4806524627906428,21828600409.4676,64610433.506109774,66149151.454827726,64305756.82028746,21828905098.939507,52326896.81615585,0.06541498866145597,1770935162.897156,1770935162.897156
1.6834249500357517,31,5,21757791186.72932,58644214.727929235,58950233.51017031,21758097217.59548,60488951.458888255,48735426.997423515,-81.96910095214844,-81.70659637451172,-3.291199922561645,2.9439001083374023,[0. 0. 0.],[0. 0. 0. 1.],2.987940860432817,-1.1945408112232223,"(31, 5)",306030.8994369507,306018.00380609185,-21709361790.208035,1538717.9487179443,1.7934000492095947,-1.1945408112232223,21757791186.711193,58950233.18559696,60488951.1343149,58644215.181790866,21758097217.61063,48735427.40259415,0.14976779813803173,1770935162.9588718,1770935162.9588718
3.240995874944832,20,11,21462767028.13769,28110068.61466077,28413758.90465264,21463070740.45789,29952476.853370592,22574588.649217818,-83.22129821777344,-83.34010314941406,-1.928699970245361,1.148300051689148,[0. 0. 0.],[0. 0. 0. 1.],7.238867807619097,-3.879867840044024,"(20, 11)",303712.72160339355,303689.9038461521,-21440496151.81161,1538717.9487179518,3.358999967575073,-3.879867840044024,21462767028.057354,28413758.826622594,29952476.775340546,28110068.922776442,21463070740.778957,22574588.967347756,0.19388558331114594,1770935163.004866,1770935163.004866
3.6875504082996153,21,11,22063245233.47544,27779344.40276322,28085056.98157572,22063550970.181087,29623774.930293668,18107121.605133396,-92.52310180664062,-93.24579620361328,1.57669997215271,-1.804900050163269,[0. 0. 0.],[0. 0. 0. 1.],6.76620379035099,-2.9737037712775036,"(21, 11)",305737.25774002075,305712.4837239608,-22045443848.8456,1538717.948717948,3.7925000190734863,-2.9737037712775036,22063245233.185543,28085056.903545674,29623774.852263622,27779344.419821713,22063550970.443283,18107121.59768129,0.18444335907983797,1770935163.0654898,1770935163.0654898
2.223730838509002,20,1,21979753422.368446,1910875.622066832,2214688.392943611,21980057250.90313,3753406.3416615594,1829819.6866330393,-89.53890228271484,-88.22779846191406,-3.281899929046631,3.003499984741211,[0. 0. 0.],[0. 0. 0. 1.],5.378421035517765,-3.0732209355726967,"(20, 1)",303828.8449020386,303812.53756009624,-21978227431.21802,1538717.9487179485,2.3052000999450684,-3.0732209355726967,21979753422.28811,2214688.3138020835,3753406.262520032,1910875.7762419872,21980057251.13301,1829819.9149889823,0.18472395278844808,1770935163.521273,1770935163.521273
2.6234684979838723,21,1,22561232364.885685,49798806.63353195,50104824.610892326,22561538400.407978,51643542.55961028,45579682.64930644,-82.83570098876953,-81.96089935302734,-0.0241999998688697,-0.3705999851226806,[0. 0. 0.],[0. 0. 0. 1.],5.464760744195486,-2.676360809426809,"(21, 1)",306036.2204551697,306017.628205128,-22515958718.026905,1538717.9487179518,2.7883999347686768,-2.676360809426809,22561232364.595787,50104824.5317508,51643542.48046875,49798806.90354567,22561538400.816242,45579682.78933794,0.17257018546609812,1770935163.5635064,1770935163.5635064
2.921318651941363,30,1,22543581739.7489,31223120.856001664,31526715.636533353,22543885354.320698,33065433.5852513,27926637.87468688,-83.41549682617188,-83.04940032958984,-0.92849999666214,0.7925000190734863,[0. 0. 0.],[0. 0. 0. 1.],5.318561597208403,-2.2528615430397014,"(30, 1)",303615.1123046875,303594.3760016002,-22515958716.540154,1538717.948717948,3.065700054168701,-2.2528615430397014,22543581739.59579,31526715.557391826,33065433.506109774,31223121.181390226,22543885354.708096,27926638.16794371,0.1931470367565985,1770935163.6121538,1770935163.6121538
2.8338876743238517,31,1,22473774191.536995,26562560.99098033,26867164.354482073,22474078814.363407,28405882.30320002,25336509.457466956,-87.89459991455078,-87.2114028930664,-2.128999948501587,1.837399959564209,[0. 0. 0.],[0. 0. 0. 1.],5.403218332373771,-2.488718334281119,"(31, 1)",304623.0531349182,304603.03673377633,-22448742304.82829,1538717.948717948,2.914499998092652,-2.488718334281119,22473774191.518867,26867164.275340546,28405882.224058494,26562561.23860677,22474078814.572002,25336509.743714944,0.18801260394301542,1770935163.674899,1770935163.674899
4.62412265729449,20,2,22177748342.24024,59719419.229449786,60025297.37467638,22178054253.41971,61564015.32339433,65394007.95667461,-85.39219665527344,-85.75420379638672,-7.541800022125244,7.150599956512451,[0. 0. 0.],[0. 0. 0. 1.],5.780256972993651,-1.0222570759904768,"(20, 2)",305911.6148338318,305877.685546875,-22112660245.455173,1538717.9487179518,4.757999897003174,-1.0222570759904768,22177748342.1599,60025297.288161054,61564015.236879006,59719419.60261418,22178054253.774734,65394008.319561295,0.19684868321422183,1770935163.721485,1770935163.721485
4.098711622482651,21,2,22779226731.87286,60390720.26706403,60696202.82339433,22779532243.044178,62234920.77211228,61924300.68866042,-90.69850158691406,-92.29509735107422,-4.658400058746338,3.803499937057495,[0. 0. 0.],[0. 0. 0. 1.],6.2983455293594135,-2.0757455461440815,"(21, 2)",305511.756313324,305482.3655348569,-22717607942.614365,1538717.9487179518,4.222599983215332,-2.0757455461440815,22779226731.582962,60696202.736879006,62234920.68559696,60390720.37134415,22779532243.339275,61924300.72490986,0.1835631052428122,1770935163.781587,1770935163.781587
4.319087375647546,30,2,22776575658.018127,56814078.77511015,57118414.361855865,22776880023.982517,58657132.31057382,59272083.12746091,-86.55740356445312,-85.76959991455078,-5.27400016784668,5.05049991607666,[0. 0. 0.],[0. 0. 0. 1.],5.370857095168491,-0.8970569128259616,"(30, 2)",304366.5646286011,304335.17064803094,-22717607940.93981,1538717.9487179518,4.473800182342529,-0.8970569128259616,22776575657.865017,57118414.27534054,58657132.224058494,56814079.10469251,22776880024.429646,59272083.489833735,0.19404004387651802,1770935163.8451445,1770935163.8451445
5.084524433390073,31,2,22722768286.088272,936677.097407054,1242629.1054456092,22723074273.82676,2781347.0541635575,5466334.161460993,-90.11730194091795,-90.18360137939452,-6.383200168609619,6.0954999923706055,[0. 0. 0.],[0. 0. 0. 1.],5.909298044654857,-0.7853981079788319,"(31, 2)",305987.7992286682,305951.7884865786,-22717607939.57826,1538717.9487179485,5.123899936676025,-0.7853981079788319,22722768286.070145,1242629.0189302885,2781346.967648237,936677.2304437099,22723074273.869373,5466334.291115785,0.1834733229014731,1770935163.9237237,1770935163.9237237
6.614915665605877,20,3,22426741964.035103,37476785.549956284,37781964.054121986,22427047186.817368,39320682.00283993,45521290.06166011,-91.0543975830078,-91.5864028930664,-0.6370000243186951,0.4338999986648559,[0. 0. 0.],[0. 0. 0. 1.],8.333480663273496,-1.6683805656172463,"(20, 3)",305222.91917037964,305178.30090644956,-22381525896.731583,1538717.9487179443,6.66510009765625,-1.6683805656172463,22426741963.954765,37781963.954827726,39320681.90354567,37476785.65392128,22427047186.873936,45521290.14235277,0.18352129521915062,1770935163.968035,1770935163.968035
5.925799758891913,21,3,23022220449.821575,32149404.282745767,32453294.182327114,23022524378.49454,33992012.13104506,36050784.846348755,-85.37909698486328,-85.13030242919922,2.4214000701904297,-2.699899911880493,[0. 0. 0.],[0. 0. 0. 1.],8.658882207513464,-2.513782090783728,"(21, 3)",303929.5998573303,303889.4105568938,-22986473593.890774,1538717.9487179443,6.145100116729736,-2.513782090783728,23022220449.531677,32453294.083032854,33992012.0317508,32149404.67247596,23022524379.131535,36050785.240760215,0.1982527855700575,1770935164.0245113,1770935164.0245113
5.80962137604948,30,3,23018569327.889915,27572896.61587461,27877340.656686086,23018873810.22429,29416058.605404034,32400218.07655616,-88.77989959716797,-88.44390106201172,1.2180999517440796,-2.0311999320983887,[0. 0. 0.],[0. 0. 0. 1.],8.088195173008208,-2.158995000583891,"(30, 3)",304482.79747772217,304443.71932592243,-22986473592.216225,1538717.948717948,5.929200172424316,-2.158995000583891,23018569327.736805,27877340.557391826,29416058.506109774,27572896.838065904,23018873810.534283,32400218.318058893,0.1851315695574717,1770935164.087184,1770935164.087184
6.317488302494466,31,3,22964762540.895958,38912757.98762935,39217364.695147626,22965067190.116287,40756082.64386557,45810012.41953492,-97.69159698486328,-98.75140380859376,0.1284999996423721,-0.5037999749183655,[0. 0. 0.],[0. 0. 0. 1.],8.413408825323614,-2.1212087368226378,"(31, 3)",304649.0478515625,304606.68319310993,-22919257177.59345,1538717.9487179443,6.292200088500977,-2.1212087368226378,22964762540.87783,39217364.595853366,40756082.54457131,38912757.912660256,22965067189.925682,45810012.332231574,0.18828506852618804,1770935164.1656806,1770935164.1656806
4.939298363745011,20,4,22669735730.06074,19395045.02301048,19698967.255989227,22670039686.02699,21237685.204707175,19648151.473702602,-90.1593017578125,-91.40170288085938,-2.737099885940552,2.166199922561645,[0. 0. 0.],[0. 0. 0. 1.],5.9957967768636635,-0.9995966921773842,"(20, 4)",303956.1110267639,303921.99394030496,-22650391534.533314,1538717.948717948,4.996200084686279,-0.9995966921773842,22669735729.980404,19698967.15995593,21237685.108673878,19395045.166015625,22670039686.09143,19648151.55811799,0.183397967864395,1770935164.2108955,1770935164.2108955
4.300327347937248,21,4,23264214191.808746,13068269.984118927,13372677.191886665,23264518627.56448,14911395.140604613,9179396.040458335,-83.85540008544922,-83.76100158691406,0.26910001039505,-0.3846000134944916,[0. 0. 0.],[0. 0. 0. 1.],6.075795992695039,-1.562196120105928,"(21, 4)",304436.6611595154,304406.73828125,-23255339231.770752,1538717.948717948,4.513599872589111,-1.562196120105928,23264214191.51885,13372677.095853366,14911395.044571314,13068270.357572116,23264518628.180008,9179396.409254808,0.19889548093818651,1770935164.2666042,1770935164.2666042
5.657802101814537,30,4,23260563013.787346,8491336.937676042,8797332.640604613,23260869047.404,10336050.589322561,5529817.427390207,-81.75469970703125,-95.74109649658205,-0.4329999983310699,0.6797999739646912,[0. 0. 0.],[0. 0. 0. 1.],5.940327473034791,-0.2208274081849373,"(30, 4)",306033.79469680786,305995.4833984375,-23255339230.04925,1538717.948717948,5.7195000648498535,-0.2208274081849373,23260563013.634235,8797332.544571314,10336050.493289262,8491337.061172877,23260869047.428932,5529817.3796824915,0.20021786669024813,1770935164.3291025,1770935164.3291025
4.6633048586359855,31,4,23206756803.716465,19831345.963623766,20136010.525219996,23207061499.8149,21674728.473937944,18938681.409660492,-82.77359771728516,-83.8208999633789,-1.666100025177002,1.4500000476837158,[0. 0. 0.],[0. 0. 0. 1.],6.018622700489663,-1.257722679890298,"(31, 4)",304696.3892250061,304664.18144030496,-23188122818.306087,1538717.948717948,4.760900020599365,-1.257722679890298,23206756803.698338,20136010.429186698,21674728.377904646,19831346.247746393,23207061500.087563,18938681.78147536,0.19368291054416087,1770935164.4076836,1770935164.4076836
2.19473828610802,20,5,22910729552.176117,535320.8216182818,839183.8306831274,22911033430.999943,2377901.779401076,58992667.68712008,-87.76229858398438,-88.59500122070312,-4.394899845123291,4.087500095367432,[0. 0. 0.],[0. 0. 0. 1.],3.059692769990478,-0.6971928176741939,"(20, 5)",303879.1128311157,303862.11688701925,-22852040763.00198,1538717.948717949,2.362499952316284,-0.6971928176741939,22910729552.09578,839183.5061097756,2377901.4548277245,535321.3892227564,22911033431.20861,58992668.20663061,0.18614691777165776,1770935164.4526513,1770935164.4526513
1.778377522719758,21,5,23490208358.47541,46425972.67429459,46731002.740939535,23490513400.661526,48269720.68965749,33524940.393614497,-82.09919738769531,-82.529296875,-1.315000057220459,0.9993000030517578,[0. 0. 0.],[0. 0. 0. 1.],2.7001653466200923,-0.6848653111434073,"(21, 5)",305042.9750099182,305029.2655749172,-23456988460.223774,1538717.9487179518,2.015300035476685,-0.6848653111434073,23490208358.185513,46731002.41636618,48269720.365084134,46425973.150791265,23490513401.160522,33524940.9367488,0.17016828404484008,1770935164.4925787,1770935164.4925787
1.7639707482638147,30,5,23472557476.928368,27849028.355134364,28153254.343503643,23472861715.23297,29691972.29222159,15873256.44987601,-80.67430114746094,-81.77050018310547,-2.1689999103546143,2.046999931335449,[0. 0. 0.],[0. 0. 0. 1.],3.307452451537286,-1.4186524265510188,"(30, 5)",304238.65684890747,304225.4638671875,-23456988458.56487,1538717.948717948,1.888800024986267,-1.4186524265510188,23472557476.775257,28153254.01893029,29691971.967648238,27849028.555063102,23472861715.432106,15873256.867237581,0.11298958556476832,1770935164.541194,1770935164.541194
1.704606612094083,31,5,23400752204.357487,21189684.63430831,21495706.266580563,23401058238.2057,23034424.215298515,11286191.15047023,-81.6436996459961,-81.82679748535156,-3.41510009765625,3.60509991645813,[0. 0. 0.],[0. 0. 0. 1.],2.987940860432817,-1.179040861767961,"(31, 5)",306033.90424728394,306020.9147135392,-23389772046.665207,1538717.9487179518,1.808899998664856,-1.179040861767961,23400752204.33936,21495705.94200721,23034423.890725162,21189685.02729367,23401058238.243607,11286191.57840044,0.14459439779906905,1770935164.6017437,1770935164.6017437
3.2224381075828594,20,11,23121724504.09919,6654757.757815006,6960401.53285777,23122030169.739662,8499119.48157572,1123761.301671879,-83.64700317382812,-83.68900299072266,-1.6093000173568726,0.9369000196456908,[0. 0. 0.],[0. 0. 0. 1.],7.238867807619097,-3.8900678636951467,"(20, 11)",305666.0657043457,305643.35749699455,-23120906408.440926,1538717.94871795,3.34879994392395,-3.8900678636951467,23121724504.018852,6960401.454827724,8499119.403545674,6654758.0973307295,23122030170.084557,1123761.6436298077,0.19797145449242737,1770935164.657656,1770935164.657656
3.6399400812537364,21,11,23716202517.12925,329018.32513290166,634984.8661911042,23716508507.444794,2173702.814909053,57870812.54287982,-92.70899963378906,-92.36479949951172,1.497499942779541,-1.79830002784729,[0. 0. 0.],[0. 0. 0. 1.],6.76620379035099,-3.017703681632118,"(21, 11)",305990.89793777466,305966.4525741186,-23658637695.17156,1538717.9487179487,3.748500108718872,-3.017703681632118,23716202516.83935,634984.7881610577,2173702.7368790065,329018.3355869391,23716508507.73729,57870812.56573017,0.1841977494253347,1770935164.7184777,1770935164.7184777
2.240034586786771,20,1,23577712460.82995,53887523.34403884,54191491.277559,23578016444.658188,55730209.22627694,53811577.65384406,-89.38970184326172,-88.1968994140625,-3.2046000957489014,2.9261999130249023,[0. 0. 0.],[0. 0. 0. 1.],5.378421035517765,-3.0554210812941323,"(20, 1)",303984.14024734497,303967.69205729663,-23524204867.005867,1538717.9487179443,2.322999954223633,-3.0554210812941323,23577712460.74961,54191491.19841747,55730209.147135414,53887523.50636017,23578016444.88986,53811577.883989386,0.1848640209295157,1770935165.1136076,1770935165.1136076
2.5832321150335646,21,1,24172190730.270264,47563365.58557243,47869456.02114874,24172496837.957367,49408173.969866686,43344273.919683725,-83.11630249023438,-82.127197265625,-0.2029999941587448,-0.5327000021934509,[0. 0. 0.],[0. 0. 0. 1.],5.464760744195486,-2.7078606720977074,"(21, 1)",306108.4140892029,306090.05659054965,-24129152564.305912,1538717.9487179443,2.7569000720977783,-2.7078606720977074,24172190729.980366,47869455.942007214,49408173.89072516,47563365.885416664,24172496838.394455,43344274.088541664,0.1794866765962945,1770935165.1744533,1770935165.1744533
2.900450194382324,30,1,24169539287.825787,43985209.81809819,44289303.777559,24169843401.45939,45828021.72627694,40690838.969118305,-83.28459930419922,-84.00360107421875,-1.0895999670028689,0.664900004863739,[0. 0. 0.],[0. 0. 0. 1.],5.318561597208403,-2.2655616239112835,"(30, 1)",304114.23903274536,304093.56532952935,-24129152562.58441,1538717.9487179443,3.052999973297119,-2.2655616239112835,24169539287.672676,44289303.69841747,45828021.647135414,43985210.13308794,24169843401.91171,40690839.32729868,0.1976685701743972,1770935165.2380733,1770935165.2380733
2.8258201117326966,31,1,24099735617.819008,39326788.79504879,39631587.43140515,24100040435.88959,41170305.3801231,38104284.95503973,-87.4927978515625,-87.9395980834961,-2.128999948501587,1.8961000442504885,[0. 0. 0.],[0. 0. 0. 1.],5.403218332373771,-2.4995182190772622,"(31, 1)",304818.25608825684,304798.2866336107,-24061936150.8569,1538717.9487179518,2.903700113296509,-2.4995182190772622,24099735617.80088,39631587.35226362,41170305.300981574,39326789.06563001,24100040436.05697,38104285.20007011,0.18744225657260385,1770935165.3008595,1770935165.3008595
4.617252192566069,20,2,23803706667.560715,5255593.053054898,5561395.1310866345,23804012502.64215,7100113.079804583,10942000.847147878,-84.84329986572266,-85.5022964477539,-7.300600051879883,7.627500057220459,[0. 0. 0.],[0. 0. 0. 1.],5.780256972993651,-1.0268571240556623,"(20, 2)",305835.52433776855,305801.6107021235,-23793070501.787144,1538717.948717949,4.753399848937988,-1.0268571240556623,23803706667.480377,5561395.044571314,7100112.993289263,5255593.4338691905,23804012503.004715,10942001.217573117,0.19862382376921808,1770935165.3471377,1770935165.3471377
4.079453253999758,21,2,24404184736.680515,4931658.612657219,5235770.1310866345,24404488876.685932,6774488.079804583,6470677.951494148,-90.70880126953124,-91.80999755859376,-4.272900104522705,3.368499994277954,[0. 0. 0.],[0. 0. 0. 1.],6.2983455293594135,-2.092245542329384,"(21, 2)",304140.6093521118,304111.328125,-24398018198.993282,1538717.948717949,4.206099987030029,-2.092245542329384,24404184736.390617,5235770.044571314,6774487.993289263,4931658.716446314,24404488876.99997,6470678.0066856975,0.18349214467423025,1770935165.406405,1770935165.406405
4.270450497379412,30,2,24384533670.8386,51569874.51191012,51874399.938778944,24384838226.37217,53413117.887496896,54036439.629356675,-86.09210205078125,-87.13999938964844,-5.133399963378906,4.935999870300293,[0. 0. 0.],[0. 0. 0. 1.],5.370857095168491,-0.9519570821985202,"(30, 2)",304556.07096481323,304524.9899839759,-24330801786.827568,1538717.9487179518,4.418900012969971,-0.9519570821985202,24384533670.68549,51874399.85226362,53413117.800981574,51569874.862279646,24384838226.756454,54036439.92888622,0.19192809244665077,1770935165.4531531,1770935165.4531531
5.073855287225581,31,2,24296730794.101055,28911865.896433983,29216018.528522532,24297034982.41893,30754736.477240484,33449607.044032663,-89.75890350341797,-90.6072006225586,-6.355299949645996,5.975299835205078,[0. 0. 0.],[0. 0. 0. 1.],5.909298044654857,-0.7963982643814198,"(31, 2)",304188.35762405396,304152.393830128,-24263585375.287857,1538717.9487179518,5.1128997802734375,-0.7963982643814198,24296730794.082928,29216018.44200721,30754736.390725162,28911866.048177082,24297034982.44055,33449607.15269431,0.18346931910506978,1770935165.503181,1770935165.503181
6.6074541202659525,20,3,23955484640.31712,20241105.888473645,20546154.75925019,23955789733.40063,22084872.70796814,28286400.66927116,-91.50330352783205,-90.41100311279295,-0.6444000005722046,-0.0408999994397163,[0. 0. 0.],[0. 0. 0. 1.],8.333480663273496,-1.6706808280684182,"(20, 3)",305093.2742385864,305048.68727463856,-23927503332.707233,1538717.948717948,6.662799835205078,-1.6706808280684182,23955484640.236782,20546154.65995593,22084872.608673878,20241105.97268129,23955789733.51102,28286400.803786058,0.18341929641532834,1770935165.5585804,1770935165.5585804
5.914956381767332,21,3,24617179231.872818,13918401.624471638,14222789.374634806,24617483658.313454,15761507.323352756,17816218.464501344,-84.88520050048828,-85.2759017944336,2.588099956512451,-2.710099935531616,[0. 0. 0.],[0. 0. 0. 1.],8.658882207513464,-2.5238819786316284,"(21, 3)",304427.36503601074,304387.2539813686,-24599667440.091537,1538717.94871795,6.135000228881836,-2.5238819786316284,24617179231.58292,14222789.275340544,15761507.224058494,13918402.021359175,24617483658.947956,17816218.85642027,0.19894020018023972,1770935165.6194687,1770935165.6194687
5.829180766806664,30,3,24613527693.274494,9339857.970530761,9645890.336173268,24613833764.030617,11184608.284891218,14166325.57257765,-87.927001953125,-87.72250366210938,1.3437999486923218,-2.0703001022338867,[0. 0. 0.],[0. 0. 0. 1.],8.088195173008208,-2.1257952134439986,"(30, 3)",306071.2608909607,306031.994941907,-24599667438.52653,1538717.94871795,5.962399959564209,-2.1257952134439986,24613527693.121384,9645890.236879006,11184608.185596956,9339858.241937099,24613833764.382275,14166325.85574419,0.18708805566866346,1770935165.6821568,1770935165.6821568
6.280721623799061,31,3,24544725064.934383,5682163.052024332,5988646.746429678,24545031590.926483,7527364.695147626,12580567.216770973,-97.74320220947266,-97.69159698486328,0.4208999872207641,-0.579200029373169,[0. 0. 0.],[0. 0. 0. 1.],8.413408825323614,-2.15630872003797,"(31, 3)",306525.83195495605,306483.6707481975,-24532451023.606407,1538717.948717948,6.2571001052856445,-2.15630872003797,24544725064.916256,5988646.647135417,7527364.595853365,5682162.9763872195,24545031590.74821,12580567.141801883,0.18802628619680345,1770935165.7457466,1770935165.7457466
4.956548676265285,20,4,24197478438.39404,1156113.626469901,1459976.8713738436,24197782335.471725,2998694.8200917924,1413364.9427867415,-89.91580200195312,-91.83660125732422,-2.490299940109253,2.1233999729156494,[0. 0. 0.],[0. 0. 0. 1.],5.9957967768636635,-0.9831968317953041,"(20, 4)",303897.2042770386,303862.99328926275,-24196368970.508965,1538717.9487179487,5.012599945068359,-0.9831968317953041,24197478438.3137,1459976.7753405448,2998694.7240584935,1156113.782051282,24197782335.51798,1413365.009014423,0.18340043857111932,1770935165.8005736,1770935165.8005736
4.3104843595975595,21,4,24859172981.872814,62050399.823705375,62354880.71752769,24859477491.39783,63893598.66624564,58160824.05466115,-83.98889923095703,-84.35289764404297,0.3510999977588653,-0.6406999826431274,[0. 0. 0.],[0. 0. 0. 1.],6.075795992695039,-1.5480960453378616,"(21, 4)",304510.45109558105,304480.418669872,-24801316667.5899,1538717.9487179518,4.527699947357178,-1.5480960453378616,24859172981.582916,62354880.62149439,63893598.57021234,62050400.20282452,24859477492.03401,58160824.44411058,0.20019942988873995,1770935165.8615196,1770935165.8615196
5.007446393184692,30,4,24840521771.80013,42471819.91408262,42777412.76880974,24840827397.591198,44316130.71752769,39510728.50893054,-95.06539916992188,-96.5417022705078,-0.6881999969482422,0.534500002861023,[0. 0. 0.],[0. 0. 0. 1.],5.940327473034791,-0.8969276622437752,"(30, 4)",305625.9546546936,305592.79221755266,-24801316669.154907,1538717.9487179443,5.043399810791016,-0.8969276622437752,24840521771.64702,42777412.672776446,44316130.62149439,42471819.88055889,24840827397.601673,39510728.44676483,0.1867254832605948,1770935165.9091556,1770935165.9091556
4.614332492936631,31,4,24752719976.793354,19814609.880202994,20118903.153425124,24753024301.297764,21657621.10214307,18924047.104673855,-83.53790283203125,-83.3270034790039,-1.0895999670028689,1.4192999601364136,[0. 0. 0.],[0. 0. 0. 1.],6.018622700489663,-1.300822560108804,"(31, 4)",304324.7633705139,304292.8216396235,-24734100254.093937,1538717.948717948,4.717800140380859,-1.300822560108804,24752719976.775227,20118903.057391826,21657621.006109774,19814610.235752203,24753024301.538597,18924047.444661457,0.19576685186349013,1770935165.9605286,1770935165.9605286
2.193742301341669,20,5,24413472901.535057,24510951.79953228,24814953.06145236,24413776918.6149,26353671.010170307,15758719.451620644,-87.75530242919922,-88.3853988647461,-4.328700065612793,3.5650999546051025,[0. 0. 0.],[0. 0. 0. 1.],3.059692769990478,-0.6962927875380855,"(20, 5)",304017.38093566895,304000.36934094504,-24398018198.852432,1538717.948717948,2.3633999824523926,-0.6962927875380855,24413472901.45472,24814952.736879006,26353670.685596954,24510952.36753806,24413776918.835655,15758719.983223157,0.18641025807825645,1770935166.0166156,1770935166.0166156
1.7837930481915436,21,5,25075167396.936913,18189353.986880127,18493454.664016463,25075471509.81838,20032172.61273441,5289203.647061448,-81.60990142822266,-82.81289672851562,-1.212499976158142,1.2386000156402588,[0. 0. 0.],[0. 0. 0. 1.],2.7001653466200923,-0.6874652657485103,"(21, 5)",304113.7069282532,304099.9661959149,-25070182306.12718,1538717.948717948,2.012700080871582,-0.6874652657485103,25075167396.647015,18493454.33944311,20032172.288161058,18189354.373247195,25075471510.353943,5289204.22676282,0.1648162878614203,1770935166.0776112,1770935166.0776112
1.7313486642735205,30,5,25072515714.107815,14609970.146354942,14914199.856324153,25072819955.913235,16452917.805042101,2637650.960681045,-80.36229705810547,-80.50959777832031,-2.202500104904175,2.088900089263916,[0. 0. 0.],[0. 0. 0. 1.],3.307452451537286,-1.495552431891595,"(30, 5)",304241.91205978394,304229.235526843,-25070182304.734325,1538717.948717948,1.811900019645691,-1.495552431891595,25072515713.954704,14914199.531750802,16452917.48046875,14609970.296223959,25072819955.866764,2637651.132436899,0.07136532332605489,1770935166.1410966,1770935166.1410966
1.6971810961679326,31,5,24950497436.729244,24952264.479200225,25258286.39478569,24950803470.826782,26797004.343503643,15053987.952406595,-81.98789978027344,-81.43150329589844,-3.530600070953369,3.1767001152038574,[0. 0. 0.],[0. 0. 0. 1.],2.987940860432817,-1.1884408718769088,"(31, 5)",306034.07639694214,306021.1338141002,-24935749482.484352,1538717.9487179518,1.7994999885559082,-1.1884408718769088,24950497436.711117,25258286.070212338,26797004.01893029,24952264.936398238,24950803470.787514,15053988.303160056,0.14283151933330002,1770935166.218704,1770935166.218704
3.1807397138422178,20,11,24675466539.355564,14416898.069677133,14722316.596960334,24675771979.510128,16261034.545678284,8888135.378187006,-83.45850372314453,-83.25189971923828,-1.7517999410629272,1.0867999792099,[0. 0. 0.],[0. 0. 0. 1.],7.238867807619097,-3.9383678915424367,"(20, 11)",305440.54862976074,305418.1221203916,-24666883844.13488,1538717.94871795,3.30049991607666,-3.9383678915424367,24675466539.275227,14722316.518930288,16261034.467648238,14416898.396809896,24675771979.823856,8888135.688977364,0.19485390860384053,1770935166.2913074,1770935166.2913074
3.644745337364055,21,11,25349160313.603573,20095586.667352177,20401339.032857772,25349466089.751114,21940056.98157572,10418138.313780054,-91.99479675292967,-92.4406967163086,1.3867000341415403,-1.7127000093460083,[0. 0. 0.],[0. 0. 0. 1.],6.76620379035099,-3.009403854056434,"(21, 11)",305776.7271385193,305752.2504757643,-25339047951.706978,1538717.948717948,3.756799936294556,-3.009403854056434,25349160313.313675,20401338.954827726,21940056.903545674,20095586.70435196,25349466090.040813,10418138.333834134,0.18398097954451795,1770935166.3514817,1770935166.3514817
2.294797013692316,20,1,25128236427.176067,58428844.021403015,58733798.969866686,25128541398.347446,60272516.91858464,58359095.242248304,-90.31610107421876,-88.97530364990234,-3.5202999114990234,2.984800100326538,[0. 0. 0.],[0. 0. 0. 1.],5.378421035517765,-3.0147211224928627,"(20, 1)",304971.43867492676,304954.75573417544,-25070182303.10672,1538717.9487179518,2.3636999130249023,-3.0147211224928627,25128236427.09573,58733798.89072516,60272516.83944311,58428844.13499098,25128541398.534405,58359095.42768429,0.18379084788827638,1770935166.7985578,1770935166.7985578
2.648508562454117,21,1,25857147188.603558,52109607.27684662,52417420.764738485,25857455019.803703,53956138.71345643,47892199.481006846,-83.72450256347656,-82.60919952392578,-0.0819000005722045,-0.1508000046014785,[0. 0. 0.],[0. 0. 0. 1.],5.464760744195486,-2.624760830026174,"(21, 1)",307831.99995040894,307813.06340144575,-25809562820.590927,1538717.9487179443,2.8399999141693115,-2.624760830026174,25857147188.31366,52417420.68559696,53956138.6343149,52109607.62219551,25857455020.31361,47892199.72268129,0.19161655590699894,1770935166.8594487,1770935166.8594487
2.936486300435925,30,1,25854495305.453953,48529305.85785336,48833181.9826872,25854799201.434456,50371899.93140515,45236382.23661965,-83.46369934082031,-83.82510375976562,-0.7860000133514404,1.0429999828338623,[0. 0. 0.],[0. 0. 0. 1.],5.318561597208403,-2.2286615804237346,"(30, 1)",303896.5782737732,303875.7167718336,-25809562819.291977,1538717.9487179518,3.089900016784668,-2.2286615804237346,25854495305.300842,48833181.90354567,50371899.85226362,48529306.18677384,25854799201.879116,45236382.58713942,0.19776002390065572,1770935166.9230766,1770935166.9230766
2.780688040080609,31,1,25717479239.613842,43873093.42335744,44176964.03396925,25717783129.38047,45715681.9826872,42653132.417310484,-89.30460357666016,-87.8323974609375,-1.9492000341415403,2.100100040435791,[0. 0. 0.],[0. 0. 0. 1.],5.403218332373771,-2.559218231284294,"(31, 1)",303889.9583091736,303870.36445813626,-25675129996.885506,1538717.9487179443,2.844000101089477,-2.559218231284294,25717479239.595715,44176963.954827726,45715681.90354567,43873093.59036959,25717783129.554024,42653132.66851963,0.18533816268745512,1770935166.9857109,1770935166.9857109
4.65599768001023,20,2,25353230657.945293,8789841.94357762,9095882.310573814,25353536731.526157,10634600.259291762,14488793.583352977,-85.6364974975586,-85.16560363769531,-7.305200099945068,6.844200134277344,[0. 0. 0.],[0. 0. 0. 1.],5.780256972993651,-0.9891569478166486,"(20, 2)",306074.0309486389,306039.91386217996,-25339047937.93494,1538717.948717948,4.791100025177002,-0.9891569478166486,25353230657.864956,9095882.224058494,10634600.172776442,8789842.310196314,25353536731.895905,14488793.96096254,0.19764612454059008,1770935167.0300457,1770935167.0300457
4.055686694504229,21,2,26100140914.565094,20470463.770635623,20776875.900317404,26100447355.04519,22315593.849035352,22018899.963137127,-90.5342025756836,-90.681396484375,-4.485199928283691,3.77649998664856,[0. 0. 0.],[0. 0. 0. 1.],6.2983455293594135,-2.10724540881498,"(21, 2)",306441.1339378357,306411.9309645407,-26078428455.3409,1538717.948717948,4.191100120544434,-2.10724540881498,26100140914.275196,20776875.813802082,22315593.76252003,20470463.88283754,26100447355.409134,22018900.068234175,0.18339506183720153,1770935167.1025107,1770935167.1025107
4.309615497818173,30,2,26111488598.72318,30889145.343883254,31194600.259291764,26111794084.020878,32733318.208009712,33365630.658389088,-85.61100006103516,-86.0708999633789,-5.249800205230713,5.039299964904785,[0. 0. 0.],[0. 0. 0. 1.],5.370857095168491,-0.902457093642612,"(30, 2)",305485.88679122925,305454.46151342243,-26078428453.447243,1538717.948717948,4.468400001525879,-0.902457093642612,26111488598.57007,31194600.172776442,32733318.12149439,30889145.71126302,26111794084.45686,33365631.009615384,0.19557191411771735,1770935167.1803281,1770935167.1803281
5.074814174849176,31,2,25972473189.93435,24233066.482781965,24539015.32339433,25972779174.484158,26077733.272112276,28783542.730345976,-89.93299865722656,-89.95590209960938,-6.12529993057251,6.535999774932861,[0. 0. 0.],[0. 0. 0. 1.],5.909298044654857,-0.7918978752822987,"(31, 2)",305984.62227249146,305948.61152844504,-25943995631.666775,1538717.948717948,5.117400169372559,-0.7918978752822987,25972473189.91622,24539015.236879006,26077733.185596954,24233066.62535056,25972779174.538494,28783542.87171975,0.18355966721552067,1770935167.2407308,1770935167.2407308
6.627642453295107,20,3,25626223654.740158,10568890.865301352,10873935.20796814,25626528743.41477,12412653.156686088,18615154.194940783,-91.26329803466795,-91.5280990600586,-0.3995000123977661,0.3073000013828277,[0. 0. 0.],[0. 0. 0. 1.],8.333480663273496,-1.6566808891035745,"(20, 3)",305088.81397628784,305044.14876302145,-25607913589.1957,1538717.948717948,6.676799774169922,-1.6566808891035745,25626223654.65982,10873935.108673878,12412653.057391826,10568890.959910857,25626528743.473797,18615154.27809495,0.18355130200124328,1770935167.2965975,1770935167.2965975
5.947459223821407,21,3,26355134320.013805,4251254.595732483,4555161.169506601,26355438265.477642,6093879.118224549,8144158.868162112,-84.58660125732422,-84.52020263671875,2.332900047302246,-2.728699922561645,[0. 0. 0.],[0. 0. 0. 1.],8.658882207513464,-2.490881986261023,"(21, 3)",303946.39235305786,303906.0778495595,-26347294106.852062,1538717.948717948,6.168000221252441,-2.490881986261023,26355134319.723907,4555161.07021234,6093879.018930288,4251254.9923627805,26355438266.11626,8144159.2641977165,0.20027327247835525,1770935167.3574123,1770935167.3574123
5.80962484132987,30,3,26352482308.65907,670484.0161732726,976491.2977117291,26352788354.17884,2515209.2464296776,5494248.944626363,-88.14730072021484,-87.2947998046875,1.4443999528884888,-1.7805999517440796,[0. 0. 0.],[0. 0. 0. 1.],8.088195173008208,-2.1436952035257857,"(30, 3)",306046.0486755371,306006.9235777244,-26347294105.302708,1538717.9487179485,5.944499969482422,-2.1436952035257857,26352482308.50596,976491.198417468,2515209.1471354165,670484.2748397436,26352788354.554634,5494249.2519280845,0.1874754015014918,1770935167.4210792,1770935167.4210792
6.312167664853774,31,3,26214467444.742035,62231509.02927949,62538198.02848096,26214774176.171055,64076915.977198906,1912895.6598758337,-100.09639739990234,-94.95480346679688,0.36039999127388,-0.7458999752998352,[0. 0. 0.],[0. 0. 0. 1.],8.413408825323614,-2.1212087368226378,"(31, 3)",306731.3169822693,306688.99927384406,-26212861280.407875,1538717.9487179443,6.292200088500977,-2.1212087368226378,26214467444.723907,62538197.9291867,64076915.877904646,62231508.92991286,26214774176.04089,1912895.6330128205,0.1874690655337331,1770935167.4841652,1770935167.4841652
4.942543806717832,20,4,25890216883.90682,13479686.820695672,13783839.050861023,25890521069.858467,15322556.999578971,13741842.825415347,-90.70880126953124,-91.22840118408205,-2.670099973678589,2.4809999465942383,[0. 0. 0.],[0. 0. 0. 1.],5.9957967768636635,-0.9992967616048745,"(20, 4)",304186.10401535034,304152.01822916605,-25876779227.013077,1538717.948717948,4.996500015258789,-0.9992967616048745,25890216883.82648,13783838.954827724,15322556.903545672,13479686.936598558,25890521069.930496,13741842.917417869,0.1834259564875843,1770935167.5605435,1770935167.5605435
4.324026113685812,21,4,26619127501.103542,7162696.522427369,7467244.499578972,26619432077.796032,9005962.448296921,3272333.498529325,-84.21489715576172,-83.61750030517578,0.8093000054359436,-0.6388000249862671,[0. 0. 0.],[0. 0. 0. 1.],6.075795992695039,-1.537795885883516,"(21, 4)",304577.58976745605,304547.49474158697,-26616159744.54424,1538717.948717949,4.538000106811523,-1.537795885883516,26619127500.813644,7467244.403545673,9005962.352263622,7162696.908804086,26619432078.40341,3272333.8591746795,0.19939366673148062,1770935167.6214437,1770935167.6214437
4.91022397463771,30,4,26615475441.671883,2581482.58421059,2888798.986758459,26615782791.021915,4427516.935476408,66839458.59083554,-95.3750991821289,-95.90799713134766,-0.397599995136261,0.2840000092983246,[0. 0. 0.],[0. 0. 0. 1.],5.940327473034791,-0.9934275821351326,"(30, 4)",307349.5248641968,307316.3467798475,-26548943332.503723,1538717.948717949,4.946899890899658,-0.9934275821351326,26615475441.518772,2888798.89072516,4427516.839443109,2581482.5439453125,26615782791.043636,66839458.53991386,0.18664504371902782,1770935167.684082,1770935167.684082
4.629266592971578,31,4,26504460561.72921,23925627.452999607,24231242.897014868,26504766208.50287,25769960.845732816,23039287.627502494,-83.435302734375,-83.17630004882812,-1.4639999866485596,1.220900058746338,[0. 0. 0.],[0. 0. 0. 1.],6.018622700489663,-1.2889226119886867,"(31, 4)",305647.01960754395,305614.9996243976,-26481726920.776215,1538717.948717948,4.729700088500977,-1.2889226119886867,26504460561.711082,24231242.80098157,25769960.749699518,23925627.801357172,26504766208.73069,23039287.954477165,0.19420602900821554,1770935167.7726862,1770935167.7726862
2.1973452253438506,20,5,26158220722.04784,21624410.450851783,21929063.638375435,26158525391.058167,23467781.587093383,12880525.118715307,-87.89640045166016,-88.32959747314453,-4.576499938964844,3.795099973678589,[0. 0. 0.],[0. 0. 0. 1.],3.059692769990478,-0.6934927997451168,"(20, 5)",304669.31465148926,304652.3030598946,-26145644865.62861,1538717.948717948,2.3661999702453613,-0.6934927997451168,26158220721.967503,21929063.313802082,23467781.26252003,21624411.010742188,26158525391.282154,12880525.653545672,0.18628005853737348,1770935167.82855,1770935167.82855
1.7792782183854878,21,5,26886120602.065075,14297418.743160553,14601587.676836973,26886424783.179207,16140305.625554921,1399400.1161550498,-81.80780029296875,-82.82569885253906,-1.4127999544143677,1.2228000164031982,[0. 0. 0.],[0. 0. 0. 1.],2.7001653466200923,-0.6860652718520259,"(21, 5)",304181.9411048889,304168.18472055346,-26885025383.018917,1538717.948717948,2.0141000747680664,-0.6860652718520259,26886120601.775177,14601587.352263622,16140305.30098157,14297419.167543069,26886424783.71628,1399400.6973657853,0.16935977481793144,1770935167.8885345,1770935167.8885345
1.7538555000876466,30,5,26883468446.47957,10715734.69309858,11020065.240939537,26883772789.28252,12558783.189657485,65963817.71029104,-80.3958969116211,-80.21949768066406,-2.2100000381469727,2.0804998874664307,[0. 0. 0.],[0. 0. 0. 1.],3.307452451537286,-1.4781524055701838,"(30, 5)",304342.87046813965,304330.06873497553,-26817808971.354004,1538717.948717948,1.829300045967102,-1.4781524055701838,26883468446.326458,11020064.916366186,12558782.865084134,10715734.84763121,26883772789.196926,65963817.84292368,0.06739755925183373,1770935167.952098,1770935167.952098
1.710874210876838,31,5,26744454872.62664,4060841.9695621408,4366587.676836974,26744760630.553608,5905305.625554922,61384480.74655513,-82.07340240478516,-82.25140380859375,-3.2939999103546143,3.188800096511841,[0. 0. 0.],[0. 0. 0. 1.],2.987940860432817,-1.149940801305009,"(31, 5)",305758.056640625,305744.9106069715,-26683376149.41703,1538717.948717948,1.838000059127808,-1.149940801305009,26744454872.608513,4366587.352263622,5905305.30098157,4060842.4416566505,26744760630.665154,61384481.24812199,0.16447629411523687,1770935168.0128045,1770935168.0128045
3.1557679599440416,20,11,26398204207.624756,56741617.04606973,57047172.366191104,26398509784.41191,58585890.314909056,51215683.901056685,-84.64469909667969,-84.30799865722656,-1.7639000415802002,1.097000002861023,[0. 0. 0.],[0. 0. 0. 1.],7.238867807619097,-3.9486678125782033,"(20, 11)",305577.236076355,305554.87217047065,-26347294100.513794,1538717.9487179518,3.2901999950408936,-3.9486678125782033,26398204207.54442,57047172.288161054,58585890.236879006,56741617.41599058,26398509784.780495,51215684.26670172,0.2003488514628669,1770935168.068636,1770935168.068636
3.601652070666083,21,11,27127114376.10353,50425828.852831185,50732356.6610629,27127420927.482796,52271074.60978085,40746309.770090126,-92.43560028076172,-93.09480285644533,1.4890999794006348,-1.7060999870300293,[0. 0. 0.],[0. 0. 0. 1.],6.76620379035099,-3.058403878851966,"(21, 11)",306551.9362220764,306527.7099609375,-27086674617.982353,1538717.9487179443,3.707799911499024,-3.058403878851966,27127114375.813633,50732356.583032854,52271074.5317508,50425828.87307192,27127420927.749855,40746309.76750301,0.18435616963334797,1770935168.1301415,1770935168.1301415
2.268144087274404,20,1,26885191355.060642,535275.8372740785,840689.9955077132,26885496785.265297,2379407.944225662,471405.2370603378,-89.59420013427734,-89.57559967041016,-3.183199882507324,2.919600009918213,[0. 0. 0.],[0. 0. 0. 1.],5.378421035517765,-3.0407211453810463,"(20, 1)",305430.43870162964,305413.9279096554,-26885025380.02976,1538717.9487179485,2.3376998901367188,-3.0407211453810463,26885191354.980305,840689.9163661859,2379407.8650841345,535275.9884565305,26885496785.419006,471405.3892477965,0.1837985230736192,1770935168.5555613,1770935168.5555613
2.5568683499404963,21,1,27614101795.97531,61437583.43111475,61743590.63653336,27614407820.306118,63282308.5852513,57218333.44199278,-82.93240356445312,-83.27159881591797,-0.0399999991059303,0.0745000019669532,[0. 0. 0.],[0. 0. 0. 1.],5.464760744195486,-2.7153608437590844,"(21, 1)",306025.2028274536,306006.84532752633,-27557189487.132355,1538717.9487179443,2.7493999004364014,-2.7153608437590844,27614101795.685413,61743590.55739183,63282308.506109774,61437583.7120643,27614407820.88824,57218333.75588442,0.19106516837436266,1770935168.6164005,1770935168.6164005
2.918350775362503,30,1,27611449448.082115,57855046.87233503,58161010.50832823,27611755431.501217,59699728.45704617,54565945.87150742,-83.69719696044922,-83.2760009765625,-0.98989999294281,0.7682999968528748,[0. 0. 0.],[0. 0. 0. 1.],5.318561597208403,-2.2499616578620896,"(30, 1)",305983.9806175232,305963.213015832,-27557189485.72385,1538717.9487179443,3.068599939346313,-2.2499616578620896,27611449447.929005,58161010.4291867,59699728.377904646,57855047.21617087,27611755431.909622,54565946.18577223,0.19630834728257204,1770935168.6802156,1770935168.6802156
2.8486250705083482,31,1,27474437548.908672,53201113.58934804,53504720.44422566,27474741175.347706,55043438.39294361,51984511.592721514,-87.48619842529297,-88.37339782714844,-2.32450008392334,1.9919999837875368,[0. 0. 0.],[0. 0. 0. 1.],5.403218332373771,-2.480418268286857,"(31, 1)",303626.5994338989,303606.50478265435,-27422756663.67733,1538717.9487179518,2.922800064086914,-2.480418268286857,27474437548.890545,53504720.365084134,55043438.313802086,53201113.86030148,27474741175.48998,51984511.81265024,0.1868380647201326,1770935168.742836,1770935168.742836
4.595698835375004,20,2,27128185121.086277,36104684.72607188,36410585.83621484,27128491055.05048,37949303.78493279,41816450.660152026,-85.02639770507812,-84.57319641113281,-7.620999813079834,7.243800163269043,[0. 0. 0.],[0. 0. 0. 1.],5.780256972993651,-1.0471570355546858,"(20, 2)",305934.41694259644,305900.64415565133,-27086674604.38247,1538717.9487179518,4.733099937438965,-1.0471570355546858,27128185121.00594,36410585.74969952,37949303.69841747,36104685.10554387,27128491055.422882,41816451.04041466,0.1998182284965222,1770935168.7985592,1770935168.7985592
4.111766964774473,21,2,27857095521.936848,29791039.187470034,30095008.913137916,27857399520.39547,31633726.86185587,31344398.740690973,-89.54940032958984,-91.62000274658205,-4.123799800872803,4.259799957275391,[0. 0. 0.],[0. 0. 0. 1.],6.2983455293594135,-2.049945318025185,"(21, 2)",303999.07038879395,303969.4761618562,-27826055121.913628,1538717.9487179518,4.2484002113342285,-2.049945318025185,27857095521.64695,30095008.826622594,31633726.775340546,29791039.350460738,27857399520.71734,31344398.803710938,0.18340424850905251,1770935168.8594046,1770935168.8594046
4.24588716722271,30,2,27853443125.966724,25207947.278293926,25512613.079804584,27853747821.699364,27051331.028522532,27692701.56069616,-86.24009704589844,-86.96009826660156,-5.348499774932861,4.870800018310547,[0. 0. 0.],[0. 0. 0. 1.],5.370857095168491,-0.9759572500451998,"(30, 2)",304696.27967453003,304665.37084334716,-27826055120.223423,1538717.948717948,4.394899845123291,-0.9759572500451998,27853443125.813614,25512612.993289262,27051330.94200721,25207947.622445915,27853747822.09329,27692701.86986679,0.19192496268720746,1770935168.9220443,1770935168.9220443
5.024506972503869,31,2,27714431859.806103,18554136.31151948,18860024.938778944,27714737783.850037,20398742.887496892,23115485.648697477,-89.78099822998047,-91.19000244140624,-6.355299949645996,5.9008002281188965,[0. 0. 0.],[0. 0. 0. 1.],5.909298044654857,-0.8499980988235585,"(31, 2)",305924.0566177368,305888.39017428085,-27691622298.1143,1538717.948717948,5.059299945831299,-0.8499980988235585,27714431859.787975,18860024.852263622,20398742.80098157,18554136.46208934,27714737783.844593,23115485.730293468,0.18340839311788182,1770935168.9826674,1770935168.9826674
6.626938675041324,20,3,27367178999.2914,3896604.0744556994,4201747.707968139,27367484187.236675,5740465.656686088,11943931.271970563,-91.10659790039062,-90.87989807128906,-0.958299994468689,0.7329000234603882,[0. 0. 0.],[0. 0. 0. 1.],8.333480663273496,-1.6519807052351663,"(20, 3)",305188.11347961426,305143.4326171875,-27355540255.94058,1538717.948717949,6.68149995803833,-1.6519807052351663,27367178999.211063,4201747.608673878,5740465.557391827,3896604.1760566905,27367484187.324543,11943931.383964343,0.1834319431057743,1770935169.0375917,1770935169.0375917
5.946169112111398,21,3,28096089352.065044,64800474.284120746,65104584.246429674,28096393500.929924,66643302.195147626,1472727.7633710958,-84.75460052490234,-85.635498046875,2.232300043106079,-2.719399929046631,[0. 0. 0.],[0. 0. 0. 1.],8.658882207513464,-2.4939823814636597,"(21, 3)",304149.7802734375,304109.4657702297,-28094920773.409138,1538717.9487179518,6.164899826049805,-2.4939823814636597,28096089351.775146,65104584.147135414,66643302.095853366,64800474.681365184,28096393501.55542,1472728.1462840545,0.19857529340593333,1770935169.099763,1770935169.099763
5.82415910523084,30,3,28109436451.28723,10000675.483232738,10307797.38745532,28109743611.574722,11846515.336173268,14822839.924279973,-88.49510192871094,-87.568603515625,1.0746999979019165,-1.9026000499725344,[0. 0. 0.],[0. 0. 0. 1.],8.088195173008208,-2.1344951073954146,"(30, 3)",307160.80103302,307121.56638121046,-28094920771.718933,1538717.948717948,5.953700065612793,-2.1344951073954146,28109436451.13412,10307797.288161058,11846515.236879006,10000675.721779848,28109743611.935154,14822840.216220953,0.18655239901814522,1770935169.1789236,1770935169.1789236
6.863276647043538,31,3,27981425521.665073,14347341.242716089,14653943.220788652,27981732168.640434,16192661.169506602,21244215.891210604,-96.62110137939452,-89.7781982421875,0.3705999851226806,-0.7114999890327454,[0. 0. 0.],[0. 0. 0. 1.],8.413408825323614,-1.535008976385626,"(31, 3)",306647.0571670532,306601.9381009601,-27960487952.64592,1538717.94871795,6.878399848937988,-1.535008976385626,27981425521.646946,14653943.12149439,16192661.07021234,14347341.18339343,27981732168.704113,21244216.05819311,0.1838341255901383,1770935169.251116,1770935169.251116
4.9469641807265505,20,4,27650171731.66319,25803257.838253547,26108181.99957897,27650476689.592876,27646899.94829692,26070795.97144533,-90.8585968017578,-91.06919860839844,-2.7511000633239746,2.782700061798096,[0. 0. 0.],[0. 0. 0. 1.],5.9957967768636635,-0.9948969851461342,"(20, 4)",304958.08919143677,304923.9564553313,-27624405893.601456,1538717.948717948,5.000899791717529,-0.9948969851461342,27650171731.58285,26108181.903545674,27646899.852263622,25803257.947090343,27650476689.672043,26070796.07058794,0.18342628868785266,1770935169.3205307,1770935169.3205307
4.324773275652815,21,4,28395081619.693245,35491012.918142386,35794752.51239948,28395385388.026733,37333470.46111743,31598977.15650235,-83.8895034790039,-83.66999816894531,0.369700014591217,-0.4767999947071075,[0. 0. 0.],[0. 0. 0. 1.],6.075795992695039,-1.538296088062471,"(21, 4)",303769.23389816284,303739.1232221499,-28363786411.116962,1538717.9487179518,4.537499904632568,-1.538296088062471,28395081619.403347,35794752.41636618,37333470.365084134,35491013.29314403,28395385388.637245,31598977.52028245,0.1987217475078905,1770935169.3975554,1770935169.3975554
4.893131160450504,30,4,28416428430.45389,55906868.108568266,56213238.08932256,28416734833.27686,57751956.03804051,52948423.969697565,-95.43569946289062,-96.0697021484375,-0.555899977684021,0.5102999806404114,[0. 0. 0.],[0. 0. 0. 1.],5.940327473034791,-1.0111273006104744,"(30, 4)",306402.99478912354,306369.9262570143,-28363786409.379807,1538717.9487179518,4.929200172424316,-1.0111273006104744,28416428430.30078,56213237.99328926,57751955.942007214,55906868.06703225,28416734833.29557,52948423.915765226,0.1867254992354112,1770935169.4851234,1770935169.4851234
4.6066086631223255,31,4,28298417997.626602,3037122.74919787,3342877.512399485,28298723783.60887,4881595.461117434,2153786.013922602,-83.2697982788086,-83.556396484375,-1.446300029754639,1.392300009727478,[0. 0. 0.],[0. 0. 0. 1.],6.018622700489663,-1.309022728718423,"(31, 4)",305786.25801467896,305754.33193109,-28296569997.495796,1538717.948717949,4.70959997177124,-1.309022728718423,28298417997.608475,3342877.416366186,4881595.365084135,3037123.084435096,28298723783.86649,2153786.370693109,0.19553498315849882,1770935169.5668535,1770935169.5668535
2.198220614940388,20,5,27935164423.970875,50933896.74130442,51238542.8050421,27935469085.869427,52777260.753760055,42197553.29465204,-87.94869995117188,-89.033203125,-4.276599884033203,3.75600004196167,[0. 0. 0.],[0. 0. 0. 1.],3.059692769990478,-0.6990927753310543,"(20, 5)",304662.16258239746,304645.1822916642,-27893271532.26393,1538717.9487179518,2.360599994659424,-0.6990927753310543,27935164423.890537,51238542.48046875,52777260.4291867,50933897.298177086,27935469086.05312,42197553.7891877,0.18544260505125643,1770935169.6115928,1770935169.6115928
1.7648681346945385,21,5,28666074624.50093,46622740.88365355,46926763.958888255,28666378659.635574,48465481.90760621,33726609.7806953,-82.3582992553711,-82.79129791259766,-1.476099967956543,0.8762999773025513,[0. 0. 0.],[0. 0. 0. 1.],2.7001653466200923,-0.6870654377913565,"(21, 5)",304035.95753097534,304022.2324469164,-28632652049.81074,1538717.9487179518,2.013099908828736,-0.6870654377913565,28666074624.211033,46926763.6343149,48465481.583032854,46622741.401867986,28666378660.168564,33726610.357822515,0.17877646916267967,1770935169.6685233,1770935169.6685233
1.7716924913876095,30,5,28664421964.10773,44038757.50148316,44343078.06145236,28664726297.035633,45881796.01017031,32074248.509068895,-80.37339782714844,-80.21829986572266,-2.0478999614715576,2.104700088500977,[0. 0. 0.],[0. 0. 0. 1.],3.307452451537286,-1.4608523958427058,"(30, 5)",304332.9952926636,304320.0840094164,-28632652048.30834,1538717.9487179518,1.84660005569458,-1.4608523958427058,28664421963.95462,44343077.736879006,45881795.68559696,44038757.65286959,28664726296.949913,32074248.64157652,0.06712789053463455,1770935169.7331233,1770935169.7331233
1.7038144695610595,31,5,28568411587.370186,13168600.696369965,13474624.535811331,28568717623.4234,15013342.484529281,3281986.6403538045,-81.89469909667969,-81.3572998046875,-3.2885000705718994,3.470999956130981,[0. 0. 0.],[0. 0. 0. 1.],2.987940860432817,-1.1865409142200485,"(31, 5)",306036.0170021057,306023.07441907004,-28565435636.393024,1538717.94871795,1.8013999462127686,-1.1865409142200485,28568411587.35206,13474624.21123798,15013342.15995593,13168601.13681891,28568717623.36906,3281986.9760366585,0.13833927442483185,1770935169.836583,1770935169.836583
3.237883997487601,20,11,28222157268.52215,65848837.83542144,66154279.737985976,28222462732.424046,476587.4302936683,60325554.9119061,-84.4563980102539,-83.87670135498047,-1.7144999504089355,1.1986000537872314,[0. 0. 0.],[0. 0. 0. 1.],7.238867807619097,-3.8689678194446584,"(20, 11)",305464.33668899536,305441.456330128,-28162137177.51508,-65677692.307692304,3.3698999881744385,-3.8689678194446584,28222157268.44181,66154279.659955926,476587.3522636218,65848838.2036258,28222462732.7785,60325555.263421476,0.20018082747851057,1770935169.892554,1770935169.892554
3.613567883735028,21,11,28951067260.718872,59538537.32898251,59844592.237985976,28951373339.21066,61383310.18670393,49855644.23061613,-92.9375,-92.47139739990234,1.3997000455856323,-1.694000005722046,[0. 0. 0.],[0. 0. 0. 1.],6.76620379035099,-3.0459038311682507,"(21, 11)",306079.07026290894,306054.8283503577,-28901517695.249687,1538717.9487179518,3.7202999591827393,-3.0459038311682507,28951067260.428974,59844592.159955926,61383310.10867388,59538537.33160557,28951373339.499237,49855644.24954928,0.1843160919221795,1770935169.9534285,1770935169.9534285
2.2480547532398294,20,1,28696144896.72727,63856569.27259929,64163598.64935387,28696451942.01183,65702316.59807181,63799895.27002034,-89.42530059814453,-88.118896484375,-3.179500102996826,2.916899919509888,[0. 0. 0.],[0. 0. 0. 1.],5.378421035517765,-3.047021117915226,"(20, 1)",307045.60108566284,307029.1372445971,-28632652046.743336,1538717.9487179443,2.331399917602539,-3.047021117915226,28696144896.64693,64163598.57021234,65702316.518930286,63856569.432967745,28696451942.248016,63799895.50468249,0.1849164045790892,1770935170.3664727,1770935170.3664727
2.622439600393793,21,1,29441054600.462452,6330941.121993996,6637276.533969251,29441360953.409416,8175994.4826872,2111979.224993164,-83.02249908447266,-82.26950073242188,-0.2364999949932098,-0.2345999926328659,[0. 0. 0.],[0. 0. 0. 1.],5.464760744195486,-2.6665608521514184,"(21, 1)",306353.6971664429,306335.042317708,-29439248974.452652,1538717.948717949,2.7981998920440674,-2.6665608521514184,29441054600.172554,6637276.454827724,8175994.403545673,6330941.412510016,29441360953.86972,2111979.4170673075,0.18051475759700752,1770935170.4433935,1770935170.4433935
2.9263842863998613,30,1,29423402156.415405,54962893.4252713,55269223.64935387,29423708506.457882,56807941.59807181,51675943.811238304,-83.7251968383789,-84.86730194091797,-0.9722999930381776,1.0988999605178833,[0. 0. 0.],[0. 0. 0. 1.],5.318561597208403,-2.233061595301054,"(30, 1)",306350.66105651855,306329.7995542884,-29372032562.740784,1538717.9487179443,3.0855000019073486,-2.233061595301054,29423402156.262295,55269223.57021234,56807941.518930286,54962893.77065805,29423708506.92335,51675944.182567105,0.20032449379358772,1770935170.4920802,1770935170.4920802
2.824593606066299,31,1,29314393879.03684,11094164.882363869,11399055.380123097,29314698788.942207,12937773.328841047,9882637.9138765,-87.84300231933594,-88.48680114746094,-2.3366000652313232,1.7732000350952148,[0. 0. 0.],[0. 0. 0. 1.],5.403218332373771,-2.508518282019767,"(31, 1)",304910.05921936035,304890.1680188291,-29304816150.950676,1538717.94871795,2.894700050354004,-2.508518282019767,29314393879.01871,11399055.30098157,12937773.24969952,11094165.132962741,29314698789.07793,9882638.127253605,0.1861616815417186,1770935170.5826151,1770935170.5826151
4.6277801040161135,20,2,28967137941.599056,60201005.73023811,60506603.46441997,28967443572.37746,62045321.41313792,65925890.95454907,-85.72370147705078,-85.15129852294922,-7.315499782562256,7.124599933624268,[0. 0. 0.],[0. 0. 0. 1.],5.780256972993651,-1.0177571637285139,"(20, 2)",305631.22871398926,305597.28377904743,-28901517681.41505,1538717.9487179518,4.762499809265137,-1.0177571637285139,28967137941.51872,60506603.377904646,62045321.3266226,60201006.0941256,28967443572.747433,65925891.33238181,0.19749740518752232,1770935170.6375089,1770935170.6375089
4.0757326338875774,21,2,29696048013.923985,53892739.260979675,54196923.97724048,29696352227.149117,55735641.92595843,55454028.649555616,-90.33489990234376,-91.27890014648438,-4.253300189971924,4.122000217437744,[0. 0. 0.],[0. 0. 0. 1.],6.2983455293594135,-2.089845620912148,"(21, 2)",304213.8515357971,304184.5077123344,-29640898198.758408,1538717.9487179518,4.208499908447266,-2.089845620912148,29696048013.634087,54196923.89072516,55735641.83944311,53892739.383012824,29696352227.485622,55454028.72721354,0.18340131913816987,1770935170.6984737,1770935170.6984737
4.395286347493005,30,2,29693395113.146168,50307285.926725805,50613847.05416356,29693701705.083817,52152565.002881505,52803507.38046566,-86.65059661865234,-85.92389678955078,-4.885700225830078,4.833499908447266,[0. 0. 0.],[0. 0. 0. 1.],5.370857095168491,-0.822256898330112,"(30, 2)",306592.53242874146,306560.7158954367,-29640898197.788105,1538717.9487179443,4.548600196838379,-0.822256898330112,29693395112.993057,50613846.96764824,52152564.91636618,50307286.2517528,29693701705.525486,52803507.737379804,0.193420532580912,1770935170.7636714,1770935170.7636714
5.038716097024254,31,2,29573387733.2035,62655265.87825861,62961218.84903535,29573693721.695503,64499936.797753304,11936.361668917498,-90.26629638671876,-90.22930145263672,-6.589099884033203,5.980899810791016,[0. 0. 0.],[0. 0. 0. 1.],5.909298044654857,-0.8326979698867909,"(31, 2)",305988.55043029785,305952.7587890625,-29573681785.246796,1538717.9487179518,5.076600074768066,-0.8326979698867909,29573387733.18537,62961218.76252003,64499936.71123798,62655266.00373097,29573693721.7358,11936.48900741186,0.1834441211331137,1770935170.8415887,1770935170.8415887
6.573664385607364,20,3,29226131298.970844,48004812.07621196,48310209.246429674,29226436740.137764,49848927.195147626,56053407.45347924,-90.64080047607422,-90.96630096435548,-0.7953000068664551,0.2924000024795532,[0. 0. 0.],[0. 0. 0. 1.],8.333480663273496,-1.702580757115049,"(20, 3)",305441.33112716675,305396.94761618227,-29170383332.66016,1538717.9487179518,6.630899906158447,-1.702580757115049,29226131298.890507,48310209.147135414,49848927.095853366,48004812.19951923,29226436740.221634,56053407.561473355,0.18340310194094928,1770935170.8965158,1770935170.8965158
5.942559231965366,21,3,29955041323.21885,41697714.88605837,42001619.50283993,29955345266.69609,43540337.45155788,45581416.51260127,-84.50700378417969,-84.44259643554688,2.4958999156951904,-2.634700059890747,[0. 0. 0.],[0. 0. 0. 1.],8.658882207513464,-2.4959822365051636,"(21, 3)",303944.40479660034,303904.1215945482,-29909763850.42607,1538717.9487179518,6.162899971008301,-2.4959822365051636,29955041322.92895,42001619.40354567,43540337.35226362,41697715.28195112,29955345267.333748,45581416.907677285,0.20034776511327018,1770935170.957421,1770935170.957421
5.822218485584905,30,3,29936388766.992317,22112749.655723345,22417853.477198906,29936693909.16246,23956571.425916858,26930060.46378678,-88.12830352783203,-87.60859680175781,1.1669000387191772,-2.1726999282836914,[0. 0. 0.],[0. 0. 0. 1.],8.088195173008208,-2.1335953156778853,"(30, 3)",305142.68141555786,305103.4624148607,-29909763848.767166,1538717.9487179518,5.954599857330322,-2.1335953156778853,29936388766.839207,22417853.377904646,23956571.326622598,22112749.915489785,29936693909.520622,26930060.753455527,0.18697581254115042,1770935171.005067,1770935171.005067
6.255969599394744,31,3,29781382645.062466,66678656.32018528,66984912.7720707,29781688943.659042,1307220.4643783956,6357920.012050002,-95.98809814453124,-97.65760040283205,0.2522999942302704,-0.9639000296592712,[0. 0. 0.],[0. 0. 0. 1.],8.413408825323614,-2.1768089031434386,"(31, 3)",306298.43687438965,306256.4008663818,-29775331023.543686,-65677692.307692304,6.236599922180176,-2.1768089031434386,29781382645.04434,66984912.67277644,1307220.3650841345,66678656.27191006,29781688943.481213,6357919.9375250405,0.18742825964049334,1770935171.0551665,1770935171.0551665
4.935715651676009,20,4,29440125818.201607,909585.2817654222,1213518.5380405104,29440429785.176544,2752236.486758459,1180814.7729314512,-90.6780014038086,-90.8550033569336,-2.7660000324249268,2.535900115966797,[0. 0. 0.],[0. 0. 0. 1.],5.9957967768636635,-1.003396607491105,"(20, 4)",303967.14430618286,303933.04286858975,-29439248970.38364,1538717.9487179485,4.992400169372559,-1.003396607491105,29440125818.12127,1213518.4420072115,2752236.39072516,909585.3991386218,29440429785.265575,1180814.8819360978,0.18340001824851943,1770935171.110485,1770935171.110485
4.316609670224327,21,4,30193035177.38551,18602375.768214133,18906258.922655895,30193339089.209194,20444976.871373843,14709601.337680604,-84.81410217285156,-84.14550018310547,0.3296000063419342,-0.7105000019073486,[0. 0. 0.],[0. 0. 0. 1.],6.075795992695039,-1.5405958736764847,"(21, 4)",303912.74476623535,303882.6653896235,-30178629488.118248,1538717.948717948,4.535200119018555,-1.5405958736764847,30193035177.09561,18906258.826622598,20444976.775340546,18602376.161232974,30193339089.840378,14709601.722130409,0.20035287306256197,1770935171.195432,1770935171.195432
4.933257717708841,30,4,30189382172.44103,14016614.792370735,14323975.268809741,30189689565.99368,15862693.21752769,11060079.591324985,-95.21749877929688,-96.28690338134766,-0.554099977016449,-0.0082999998703598,[0. 0. 0.],[0. 0. 0. 1.],5.940327473034791,-0.97092754398816,"(30, 4)",307393.7205810547,307360.41729266755,-30178629486.474995,1538717.948717948,4.969399929046631,-0.97092754398816,30189382172.287918,14323975.172776442,15862693.12149439,14016614.755483774,30189689566.0085,11060079.533503605,0.18670931322658502,1770935171.2580986,1770935171.2580986
4.658533286740431,31,4,30034376635.447075,58582745.20509201,58888061.80727128,30034681983.586197,60426779.75598922,57701729.44018363,-82.75160217285156,-83.36599731445312,-1.6689000129699707,1.6734999418258667,[0. 0. 0.],[0. 0. 0. 1.],6.018622700489663,-1.267222706593179,"(31, 4)",305348.4011917114,305316.22470953315,-29976980254.04686,1538717.9487179443,4.751399993896484,-1.267222706593179,30034376635.428947,58888061.71123798,60426779.659955926,58582745.48652845,30034681983.83014,57701729.78327824,0.19015991811238947,1770935171.308447,1770935171.308447
2.2013585174443917,20,5,29694119303.778526,62254636.31720587,62559432.22811902,29694424115.586067,64098150.176836975,53525916.54811354,-88.25299835205078,-88.9844970703125,-4.786900043487549,3.8510000705718994,[0. 0. 0.],[0. 0. 0. 1.],3.059692769990478,-0.6981927451949463,"(20, 5)",304812.0743179321,304795.0470753163,-29640898198.727108,1538717.9487179518,2.361500024795532,-0.6981927451949463,29694119303.69819,62559431.90354567,64098149.85226362,62254636.856470354,29694424115.772507,53525917.04539764,0.185141915113253,1770935171.3644695,1770935171.3644695
1.7983879770426205,21,5,30423029239.885506,55948684.85108578,56254296.01017031,30423334863.34781,57793013.958888255,43056146.920203246,-81.87039947509766,-82.74939727783203,-1.4062000513076782,1.2302000522613523,[0. 0. 0.],[0. 0. 0. 1.],2.7001653466200923,-0.6666653904891113,"(21, 5)",305624.2800979614,305610.3985126242,-30380278716.38347,1538717.9487179443,2.033499956130981,-0.6666653904891113,30423029239.595608,56254295.68559696,57793013.6343149,55948685.28708433,30423334863.875706,43056147.49223758,0.16938587038084768,1770935171.4254253,1770935171.4254253
1.7441292687534609,30,5,30420376146.8,52362498.47319032,52666763.958888255,30420680424.475784,54205481.90760621,40401709.31389484,-80.56529998779297,-80.40360260009766,-2.1802000999450684,2.00600004196167,[0. 0. 0.],[0. 0. 0. 1.],3.307452451537286,-1.48055244619671,"(30, 5)",304277.7663002014,304264.9802183509,-30380278714.943665,1538717.9487179518,1.826900005340576,-1.48055244619671,30420376146.64689,52666763.6343149,54205481.583032854,52362498.65409655,30420680424.41319,40401709.46952624,0.07326731805180842,1770935171.4890819,1770935171.4890819
1.6797878861994304,31,5,30281370930.318867,45712166.8027684,46017973.894785695,30281676749.460613,47556691.84350364,35830856.25169893,-81.67530059814453,-82.40609741210938,-3.418800115585327,3.4170000553131104,[0. 0. 0.],[0. 0. 0. 1.],2.987940860432817,-1.1883408552829757,"(31, 5)",305819.29524612427,305806.36831430346,-30245845892.818893,1538717.9487179443,1.7996000051498413,-1.1883408552829757,30281370930.30074,46017973.57021234,47556691.518930286,45712167.20189804,30281676749.595985,35830856.77709335,0.15868257507506822,1770935171.5521944,1770935171.5521944
3.222032887420844,20,11,29960112837.432365,56175107.804828,56480810.18670393,29960418561.717457,58019528.13542188,50654717.585639626,-84.45970153808594,-84.55829620361328,-1.9390000104904173,1.0364999771118164,[0. 0. 0.],[0. 0. 0. 1.],7.238867807619097,-3.8820677282733937,"(20, 11)",305724.7377052307,305701.9355969578,-29909763844.134754,1538717.9487179518,3.356800079345703,-3.8820677282733937,29960112837.352028,56480810.10867388,58019528.05739183,56175108.17307692,29960418562.089733,50654717.95497797,0.20032047515426726,1770935171.6305218,1770935171.6305218
3.597851467900507,21,11,30689022364.8855,49869746.17600469,50175337.43029367,30689327979.742825,51714055.37901162,40183618.72215869,-92.24610137939452,-92.8582000732422,1.4835000038146973,-1.6585999727249146,[0. 0. 0.],[0. 0. 0. 1.],6.76620379035099,-3.059903770133094,"(21, 11)",305615.4221725464,305591.1489633396,-30649144361.290314,1538717.9487179518,3.706300020217896,-3.059903770133094,30689022364.595604,50175337.35226362,51714055.300981574,49869746.20330028,30689327980.017776,40183618.727463946,0.1842033137789751,1770935171.6914532,1770935171.6914532
2.2667614121815025,20,1,30486128173.970818,38991233.81496482,39295305.3801231,30486432261.54752,40834023.328841045,38937137.82007497,-89.44309997558594,-88.00160217285156,-3.221400022506714,2.974600076675415,[0. 0. 0.],[0. 0. 0. 1.],5.378421035517765,-3.0274209649458657,"(20, 1)",304087.90001296997,304071.3266225979,-30447495123.72897,1538717.9487179443,2.3510000705718994,-3.0274209649458657,30486128173.89048,39295305.300981574,40834023.24969952,38991233.974358976,30486432261.790493,38937138.06152344,0.1850276806230314,1770935172.1687524,1770935172.1687524
2.5774298097773496,21,1,31224008542.770103,41658254.17381661,41965417.55961028,31224315723.374996,43504135.50832823,37440082.44569699,-82.8156967163086,-82.66580200195312,-0.1042999997735023,-0.1023999974131584,[0. 0. 0.],[0. 0. 0. 1.],5.464760744195486,-2.706460678201223,"(21, 1)",307181.4121360779,307163.03898738325,-31186875641.19753,1538717.9487179518,2.7583000659942627,-2.706460678201223,31224008542.480206,41965417.48046875,43504135.4291867,41658254.44148137,31224315723.89234,37440082.6948117,0.18346084173005114,1770935172.2264535,1770935172.2264535
2.9287667327365536,30,1,31220355273.402546,37071156.611818425,37376763.71345643,31220660900.32225,38915481.66217438,33785260.674317405,-83.52290344238281,-83.1792984008789,-1.0336999893188477,0.932200014591217,[0. 0. 0.],[0. 0. 0. 1.],5.318561597208403,-2.2423615888160686,"(30, 1)",305627.47270584106,305606.689453125,-31186875639.742073,1538717.9487179518,3.076200008392334,-2.2423615888160686,31220355273.249435,37376763.6343149,38915481.583032854,37071156.94486178,31220660900.72214,33785260.98006811,0.19477526473822332,1770935172.2890208,1770935172.2890208
2.8160051824141665,31,1,31083351891.857307,32421867.09014172,32726691.598071817,31083656735.734016,34265409.546789765,31213918.132964343,-88.00350189208984,-89.01460266113281,-2.2844998836517334,1.6875,[0. 0. 0.],[0. 0. 0. 1.],5.403218332373771,-2.523018423163566,"(31, 1)",304844.0004005432,304824.1874499209,-31052442817.5234,1538717.948717948,2.880199909210205,-2.523018423163566,31083351891.83918,32726691.51893029,34265409.46764824,32421867.33148037,31083656735.83958,31213918.31618089,0.18539445008052782,1770935172.3517802,1770935172.3517802
4.611383381316734,20,2,30670876114.675938,16299564.460981008,16605585.83621484,30671182169.020096,18144303.78493279,22037821.087058105,-85.3551025390625,-84.59329986572266,-7.603300094604492,7.079899787902832,[0. 0. 0.],[0. 0. 0. 1.],5.780256972993651,-1.0322568280351545,"(20, 2)",306054.7970504761,306020.9147135429,-30649144347.92518,1538717.9487179462,4.748000144958496,-1.0322568280351545,30670876114.5956,16605585.74969952,18144303.698417466,16299564.834985977,30671182169.39265,22037821.467472956,0.19934700980237496,1770935172.4084454,1770935172.4084454
4.07242263507898,21,2,31466002292.770096,8996514.459286341,9300569.810573814,31466306376.58596,10839287.759291762,10565101.053810857,-91.37770080566406,-90.95179748535156,-4.283999919891357,3.9151999950408936,[0. 0. 0.],[0. 0. 0. 1.],6.2983455293594135,-2.098245584291054,"(21, 2)",304084.4570083618,304055.1914312914,-31455741275.790997,1538717.948717948,4.200099945068359,-2.098245584291054,31466002292.480198,9300569.724058494,10839287.672776442,8996514.532627203,31466306376.937206,10565101.146208934,0.18347272965170286,1770935172.4684286,1770935172.4684286
4.41826895964681,30,2,31448349327.889717,57625695.626953274,57932372.6951892,31448656035.903378,59471090.64390715,60131171.43949889,-85.7916030883789,-85.91480255126953,-5.22189998626709,4.713399887084961,[0. 0. 0.],[0. 0. 0. 1.],5.370857095168491,-0.7937572950586276,"(30, 2)",306708.60877609253,306676.6200921461,-31388524864.548634,1538717.9487179518,4.577099800109863,-0.7937572950586276,31448349327.736607,57932372.60867388,59471090.55739183,57625695.98858173,31448656036.345383,60131171.7967498,0.19548413492573555,1770935172.519553,1770935172.519553
5.034751475766807,31,2,31314346403.075253,55976339.92341197,56282813.40031741,31314652912.04704,57821531.34903535,60560870.28734222,-89.93299865722656,-90.35690307617188,-6.706399917602539,6.073999881744385,[0. 0. 0.],[0. 0. 0. 1.],5.909298044654857,-0.8350978913040272,"(31, 2)",306509.02381134033,306473.2478215173,-31254092041.672657,1538717.9487179443,5.07420015335083,-0.8350978913040272,31314346403.057125,56282813.313802086,57821531.26252003,55976340.06598057,31314652912.080936,60560870.40827824,0.18347691950710907,1770935172.5826595,1770935172.5826595
6.638460383918374,20,3,30898870273.32978,40332558.4852898,40637052.195147626,30899174811.4281,42175770.14386557,48381222.13014627,-91.6709976196289,-90.34120178222656,-0.9490000009536744,0.6723999977111816,[0. 0. 0.],[0. 0. 0. 1.],8.333480663273496,-1.6402805518843362,"(20, 3)",304538.292514801,304493.53340344876,-30850793589.27383,1538717.9487179443,6.69320011138916,-1.6402805518843362,30898870273.249443,40637052.095853366,42175770.04457131,40332558.56244992,30899174811.541958,48381222.268129006,0.18342495584022106,1770935172.6366446,1770935172.6366446
5.924436669797434,21,3,31694996379.308556,34030554.16324844,34334736.49001942,31695300600.377216,35873454.43873737,37910083.54275116,-85.00879669189453,-85.43470001220703,2.416699886322021,-2.9642999172210693,[0. 0. 0.],[0. 0. 0. 1.],8.658882207513464,-2.515082425714148,"(21, 3)",304221.9895553589,304181.8315554857,-31657390517.07705,1538717.9487179518,6.143799781799316,-2.515082425714148,31694996379.018658,34334736.39072516,35873454.33944311,34030554.55916967,31695300601.008213,37910083.93116486,0.1984012217276469,1770935172.697466,1770935172.697466
5.82432560510599,30,3,31692342965.710228,30442997.107397586,30747156.36181429,31692647163.301094,32285874.310532242,35256647.79494558,-87.73979949951172,-87.51239776611328,1.3596999645233154,-1.6651999950408936,[0. 0. 0.],[0. 0. 0. 1.],8.088195173008208,-2.1272953431437056,"(30, 3)",304198.1075935364,304158.8729467131,-31657390515.574642,1538717.9487179518,5.960899829864502,-2.1272953431437056,31692342965.557117,30747156.26252003,32285874.211237982,30442997.389573317,31692647163.66471,35256648.09006911,0.187723507904121,1770935172.7610571,1770935172.7610571
6.779200841061816,31,3,31554340713.972683,24794493.368205998,25099528.156686086,31554645793.80027,26638246.105404034,31688100.481846936,-103.1666030883789,-89.78369903564453,0.4068999886512756,-0.7160999774932861,[0. 0. 0.],[0. 0. 0. 1.],8.413408825323614,-1.6277089809632628,"(31, 3)",305079.90910339355,305034.8056891002,-31522957693.215122,1538717.948717948,6.785699844360352,-1.6277089809632628,31554340713.954556,25099528.057391826,26638246.006109774,24794493.251702726,31554645793.86366,31688100.648537662,0.18424439739004392,1770935172.822695,1770935172.822695
4.94332065757953,20,4,31141864039.355415,22232901.547854446,22536755.717527688,31142167927.288116,24075473.666245636,22508700.442982767,-90.49819946289062,-91.7052993774414,-2.3320000171661377,2.427900075912476,[0. 0. 0.],[0. 0. 0. 1.],5.9957967768636635,-1.0000968943563393,"(20, 4)",303888.06465530396,303853.9475661032,-31119659226.82516,1538717.948717948,4.995699882507324,-1.0000968943563393,31141864039.275078,22536755.62149439,24075473.570212338,22232901.673928287,31142167927.339733,22508700.514573317,0.18344685495922194,1770935172.8794613,1770935172.8794613
4.333362837598891,21,4,31936990129.308548,14931512.290238393,15236186.80727128,31937294832.62486,16774904.75598923,11038678.180618532,-84.01309967041016,-83.6281967163086,0.4144000113010406,-0.2662999927997589,[0. 0. 0.],[0. 0. 0. 1.],6.075795992695039,-1.529295786701387,"(21, 4)",304704.21424102783,304674.04096554406,-31926256154.690975,1538717.94871795,4.546500205993652,-1.529295786701387,31936990129.01865,15236186.71123798,16774904.65995593,14931512.670272436,31937294833.23289,11038678.541917067,0.19894302488200244,1770935172.9394515,1770935172.9394515
4.908398930131869,30,4,31934336651.607655,11343516.096515859,11650850.268809741,31934644018.65275,13189568.21752769,8387865.395972141,-95.05609893798828,-95.6439971923828,-0.6668000221252441,0.534500002861023,[0. 0. 0.],[0. 0. 0. 1.],5.940327473034791,-0.9934275821351326,"(30, 4)",307367.2250595093,307334.10957532004,-31926256153.32942,1538717.948717948,4.946899890899658,-0.9934275821351326,31934336651.454544,11650850.172776442,13189568.12149439,11343516.063201122,31934644018.679604,8387865.3501852965,0.18642183851209781,1770935173.0042727,1770935173.0042727
4.613859401266633,31,4,31796334968.78037,5695188.665326195,6000585.845732818,31796640397.174866,7539303.794450767,4817065.980613311,-83.8145980834961,-83.83360290527344,-1.5514999628067017,1.5972000360488892,[0. 0. 0.],[0. 0. 0. 1.],6.018622700489663,-1.2940228622328274,"(31, 4)",305428.68589782715,305396.71286558453,-31791823331.0951,1538717.948717949,4.724599838256836,-1.2940228622328274,31796334968.76224,6000585.749699519,7539303.698417468,5695189.0368339345,31796640397.44814,4817066.3530398635,0.1989856419287148,1770935173.0646083,1770935173.0646083
2.1801606918493137,20,5,31382857717.240025,3358906.8527250253,3663630.9460677425,31383162457.09135,5202348.894785692,61854001.658830196,-88.51570129394531,-89.31210327148438,-4.530799865722656,3.7290000915527344,[0. 0. 0.],[0. 0. 0. 1.],3.059692769990478,-0.7243928012709957,"(20, 5)",304740.0997848511,304723.2446915065,-31321308455.121677,1538717.948717949,2.3352999687194824,-0.7243928012709957,31382857717.159687,3663630.621494391,5202348.57021234,3358907.3768028845,31383162457.25947,61854002.13779547,0.18462364957276717,1770935173.1205056,1770935173.1205056
1.7922015229149375,21,5,32178983879.30854,64274653.99632209,64578662.99734979,32179287900.520447,66117380.94606774,51382517.17581629,-81.69969940185547,-82.62149810791016,-1.4220999479293823,0.98989999294281,[0. 0. 0.],[0. 0. 0. 1.],2.7001653466200923,-0.680065229890356,"(21, 5)",304022.01334762573,304008.272611171,-32127905383.300495,1538717.9487179518,2.0201001167297363,-0.680065229890356,32178983879.018642,64578662.67277644,66117380.62149439,64274654.40016527,32179287901.03199,51382517.731495395,0.163438607502695,1770935173.1814108,1770935173.1814108
1.7705012333031274,30,5,32176330337.505085,60686245.451062456,60990513.958888255,32176634618.341854,62529231.90760621,48729236.325535856,-80.57520294189453,-80.2876968383789,-2.17549991607666,2.0731000900268555,[0. 0. 0.],[0. 0. 0. 1.],3.307452451537286,-1.4562524669868098,"(30, 5)",304280.9119606018,304268.0006760806,-32127905381.798088,1538717.9487179518,1.851199984550476,-1.4562524669868098,32176330337.351974,60990513.6343149,62529231.583032854,60686245.63363882,32176634618.263935,48729236.465845354,0.0711342846052512,1770935173.2450163,1770935173.2450163
1.6710153802127186,31,5,32055328822.94703,4821263.501083963,5127068.446067743,32055634639.861423,6665786.394785692,62162079.87633437,-81.99669647216797,-82.79350280761719,-3.4179000854492188,3.392800092697144,[0. 0. 0.],[0. 0. 0. 1.],2.987940860432817,-1.180440855664445,"(31, 5)",305817.11989212036,305804.161658654,-31993472559.595066,1538717.948717949,1.807500004768372,-1.180440855664445,32055328822.9289,5127068.121494391,6665786.07021234,4821263.959835737,32055634640.048794,62162080.453725964,0.17258894923900242,1770935173.3237429,1770935173.3237429
3.2001505626433535,20,11,31625851843.842583,41501218.11361435,41806787.750806496,31626157435.23368,43345505.69952444,35983334.67599563,-83.58820343017578,-83.52680206298828,-1.8280999660491943,1.0327999591827393,[0. 0. 0.],[0. 0. 0. 1.],7.238867807619097,-3.9144678594989797,"(20, 11)",305591.80626678467,305569.22325721383,-31590174100.560623,1538717.9487179443,3.324399948120117,-3.9144678594989797,31625851843.762245,41806787.672776446,43345505.62149439,41501218.44951923,31626157435.568512,35983335.00788762,0.19704866008902522,1770935173.3690782,1770935173.3690782
3.679232843994523,21,11,32422977581.231613,36201059.20066813,36507340.63542188,32423283886.733685,38046058.584139824,26512858.655138884,-92.73079681396484,-93.11270141601562,1.5077999830245972,-1.672600030899048,[0. 0. 0.],[0. 0. 0. 1.],6.76620379035099,-2.982503801032142,"(21, 11)",306306.0584449768,306281.3470302522,-32396771028.34819,1538717.9487179443,3.783699989318848,-2.982503801032142,32422977580.941715,36507340.55739183,38046058.506109774,36201059.21036158,32423283887.00016,26512858.651968148,0.18447980138896317,1770935173.4253628,1770935173.4253628
2.3150213827643387,20,1,32115839071.406673,55503030.70296761,55809640.31602053,32116145697.33888,57348358.264738485,55456727.34807438,-89.3947982788086,-88.49510192871094,-3.368499994277954,3.160900115966797,[0. 0. 0.],[0. 0. 0. 1.],5.378421035517765,-2.9831211240187416,"(20, 1)",306626.2269630432,306609.37186998874,-32060688969.992325,1538717.9487179518,2.3952999114990234,-2.9831211240187416,32115839071.326336,55809640.236879006,57348358.18559696,55503030.86500902,32116145697.5533,55456727.56097256,0.18458268224115365,1770935173.8598053,1770935173.8598053
2.6566777478003707,21,1,32914964872.89827,52204362.98908119,52512260.50832823,32915272788.140453,54050978.45704617,47986890.67573944,-82.86489868164062,-82.48629760742188,-0.3892000019550323,-0.0260000005364418,[0. 0. 0.],[0. 0. 0. 1.],5.464760744195486,-2.6299607392363793,"(21, 1)",307916.02501296997,307897.166716747,-32867285897.732944,1538717.9487179443,2.8348000049591064,-2.6299607392363793,32914964872.60837,52512260.4291867,54050978.377904646,52204363.262469955,32915272788.633385,47986890.90044071,0.18166504146813228,1770935173.9173503,1770935173.9173503
2.8822427063677103,30,1,32936310513.78712,5398034.445122921,5702332.623712841,32936614831.518562,7241050.57243079,2112525.438754004,-83.12940216064453,-83.86750030517578,-1.1231000423431396,0.7878000140190125,[0. 0. 0.],[0. 0. 0. 1.],5.318561597208403,-2.286761565546415,"(30, 1)",304318.3312034607,304297.7983523635,-32934502306.173946,1538717.948717949,3.0318000316619877,-2.286761565546415,32936310513.63401,5702332.544571314,7241050.493289263,5398034.7462189505,32936614831.965214,2112525.7912660255,0.19632173973738087,1770935174.00495,1770935174.00495
2.831747649375711,31,1,32816310770.062397,17750502.677966613,18056186.79037951,32816616473.656487,19594904.739097457,16546989.420105416,-87.82350158691406,-87.34190368652344,-2.121500015258789,1.3316999673843384,[0. 0. 0.],[0. 0. 0. 1.],5.403218332373771,-2.491318288886222,"(31, 1)",305703.8136024475,305683.7815504819,-32800069484.15873,1538717.948717948,2.911900043487549,-2.491318288886222,32816310770.04427,18056186.711237982,19594904.65995593,17750502.9296875,32816616473.857872,16546989.69914363,0.18788739943231475,1770935174.0846732,1770935174.0846732
4.61667020303303,20,2,32384901242.881027,49901895.65756727,50206611.47724048,32385205991.68314,51745329.42595843,55651387.277283415,-85.25340270996094,-84.91130065917969,-7.366700172424316,6.98859977722168,[0. 0. 0.],[0. 0. 0. 1.],5.780256972993651,-1.026656852449217,"(20, 2)",304749.2550582886,304715.3570713103,-32329554604.397995,1538717.9487179518,4.753600120544434,-1.026656852449217,32384901242.80069,50206611.39072516,51745329.33944311,49901896.03365385,32385205992.055748,55651387.6577524,0.19892993125708178,1770935174.1350005,1770935174.1350005
4.098963436721727,21,2,33190957741.488007,53534464.62644808,53838718.84903535,33191262024.37479,55377436.797753304,55110492.5419764,-90.8906021118164,-93.4792022705078,-4.191800117492676,4.429299831390381,[0. 0. 0.],[0. 0. 0. 1.],6.2983455293594135,-2.082845651429725,"(21, 2)",304283.4316139221,304254.04084034264,-33136151532.091663,1538717.9487179518,4.215499877929688,-2.082845651429725,33190957741.19811,53838718.76252003,55377436.71123798,53534464.72167969,33191262024.629723,55110492.538060896,0.1838475201604499,1770935174.1934116,1770935174.1934116
4.3081598145678495,30,2,33186303991.351215,47944642.47562292,48249047.37467638,33186608426.54296,49787765.32339433,50456895.881962255,-86.25479888916016,-86.34539794921875,-5.382999897003174,5.009500026702881,[0. 0. 0.],[0. 0. 0. 1.],5.370857095168491,-0.9092572683557467,"(30, 2)",304435.7691040039,304404.4690254405,-33136151530.745754,1538717.9487179518,4.461599826812744,-0.9092572683557467,33186303991.198105,48249047.288161054,49787765.236879006,47944642.819135614,33186608426.96721,50456896.22145433,0.19328519707166356,1770935174.2550302,1770935174.2550302
5.081200902795049,31,2,33048305265.2547,42297637.83803559,42604175.579804584,33048611838.733128,44142893.528522536,46893129.96250381,-89.82260131835938,-90.30039978027344,-6.249100208282471,6.093599796295166,[0. 0. 0.],[0. 0. 0. 1.],5.909298044654857,-0.7872978272171132,"(31, 2)",306573.53327560425,306537.5068860203,-33001718708.683586,1538717.9487179518,5.122000217437744,-0.7872978272171132,33048305265.236572,42604175.49328926,44142893.442007214,42297637.98640324,33048611838.769848,46893130.08626302,0.18350905228205244,1770935174.3167903,1770935174.3167903
6.597405535244767,20,3,32566609375.893845,27660433.94539617,27965024.951557882,32566914011.076485,29503742.90027583,35710165.681310914,-92.05979919433594,-91.1519012451172,-0.8391000032424927,0.4144000113010406,[0. 0. 0.],[0. 0. 0. 1.],8.333480663273496,-1.689380474064512,"(20, 3)",304635.3384170532,304590.845352564,-32531203845.371048,1538717.948717948,6.644100189208984,-1.689380474064512,32566609375.813507,27965024.852263622,29503742.80098157,27660434.006911058,32566914011.151924,35710165.7808744,0.18363084674250493,1770935174.3715477,1770935174.3715477
5.903619928574502,21,3,33430951547.577744,22363496.669753104,22670048.990019422,33431258138.54157,24208766.93873737,26240955.27522529,-85.13790130615234,-85.76409912109375,2.427900075912476,-2.747400045394897,[0. 0. 0.],[0. 0. 0. 1.],8.658882207513464,-2.5375819870239624,"(21, 3)",306591.875125885,306551.82667267695,-33405017183.508926,1538717.948717948,6.121300220489502,-2.5375819870239624,33430951547.287846,22670048.890725162,24208766.83944311,22363497.064052485,33431258139.16297,26240955.654046476,0.19744509782969819,1770935174.4335337,1770935174.4335337
5.804723809037526,30,3,33428297677.248646,18773732.003149565,19080617.90027583,33428604601.402836,20619335.84899378,23587419.511757057,-88.84629821777344,-88.01820373535156,1.6028000116348269,-1.586899995803833,[0. 0. 0.],[0. 0. 0. 1.],8.088195173008208,-2.160795060856108,"(30, 3)",306924.64192962646,306885.5794270821,-33405017181.95957,1538717.948717948,5.9274001121521,-2.160795060856108,33428297677.095535,19080617.80098157,20619335.749699518,18773732.221554488,33428604601.737465,23587419.77789463,0.18554014962277146,1770935174.4970083,1770935174.4970083
6.801289668354227,31,3,33290299520.062386,13127449.988022774,13433702.836173268,33290605818.074444,14972420.784891218,20021457.979841743,-102.81900024414062,-88.94779968261719,0.4535000026226043,-0.7347999811172485,[0. 0. 0.],[0. 0. 0. 1.],8.413408825323614,-1.598508903906378,"(31, 3)",306298.1395225525,306252.8639573306,-33270584359.9913,1538717.94871795,6.814899921417236,-1.598508903906378,33290299520.04426,13433702.736879006,14972420.685596956,13127449.872921675,33290605818.18378,20021458.192482974,0.18372991674418226,1770935174.5587084,1770935174.5587084
4.947577648093804,20,4,32809602997.68871,9557036.971562058,9861034.563681537,32809907029.063354,11399752.512399485,9837545.761052176,-90.70880126953124,-91.9354019165039,-2.759500026702881,2.598299980163574,[0. 0. 0.],[0. 0. 0. 1.],5.9957967768636635,-0.9986969004598549,"(20, 4)",304031.49727249146,303997.3801832944,-32800069483.282326,1538717.948717948,4.997099876403809,-0.9986969004598549,32809602997.60837,9861034.467648238,11399752.416366186,9557037.087464944,32809907029.105644,9837545.823317308,0.18350982175873018,1770935174.6143906,1770935174.6143906
4.323970017437515,21,4,33656945706.231583,54477666.29604308,54783141.93547641,33657251210.57002,56321859.88419435,50584799.527763076,-83.93319702148438,-84.21869659423828,0.425599992275238,-0.6909999847412109,[0. 0. 0.],[0. 0. 0. 1.],6.075795992695039,-1.535295828663057,"(21, 4)",305505.2615432739,305475.1665164307,-33606666411.28899,1538717.9487179443,4.540500164031982,-1.535295828663057,33656945705.941685,54783141.83944311,56321859.788161054,54477666.67292668,33657251211.203228,50584799.91423778,0.19999175527880841,1770935174.6595676,1770935174.6595676
4.928422539638838,30,4,33640292156.41531,36887870.08124266,37195321.422655895,33640599640.80697,38734039.37137384,33933231.359072246,-95.1790008544922,-95.77400207519533,-0.7376000285148621,0.6779999732971191,[0. 0. 0.],[0. 0. 0. 1.],5.940327473034791,-0.9742272571229256,"(30, 4)",307484.5690612793,307451.28142528236,-33606666409.52054,1538717.9487179443,4.966100215911865,-0.9742272571229256,33640292156.2622,37195321.3266226,38734039.27534054,36887870.045197316,33640599640.83126,33933231.31072216,0.18651863272829552,1770935174.709044,1770935174.709044
4.6039606366833326,31,4,33520294063.33161,49241267.465917826,49547076.2303482,33520599903.2913,51085794.17906615,48366315.92158238,-83.37539672851562,-83.54979705810547,-1.854200005531311,1.6754000186920166,[0. 0. 0.],[0. 0. 0. 1.],6.018622700489663,-1.31052285841813,"(31, 4)",305840.23500061035,305808.32456930727,-33472233587.270565,1538717.9487179518,4.708099842071533,-1.31052285841813,33520294063.313484,49547076.1343149,51085794.083032854,49241267.809745595,33520599903.548485,48366316.27791967,0.19610049773438148,1770935174.7887356,1770935174.7887356
2.1911805688199113,20,5,33023597661.15024,30897731.892107703,31201659.79222159,33023901604.83544,32740377.74093954,22182892.773600545,-88.20079803466797,-88.72750091552734,-4.481500148773193,3.7392001152038574,[0. 0. 0.],[0. 0. 0. 1.],3.059692769990478,-0.7056926784377437,"(20, 5)",303943.96659851074,303927.0332532078,-33001718711.750996,1538717.948717948,2.3540000915527344,-0.7056926784377437,33023597661.069904,31201659.467648238,32740377.416366186,30897732.43439503,33023901605.036503,22182893.28550681,0.18544479757339843,1770935174.8340473,1770935174.8340473
1.7823414626459009,21,5,33887939744.69312,25601902.036660045,25905457.869144667,33888243312.710445,27444175.817862615,12711262.902636914,-82.00640106201172,-82.40409851074219,-1.097000002861023,0.9452000260353088,[0. 0. 0.],[0. 0. 0. 1.],2.7001653466200923,-0.6860652718520259,"(21, 5)",303568.7881851196,303555.04745092243,-33875532049.76367,1538717.948717948,2.0141000747680664,-0.6860652718520259,33887939744.40322,25905457.544571314,27444175.493289262,25601902.49712039,33888243313.191406,12711263.427734375,0.16604893199733584,1770935174.8903525,1770935174.8903525
1.7488100579541657,30,5,33870286154.81274,7011753.048239517,7315986.715298512,33870590400.701065,8854704.66401646,62274762.46233401,-80.34459686279297,-80.41899871826172,-2.2193000316619877,1.8625999689102173,[0. 0. 0.],[0. 0. 0. 1.],3.307452451537286,-1.48055244619671,"(30, 5)",304245.98106765747,304233.19498697855,-33808315638.020504,1538717.948717948,1.826900005340576,-1.48055244619671,33870286154.65963,7315986.39072516,8854704.339443108,7011753.1957381815,33870590400.640697,62274762.620192304,0.06950076662191075,1770935174.9390624,1770935174.9390624
1.6613934868145892,31,5,33733289015.254684,2365782.726155942,2671587.6768369735,33733594832.116787,4210305.625554922,59712015.75277919,-82.12049865722656,-83.1353988647461,-3.361999988555908,3.533400058746338,[0. 0. 0.],[0. 0. 0. 1.],2.987940860432817,-1.1813408858005539,"(31, 5)",305817.1042404175,305804.146008614,-33673882815.973984,1538717.948717948,1.8065999746322632,-1.1813408858005539,33733289015.236557,2671587.352263622,4210305.30098157,2365783.206255008,33733594832.340797,59712016.3668119,0.17962310215973848,1770935175.0032032,1770935175.0032032
3.2227743097438055,20,11,33260591939.99639,63044866.774799876,63350361.46875521,33260897456.579594,64889079.41747316,57529509.789850116,-83.66729736328125,-83.53730010986328,-2.075900077819824,1.1240999698638916,[0. 0. 0.],[0. 0. 0. 1.],7.238867807619097,-3.890967893831255,"(20, 11)",305516.99907302856,305494.27521534264,-33203367946.792683,1538717.9487179518,3.347899913787842,-3.890967893831255,33260591939.916054,63350361.39072516,64889079.33944311,63044867.115509816,33260897456.915127,57529510.12244591,0.1974409411742881,1770935175.0655243,1770935175.0655243
3.6355636915454332,21,11,34123933654.94952,56749577.96527811,57055609.866191104,34124239710.595604,58594327.814909056,47058425.95034523,-92.55970001220705,-93.01840209960938,1.1948000192642212,-1.7843999862670898,[0. 0. 0.],[0. 0. 0. 1.],6.76620379035099,-3.024803786917762,"(21, 11)",306056.20555496216,306031.8071414232,-34077181284.914906,1538717.9487179518,3.741400003433228,-3.024803786917762,34123933654.659622,57055609.788161054,58594327.736879006,56749577.98101963,34124239710.865177,47058425.95027043,0.18437862263813062,1770935175.1265562,1770935175.1265562
2.2882371245738433,20,1,33798577781.342533,57826073.66616509,58129816.59807181,33798881540.42834,59668534.546789765,57782314.1368721,-89.99349975585938,-88.33149719238281,-3.3917999267578125,2.9382998943328857,[0. 0. 0.],[0. 0. 0. 1.],5.378421035517765,-3.0132209927931557,"(20, 1)",303759.39002227783,303742.72273136675,-33741099226.29299,1538717.9487179518,2.3652000427246094,-3.0132209927931557,33798577781.262196,58129816.518930286,59668534.46764824,57826073.79619892,33798881540.652218,57782314.35922476,0.18434614048085607,1770935175.6167815,1770935175.6167815
2.6139233239106083,21,1,34672919472.2572,62532339.649394855,62840369.4826872,34673227519.50305,64379087.43140515,58314955.246506914,-83.71080017089844,-82.63259887695312,-0.1042999997735023,0.2933000028133392,[0. 0. 0.],[0. 0. 0. 1.],5.464760744195486,-2.6590606804900414,"(21, 1)",308048.04875183105,308029.40955528617,-34614912564.52477,1538717.9487179518,2.8057000637054443,-2.6590606804900414,34672919471.96731,62840369.40354567,64379087.35226362,62532339.993990384,34673227520.01606,58314955.491286054,0.19173565123120795,1770935175.675292,1770935175.675292
2.9274047781068444,30,1,34670265289.4281,58940846.25594735,59246531.34166156,34670570994.34463,60785249.29037951,55658431.72941094,-83.78669738769531,-83.04759979248047,-1.0513999462127686,0.8306999802589417,[0. 0. 0.],[0. 0. 0. 1.],5.318561597208403,-2.2433615163368206,"(30, 1)",305705.4568557739,305684.6579527259,-34614912562.709366,1538717.9487179518,3.075200080871582,-2.2433615163368206,34670265289.274994,59246531.26252003,60785249.21123798,58940846.604567304,34670570994.73185,55658432.02248598,0.19542728958331396,1770935175.7389774,1770935175.7389774
2.8048839527455485,31,1,34533270024.87005,54295961.41072771,54600754.09807181,34533574836.8736,56139472.046789765,53095096.30525002,-87.80239868164062,-88.029296875,-2.2276999950408936,1.874699950218201,[0. 0. 0.],[0. 0. 0. 1.],5.403218332373771,-2.5239182148810952,"(31, 1)",304812.1838684082,304792.35526842624,-34480479740.49069,1538717.9487179518,2.879300117492676,-2.5239182148810952,34533270024.85192,54600754.018930286,56139471.96764824,54295961.66366186,34533574837.03579,53095096.54509716,0.1868170633552749,1770935175.8016956,1770935175.8016956
4.603187155381396,20,2,33986354832.62458,38148945.38088742,38455008.91313792,33986660929.083813,39993726.861855865,43912478.64934683,-85.52510070800781,-85.01439666748047,-7.545499801635742,7.228899955749512,[0. 0. 0.],[0. 0. 0. 1.],5.780256972993651,-1.0412571293962385,"(20, 2)",306096.9113082886,306063.0759214759,-33942748450.426605,1538717.9487179443,4.738999843597412,-1.0412571293962385,33986354832.544243,38455008.8266226,39993726.77534054,38148945.75070112,33986660929.45555,43912479.02894631,0.1982142172051614,1770935175.8584769,1770935175.8584769
4.10085095995013,21,2,34916913166.16745,31855978.241958328,32160513.720830224,34917217730.32123,33699231.669548176,33439531.806135796,-91.74859619140624,-91.4582977294922,-4.109899997711182,4.273799896240234,[0. 0. 0.],[0. 0. 0. 1.],6.2983455293594135,-2.0755457513747944,"(21, 2)",304564.77238464355,304535.3346604556,-34883778198.77394,1538717.9487179518,4.222799777984619,-2.0755457513747944,34916913165.877556,32160513.634314902,33699231.583032854,31855978.299654447,34917217730.64994,33439531.876001604,0.18363953190342389,1770935175.9194148,1770935175.9194148
4.314997579501968,30,2,34915258903.21015,29263884.942335483,29568406.349035352,34915563454.95267,31107124.297753304,31785257.60938724,-86.04499816894531,-86.095703125,-5.65399980545044,4.782299995422363,[0. 0. 0.],[0. 0. 0. 1.],5.370857095168491,-0.8995569700464205,"(30, 2)",304552.3306045532,304520.96792367473,-34883778197.42804,1538717.9487179518,4.47130012512207,-0.8995569700464205,34915258903.057045,29568406.26252003,31107124.211237982,29263885.294596355,34915563455.38765,31785257.959610377,0.19441169084821167,1770935175.9839807,1770935175.9839807
5.063028901140573,31,2,34794263838.97261,40618574.1038295,40924528.14390715,34794569828.62771,42463246.0926251,45224453.20610261,-90.47859954833984,-90.32859802246094,-6.318999767303467,6.165299892425537,[0. 0. 0.],[0. 0. 0. 1.],5.909298044654857,-0.8106981339187733,"(31, 2)",305989.7085342407,305953.8386418298,-34749345375.334564,1538717.9487179443,5.098599910736084,-0.8106981339187733,34794263838.95448,40924528.05739183,42463246.006109774,40618574.21875,34794569828.66302,45224453.32845052,0.18341205610804098,1770935176.06257,1770935176.06257
6.618373898449106,20,3,34229348598.650215,9988443.335212346,10295105.079763012,34229655304.668526,11833823.02848096,18041202.644032862,-91.22840118408205,-90.95539855957033,-0.7888000011444092,0.6313999891281128,[0. 0. 0.],[0. 0. 0. 1.],8.333480663273496,-1.6618807983137796,"(20, 3)",306706.1830177307,306661.5491035655,-34211614102.000366,1538717.948717948,6.671599864959717,-1.6618807983137796,34229348598.569878,10295104.98046875,11833822.929186698,9988443.431365184,34229655304.752895,18041202.752529047,0.18345410007237742,1770935176.1072738,1770935176.1072738
5.95854945793112,21,3,35160906868.09052,4696583.0581593225,5000465.656686088,35161210789.65009,6539183.605404037,8566939.435424266,-84.75199890136719,-85.48889923095703,2.6142001152038574,-2.7613000869750977,[0. 0. 0.],[0. 0. 0. 1.],8.658882207513464,-2.480982370019568,"(21, 3)",303922.4790878296,303882.1019881815,-35152643850.45725,1538717.948717949,6.1778998374938965,-2.480982370019568,35160906867.80063,5000465.557391827,6539183.506109776,4696583.4554036455,35161210790.27972,8566939.822465945,0.19883478129238225,1770935176.1632807,1770935176.1632807
6.723148951338618,31,3,35187254496.02388,28023863.486560687,28330233.284891214,35187560911.00677,29868951.233609162,34917066.45582956,-90.1352996826172,-96.4123992919922,0.3939000070095062,-0.564300000667572,[0. 0. 0.],[0. 0. 0. 1.],8.413408825323614,-1.677408764288458,"(31, 3)",306414.84187316895,306369.55065605044,-35152643844.44764,1538717.948717948,6.736000061035156,-1.677408764288458,35187254496.00575,28330233.185596954,29868951.134314902,28023863.634940904,35187560910.847626,34917066.399989985,0.18399034218046098,1770935176.4580681,1770935176.4580681
4.945066178627574,20,4,34648337845.44508,33443814.000346046,33747669.17906615,34648641734.39848,35286387.127784096,33729174.22009705,-90.34750366210938,-90.72589874267578,-2.797600030899048,2.3850998878479004,[0. 0. 0.],[0. 0. 0. 1.],5.9957967768636635,-0.9906970034566811,"(20, 4)",303889.12885284424,303854.9491686709,-34614912560.15841,1538717.9487179443,5.005099773406982,-0.9906970034566811,34648337845.364746,33747669.083032854,35286387.0317508,33443814.133864183,34648641734.4936,33729174.335186295,0.18339809786264608,1770935176.5335104,1770935176.5335104
4.323265460265186,21,4,35589895786.35974,38152805.14061128,38456972.063681535,35590199981.99325,39995690.01239948,34257673.59338538,-83.67070007324219,-83.55699920654297,0.2486000061035156,-0.8446999788284302,[0. 0. 0.],[0. 0. 0. 1.],6.075795992695039,-1.542496069751924,"(21, 4)",304196.5269470215,304166.4632161483,-35555942308.6466,1538717.9487179443,4.533299922943115,-1.542496069751924,35589895786.06985,38456971.96764824,39995689.91636618,38152805.50443209,35590199982.596794,34257673.95019531,0.19753910360834329,1770935176.59235,1770935176.59235
4.732639817335594,30,4,35586241387.184494,33560207.90135093,33867524.94829692,35586548737.03158,35406242.89701487,30606435.437543284,-95.24659729003906,-96.5811996459961,-0.5950999855995178,0.2775000035762787,[0. 0. 0.],[0. 0. 0. 1.],5.940327473034791,-1.1724274829530037,"(30, 4)",307350.010017395,307316.98843149096,-35555942301.66668,1538717.9487179518,4.767899990081787,-1.1724274829530037,35586241387.03139,33867524.85226362,35406242.800981574,33560207.86383213,35586548737.041405,30606435.37472456,0.18681528715621562,1770935176.6549523,1770935176.6549523
4.629653091473082,31,4,35431248542.49824,10916819.738618907,11222412.768809741,35431554166.84508,12761130.71752769,10044681.78910316,-83.39569854736328,-82.87449645996094,-1.7144999504089355,1.1287000179290771,[0. 0. 0.],[0. 0. 0. 1.],6.018622700489663,-1.293622795857095,"(31, 4)",305624.5617980957,305592.5887670275,-35421509484.956825,1538717.948717948,4.724999904632568,-1.293622795857095,35431248542.48011,11222412.672776442,12761130.62149439,10916820.084009415,35431554167.04191,10044682.085086137,0.19155203666296713,1770935176.7053075,1770935176.7053075
2.2088349122427355,20,5,34823115225.25277,15564000.641927162,15868727.099913895,34823419967.6508,17407445.048631847,6858178.83808146,-88.76229858398438,-88.68209838867188,-4.425600051879883,3.940399885177612,[0. 0. 0.],[0. 0. 0. 1.],3.059692769990478,-0.6924928722243648,"(20, 5)",304742.6820373535,304725.623497596,-34816561788.50188,1538717.94871795,2.3671998977661133,-0.6924928722243648,34823115225.17243,15868726.775340544,17407444.724058494,15564001.151842948,34823419967.85447,6858179.3525891425,0.1849184757406521,1770935176.7623932,1770935176.7623932
1.753330492022463,21,5,35820889816.80846,9273884.070160953,9579207.869144665,35821195152.62522,11117925.817862613,63603615.763173476,-82.37129974365234,-82.49659729003906,-1.4611999988555908,0.4433000087738037,[0. 0. 0.],[0. 0. 0. 1.],2.7001653466200923,-0.7040653977370355,"(21, 5)",305336.60105895996,305322.95422676206,-35757591536.81792,1538717.948717948,1.9960999488830569,-0.7040653977370355,35820889816.51856,9579207.544571314,11117925.493289262,9273884.590344552,35821195153.11962,63603616.30170773,0.17451170520759207,1770935176.8232765,1770935176.8232765
1.7427136335085884,30,5,35818235337.505,5680868.804216135,5985201.458888256,35818539682.34043,7523919.407606205,60948146.665844575,-80.22260284423828,-80.0541000366211,-2.1726999282836914,2.0768001079559326,[0. 0. 0.],[0. 0. 0. 1.],3.307452451537286,-1.4946524017554863,"(30, 5)",304344.88932800293,304332.1971404245,-35757591535.45636,1538717.948717949,1.8128000497817995,-1.4946524017554863,35818235337.35189,5985201.134314904,7523919.083032853,5680868.9371744795,35818539682.24122,60948146.78485577,0.06529512919906025,1770935176.886945,1770935176.886945
1.6751875773400755,31,5,35697242380.63925,17036940.647347555,17342677.42042672,35697548129.41562,18881395.369144667,7173005.359344289,-82.17829895019531,-82.90959930419922,-3.478399991989136,2.969899892807007,[0. 0. 0.],[0. 0. 0. 1.],2.987940860432817,-1.1695408350650802,"(31, 5)",305748.9952697754,305735.95878405496,-35690375123.66625,1538717.948717948,1.8184000253677368,-1.1695408350650802,35697242380.621124,17342677.095853366,18881395.044571314,17036941.13706931,35697548129.616394,7173005.9501452325,0.17754621947552068,1770935176.965505,1770935176.965505
3.2006060657917907,20,11,35066114103.45789,53721003.09304131,54026379.096960336,35066419501.22161,55565097.04567829,48208477.60273256,-83.42829895019531,-83.90160369873047,-1.9696999788284304,0.9330999851226808,[0. 0. 0.],[0. 0. 0. 1.],7.238867807619097,-3.9125679018421198,"(20, 11)",305398.1996154785,305375.60096153617,-35018211023.62182,1538717.9487179518,3.326299905776977,-3.9125679018421198,35066114103.377556,54026379.018930286,55565096.96764824,53721003.41796875,35066419501.57717,48208477.955353566,0.19789952083100482,1770935177.0115564,1770935177.0115564
3.6685802561380485,21,11,36080883102.06486,64426247.37496591,64732132.302088544,36081189010.98884,66270850.25080649,54731829.06422732,-91.8498992919922,-93.41490173339844,1.4723999500274658,-1.4359999895095823,[0. 0. 0.],[0. 0. 0. 1.],6.76620379035099,-2.989603906317787,"(21, 11)",305909.47077941895,305884.8063151017,-36026457182.19426,1538717.9487179443,3.776599884033203,-2.989603906317787,36080883101.77496,64732132.224058494,66270850.17277644,64426247.41774339,36081189011.24574,54731829.05148237,0.18421811911716846,1770935177.0833616,1770935177.0833616
2.204852021324318,20,1,35572096018.52198,16495350.46783362,16799207.62371284,35572399891.33127,18337925.57243079,16457588.398459079,-89.8031005859375,-88.5094985961914,-3.1338999271392822,2.8405001163482666,[0. 0. 0.],[0. 0. 0. 1.],5.378421035517765,-3.0967211396590004,"(20, 1)",303873.1032180786,303856.93672375754,-35555942302.93433,1538717.948717948,2.2816998958587646,-3.0967211396590004,35572096018.44164,16799207.544571314,18337925.493289262,16495350.607847556,35572399891.54486,16457588.610526843,0.18431254083238333,1770935177.5115206,1770935177.5115206
2.529349564094764,21,1,36561949263.92382,2286294.9716914115,2596082.6237128414,36562259068.49631,4134800.5724307904,65287017.42027517,-83.00039672851562,-82.63800048828125,-0.2737999856472015,-0.0568000003695488,[0. 0. 0.],[0. 0. 0. 1.],5.464760744195486,-2.751860820870901,"(21, 1)",309805.3761062622,309787.2846554485,-36496972051.34427,1538717.948717949,2.712899923324585,-2.751860820870901,36561949263.63393,2596082.544571314,4134800.493289263,2286295.2599158655,36562259069.01003,65287017.665765226,0.18530042168180622,1770935177.5644977,1770935177.5644977
2.9469277264838656,30,1,36573215650.00498,12613457.53936245,12917276.533969251,36573519488.93416,14455994.4826872,9331028.757882493,-83.87030029296875,-83.06529998779297,-0.9955000281333924,1.058899998664856,[0. 0. 0.],[0. 0. 0. 1.],5.318561597208403,-2.2229617074531536,"(30, 1)",303839.471282959,303818.56282552145,-36564188460.270424,1538717.948717948,3.095599889755249,-2.2229617074531536,36573215649.851875,12917276.454827724,14455994.403545672,12613457.892002203,36573519489.32316,9331029.052734375,0.19596532220960075,1770935177.641899,1770935177.641899
2.844551556647524,31,1,36437224816.536674,8970964.459035287,9274816.598071815,36437528688.23624,10813534.546789765,7773050.138130842,-88.2843017578125,-87.43599700927734,-2.041399955749512,1.9845999479293823,[0. 0. 0.],[0. 0. 0. 1.],5.403218332373771,-2.4833183918830484,"(31, 1)",303871.91381073,303851.83481069654,-36429755638.02045,1538717.94871795,2.9198999404907227,-2.4833183918830484,36437224816.51855,9274816.518930288,10813534.467648238,8970964.684119591,36437528688.43236,7773050.411909054,0.18703968512113373,1770935177.7056613,1770935177.7056613
4.64163366956061,20,2,35806090024.93223,43027266.85871108,43333895.13108663,35806396686.35792,44872613.079804584,48805158.82825809,-85.12370300292969,-85.01439666748047,-7.391900062561035,7.352700233459473,[0. 0. 0.],[0. 0. 0. 1.],5.780256972993651,-1.001557098115721,"(20, 2)",306661.8777618408,306627.8076171875,-35757591527.5218,1538717.9487179518,4.77869987487793,-1.001557098115721,35806090024.85189,43333895.04457131,44872612.99328926,43027267.23695412,35806396686.72965,48805159.20785757,0.19896716976230802,1770935177.7508857,1770935177.7508857
4.087355719370997,21,2,36802864456.231514,35739875.68692343,36043766.92595843,36803168376.02481,37582484.87467638,37330690.189426415,-90.81620025634766,-92.19750213623048,-3.9795000553131104,3.904099941253662,[0. 0. 0.],[0. 0. 0. 1.],6.2983455293594135,-2.0874456994949115,"(21, 2)",303920.381980896,303891.05381109565,-36765837686.09423,1538717.9487179443,4.210899829864502,-2.0874456994949115,36802864455.94162,36043766.83944311,37582484.788161054,35739875.785632014,36803168376.3236,37330690.22936699,0.18357452024320592,1770935177.80539,1770935177.80539
4.327015704490114,30,2,36799209752.56908,31145454.21160502,31449544.169548176,36799513872.953224,32988262.118266124,33676188.493105635,-85.85389709472656,-85.77510070800781,-5.398799896240234,4.987199783325195,[0. 0. 0.],[0. 0. 0. 1.],5.370857095168491,-0.8846572393640475,"(30, 2)",304120.9841995239,304089.51196915284,-36765837684.544876,1538717.948717948,4.486199855804443,-0.8846572393640475,36799209752.41597,31449544.083032854,32988262.031750802,31145454.5710637,36799513873.40017,33676188.85529347,0.19567248701374787,1770935177.867992,1770935177.867992
5.05678800553474,31,2,36661219504.03667,25503052.182101257,25807204.425958432,36661523691.84932,27345922.37467638,30118829.279572215,-89.99939727783203,-90.20179748535156,-6.576000213623047,6.236999988555908,[0. 0. 0.],[0. 0. 0. 1.],5.909298044654857,-0.8123980583877675,"(31, 2)",304187.8724746704,304152.0182291679,-36631404862.48271,1538717.948717948,5.09689998626709,-0.8123980583877675,36661219504.01854,25807204.33944311,27345922.288161058,25503052.321213942,36661523691.891014,30118829.408303287,0.18349149195384706,1770935177.9295912,1770935177.9295912
6.588202984124623,20,3,36045083895.124535,10879629.716120012,11184712.451557884,36045389021.96597,12723430.400275832,18931843.190594733,-90.8479995727539,-90.427001953125,-0.7524999976158142,0.598800003528595,[0. 0. 0.],[0. 0. 0. 1.],8.333480663273496,-1.685680694554014,"(20, 3)",305127.0313720703,305082.52266125754,-36026457178.75125,1538717.948717948,6.647799968719482,-1.685680694554014,36045083895.0442,11184712.352263622,12723430.30098157,10879629.829602364,36045389022.07557,18931843.324318912,0.18339483039761173,1770935177.9844177,1770935177.9844177
5.928471305792569,21,3,37042858262.32125,4593328.836030362,4897428.797711729,37043162401.05505,6436146.746429678,8459063.723540425,-84.64640045166016,-85.43470001220703,2.53410005569458,-2.723099946975708,[0. 0. 0.],[0. 0. 0. 1.],8.658882207513464,-2.510882444024695,"(21, 3)",304139.6546936035,304099.465394631,-37034703337.5741,1538717.948717949,6.1479997634887695,-2.510882444024695,37042858262.03136,4897428.698417468,6436146.647135417,4593329.233022837,37043162401.68605,8459064.111954127,0.19912962326617156,1770935178.045266,1770935178.045266
5.819416075832842,30,3,37039203502.56908,67215442.72704601,304127.51566044695,37039508635.91615,1842845.4643783956,4805299.897302736,-89.16560363769531,-87.94329833984375,1.0812000036239624,-1.877500057220459,[0. 0. 0.],[0. 0. 0. 1.],8.088195173008208,-2.1481951157877486,"(30, 3)",305133.8391418457,-66911315.51106771,-37034703336.08734,1538717.9487179485,5.940000057220459,-2.1481951157877486,37039203502.41597,304127.4163661859,1842845.3650841345,67215442.9274339,37039508636.25511,4805300.167768429,0.185327369762274,1770935178.1078312,1770935178.1078312
6.752968383004343,31,3,36918213406.28025,11356952.385771913,11663238.092583524,36918519736.85029,13201956.041301474,18249223.01916022,-89.90730285644531,-104.83799743652344,0.2458000034093856,-0.932200014591217,[0. 0. 0.],[0. 0. 0. 1.],8.413408825323614,-1.6557088588929503,"(31, 3)",306330.36296081543,306285.4473407436,-36900270513.72782,1538717.94871795,6.757699966430664,-1.6557088588929503,36918213406.26212,11663237.993289262,13201955.942007212,11356952.545948518,36918519736.625084,18249222.897260617,0.18437658263559423,1770935178.1865287,1770935178.1865287
4.9762399584214245,20,4,36286077573.00915,57985204.04527216,58289199.627784096,36286381602.54381,59827917.57650205,58275196.05511055,-90.84439849853516,-91.3458023071289,-2.5172998905181885,2.4205000400543213,[0. 0. 0.],[0. 0. 0. 1.],5.9957967768636635,-0.967296696755021,"(20, 4)",304029.68186187744,303995.37697815895,-36228106406.46872,1538717.9487179518,5.028500080108643,-0.967296696755021,36286077572.92881,58289199.5317508,59827917.48046875,57985204.15477264,36286381602.61067,58275196.14195212,0.18345362868049875,1770935178.2370884,1770935178.2370884
4.3149272564590735,21,4,37279852140.52637,47699729.50693476,48005225.26880974,37280157664.92689,49543943.21752769,43805100.03855439,-84.33080291748047,-84.27130126953125,0.5112000107765198,-0.5234000086784363,[0. 0. 0.],[0. 0. 0. 1.],6.075795992695039,-1.5423959339487014,"(21, 4)",305525.3248977661,305495.2768179104,-37236352565.13506,1538717.9487179443,4.533400058746338,-1.5423959339487014,37279852140.23647,48005225.172776446,49543943.12149439,47699729.895958535,37280157665.56137,43805100.42630709,0.20035761334005736,1770935178.2823448,1770935178.2823448
4.888358773760793,30,4,37282197164.42804,49104842.36294445,49412124.30727128,37282504479.12079,50950842.25598922,46151915.654675744,-95.22720336914062,-96.32420349121094,-0.4796000123023987,0.4162999987602234,[0. 0. 0.],[0. 0. 0. 1.],5.940327473034791,-1.0159276202821053,"(30, 4)",307314.86003112793,307281.88539163023,-37236352563.53876,1538717.9487179443,4.9243998527526855,-1.0159276202821053,37282197164.27493,49412124.21123798,50950842.159955926,49104842.32584635,37282504479.134964,46151915.59620392,0.18672551146951855,1770935178.351029,1770935178.351029
4.640168123657614,31,4,37162207613.01102,61462879.54828679,61766667.57650205,37162511432.4112,63305385.52522,60591690.8824078,-83.15640258789062,-83.793701171875,-1.381100058555603,1.610200047492981,[0. 0. 0.],[0. 0. 0. 1.],6.018622700489663,-1.274922673023843,"(31, 4)",303819.6896286011,303787.60704627633,-37101919741.42964,1538717.9487179518,4.74370002746582,-1.274922673023843,37162207612.99289,61766667.48046875,63305385.4291867,61462879.87342247,37162511432.68252,60591691.252879605,0.19611809358734864,1770935178.4306026,1770935178.4306026
2.1917778254879035,20,5,36531071298.97068,43102540.44020237,43407196.65119595,36531375970.97973,44945914.599913895,34403925.61593497,-88.3853988647461,-88.49510192871094,-4.457300186157227,4.071700096130371,[0. 0. 0.],[0. 0. 0. 1.],3.059692769990478,-0.7046927509169918,"(20, 5)",304672.3038101196,304655.3548177108,-36496972045.052956,1538717.9487179443,2.3550000190734863,-0.7046927509169918,36531071298.89034,43407196.3266226,44945914.27534054,43102540.97180489,36531375971.19415,34403926.14120092,0.1854800472713507,1770935178.4754455,1770935178.4754455
1.8077736342411368,21,5,37529845690.20586,37817557.99920323,38121723.894785695,37530149868.43802,39660441.84350364,24931664.69024001,-81.71479797363281,-82.59600067138672,-1.4164999723434448,0.7840999960899353,[0. 0. 0.],[0. 0. 0. 1.],2.7001653466200923,-0.6645653996443843,"(21, 5)",304179.03019714355,304165.16426282376,-37505218203.70364,1538717.9487179443,2.035599946975708,-0.6645653996443843,37529845689.91596,38121723.57021234,39660441.518930286,37817558.40594952,37530149868.94616,24931665.24251302,0.1633102380729466,1770935178.5323248,1770935178.5323248
1.7581109998059028,30,5,37526190802.24855,33222406.08657207,33526563.638375435,37526494972.08355,35065281.58709338,21276769.74233629,-80.39240264892578,-80.37779998779297,-2.2090001106262207,2.0162999629974365,[0. 0. 0.],[0. 0. 0. 1.],3.307452451537286,-1.471152436087762,"(30, 5)",304169.921875,304157.0731921047,-37505218202.122986,1538717.948717948,1.836300015449524,-1.471152436087762,37526190802.09544,33526563.313802082,35065281.26252003,33222406.240609977,37526494972.01732,21276769.89433093,0.06961239954273984,1770935178.5949957,1770935178.5949957
1.6810044712260284,31,5,37407201795.703316,46580594.844089486,46886403.38196518,37407507616.33015,48425121.33068313,36722236.09840781,-81.78890228271484,-81.3749008178711,-2.91129994392395,3.3554999828338623,[0. 0. 0.],[0. 0. 0. 1.],2.987940860432817,-1.2118408209507003,"(31, 5)",305820.5942001343,305807.7924679518,-37370785379.84171,1538717.9487179443,1.7761000394821167,-1.2118408209507003,37407201795.68519,46886403.05739183,48425121.006109774,46580595.26492388,37407507616.27939,36722236.43767528,0.13607972274153374,1770935178.6755736,1770935178.6755736
3.190826426080143,20,11,36791065129.09888,31042706.566909906,31348310.186703924,36791370754.41972,32887028.135421872,25533064.165516693,-83.45140075683594,-84.18730163574219,-1.809499979019165,1.0336999893188477,[0. 0. 0.],[0. 0. 0. 1.],7.238867807619097,-3.9205677988452927,"(20, 11)",305625.7668533325,305603.2151442319,-36765837690.25715,1538717.948717948,3.318300008773804,-3.9205677988452927,36791065129.01854,31348310.108673878,32887028.057391826,31042706.893529646,36791370754.78539,25533064.528245192,0.19887171091335992,1770935178.730391,1770935178.730391
3.6151662777111913,21,11,37788838999.50072,24758185.733071603,25064215.635421872,37789145052.99033,26602933.58413982,15061204.133035336,-92.875,-92.65509796142578,1.3223999738693235,-1.664199948310852,[0. 0. 0.],[0. 0. 0. 1.],6.76620379035099,-3.0449039036474987,"(21, 11)",306054.0615005493,306029.8195863366,-37774083849.12694,1538717.948717948,3.721299886703491,-3.0449039036474987,37788838999.21082,25064215.557391826,26602933.506109774,24758185.73780549,37789145053.27232,15061204.145382613,0.18436427231631103,1770935178.7912912,1770935178.7912912
2.287830845178553,20,1,37258052661.15015,22036506.211978015,22341835.828841045,37258358006.90418,23880553.777558994,22005447.185555406,-89.59149932861328,-88.68209838867188,-3.2530999183654785,3.0276999473571777,[0. 0. 0.],[0. 0. 0. 1.],5.378421035517765,-3.013520923365665,"(20, 1)",305346.03804016113,305329.3863932267,-37236352559.72015,1538717.948717948,2.3649001121521,-3.013520923365665,37258052661.06981,22341835.749699518,23880553.698417466,22036506.36330629,37258358007.10785,22005447.387695312,0.18430622667573368,1770935179.204286,1770935179.204286
2.602812886441925,21,1,38262826763.92378,22753581.631332602,23061282.94422566,38263134482.6784,24600000.89294361,18535765.092234813,-83.32759857177734,-82.60919952392578,-0.0175999999046325,-0.3632000088691711,[0. 0. 0.],[0. 0. 0. 1.],5.464760744195486,-2.674560749154592,"(21, 1)",307719.5544128418,307700.91521434113,-38244598717.85439,1538717.948717948,2.7901999950408936,-2.674560749154592,38262826763.63389,23061282.865084134,24600000.813802082,22753581.949869793,38263134483.1883,18535765.333909255,0.1883317708352282,1770935179.265234,1770935179.265234
2.91904041600917,30,1,38260171667.63315,19157548.87077765,19461571.405764125,38260475709.9508,21000289.354482073,15876993.536453992,-83.52149963378906,-83.65239715576172,-1.180899977684021,1.042099952697754,[0. 0. 0.],[0. 0. 0. 1.],5.318561597208403,-2.2468615010780315,"(30, 1)",304042.9061508179,304022.12289663777,-38244598716.50849,1538717.948717948,3.071700096130371,-2.2468615010780315,38260171667.48004,19461571.326622598,21000289.275340546,19157549.20372596,38260475710.38619,15876993.877704326,0.1973086506443286,1770935179.329037,1770935179.329037
2.8351865970679935,31,1,38123184808.52381,14517227.437062131,14822629.098071815,38123490229.68269,16361347.046789765,13324335.15871862,-87.54039764404297,-87.36090087890625,-2.1633999347686768,1.8625999689102173,[0. 0. 0.],[0. 0. 0. 1.],5.403218332373771,-2.485618415915641,"(31, 1)",305421.3773345947,305401.3139773626,-38110165894.44632,1538717.94871795,2.91759991645813,-2.485618415915641,38123184808.505684,14822629.018930288,16361346.967648238,14517227.704952925,38123490229.88302,13324335.436698718,0.1883294207132602,1770935179.3915772,1770935179.3915772
4.625649817669363,20,2,37440829984.868095,64560928.5898444,64867012.11826612,37441136101.454865,66405730.06698407,3134317.5932470663,-84.68730163574219,-85.13980102539062,-7.58459997177124,6.96619987487793,[0. 0. 0.],[0. 0. 0. 1.],5.780256972993651,-1.0173570973527815,"(20, 2)",306117.0372543335,306083.0610226318,-37438001783.85376,1538717.9487179518,4.762899875640869,-1.0173570973527815,37440829984.78776,64867012.0317508,66405729.98046875,64560928.97072817,37441136101.82501,3134317.9712540065,0.199502485305985,1770935179.44744,1770935179.44744
4.099854428100351,21,2,38505820489.885315,58278516.22611492,58582332.63108663,38506124334.94309,60121050.579804584,59876392.77574009,-90.72250366210938,-92.0271987915039,-4.179699897766113,4.001800060272217,[0. 0. 0.],[0. 0. 0. 1.],6.2983455293594135,-2.0732454889236225,"(21, 2)",303845.6530456543,303816.2153195068,-38446247942.4262,1538717.9487179518,4.225100040435791,-2.0732454889236225,38505820489.59542,58582332.54457131,60121050.49328926,58278516.3292518,38506124335.24847,59876392.822265625,0.18352617949619454,1770935179.5084078,1770935179.5084078
4.374010915329887,30,2,38503165337.50494,54681913.23757744,54986234.87467638,38503469689.9016,56524952.82339433,57221749.12516273,-86.33920288085938,-85.7948989868164,-5.2916998863220215,4.931300163269043,[0. 0. 0.],[0. 0. 0. 1.],5.370857095168491,-0.8406570905908541,"(30, 2)",304352.99604797363,304321.210812293,-38446247940.8612,1538717.9487179518,4.530200004577637,-0.8406570905908541,38503165337.35183,54986234.788161054,56524952.736879006,54681913.57734876,38503469690.34788,57221749.48667868,0.19446968102704118,1770935179.5719612,1770935179.5719612
5.056520483134063,31,2,38365179063.3315,49041661.996789046,49348350.25929177,38365485787.213646,50887068.20800971,53670668.42148515,-90.46240234375,-90.12629699707033,-5.876599788665772,5.999499797821045,[0. 0. 0.],[0. 0. 0. 1.],5.909298044654857,-0.8155981125564686,"(31, 2)",306723.94581604004,306688.0602714345,-38311815118.705124,1538717.9487179443,5.093699932098389,-0.8155981125564686,38365179063.31337,49348350.172776446,50887068.12149439,49041662.11250501,38365485787.259186,53670668.554061495,0.18343341834268775,1770935179.6337218,1770935179.6337218
6.629851939469031,20,3,37665824215.63732,18425161.889094744,18732268.54130147,37666131366.63067,20270986.490019422,26480341.482377924,-91.04329681396484,-90.5706024169922,-0.8343999981880188,0.6359999775886536,[0. 0. 0.],[0. 0. 0. 1.],8.333480663273496,-1.6464808654524514,"(20, 3)",307151.17625427246,307106.44844250754,-37639651025.12416,1538717.9487179518,6.686999797821045,-1.6464808654524514,37665824215.556984,18732268.44200721,20270986.390725162,18425161.993564703,37666131366.73324,26480341.609074518,0.18340310388147735,1770935179.6788971,1770935179.6788971
5.9560214761680195,21,3,38735814552.385315,17143712.000350107,17447941.61822455,38736118820.94335,18986659.566942498,21005227.123366702,-85.23979949951172,-84.6312026977539,2.686800003051758,-2.4846999645233154,[0. 0. 0.],[0. 0. 0. 1.],8.658882207513464,-2.4827824302917847,"(21, 3)",304269.4874267578,304229.1259765625,-38715113594.06257,1538717.948717948,6.17609977722168,-2.4827824302917847,38735814552.09542,17447941.51893029,18986659.467648238,17143712.392953727,38736118821.58285,21005227.52028245,0.19944999536531047,1770935179.738329,1770935179.738329
5.81588724894761,30,3,38733159343.91519,13547247.834917694,13854055.400275832,38733466189.77791,15392773.348993782,18352597.45839629,-88.3593978881836,-87.5718994140625,1.3382999897003174,-2.020900011062622,[0. 0. 0.],[0. 0. 0. 1.],8.088195173008208,-2.141595212681059,"(30, 3)",306846.3760757446,306807.21967648156,-38715113592.38801,1538717.94871795,5.946599960327148,-2.141595212681059,38733159343.762085,13854055.30098157,15392773.24969952,13547248.081305088,38733466190.13816,18352597.75015024,0.18672023773487545,1770935179.8018365,1770935179.8018365
6.7358401876240865,31,3,38613173181.92124,25907289.56430798,26214359.887455318,38613480297.520615,27753077.836173266,32799529.924130775,-89.58360290527344,-102.54920196533205,0.4544000029563904,-0.7430999875068665,[0. 0. 0.],[0. 0. 0. 1.],8.413408825323614,-1.6691089367127745,"(31, 3)",307115.4002609253,307070.0464493185,-38580680767.49318,1538717.948717948,6.74429988861084,-1.6691089367127745,38613173181.903114,26214359.788161058,27753077.736879006,25907289.74171174,38613480297.303375,32799529.810196314,0.18409159046720083,1770935179.8815625,1770935179.8815625
4.954246466389063,20,4,37914817829.419365,6310733.739936345,6615457.640604613,37915122587.15509,8154175.589322562,6605924.3970274655,-90.58719635009766,-91.0990982055664,-2.4502999782562256,2.268699884414673,[0. 0. 0.],[0. 0. 0. 1.],5.9957967768636635,-0.9858966837850502,"(20, 4)",304757.89387512207,304723.682892628,-37908516662.73808,1538717.948717949,5.009900093078613,-0.9858966837850502,37914817829.33903,6615457.544571314,8154175.493289263,6310733.861678686,37915122587.2329,6605924.4948167065,0.1834069011724913,1770935179.9275122,1770935179.9275122
4.341044908647922,21,4,38981808198.218636,2029953.331059302,2334071.422655895,38982112345.136246,3872789.371373844,65349523.90030005,-83.91519927978516,-84.17970275878906,0.3501000106334686,-0.5131000280380249,[0. 0. 0.],[0. 0. 0. 1.],6.075795992695039,-1.518596037708467,"(21, 4)",304147.8396682739,304117.61944110575,-38916762821.48268,1538717.948717949,4.557199954986572,-1.518596037708467,38981808197.92874,2334071.326622596,3872789.275340545,2029953.7071814903,38982112345.76841,65349524.28573217,0.19991225902740076,1770935179.9842372,1770935179.9842372
4.875363391528323,30,4,38963153350.32544,49649887.42427202,49957316.61496358,38963460812.22479,51496034.563681535,46697992.583208375,-95.4561004638672,-95.61209869384766,-0.7114999890327454,0.4097000062465668,[0. 0. 0.],[0. 0. 0. 1.],5.940327473034791,-1.0276272967957771,"(30, 4)",307462.0799560547,307429.1366185844,-38916762819.714226,1538717.9487179518,4.912700176239014,-1.0276272967957771,38963153350.17233,49957316.518930286,51496034.46764824,49649887.3823117,38963460812.25229,46697992.538060896,0.1865696305041995,1770935180.0320258,1770935180.0320258
4.631413031053544,31,4,38827168101.79303,46010451.79536873,46315529.75598922,38827473211.08754,47854247.704707175,45143213.24243303,-83.25869750976562,-84.12220001220703,-1.430500030517578,1.2376999855041504,[0. 0. 0.],[0. 0. 0. 1.],6.018622700489663,-1.2803228538404934,"(31, 4)",305109.5972290039,305077.53029847145,-38782329997.74596,1538717.9487179518,4.73829984664917,-1.2803228538404934,38827168101.7749,46315529.659955926,47854247.60867388,46010452.129657455,38827473211.37213,45143213.626176886,0.19797952831335194,1770935180.0955837,1770935180.0955837
2.1922159207750367,20,5,38128812348.65013,27642648.126718342,27947613.317862615,38129117329.69307,29486331.266580563,18951438.425865836,-88.0906982421875,-88.9114990234375,-4.380000114440918,3.497100114822388,[0. 0. 0.],[0. 0. 0. 1.],3.059692769990478,-0.70529285048059,"(20, 5)",304981.31385040283,304964.3179086521,-38110165890.95636,1538717.948717948,2.354399919509888,-0.70529285048059,38128812348.56979,27947612.993289262,29486330.94200721,27642648.67538061,38129117329.883644,18951438.927283652,0.1853901131844503,1770935180.141242,1770935180.141242
1.7853108538331819,21,5,39194802701.42376,22362420.89249101,22667973.89478569,39195108266.657486,24206691.843503643,9479806.718586775,-82.32430267333984,-82.26809692382812,-0.9014999866485596,0.8073999881744385,[0. 0. 0.],[0. 0. 0. 1.],2.7001653466200923,-0.6783653054213619,"(21, 5)",305565.9837036133,305552.1647135392,-39185628459.89476,1538717.9487179518,2.0218000411987305,-0.6783653054213619,39194802701.133865,22667973.570212338,24206691.51893029,22362421.4054988,39195108267.11757,9479807.222806491,0.16969737589115574,1770935180.1987243,1770935180.1987243
1.7644372697253496,30,5,39203147092.312614,29764832.33064902,30069047.61273441,39203451319.91712,31607765.56145236,17822861.1500413,-80.66510009765625,-80.20490264892578,-2.174599885940552,1.9258999824523928,[0. 0. 0.],[0. 0. 0. 1.],3.307452451537286,-1.4612524622184377,"(30, 5)",304227.67052459717,304214.7592397854,-39185628458.54886,1538717.948717948,1.846199989318848,-1.4612524622184377,39203147092.15951,30069047.288161058,31607765.236879006,29764832.528921273,39203451319.83003,17822861.28117488,0.07112832527750376,1770935180.2736979,1770935180.2736979
1.6849159631210915,31,5,39092161811.72892,51124925.598560594,51430986.71529851,39092467884.92097,52969704.66401646,41272248.07555779,-81.97550201416016,-81.35099792480469,-3.039799928665161,3.2885000705718994,[0. 0. 0.],[0. 0. 0. 1.],2.987940860432817,-1.2035408741657272,"(31, 5)",306073.154548645,306060.3371644616,-39051195636.45538,1538717.9487179518,1.7843999862670898,-1.2035408741657272,39092161811.71079,51430986.39072516,52969704.33944311,51124926.0535607,39092467884.86534,41272248.409955926,0.14021544915188236,1770935180.3605292,1770935180.3605292
3.1986984498492297,20,11,38409805377.49628,36586527.81767839,36892236.46875521,38410111107.89486,38430954.41747316,31079571.455543958,-84.15390014648438,-83.72039794921875,-1.8215999603271484,1.34660005569458,[0. 0. 0.],[0. 0. 0. 1.],7.238867807619097,-3.9102678778095266,"(20, 11)",305730.82556915283,305708.21126301587,-38379031536.44225,1538717.9487179518,3.3285999298095703,-3.9102678778095266,38409805377.41594,36892236.39072516,38430954.33944311,36586528.17946214,38410111108.24151,31079571.799253806,0.19950590870831314,1770935180.416399,1770935180.416399
3.5934644711009973,21,11,39474795473.85966,30307089.82313522,30612869.48157572,39475101276.95165,32151587.430293668,20607171.63719532,-92.42539978027344,-92.74169921875,1.298200011253357,-1.5906000137329102,[0. 0. 0.],[0. 0. 0. 1.],6.76620379035099,-3.0647038513861458,"(21, 11)",305803.6608505249,305779.55979567394,-39454494105.58411,1538717.948717948,3.701499938964844,-3.0647038513861458,39474795473.56976,30612869.403545674,32151587.352263622,30307089.84375,39475101277.23061,20607171.646509416,0.18423119969305904,1770935180.4773293,1770935180.4773293
2.2117044709053673,20,1,38900792548.97062,51577246.66808396,51883502.49550771,38901098820.54198,53422220.44422566,51552415.23294167,-89.69869995117188,-88.27639770507812,-3.3117001056671143,2.902899980545044,[0. 0. 0.],[0. 0. 0. 1.],5.378421035517765,-3.087021079768253,"(20, 1)",306271.8787612915,306255.6027143374,-38849546405.31056,1538717.9487179518,2.291399955749512,-3.087021079768253,38900792548.89028,51883502.41636618,53422220.365084134,51577246.813651845,38901098820.76904,51552415.45848358,0.18457042498982829,1770935180.913132,1770935180.913132
2.6149851913956823,21,1,39968782717.44939,48299314.577485085,48606539.35448207,39969089959.7086,50145257.30320002,44080985.50877415,-82.78299713134766,-82.99109649658203,-0.3565999865531921,-0.4153000116348266,[0. 0. 0.],[0. 0. 0. 1.],5.464760744195486,-2.6637606259398705,"(21, 1)",307243.1045913696,307224.4340945482,-39925008974.46806,1538717.9487179518,2.8010001182556152,-2.6637606259398705,39968782717.15949,48606539.27534054,50145257.224058494,48299314.841245994,39969089960.264084,44080985.79602364,0.18689904179674424,1770935180.971258,1770935180.971258
2.925246698542054,30,1,39966127212.504906,44701143.32248338,45005305.3801231,39966431394.3682,46544023.328841045,41422421.44974032,-83.16239929199219,-83.75550079345703,-0.9592000246047974,0.8866000175476074,[0. 0. 0.],[0. 0. 0. 1.],5.318561597208403,-2.2440615132850628,"(30, 1)",304182.4575576782,304161.6743038893,-39925008973.0126,1538717.9487179443,3.07450008392334,-2.2440615132850628,39966127212.3518,45005305.300981574,46544023.24969952,44701143.626677684,39966431394.80936,41422421.7967498,0.19596160205103258,1770935181.0349233,1770935181.0349233
2.8464964444269136,31,1,39829144327.75455,40062968.62419267,40367036.14935387,39829448414.82888,41905754.09807181,38872263.7851357,-87.83589935302734,-88.2354965209961,-2.38129997253418,2.046999931335449,[0. 0. 0.],[0. 0. 0. 1.],5.403218332373771,-2.4843183194038003,"(31, 1)",304087.2427139282,304067.1950120181,-39790576150.96609,1538717.9487179443,2.9189000129699707,-2.4843183194038003,39829144327.73642,40367036.07021234,41905754.018930286,40062968.875200324,39829448414.97913,38872264.01304587,0.18648623424671892,1770935181.097607,1770935181.097607
4.602120230089488,20,2,39130786651.53472,6878561.036989716,7184736.4772404805,39131092859.88319,8723454.425958429,12680819.642652202,-85.70850372314453,-85.42040252685547,-7.225200176239014,7.129199981689453,[0. 0. 0.],[0. 0. 0. 1.],5.780256972993651,-1.0441567761552717,"(20, 2)",306208.79344177246,306174.9893579725,-39118412040.23267,1538717.948717948,4.736100196838379,-1.0441567761552717,39130786651.454384,7184736.39072516,8723454.339443108,6878561.4013671875,39131092860.247826,12680820.01514924,0.19688316220865218,1770935181.144748,1770935181.144748
4.078289493876957,21,2,40202776675.782715,7600916.455312004,7905089.0413430445,40203080876.85441,9443806.990060994,9206267.89522607,-90.68479919433594,-90.7397003173828,-4.305500030517578,3.9897000789642334,[0. 0. 0.],[0. 0. 0. 1.],6.2983455293594135,-2.0861453645644916,"(21, 2)",304201.7227554321,304172.39458133,-40193874609.21803,1538717.94871795,4.212200164794922,-2.0861453645644916,40202776675.49282,7905088.954827724,9443806.903545674,7600916.560246394,40203080877.215576,9206267.997546073,0.18339666516901149,1770935181.2052217,1770935181.2052217
4.294585974783629,30,2,40184121531.41515,55219092.60366369,55523125.90031741,40184425594.97079,57061843.84903535,57767397.94063455,-86.42900085449219,-86.46240234375,-5.209799766540527,5.1631999015808105,[0. 0. 0.],[0. 0. 0. 1.],5.370857095168491,-0.924856995986362,"(30, 2)",304064.12760162354,304032.8744741604,-40126658197.11491,1538717.9487179443,4.446000099182129,-0.924856995986362,40184121531.26205,55523125.813802086,57061843.76252003,55219092.939327925,40184425595.38965,57767398.274739586,0.19258268375165327,1770935181.2529757,1770935181.2529757
5.085466888510155,31,2,40029139431.9212,32581322.526863273,32887492.887496892,40029445638.06034,34426210.83621484,37220262.70145675,-90.36319732666016,-90.26940155029295,-6.485700130462647,6.229599952697754,[0. 0. 0.],[0. 0. 0. 1.],5.909298044654857,-0.7869978966446034,"(31, 2)",306206.19554138184,306170.15349559113,-39992225375.27184,1538717.948717948,5.122300148010254,-0.7869978966446034,40029139431.903076,32887492.80098157,34426210.74969952,32581322.64748598,40029445638.09862,37220262.82677284,0.18342788013709013,1770935181.3032393,1770935181.3032393
6.586664207675546,20,3,39286564520.12446,25970682.29203388,26275874.310532242,39286869756.21701,27814592.25925019,34024885.02446448,-91.21690368652344,-90.71219635009766,-0.7142999768257141,0.4395000040531158,[0. 0. 0.],[0. 0. 0. 1.],8.333480663273496,-1.6917808723189065,"(20, 3)",305236.2686538696,305191.8225410655,-39252844871.16842,1538717.948717948,6.64169979095459,-1.6917808723189065,39286564520.04412,26275874.211237982,27814592.15995593,25970682.388696916,39286869756.312775,34024885.14435597,0.18342528966251995,1770935181.360285,1770935181.360285
5.933741049157146,21,3,40418771106.87245,19694326.04272482,19998542.57976301,40419075362.222664,21537260.52848096,23551512.102019712,-84.45149993896484,-84.99040222167969,2.4307000637054443,-3.0566000938415527,[0. 0. 0.],[0. 0. 0. 1.],8.658882207513464,-2.5047822662598023,"(21, 3)",304256.27879333496,304216.0425430685,-40395523850.36323,1538717.948717948,6.154099941253662,-2.5047822662598023,40418771106.58256,19998542.48046875,21537260.429186698,19694326.43792568,40419075362.86135,23551512.498121995,0.20000685851372488,1770935181.4212809,1770935181.4212809
5.866733893809068,30,3,40414115537.82541,14095791.411741525,14401002.515660448,40414420787.49417,15939720.464378396,18896938.38884225,-88.10379791259766,-88.12650299072266,1.385800004005432,-2.006999969482422,[0. 0. 0.],[0. 0. 0. 1.],8.088195173008208,-2.09329494641519,"(30, 3)",305250.1502380371,305210.743439503,-40395523849.17383,1538717.948717948,5.994900226593018,-2.09329494641519,40414115537.6723,14401002.416366186,15939720.365084134,14095791.672926683,40414420787.82254,18896938.64871294,0.1862601998739658,1770935181.482893,1770935181.482893
6.805148777540953,31,3,40276133726.79299,8458373.875357235,8763053.79771173,40276438451.88756,10301771.746429678,15347425.032547075,-95.54900360107422,-89.32450103759766,0.8054999709129333,-0.7031000256538391,[0. 0. 0.],[0. 0. 0. 1.],8.413408825323614,-1.5865088199830382,"(31, 3)",304725.20095062256,304679.86278044805,-40261091026.75171,1538717.948717948,6.826900005340576,-1.5865088199830382,40276133726.774864,8763053.698417468,10301771.647135416,8458373.83563702,40276438451.975815,15347425.224108573,0.18355597110708682,1770935181.544607,1770935181.544607
4.952309498554012,20,4,39527558342.23984,5852978.8527578125,6157196.422655895,39527862593.633675,7695914.371373844,6152084.737446495,-90.69170379638672,-90.7500991821289,-2.6821999549865723,2.414900064468384,[0. 0. 0.],[0. 0. 0. 1.],5.9957967768636635,-0.9860969553914956,"(20, 4)",304251.56813812256,304217.3571464345,-39521710508.87625,1538717.948717949,5.009699821472168,-0.9860969553914956,39527558342.1595,6157196.326622596,7695914.275340545,5852978.9694761615,39527862593.72764,6152084.8513872195,0.1833970935753077,1770935181.601286,1770935181.601286
4.299516503395488,21,4,40643765297.577576,50794016.17403829,51098262.127784096,40644069572.09252,52636980.07650205,46896494.508954674,-84.75460052490234,-83.73139953613281,0.4208999872207641,-0.3370999991893768,[0. 0. 0.],[0. 0. 0. 1.],6.075795992695039,-1.5602959240304886,"(21, 4)",304275.4187927246,304245.46461838484,-40597173077.8303,1538717.9487179518,4.515500068664551,-1.5602959240304886,40643765297.28768,51098262.0317508,52636979.98046875,50794016.56713241,40644069572.706474,46896494.876176886,0.20027127216368892,1770935181.6478002,1770935181.6478002
4.886689511167299,30,4,40645109512.18437,51194908.475061454,51502124.30727128,40645416760.79446,53040842.25598922,48243684.711360514,-95.5281982421875,-95.87409973144533,-0.3846000134944916,0.5131000280380249,[0. 0. 0.],[0. 0. 0. 1.],5.940327473034791,-1.0173276141785896,"(30, 4)",307248.7855606079,307215.7796223983,-40597173076.15575,1538717.9487179443,4.922999858856201,-1.0173276141785896,40645109512.031265,51502124.21123798,53040842.159955926,51194908.43161558,40645416760.816826,48243684.66108273,0.18669317515582545,1770935181.7139297,1770935181.7139297
4.645152054541191,31,4,40509128189.93401,47557603.00265963,47863181.99957897,40509433800.34167,49401899.94829692,46693546.00808895,-83.26180267333984,-83.302001953125,-1.8514000177383425,1.6241999864578247,[0. 0. 0.],[0. 0. 0. 1.],6.018622700489663,-1.273422543324136,"(31, 4)",305610.66456604004,305578.5663311258,-40462740254.23442,1538717.9487179518,4.745200157165527,-1.273422543324136,40509128189.915886,47863181.90354567,49401899.85226362,47557603.337214544,40509433800.58045,46693546.34602865,0.19390711780586786,1770935181.777623,1770935181.777623
2.201046651463849,20,5,39744552773.329575,30182067.710834254,30486643.766580563,39744857365.22943,32025361.715298515,21497627.479764834,-88.31179809570312,-88.82630157470703,-4.284999847412109,4.0177001953125,[0. 0. 0.],[0. 0. 0. 1.],3.059692769990478,-0.6976927814345699,"(20, 5)",304592.1756134033,304575.1953125,-39723359737.43882,1538717.9487179518,2.361999988555908,-0.6976927814345699,39744552773.24924,30486643.44200721,32025361.390725162,30182068.24669471,39744857365.42485,21497627.986027643,0.1852252626907281,1770935181.8237371,1770935181.8237371
1.7555968937483686,21,5,40876759279.94936,23906831.98765167,24212196.65119595,40877064656.66449,25750914.5999139,11025940.409278007,-81.58589935302734,-83.11389923095703,-1.0002000331878662,1.0542000532150269,[0. 0. 0.],[0. 0. 0. 1.],2.7001653466200923,-0.7115653309798335,"(21, 5)",305377.57286834717,305363.9573317319,-40866038716.21108,1538717.948717948,1.9886000156402588,-0.7115653309798335,40876759279.65947,24212196.326622598,25750914.275340546,23906832.369290866,40877064657.23234,11025941.021259014,0.16921261666040494,1770935181.8792732,1770935181.8792732
1.752040273235141,30,5,40874103550.64591,20307441.122652303,20611675.817862615,40874407797.58395,22150393.766580563,8369082.422304792,-80.30760192871094,-80.41100311279297,-2.1085000038146973,2.0088000297546387,[0. 0. 0.],[0. 0. 0. 1.],3.307452451537286,-1.4781524055701838,"(30, 5)",304247.02961730957,304234.2278896235,-40866038714.94342,1538717.948717948,1.829300045967102,-1.4781524055701838,40874103550.492805,20611675.493289262,22150393.44200721,20307441.26539964,40874407797.52242,8369082.5790014025,0.06879990063274993,1770935181.942824,1770935181.942824
1.687523233645895,31,5,40736122813.33144,14670379.355886886,14976379.34350364,40736428825.4365,16515097.292221589,4822932.306072386,-82.25340270996094,-81.45220184326172,-3.3201000690460205,3.272599935531616,[0. 0. 0.],[0. 0. 0. 1.],2.987940860432817,-1.1907408959095016,"(31, 5)",306012.08809661865,305999.16115785204,-40731605892.7404,1538717.94871795,1.7971999645233154,-1.1907408959095016,40736122813.31332,14976379.018930288,16515096.967648238,14670379.857772436,40736428825.40141,4822932.661007612,0.149692702764238,1770935182.006035,1770935182.006035
3.23317385423995,20,11,39989546851.85521,3131631.385732794,3437132.30208854,39989852374.73954,4975850.250806488,64843402.355872996,-83.84480285644531,-83.21029663085938,-2.0004000663757324,0.8101999759674072,[0. 0. 0.],[0. 0. 0. 1.],7.238867807619097,-3.882967758409502,"(20, 11)",305523.27474212646,305500.48828125,-39925008972.386604,1538717.9487179485,3.3559000492095947,-3.882967758409502,39989546851.77487,3437132.2240584935,4975850.172776442,3131631.7357772435,39989852375.049614,64843402.66301081,0.1966558061001051,1770935182.0633135,1770935182.0633135
3.686574566811708,21,11,41121752957.83398,64073341.759912,64378726.85337059,41122058367.04206,65917444.802088544,54370415.87114354,-91.53630065917967,-93.59750366210938,1.5813000202178955,-1.7164000272750854,[0. 0. 0.],[0. 0. 0. 1.],6.76620379035099,-2.970503717108802,"(21, 11)",305409.74934387207,305384.959685497,-41067687951.44056,1538717.9487179518,3.795700073242188,-2.970503717108802,41121752957.54408,64378726.77534054,65917444.724058494,64073341.815655045,41122058367.29343,54370415.852864586,0.1841365782881237,1770935182.1241746,1770935182.1241746
2.2095530466980082,20,1,40490533638.71418,28119354.8790801,28426387.11089233,40490840686.643715,29965105.059610277,28100435.008723,-89.58889770507812,-88.66290283203125,-2.9047000408172607,2.8162999153137207,[0. 0. 0.],[0. 0. 0. 1.],5.378421035517765,-3.091621127833439,"(20, 1)",307048.21463775635,307032.00120192394,-40462740251.63651,1538717.948717948,2.286799907684326,-3.091621127833439,40490533638.63384,28426387.031750802,29965104.98046875,28119355.030548878,40490840686.84848,28100435.21196414,0.18432199927550244,1770935182.5642505,1770935182.5642505
2.6379734154090198,21,1,41622740017.12884,21846390.677346367,22152460.828841045,41623046104.9065,23691178.777558994,17626874.249512002,-82.68250274658203,-82.23819732666016,-0.0976999998092651,-0.2263000011444091,[0. 0. 0.],[0. 0. 0. 1.],5.464760744195486,-2.657660686593557,"(21, 1)",306088.5228805542,306069.82108874246,-41605419230.925224,1538717.948717948,2.8071000576019287,-2.657660686593557,41622740016.83894,22152460.749699518,23691178.698417466,21846390.928610776,41623046105.361824,17626874.436598558,0.17520827299214325,1770935182.6252413,1770935182.6252413
2.9318393067751507,30,1,41621084079.49204,19246107.61088337,19550145.12371284,41621388136.84513,21088863.07243079,15968907.469502633,-83.80130004882812,-83.72730255126953,-1.003000020980835,0.8734999895095825,[0. 0. 0.],[0. 0. 0. 1.],5.318561597208403,-2.2309616044563274,"(30, 1)",304057.9458389282,304037.084334936,-41605419229.46977,1538717.948717948,3.087599992752075,-2.2309616044563274,41621084079.338936,19550145.044571314,21088862.993289262,19246107.960236378,41621388137.284775,15968907.815004006,0.19863422565176525,1770935182.6899493,1770935182.6899493
2.8219529154350704,31,1,41501104656.28014,31609592.770066,31914472.046789765,41501409554.977844,33453189.995507713,30423147.69604148,-88.11319732666016,-88.447998046875,-2.3264000415802,1.8198000192642207,[0. 0. 0.],[0. 0. 0. 1.],5.403218332373771,-2.5131183300849527,"(31, 1)",304898.8537902832,304878.9625901468,-41470986407.20415,1538717.948717948,2.8901000022888184,-2.5131183300849527,41501104656.26202,31914471.967648238,33453189.916366186,31609593.00505809,41501409555.11581,30423147.911658652,0.18585212851609945,1770935182.769481,1770935182.769481
4.6029854214616375,20,2,40734527380.70135,64629630.878101185,64938157.95159946,40734835940.71198,66476875.90031741,3230054.348935595,-85.2759017944336,-85.7323989868164,-7.6722002029418945,6.937399864196777,[0. 0. 0.],[0. 0. 0. 1.],5.780256972993651,-1.0429570538652326,"(20, 2)",308560.4467163086,308526.611328125,-40731605886.35519,1538717.9487179518,4.737299919128418,-1.0429570538652326,40734527380.62101,64938157.865084134,66476875.813802086,64629631.25375601,40734835941.067726,3230054.712540064,0.19717940655378238,1770935182.814562,1770935182.814562
4.109880289651422,21,2,41868733670.97498,60357069.65367025,60661691.60544561,41869038321.60652,62200409.55416356,61969866.39963111,-90.55729675292967,-89.74510192871094,-4.019499778747559,4.159200191497803,[0. 0. 0.],[0. 0. 0. 1.],6.2983455293594135,-2.0461454027114643,"(21, 2)",304651.3327560425,304621.7541816905,-41807068455.46574,1538717.9487179518,4.252200126647949,-2.0461454027114643,41868733670.68509,60661691.518930286,62200409.46764824,60357069.764748596,41869038322.017845,61969866.55210837,0.18347954470554884,1770935182.8712423,1770935182.8712423
4.3597280051727445,30,2,41866077701.28691,56756239.9179334,57060778.14390715,41866382270.14109,58599496.0926251,59313816.35642444,-85.73889923095703,-85.84719848632812,-5.577600002288818,5.298200130462647,[0. 0. 0.],[0. 0. 0. 1.],5.370857095168491,-0.851657246993442,"(30, 2)",304569.4517440796,304537.77606671304,-41807068453.86943,1538717.9487179443,4.519199848175049,-0.851657246993442,41866077701.133804,57060778.05739183,58599496.006109774,56756240.28132512,41866382270.58555,59313816.716120794,0.19577804570880034,1770935182.9349139,1770935182.9349139
5.090846159545315,31,2,41728099279.677574,51120242.442123175,51427228.46441997,41728406301.50981,52965946.41313792,55770669.69375911,-90.1082992553711,-90.21710205078124,-6.033100128173828,6.14109992980957,[0. 0. 0.],[0. 0. 0. 1.],5.909298044654857,-0.7792979302139393,"(31, 2)",307021.89128112793,306985.8022836521,-41672635631.72901,1538717.9487179518,5.130000114440918,-0.7792979302139393,41728099279.65945,51427228.377904646,52965946.3266226,51120242.575620994,41728406301.55073,55770669.821714744,0.18346932336039354,1770935182.9981956,1770935182.9981956
6.607566965580024,20,3,40996520657.94493,55515619.21981244,55821956.041301474,40996827038.977295,57360673.99001942,63571911.35888224,-91.15950012207033,-90.681396484375,-0.9423999786376952,0.6146000027656555,[0. 0. 0.],[0. 0. 0. 1.],8.333480663273496,-1.6702807616926858,"(20, 3)",306381.2099380493,306336.62297175825,-40933255127.59429,1538717.9487179443,6.6631999015808105,-1.6702807616926858,40996520657.86459,55821955.942007214,57360673.89072516,55515619.319035456,40996827039.07453,63571911.48024339,0.18341782303891793,1770935183.070318,1770935183.070318
5.913413622427737,21,3,42127726980.269844,48244325.07078081,48549223.6695066,42128031917.53813,50087941.61822455,52097810.97596752,-85.69120025634766,-84.78079986572266,2.4921998977661133,-2.3803999423980717,[0. 0. 0.],[0. 0. 0. 1.],8.658882207513464,-2.526982373834265,"(21, 3)",304938.1979980469,304898.1182391867,-42075934106.80475,1538717.9487179443,6.131899833679199,-2.526982373834265,42127726979.97995,48549223.57021234,50087941.518930286,48244325.451973155,42128031918.17795,52097811.373197116,0.1984187098262673,1770935183.1302094,1770935183.1302094
5.815082499744397,30,3,42110071347.12024,29643975.50618284,29948286.1695066,42110375696.07664,31487004.11822455,34441590.92104092,-88.10189819335938,-87.48300170898438,1.5170999765396118,-1.916599988937378,[0. 0. 0.],[0. 0. 0. 1.],8.088195173008208,-2.13939508603311,"(30, 3)",304349.4747848511,304310.302734375,-42075934105.22409,1538717.9487179518,5.948800086975098,-2.13939508603311,42110071346.96713,29948286.070212338,31487004.01893029,29643975.767477963,42110375696.44192,34441591.21782352,0.1872177835266559,1770935183.179059,1770935183.179059
6.331415847559274,31,3,41973093462.36988,25008673.42890368,25313702.836173266,41973398533.828064,26852420.784891214,31897250.766288012,-99.97899627685548,-103.6781005859375,0.7692000269889832,-0.6966000199317932,[0. 0. 0.],[0. 0. 0. 1.],8.413408825323614,-2.1155086254334776,"(31, 3)",305071.2546310425,305029.40642527863,-41941501282.95847,1538717.948717948,6.297900199890137,-2.1155086254334776,41973093462.35175,25313702.736879006,26852420.685596954,25008673.330453727,41973398533.606384,31897250.647911657,0.1895815797578811,1770935183.2416723,1770935183.2416723
4.952732454281361,20,4,41206515273.329544,4395238.204196215,4699159.563681536,41206819228.49958,6237877.512399485,4698463.1148876585,-90.10240173339844,-91.0915985107422,-2.928999900817871,2.5415000915527344,[0. 0. 0.],[0. 0. 0. 1.],5.9957967768636635,-0.983696557137101,"(20, 4)",303955.3285293579,303921.117538061,-41202120765.36472,1538717.948717949,5.0121002197265625,-0.983696557137101,41206515273.24921,4699159.467648237,6237877.416366186,4395238.350110176,41206819228.577736,4698463.2130158255,0.18339617614563763,1770935183.2864442,1770935183.2864442
4.310324419882561,21,4,42340721483.474976,124361.95360238267,430056.99957897206,42341027207.11945,1968774.9482969206,63443872.95351923,-84.18270111083984,-83.76100158691406,0.5372999906539917,-0.9695000052452089,[0. 0. 0.],[0. 0. 0. 1.],6.075795992695039,-1.5502961719858108,"(21, 4)",305724.5499038696,305694.56442808494,-42277583334.41267,1538717.9487179487,4.5254998207092285,-1.5502961719858108,42340721483.18508,430056.90354567306,1968774.8522636218,124362.33911758814,42341027207.734985,63443873.32231571,0.19964601358616668,1770935183.3431997,1770935183.3431997
4.748925345757822,30,4,42361064800.645874,19522630.52966451,19830161.166245636,42361372364.126434,21368879.114963587,16572626.306477131,-95.34510040283205,-96.27449798583984,-0.3986000120639801,0.6901000142097473,[0. 0. 0.],[0. 0. 0. 1.],5.940327473034791,-1.1556275561951912,"(30, 4)",307563.6487121582,307530.58017828315,-42344799737.89261,1538717.9487179518,4.7846999168396,-1.1556275561951912,42361064800.49277,19830161.070212338,21368879.01893029,19522630.490034055,42361372364.14148,16572626.248873197,0.18675798053959844,1770935183.4297905,1770935183.4297905
4.640152006079679,31,4,42241087100.190384,31887083.238984697,32192164.371373843,42241392212.68706,33730882.32009179,31025291.624254785,-83.6135025024414,-83.01840209960938,-1.3633999824523926,1.565500020980835,[0. 0. 0.],[0. 0. 0. 1.],6.018622700489663,-1.2785227935682766,"(31, 4)",305112.7272415161,305080.67595653236,-42210366920.96365,1538717.948717948,4.740099906921387,-1.2785227935682766,42241087100.17226,32192164.275340546,33730882.224058494,31887083.599384014,42241392212.8995,31025291.935847357,0.19423136525890097,1770935183.5094032,1770935183.5094032
2.198567336400658,20,5,41474508398.32954,12503662.060650125,12808318.446067741,41474813070.607895,14347036.394785691,3826666.520254937,-88.89109802246094,-89.1011962890625,-4.251399993896484,4.093999862670898,[0. 0. 0.],[0. 0. 0. 1.],3.059692769990478,-0.7074927387099605,"(20, 5)",304672.53856658936,304655.55826822855,-41470986403.776794,1538717.94871795,2.3522000312805176,-0.7074927387099605,41474508398.2492,12808318.12149439,14347036.07021234,12503662.563226162,41474813070.787766,3826667.010967548,0.18447184065717478,1770935183.5546534,1770935183.5546534
1.8233192974011938,21,5,42623714175.78266,23233070.42700499,23538174.215298515,42624019291.990395,25076892.164016463,10353908.646002233,-82.06590270996094,-82.14140319824219,-1.3895000219345093,0.8762999773025513,[0. 0. 0.],[0. 0. 0. 1.],2.7001653466200923,-0.6497653279280757,"(21, 5)",305116.9370956421,305102.9929136634,-42613665383.300255,1538717.948717948,2.0504000186920166,-0.6497653279280757,42623714175.49277,23538173.890725162,25076891.83944311,23233070.8978115,42624019292.42986,10353909.129607372,0.16207116909736263,1770935183.6262348,1770935183.6262348
1.7756594152957499,30,5,42621058029.81254,19631496.366019778,19935794.407606207,42621362340.22992,21474512.356324155,7696958.276445017,-80.67669677734375,-81.08080291748047,-2.220200061798096,1.854200005531311,[0. 0. 0.],[0. 0. 0. 1.],3.307452451537286,-1.4275524728995903,"(30, 5)",304310.6313858032,304297.5166516453,-42613665381.73525,1538717.948717948,1.8798999786376955,-1.4275524728995903,42621058029.65943,19935794.083032854,21474512.031750802,19631496.56638121,42621362340.29082,7696958.5555639025,0.09372429301428314,1770935183.691382,1770935183.691382
1.6718530343806945,31,5,42499080978.39551,29996198.293398127,30301932.228119027,42499386724.30504,31840650.176836975,20154164.32019424,-81.96269989013672,-83.08650207519531,-2.9270999431610107,3.223299980163574,[0. 0. 0.],[0. 0. 0. 1.],2.987940860432817,-1.1757409102146161,"(31, 5)",305746.14695739746,305733.15742688254,-42479232559.594826,1538717.948717948,1.812199950218201,-1.1757409102146161,42499080978.37738,30301931.903545674,31840649.852263622,29996198.74611879,42499386724.52434,20154164.929512218,0.17629167483695413,1770935183.7675624,1770935183.7675624
3.229527169154649,20,11,41750501675.57312,16457090.882072935,16762797.366191104,41750807403.99181,18301515.314909052,10955354.6381609,-84.7510986328125,-85.13030242919922,-1.7144999504089355,0.7702000141143799,[0. 0. 0.],[0. 0. 0. 1.],7.238867807619097,-3.874567795030596,"(20, 11)",305728.8693161011,305706.0359074529,-41739852049.35659,1538717.948717948,3.364300012588501,-3.874567795030596,41750501675.49278,16762797.288161058,18301515.236879006,16457091.252253605,41750807404.3621,10955355.005508814,0.19941354802197747,1770935183.8242173,1770935183.8242173
3.7422248152114057,21,11,42882707485.07752,10187578.62014654,10495121.084139822,42883015051.970894,12033839.03285777,484023.61088355334,-93.32640075683594,-93.05349731445312,1.497499942779541,-1.7266000509262085,[0. 0. 0.],[0. 0. 0. 1.],6.76620379035099,-2.922103791876869,"(21, 11)",307567.45167541504,307542.3959585335,-42882531028.629654,1538717.948717948,3.844099998474121,-2.922103791876869,42882707484.78763,10495121.006109776,12033838.954827724,10187578.610151242,42883015052.2393,484023.6096504407,0.18468906276085573,1770935183.8851886,1770935183.8851886
2.266951781941351,20,1,42238488798.97054,28442436.72581551,28747324.61089233,42238793702.88011,30286042.559610277,28426784.328092713,-89.76709747314453,-88.46430206298828,-3.1133999824523926,2.684999942779541,[0. 0. 0.],[0. 0. 0. 1.],5.378421035517765,-3.033920970667912,"(20, 1)",304904.20610809326,304887.6640124209,-42210366918.55354,1538717.948717948,2.344500064849853,-3.033920970667912,42238488798.890205,28747324.531750802,30286042.48046875,28442436.86773838,42238793703.09631,28426784.54276843,0.1843687786674392,1770935184.3179002,1770935184.3179002
2.645456925248852,21,1,43371694864.88521,23174602.849521663,23480754.098071817,43372001033.79742,25019472.046789765,18955136.411196206,-82.67120361328125,-82.1144027709961,-0.6220999956130981,-0.4963000118732452,[0. 0. 0.],[0. 0. 0. 1.],5.464760744195486,-2.653460704904104,"(21, 1)",306169.63703918457,306150.9195963554,-43353045897.65446,1538717.948717948,2.811300039291382,-2.653460704904104,43371694864.595314,23480754.01893029,25019471.967648238,23174603.099333934,43372001034.23235,18955136.57789964,0.17283245132097091,1770935184.3741803,1770935184.3741803
2.9246624936355787,30,1,43364038526.60739,14572159.86245481,14876250.892943611,43364342637.40246,16414968.84166156,11296741.219351558,-83.6978988647461,-83.78250122070312,-0.7795000076293945,1.229300022125244,[0. 0. 0.],[0. 0. 0. 1.],5.318561597208403,-2.2384615376991253,"(30, 1)",304111.3907241821,304090.60747195594,-43353045896.27725,1538717.948717948,3.0801000595092773,-2.2384615376991253,43364038526.454285,14876250.813802084,16414968.762520032,14572160.206330128,43364342637.84501,11296741.567758413,0.19847953480964434,1770935184.4328296,1770935184.4328296
2.8234764432670434,31,1,43244063302.11344,26937975.465304244,27243558.5852513,43244368904.65346,28782276.533969253,25755830.642420433,-88.6843032836914,-87.5886001586914,-2.1774001121521,1.6624000072479248,[0. 0. 0.],[0. 0. 0. 1.],5.403218332373771,-2.5091183815833658,"(31, 1)",305602.7456436157,305582.838792067,-43218613073.93338,1538717.9487179518,2.8940999507904053,-2.5091183815833658,43244063302.095314,27243558.506109774,28782276.454827726,26937975.667317707,43244368904.84096,25755830.907577123,0.18629490021694933,1770935184.5124876,1770935184.5124876
4.611935205776787,20,2,42476554880.70131,59017721.01366822,59326154.74647125,42476863347.43658,60864872.6951892,64847204.69461643,-85.44889831542969,-84.92479705810547,-7.443999767303467,7.105899810791016,[0. 0. 0.],[0. 0. 0. 1.],5.780256972993651,-1.0320570332658674,"(20, 2)",308467.18812561035,308433.27448917925,-42412016142.7341,1538717.9487179518,4.748199939727783,-1.0320570332658674,42476554880.62097,59326154.659955926,60864872.60867388,59017721.38546675,42476863347.8091,64847205.07499499,0.19855097678926623,1770935184.5624912,1770935184.5624912
4.094302330722897,21,2,43618688486.68007,62677870.88433863,62982348.656727664,43618992993.05554,64521066.60544561,64297871.32286927,-90.7917022705078,-90.79869842529295,-4.30079984664917,4.527999877929688,[0. 0. 0.],[0. 0. 0. 1.],6.2983455293594135,-2.071345292848182,"(21, 2)",304507.0237426758,304477.5860126242,-43554695121.991516,1538717.9487179443,4.227000236511231,-2.071345292848182,43618688486.390175,62982348.57021234,64521066.518930286,62677870.98419972,43618992993.41392,64297871.42240084,0.18340258854975214,1770935184.6212873,1770935184.6212873
4.312171752728275,30,2,43600032533.01764,43075372.01553733,43379175.579804584,43600336366.91686,44917893.528522536,45641246.60641239,-85.7948989868164,-86.29309844970703,-5.4882001876831055,4.795300006866455,[0. 0. 0.],[0. 0. 0. 1.],5.370857095168491,-0.9022572988733248,"(30, 2)",303834.4789199829,303803.1162359789,-43554695120.39521,1538717.9487179518,4.468599796295166,-0.9022572988733248,43600032532.86453,43379175.49328926,44917893.442007214,43075372.37705328,43600336367.34345,45641246.94824219,0.1945766836557819,1770935184.6689467,1770935184.6689467
5.06178098948416,31,2,43447058486.40831,22441986.928899154,22748734.87467638,43447365270.00608,24287452.82339433,27102971.711199023,-89.66629791259766,-90.9917984008789,-6.4604997634887695,6.111299991607666,[0. 0. 0.],[0. 0. 0. 1.],5.909298044654857,-0.810497862312328,"(31, 2)",306783.6194152832,306747.702574119,-43420262298.20784,1538717.948717948,5.098800182342529,-0.810497862312328,43447058486.39018,22748734.788161058,24287452.736879006,22441987.08558694,43447365270.0096,27102971.801757812,0.18343634553774354,1770935184.7254727,1770935184.7254727
6.658966110484717,20,3,42640260353.45772,18844118.5614738,19150770.143865574,42640567049.537964,20689488.092583522,26901665.22762486,-90.66449737548828,-90.61730194091795,-0.663100004196167,0.3064000010490417,[0. 0. 0.],[0. 0. 0. 1.],8.333480663273496,-1.6149805259443948,"(20, 3)",306696.2608947754,306651.36092748493,-42613665384.28621,1538717.948717948,6.718500137329102,-1.6149805259443948,42640260353.37738,19150770.044571314,20689487.993289262,18844118.68364383,42640567049.638275,26901665.352063302,0.18339484107154025,1770935184.7812965,1770935184.7812965
5.937597554906762,21,3,43839682781.55186,12577852.9665025,12881747.70796814,43839986715.1207,14420465.656686088,16425941.860602222,-84.49469757080078,-84.86019897460938,2.2230000495910645,-2.518199920654297,[0. 0. 0.],[0. 0. 0. 1.],8.658882207513464,-2.500682420373572,"(21, 3)",303934.4983291626,303894.24641927145,-43823560773.50268,1538717.948717948,6.158199787139893,-2.500682420373572,43839682781.26196,12881747.608673878,14420465.557391826,12577853.362254607,43839986715.76029,16425942.25761218,0.20008530345422165,1770935184.8421462,1770935184.8421462
5.8098045261677145,30,3,43820026803.85097,59191836.20896034,59497805.400275834,43820332811.29734,61036523.34899378,63988449.731523745,-88.11319732666016,-87.35140228271484,1.2506999969482422,-1.6167000532150269,[0. 0. 0.],[0. 0. 0. 1.],8.088195173008208,-2.1436952035257857,"(30, 3)",306007.9721298218,305968.8313802108,-43756344361.63431,1538717.9487179443,5.944499969482422,-2.1436952035257857,43820026803.69786,59497805.300981574,61036523.24969952,59191836.46960136,43820332811.66999,63988450.03568209,0.18742568123469347,1770935184.888855,1770935184.888855
6.745213108257062,31,3,43665053157.88266,36558931.85893194,36863895.14386557,43665358165.98304,38402613.09258352,43446626.52670516,-100.09639739990234,-89.72599792480469,0.5978999733924866,-0.9265999794006348,[0. 0. 0.],[0. 0. 0. 1.],8.413408825323614,-1.6586089824891417,"(31, 3)",305008.184967041,304963.28500600904,-43621911539.353035,1538717.9487179518,6.754799842834473,-1.6586089824891417,43665053157.86453,36863895.04457131,38402612.99328926,36558931.7595653,43665358166.0495,43446626.696464345,0.18407467216469045,1770935184.9391062,1770935184.9391062
4.939340697305072,20,4,42853254896.726944,37936511.30687469,38240305.39701487,42853558724.54722,39779023.345732816,38244113.05566713,-90.16539764404295,-90.97350311279295,-2.712899923324585,2.537800073623657,[0. 0. 0.],[0. 0. 0. 1.],5.9957967768636635,-0.9967967043844155,"(20, 4)",303827.98414611816,303793.8514122665,-42815314611.47157,1538717.9487179443,4.999000072479248,-0.9967967043844155,42853254896.64661,38240305.300981574,39779023.24969952,37936511.44956931,42853558724.63075,38244113.15917969,0.1833970338469766,1770935184.9942017,1770935184.9942017
4.293812106682778,21,4,44052677276.74416,31670735.320578247,31974688.40983538,44052981258.36286,33513406.358553328,27771257.73374773,-84.27359771728516,-84.31109619140625,0.3585000038146972,-0.8130000233650208,[0. 0. 0.],[0. 0. 0. 1.],6.075795992695039,-1.5635961140024124,"(21, 4)",303982.5439453125,303952.6054186672,-44025210000.87585,1538717.948717948,4.512199878692627,-1.5635961140024124,44052677276.45427,31974688.313802082,33513406.26252003,31670735.708383415,44052981258.998215,27771258.122370794,0.20035201870983801,1770935185.0552247,1770935185.0552247
4.873736842080301,30,4,44049020842.3125,27067533.986242518,27373502.512399483,44049326843.56676,28912220.46111743,24116844.59461481,-96.23770141601562,-95.08409881591795,-0.3808999955654144,0.8996000289916992,[0. 0. 0.],[0. 0. 0. 1.],5.940327473034791,-1.029927559246949,"(30, 4)",306001.44606781006,305968.48707932606,-44025209999.04479,1538717.948717948,4.910399913787842,-1.029927559246949,44049020842.15939,27373502.416366186,28912220.365084134,27067533.92928686,44049326843.60546,24116844.560672075,0.186637029599774,1770935185.1178555,1770935185.1178555
4.685575198599354,31,4,43894047725.190346,4434819.770694923,4740337.448296921,43894353274.53593,6279055.397014869,3576097.062911281,-83.427001953125,-83.2500991821289,-1.3308000564575195,1.738700032234192,[0. 0. 0.],[0. 0. 0. 1.],6.018622700489663,-1.2317226570021145,"(31, 4)",305549.5981063843,305517.233824119,-43890777177.37386,1538717.948717948,4.786900043487549,-1.2317226570021145,43894047725.17222,4740337.352263622,6279055.30098157,4434820.118439503,43894353274.770325,3576097.396459335,0.1946477138859614,1770935185.1685328,1770935185.1685328
2.1934375034232723,20,5,43083248991.27822,8043275.701498141,8348358.510170307,43083554089.88215,9887076.458888255,66590249.5684599,-87.9614028930664,-88.32959747314453,-4.507599830627441,3.9814000129699703,[0. 0. 0.],[0. 0. 0. 1.],3.059692769990478,-0.6979927120070797,"(20, 5)",305098.90824890137,305081.9279597355,-43016963840.002846,1538717.948717949,2.3617000579833984,-0.6979927120070797,43083248991.19788,8348358.185596955,9887076.134314904,8043276.2576372195,43083554090.10613,66590250.10329027,0.18619109982522894,1770935185.224273,1770935185.224273
1.7673310702433556,21,5,44282671347.25698,1778093.495238742,2083054.0229908198,44282976319.858345,3621771.971708768,56117090.50099752,-82.35479736328125,-83.26920318603516,-1.308500051498413,0.3305999934673309,[0. 0. 0.],[0. 0. 0. 1.],2.7001653466200923,-0.6773653779006099,"(21, 5)",304973.4731750488,304959.685496795,-44226859229.31321,1538717.9487179485,2.0227999687194824,-0.6773653779006099,44282671346.96709,2083053.698417468,3621771.6471354165,1778094.012920673,44282976320.44026,56117091.12705328,0.1846458335511584,1770935185.2851834,1770935185.2851834
1.7359133703449132,30,5,44265015217.3125,50391300.13134386,50695537.99734979,44265319467.33847,52234255.94606774,38460239.481588155,-80.25579833984375,-80.66790008544922,-2.370199918746948,1.8681999444961548,[0. 0. 0.],[0. 0. 0. 1.],3.307452451537286,-1.488952409575616,"(30, 5)",304250.1596298218,304237.404847756,-44226859227.63866,1538717.9487179518,1.81850004196167,-1.488952409575616,44265015217.15939,50695537.67277644,52234255.62149439,50391300.26792868,44265319467.31902,38460239.68036358,0.07219170189134437,1770935185.3339255,1770935185.3339255
1.713273186920496,31,5,44127042348.587776,44758485.97908766,45064287.9973498,44127348162.85744,46603005.94606774,34921756.718774095,-81.26950073242188,-82.66690063476562,-2.9997000694274902,3.143199920654297,[0. 0. 0.],[0. 0. 0. 1.],2.987940860432817,-1.16164083544655,"(31, 5)",305814.4593887329,305801.37595152855,-44092426405.74864,1538717.9487179443,1.826300024986267,-1.16164083544655,44127042348.56965,45064287.672776446,46603005.62149439,44758486.29682492,44127348163.02904,34921757.28039864,0.15347846350101407,1770935185.3954642,1770935185.3954642
3.1923859457755617,20,11,43294243943.201294,14219452.057055518,14524960.827729566,43294549473.677086,16063678.776447514,8719988.519932942,-83.80339813232422,-83.6094970703125,-1.5664000511169434,0.7896999716758728,[0. 0. 0.],[0. 0. 0. 1.],7.238867807619097,-3.9195678713245408,"(20, 11)",305530.8963088989,305508.34460136294,-43285829485.160095,1538717.948717948,3.319299936294556,-3.9195678713245408,43294243943.12096,14524960.74969952,16063678.698417468,14219452.405098157,43294549474.017265,8719988.857171474,0.19824416081215127,1770935185.441387,1770935185.441387
3.7023569621497248,21,11,44497665794.37236,11954598.759666387,12260994.48157572,44497972214.27521,13799712.430293668,2247339.8396489285,-92.02259826660156,-92.19750213623048,1.5506000518798828,-1.61489999294281,[0. 0. 0.],[0. 0. 0. 1.],6.76620379035099,-2.9506038719855106,"(21, 11)",306420.49153137207,306395.6079727579,-44495724874.70521,1538717.948717948,3.8155999183654794,-2.9506038719855106,44497665794.082466,12260994.403545674,13799712.352263622,11954598.795572916,44497972214.574,2247339.868790064,0.18391631902515065,1770935185.5001495,1770935185.5001495
2.218211050507104,20,1,43783231042.56026,27202247.545068815,27510000.89294361,43783538811.65648,29048718.841661558,27194457.41050554,-89.70960235595703,-88.61389923095703,-3.15149998664856,2.9038000106811523,[0. 0. 0.],[0. 0. 0. 1.],5.378421035517765,-3.0835210950270424,"(20, 1)",307769.38414001465,307753.123747997,-43756344354.2475,1538717.948717948,2.2948999404907227,-3.0835210950270424,43783231042.47992,27510000.813802082,29048718.76252003,27202247.690054085,43783538811.86406,27194457.6165615,0.1842873487767162,1770935185.9242423,1770935185.9242423
2.5928773695770393,21,1,44981653302.38517,19939218.05691376,20245121.0852513,44981959222.75739,21783839.033969253,15719479.373860067,-83.13719940185547,-81.7748031616211,0.2309000045061111,-0.0847000032663345,[0. 0. 0.],[0. 0. 0. 1.],5.464760744195486,-2.7073607083373314,"(21, 1)",305921.0361557007,305902.6473607756,-44966239743.651764,1538717.9487179518,2.7574000358581543,-2.7073607083373314,44981653302.095276,20245121.006109774,21783838.954827726,19939218.358749,44981959223.13143,15719479.479667468,0.17348034245756802,1770935185.9841363,1770935185.9841363
2.950987167868423,30,1,44981996539.427864,19334715.79128985,19638310.187815405,44982300153.85069,21177028.136533353,16060411.951974565,-84.17970275878906,-83.13240051269531,-1.131500005722046,0.9358999729156494,[0. 0. 0.],[0. 0. 0. 1.],5.318561597208403,-2.2162616685432415,"(30, 1)",303614.97145843506,303593.9534505196,-44966239741.99286,1538717.948717948,3.102299928665161,-2.2162616685432415,44981996539.27476,19638310.108673878,21177028.057391826,19334716.15522336,44982300154.246216,16060412.253355369,0.19763050500812906,1770935186.05083,1770935186.05083
2.8501570831532494,31,1,44843025361.40827,12702896.6383348,13007765.316020533,44843330249.66102,14546483.264738483,11523329.386629486,-88.18160247802734,-89.44309997558594,-2.3366000652313232,1.7508000135421753,[0. 0. 0.],[0. 0. 0. 1.],5.403218332373771,-2.494018379294547,"(31, 1)",304888.35261535645,304868.36751302145,-44831806920.19674,1538717.94871795,2.909199953079224,-2.494018379294547,44843025361.390144,13007765.236879006,14546483.185596956,12702896.869365985,44843330249.74276,11523329.546023637,0.18483898799683815,1770935186.1114419,1770935186.1114419
4.62184781696742,20,2,44024224856.66281,60698444.83696115,61006691.60544561,44024533136.47348,62545409.55416356,66539557.70892058,-85.10479736328125,-84.81680297851562,-7.089200019836426,7.178599834442139,[0. 0. 0.],[0. 0. 0. 1.],5.780256972993651,-1.0210568768632795,"(20, 2)",308280.26404571533,308246.3034605384,-43957993578.7567,1538717.9487179518,4.759200096130371,-1.0210568768632795,44024224856.58247,61006691.518930286,62545409.46764824,60698445.21546975,44024533136.84652,66539558.08981871,0.19934413231484316,1770935186.1652284,1770935186.1652284
4.096666163322473,21,2,45239646635.7185,3218945.624833581,3522781.3490353525,45239950500.07122,5061499.297753301,4845121.99093911,-90.90489959716795,-91.60320281982422,-4.156400203704834,4.525199890136719,[0. 0. 0.],[0. 0. 0. 1.],6.2983455293594135,-2.075145684999062,"(21, 2)",303864.96518707275,303835.5431189905,-45235105378.33913,1538717.948717949,4.223199844360352,-2.075145684999062,45239646635.428604,3522781.262520032,5061499.211237981,3218945.7194010415,45239950500.39379,4845122.0546624595,0.18349703396001507,1770935186.242238,1770935186.242238
4.341555183010879,30,2,45235989928.85094,65830389.01646254,66135065.002881505,45236294635.33259,457372.6951891988,1189258.4084749047,-85.93409729003906,-86.26589965820312,-5.318699836730957,4.9629998207092285,[0. 0. 0.],[0. 0. 0. 1.],5.370857095168491,-0.8733571523889498,"(30, 2)",304707.06254577637,304675.54336939007,-45235105377.00887,-65677692.307692304,4.497499942779541,-0.8733571523889498,45235989928.69783,66135064.91636618,457372.6086738782,65830389.37299679,45236294635.760376,1189258.7515024038,0.19428066913545394,1770935186.3048422,1770935186.3048422
5.059370853727085,31,2,45099019279.6775,61198567.29565161,61504600.25929176,45099325348.28513,63043318.20800971,65869203.89904724,-89.5625,-91.28669738769533,-6.376699924468994,6.002299785614014,[0. 0. 0.],[0. 0. 0. 1.],5.909298044654857,-0.813997847053539,"(31, 2)",306068.6160354614,306032.71484375,-45033456144.29904,1538717.9487179518,5.095300197601318,-0.813997847053539,45099019279.65937,61504600.17277644,63043318.12149439,61198567.45793269,45099325348.275406,65869203.976362176,0.18342306504190917,1770935186.3702326,1770935186.3702326
6.627712275832681,20,3,44274269448.00896,39658473.26022769,39963173.99001942,44274574193.06484,41501891.93873737,47714962.788507454,-90.93009948730467,-90.06089782714844,-0.6331999897956848,0.3082000017166137,[0. 0. 0.],[0. 0. 0. 1.],8.333480663273496,-1.6439808082319924,"(20, 3)",304745.26429748535,304700.52083332837,-44226859230.25221,1538717.9487179518,6.689499855041504,-1.6439808082319924,44274269447.92862,39963173.89072516,41501891.83944311,39658473.36989183,44274574193.19292,47714962.94070513,0.18340303293037857,1770935186.428127,1770935186.428127
5.920965291452065,21,3,45483640337.64156,43345780.15318992,43652597.0669425,45483947193.260925,45191315.01566044,47192573.83137275,-84.3009033203125,-84.90589904785156,2.321700096130371,-2.482899904251098,[0. 0. 0.],[0. 0. 0. 1.],8.658882207513464,-2.517782277703894,"(21, 3)",306856.54860687256,306816.4219000414,-45436754619.672134,1538717.9487179443,6.14109992980957,-2.517782277703894,45483640337.35167,43652596.96764824,45191314.91636618,43345780.5457482,45483947193.900276,47192574.22814003,0.20022085503651194,1770935186.4862227,1770935186.4862227
5.80541535582784,30,3,45480983550.6458,39740909.67898432,40047805.400275834,45481290484.60378,41586523.34899378,44535866.69035141,-88.10189819335938,-87.86609649658203,1.4453999996185305,-1.8766000270843504,[0. 0. 0.],[0. 0. 0. 1.],8.088195173008208,-2.152294961673979,"(30, 3)",306934.4545059204,306895.3607021272,-45436754617.981926,1538717.9487179443,5.9359002113342285,-2.152294961673979,45480983550.49269,40047805.300981574,41586523.24969952,39740909.94027945,45481290484.9472,44535866.96526943,0.1866218795201304,1770935186.5498164,1770935186.5498164
6.919103532075373,31,3,45360013085.767235,51109442.62338565,51415850.2720707,45360319538.811195,52954568.22078865,57997740.03372519,-93.35780334472656,-88.9937973022461,0.3165999948978424,-0.8436999917030334,[0. 0. 0.],[0. 0. 0. 1.],8.413408825323614,-1.4614086841798155,"(31, 3)",306453.1688232422,306407.53330328315,-45302321798.674164,1538717.9487179518,6.952000141143799,-1.4614086841798155,45360013085.74911,51415850.17277644,52954568.12149439,51109442.639473155,45360319538.91793,57997740.24376503,0.18339489559597558,1770935186.6283703,1770935186.6283703
4.930913534720823,20,4,44459995537.75255,31478911.349916097,31783133.92265589,44460299794.003365,33321851.871373843,31791336.37366054,-90.1623992919922,-90.22319793701172,-2.66729998588562,2.90939998626709,[0. 0. 0.],[0. 0. 0. 1.],5.9957967768636635,-0.9996968279806069,"(20, 4)",304256.45094299316,304222.3338591717,-44428508457.60973,1538717.9487179518,4.996099948883057,-0.9996968279806069,44459995537.67221,31783133.826622594,33321851.775340546,31478911.492763422,44460299794.12315,31791336.513421476,0.1834597379321974,1770935186.6740463,1770935186.6740463
4.3225649702600935,21,4,45711634456.2313,10218460.340538252,10522813.409835383,45711938838.00937,12061531.358553331,6318580.907437355,-83.75479888916016,-83.77420043945312,0.6305000185966492,-0.8641999959945679,[0. 0. 0.],[0. 0. 0. 1.],6.075795992695039,-1.5405958736764847,"(21, 4)",304382.684173584,304352.6047926694,-45705620257.34866,1538717.948717948,4.535200119018555,-1.5405958736764847,45711634455.94141,10522813.313802084,12061531.262520032,10218460.709009415,45711938838.62558,6318581.2769180685,0.1986363809095877,1770935186.7141087,1770935186.7141087
4.772989227446488,30,4,45694977973.72272,59829949.480547845,60137292.57650205,45695285349.78502,61676010.52522,56881509.21322736,-94.9185028076172,-95.78500366210938,-0.3632000088691711,0.3398999869823456,[0. 0. 0.],[0. 0. 0. 1.],5.940327473034791,-1.1288274005555428,"(30, 4)",307376.23948669434,307343.03009815514,-45638403840.64443,1538717.9487179518,4.811500072479248,-1.1288274005555428,45694977973.56961,60137292.48046875,61676010.4291867,59829949.450370595,45695285349.8091,56881509.164663464,0.18641417836951152,1770935186.7637918,1770935186.7637918
4.661959130153072,31,4,45575007989.61339,4982158.356177624,5286667.576502049,45575312530.34897,6825385.525219998,4125096.497028938,-82.6572036743164,-82.89649963378906,-1.638100028038025,1.567399978637695,[0. 0. 0.],[0. 0. 0. 1.],6.018622700489663,-1.2723224800001613,"(31, 4)",304540.9530258179,304508.8547926685,-45571187433.75279,1538717.948717949,4.746300220489502,-1.2723224800001613,45575007989.59526,5286667.48046875,6825385.429186699,4982158.6256760815,45575312530.54829,4125096.7954977965,0.18433500912674108,1770935186.843355,1770935186.843355
2.196715402675861,20,5,44675073790.957664,53883585.58720786,54191579.66401646,44675381800.91277,55730297.61273441,45224114.6956799,-87.94869995117188,-89.82820129394531,-4.613699913024902,3.942199945449829,[0. 0. 0.],[0. 0. 0. 1.],3.059692769990478,-0.7071928081374503,"(20, 5)",308010.1756591797,307993.1953625828,-44630157685.90625,1538717.9487179443,2.352499961853028,-0.7071928081374503,44675073790.87733,54191579.33944311,55730297.288161054,53883586.14408053,44675381801.052986,45224115.146734774,0.18480276656962616,1770935186.8888085,1770935186.8888085
1.7724091312176908,21,5,45942628486.680016,48539490.37027136,48844520.36914466,45942933528.792656,50383238.317862615,35664043.05639217,-81.5645980834961,-82.86100006103516,-1.4342000484466553,1.2590999603271484,[0. 0. 0.],[0. 0. 0. 1.],2.7001653466200923,-0.6993654522872066,"(21, 5)",305042.94371032715,305029.296875,-45907269485.69213,1538717.9487179518,2.0007998943328857,-0.6993654522872066,45942628486.39012,48844520.04457131,50383237.99328926,48539490.74769631,45942933529.33383,35664043.64170172,0.16460273035827808,1770935186.94534,1770935186.94534
1.71631722823945,30,5,45939971595.517586,44933815.54821546,45238021.97170877,45940275813.95474,46776739.92042672,33006329.609387726,-80.98739624023438,-80.16780090332031,-1.8859000205993648,2.035799980163574,[0. 0. 0.],[0. 0. 0. 1.],3.307452451537286,-1.5006524437171567,"(30, 5)",304218.4996032715,304205.83871694654,-45907269484.12713,1538717.9487179518,1.8068000078201292,-1.5006524437171567,45939971595.36448,45238021.647135414,46776739.595853366,44933815.80841847,45940275813.86408,33006329.736954127,0.0765567392906274,1770935187.0087686,1770935187.0087686
1.6596499011654313,31,5,45801002629.03646,38303121.43501343,38608863.317862615,45801308382.84069,40147581.26658057,28471720.432657268,-82.03970336914062,-82.7406005859375,-3.280100107192993,3.62470006942749,[0. 0. 0.],[0. 0. 0. 1.],2.987940860432817,-1.1916408068363205,"(31, 5)",305754.00328063965,305741.0919971913,-45772836662.018005,1538717.9487179518,1.7963000535964966,-1.1916408068363205,45801002629.01833,38608862.99328926,40147580.942007214,38303121.90129207,45801308383.021614,28471721.003605768,0.17256035540846365,1770935187.0693917,1770935187.0693917
3.2379246045699066,20,11,44899984600.25253,6763703.23460741,7070657.943114181,44900291576.996925,8609375.89183213,1268245.8111643882,-82.84020233154297,-82.87560272216797,-1.916599988937378,1.2404999732971191,[0. 0. 0.],[0. 0. 0. 1.],7.238867807619097,-3.895467806093218,"(20, 11)",306977.1008605957,306954.36135316547,-44899023331.1887,1538717.948717949,3.343400001525879,-3.895467806093218,44899984600.172195,7070657.865084135,8609375.813802084,6763703.5037309695,44900291577.273056,1268246.084359976,0.18627822994952278,1770935187.1156366,1770935187.1156366
3.691900270118198,21,11,46183622268.73129,17503472.843041934,17810401.532857772,46183929221.56257,19349119.48157572,7794090.873293913,-91.87670135498048,-92.13520050048828,1.4285999536514282,-1.591599941253662,[0. 0. 0.],[0. 0. 0. 1.],6.76620379035099,-2.9598037296973025,"(21, 11)",306953.42234802246,306928.5700871423,-46176135130.95892,1538717.948717948,3.8064000606536874,-2.9598037296973025,46183622268.4414,17810401.454827726,19349119.403545674,17503472.884740584,46183929221.86375,7794090.9048227165,0.18385293054726187,1770935187.1862304,1770935187.1862304
2.250044578557185,20,1,45393971563.39355,24743739.874482773,25049640.316020533,45394277479.76528,26588358.26473848,24739279.240299057,-89.49720001220703,-88.43779754638672,-3.0481998920440674,2.7174999713897705,[0. 0. 0.],[0. 0. 0. 1.],5.378421035517765,-3.0484211118117104,"(20, 1)",305916.6697998047,305900.2059545256,-45369538200.526505,1538717.948717948,2.3299999237060547,-3.0484211118117104,45393971563.31321,25049640.236879006,26588358.185596954,24743740.03092448,45394277479.98301,24739279.45650541,0.1845616258210186,1770935187.6077077,1770935187.6077077
2.5952001124090405,21,1,46660609953.02615,18485636.158372525,18791723.649353866,46660916057.85164,20330441.598071817,14266057.932686185,-82.67659759521484,-82.40910339355469,-0.0922000035643577,-0.1965000033378601,[0. 0. 0.],[0. 0. 0. 1.],5.464760744195486,-2.696560823541189,"(21, 1)",306105.5970840454,306087.16133313254,-46646650000.18719,1538717.9487179518,2.768199920654297,-2.696560823541189,46660609952.73626,18791723.570212338,20330441.51893029,18485636.408879206,46660916058.33334,14266058.146158854,0.17791886921363712,1770935187.6631348,1770935187.6631348
2.922038193779461,30,1,46657952901.607315,14879150.265163446,15182957.623712841,46658256728.7436,16721675.57243079,11606730.152965821,-83.71019744873047,-83.81880187988281,-1.1790000200271606,1.0951999425888062,[0. 0. 0.],[0. 0. 0. 1.],5.318561597208403,-2.2407615617317176,"(30, 1)",303827.73374938965,303806.934845753,-46646649998.68478,1538717.948717948,3.077800035476685,-2.2407615617317176,46657952901.45421,15182957.544571314,16721675.493289262,14879150.609725561,46658256729.18796,11606730.503180088,0.19863432864686584,1770935187.7267737,1770935187.7267737
2.7808606653258474,31,1,46544984976.792854,34248746.337485574,34554383.905764125,46545290633.503136,36093101.85448207,33073456.95937585,-88.6521987915039,-89.3270034790039,-2.363600015640259,2.154099941253662,[0. 0. 0.],[0. 0. 0. 1.],5.403218332373771,-2.566418233954582,"(31, 1)",305656.8165283203,305637.28528144956,-46512217176.4661,1538717.9487179443,2.836800098419189,-2.566418233954582,46544984976.77473,34554383.8266226,36093101.77534054,34248746.54134115,46545290633.591255,33073457.12515024,0.18449905933431604,1770935187.8134532,1770935187.8134532
4.615837186544332,20,2,45642965169.16277,66232591.516126,66536915.96441997,45643269526.58825,859223.6567276603,4865691.429116271,-84.8124008178711,-84.69499969482422,-7.196300029754639,7.305200099945068,[0. 0. 0.],[0. 0. 0. 1.],5.780256972993651,-1.0267569882524397,"(20, 2)",304357.87886047363,304323.98086939007,-45638403835.151276,-65677692.307692304,4.753499984741211,-1.0267569882524397,45642965169.082436,66536915.877904646,859223.5702123397,66232591.897035256,45643269526.961296,4865691.8100210335,0.19991650675034417,1770935187.8573947,1770935187.8573947
4.080279895280027,21,2,46909604095.65435,59975537.48033671,60280938.40031741,46909909525.15606,61819656.34903535,61610301.20366963,-90.8198013305664,-92.96050262451172,-4.212299823760986,4.497300148010254,[0. 0. 0.],[0. 0. 0. 1.],6.2983455293594135,-2.098545514863564,"(21, 2)",305430.06310272217,305400.734925881,-46848299224.211235,1538717.9487179443,4.19980001449585,-2.098545514863564,46909604095.364456,60280938.313802086,61819656.26252003,59975537.578876205,46909909525.42756,61610301.21632111,0.18371741331741376,1770935187.9121292,1770935187.9121292
4.299849424878867,30,2,46905946435.261154,55367928.121886775,55673678.78493279,46906252216.205574,57212396.73365074,57952993.42500009,-85.82260131835938,-85.68689727783203,-5.232100009918213,5.192999839782715,[0. 0. 0.],[0. 0. 0. 1.],5.370857095168491,-0.911156987594028,"(30, 2)",305781.54734802246,305750.21597055346,-46848299222.86533,1538717.9487179443,4.459700107574463,-0.911156987594028,46905946435.10805,55673678.69841747,57212396.647135414,55367928.48244692,46906252216.655396,57952993.790064104,0.19596542985837054,1770935187.9747145,1770935187.9747145
5.073364236842734,31,2,46767979688.33131,49738232.86393044,50042172.37467638,46768283663.51092,51580890.32339433,54417262.43291955,-90.04029846191406,-89.9760971069336,-6.38040018081665,6.060100078582764,[0. 0. 0.],[0. 0. 0. 1.],5.909298044654857,-0.7943979325027577,"(31, 2)",303975.25102233887,303939.28723457456,-46713866400.99096,1538717.9487179518,5.1149001121521,-0.7943979325027577,46767979688.31318,50042172.288161054,51580890.236879006,49738233.00092648,46768283663.5642,54417262.57324219,0.18352928022008602,1770935188.0364573,1770935188.0364573
6.6405562732744725,20,3,45865959448.00893,18153740.823160697,18460185.20796814,45866265936.79051,19998903.156686086,26212860.2821135,-90.80570220947266,-90.654296875,-0.5364000201225281,0.3910999894142151,[0. 0. 0.],[0. 0. 0. 1.],8.333480663273496,-1.6346805762983987,"(20, 3)",306488.96045684814,306444.17004707456,-45840053076.484276,1538717.948717948,6.698800086975098,-1.6346805762983987,45865959447.92859,18460185.108673878,19998903.057391826,18153740.938626803,45866265936.889046,26212860.404772636,0.18339756019096484,1770935188.0805485,1770935188.0805485
6.0060752168484415,21,3,47134597717.44922,13897137.25755991,14201771.746429678,47134902391.19261,15740489.695147628,17737515.227645382,-84.6624984741211,-85.86170196533203,2.5088999271392822,-2.662600040435791,[0. 0. 0.],[0. 0. 0. 1.],8.658882207513464,-2.4351821609741577,"(21, 3)",304674.65131378174,304633.9925130196,-47117164876.20755,1538717.94871795,6.223700046539307,-2.4351821609741577,47134597717.159325,14201771.647135416,15740489.595853366,13897137.654622396,47134902391.81064,17737515.603089944,0.19838381292620827,1770935188.1371384,1770935188.1371384
5.847221157333303,30,3,47131940553.85089,10290223.457056342,10596988.092583524,47132247356.98047,12135706.041301474,15082482.547273073,-87.57520294189453,-88.2394027709961,1.6223000288009644,-1.829100012779236,[0. 0. 0.],[0. 0. 0. 1.],8.088195173008208,-2.109195081455473,"(30, 3)",306803.6045150757,306764.2446664665,-47117164874.50169,1538717.94871795,5.979000091552734,-2.109195081455473,47131940553.697784,10596987.993289262,12135705.942007212,10290223.748622796,47132247357.3023,15082482.80060597,0.18687497531142888,1770935188.200786,1770935188.200786
6.289244947105123,31,3,46993974327.75438,4661223.432616358,4967268.541301473,46994280415.15483,6505986.490019421,11548365.49161088,-100.21710205078124,-95.0374984741211,0.1331000030040741,-0.9079999923706056,[0. 0. 0.],[0. 0. 0. 1.],8.413408825323614,-2.1445089077210753,"(31, 3)",306087.286529541,306045.109675481,-46982732049.55991,1538717.948717948,6.268899917602539,-2.1445089077210753,46993974327.73625,4967268.442007212,6505986.39072516,4661223.332331731,46994280415.02278,11548365.462865585,0.1875284328032952,1770935188.2649767,1770935188.2649767
4.939689437141294,20,4,46102953366.278145,61238592.822252356,61544391.93547641,46103259199.08847,63083109.88419435,61556895.08585613,-91.08789825439452,-90.65769958496094,-2.698899984359741,2.235100030899048,[0. 0. 0.],[0. 0. 0. 1.],5.9957967768636635,-1.000896550270646,"(20, 4)",305832.98903656006,305798.91889523715,-46041702303.98264,1538717.9487179443,4.994900226593018,-1.000896550270646,46102953366.19781,61544391.83944311,63083109.788161054,61238592.92054787,46103259199.186844,61556895.20420172,0.18341094421419568,1770935188.3113418,1770935188.3113418
4.269741736210113,21,4,47369591651.74409,54982607.84344076,55286851.87137384,47369895924.19951,56825569.82009179,51081821.303726815,-84.9583969116211,-84.55660247802734,0.6183000206947327,-1.0429999828338623,[0. 0. 0.],[0. 0. 0. 1.],6.075795992695039,-1.5863960827218948,"(21, 4)",304273.38428497314,304243.5396634564,-47318814103.14252,1538717.9487179518,4.4893999099731445,-1.5863960827218948,47369591651.45419,55286851.77534054,56825569.724058494,54982608.235677086,47369895924.83848,51081821.69596354,0.19991754853359026,1770935188.3721642,1770935188.3721642
5.808516737379471,30,4,47368934383.97909,53375220.34969811,53680826.2303482,47369240027.790596,55219544.17906615,50425921.04296712,-95.55950164794922,-81.25789642333984,-0.1395999938249588,0.0568000003695488,[0. 0. 0.],[0. 0. 0. 1.],5.940327473034791,-0.08442766224377518,"(30, 4)",305644.06175231934,305605.82870092243,-47318814106.820274,1538717.9487179518,5.855899810791016,-0.08442766224377518,47368934383.82598,53680826.1343149,55219544.083032854,53375220.30561398,47369240027.88773,50425921.06745793,0.2000822757445618,1770935188.4378514,1770935188.4378514
4.646469274125588,31,4,47232968654.67745,49746327.68984898,50051691.61496358,47233274050.03112,51590409.563681535,48892770.10362707,-83.34269714355469,-83.19930267333984,-1.6130000352859497,1.600000023841858,[0. 0. 0.],[0. 0. 0. 1.],6.018622700489663,-1.272422615803384,"(31, 4)",305395.6017074585,305363.4878305271,-47184381279.82834,1538717.9487179518,4.746200084686279,-1.272422615803384,47232968654.659325,50051691.518930286,51590409.46764824,49746328.03109976,47233274050.26103,48892770.432692304,0.19374819200471682,1770935188.5014863,1770935188.5014863
2.1836352879307466,20,5,46331947492.88071,30340002.12256211,30644159.79222159,46332251666.32001,32182877.74093954,21683723.661392827,-88.8196029663086,-88.92960357666016,-4.620200157165527,3.483999967575073,[0. 0. 0.],[0. 0. 0. 1.],3.059692769990478,-0.7202927169661861,"(20, 5)",304173.70918273926,304156.838441506,-46310567942.34777,1538717.948717948,2.339400053024292,-0.7202927169661861,46331947492.80037,30644159.467648238,32182877.416366186,30340002.629206732,46332251666.50955,21683724.161783855,0.18465798799427838,1770935188.5467389,1770935188.5467389
1.787168252617969,21,5,47600585690.20562,26084537.785717346,26388334.47170877,47600889499.077995,27927052.42042672,13209756.806314988,-81.50700378417969,-83.17870330810547,-1.3726999759674072,1.2031999826431274,[0. 0. 0.],[0. 0. 0. 1.],2.7001653466200923,-0.6814654622054195,"(21, 5)",303809.7361984253,303795.9954677485,-47587679742.22755,1538717.948717948,2.018699884414673,-0.6814654622054195,47600585689.915726,26388334.147135418,27927052.095853366,26084538.15166767,47600889499.651924,13209757.424379006,0.1684564994668988,1770935188.6031866,1770935188.6031866
1.7138095539731517,30,5,47597928422.44063,22476812.32028389,22781026.77940108,47598232648.909065,24319744.728119027,10552908.216097891,-81.40609741210938,-80.40650177001953,-2.3664000034332275,2.027400016784668,[0. 0. 0.],[0. 0. 0. 1.],3.307452451537286,-1.486152421782647,"(30, 5)",304226.55936431885,304213.78893730044,-47587679740.47474,1538717.948717948,1.821300029754639,-1.486152421782647,47597928422.28752,22781026.454827726,24319744.403545674,22476812.665890425,47598232648.846886,10552908.372145433,0.09393649417360361,1770935188.6668432,1770935188.6668432
1.717933610488988,31,5,47459963278.07488,16848165.683007285,17154127.74093954,47460269252.39707,18692845.689657487,7022333.344074863,-82.1937026977539,-82.05049896240234,-3.213900089263916,3.00629997253418,[0. 0. 0.],[0. 0. 0. 1.],2.987940860432817,-1.144840908688737,"(31, 5)",305974.41844177246,305961.2411107756,-47453246918.66297,1538717.948717948,1.84309995174408,-1.144840908688737,47459963278.056755,17154127.416366186,18692845.365084134,16848166.17525541,47460269252.4752,7022333.8122245595,0.1628285108718463,1770935188.7284129,1770935188.7284129
3.5988756515505607,21,11,48058573855.26971,10398500.41285777,10704784.545678284,48058880162.88375,12243502.494396232,685544.8115742715,-91.73989868164062,-91.80560302734376,1.142699956893921,-1.3299000263214111,[0. 0. 0.],[0. 0. 0. 1.],6.76620379035099,-3.050003677054481,"(21, 11)",306308.2181549072,306284.0075370595,-48058194618.34182,1538717.948717948,3.716200113296509,-3.050003677054481,48058573854.97981,10704784.467648238,12243502.416366186,10398500.460111178,48058880163.19797,685544.8561448317,0.18372419774916657,1770935189.0636034,1770935189.0636034
2.2707858966524714,20,1,47279923141.91914,28630022.545364253,28938839.033969253,47280231974.453674,30477556.9826872,28634286.592755795,-90.58719635009766,-89.20899963378906,-3.158099889755249,3.09660005569458,[0. 0. 0.],[0. 0. 0. 1.],5.378421035517765,-3.0426211030379067,"(20, 1)",308832.78871154785,308816.3092197515,-47251597687.86244,1538717.948717948,2.3357999324798584,-3.0426211030379067,47279923141.838806,28938838.954827726,30477556.903545674,28630022.645607974,47280231974.62752,28634286.76507412,0.18361484763917688,1770935189.5009289,1770935189.5009289
2.6133885890193995,21,1,48558560946.61585,34377177.67910887,34683125.89294361,48558866912.28867,36221843.84166156,30157425.205931604,-82.74169921875,-81.97969818115234,-0.099600002169609,-0.3454999923706054,[0. 0. 0.],[0. 0. 0. 1.],5.464760744195486,-2.6876606579833275,"(21, 1)",305966.3743209839,305947.8759765625,-48528709487.35097,1538717.9487179443,2.777100086212158,-2.6876606579833275,48558560946.32596,34683125.813802086,36221843.76252003,34377177.93782552,48558866912.70028,30157425.349308893,0.17143426701120504,1770935189.5612373,1770935189.5612373
2.9208600473276816,30,1,48554903486.54317,29768367.842288528,30072460.828841045,48555207599.33697,31611178.777558994,26498113.75469155,-83.69450378417969,-83.58679962158203,-1.0887000560760498,0.7440999746322632,[0. 0. 0.],[0. 0. 0. 1.],5.318561597208403,-2.2440615132850628,"(30, 1)",304113.37828063965,304092.5637269616,-48528709485.67642,1538717.948717948,3.07450008392334,-2.2440615132850628,48554903486.39006,30072460.749699518,31611178.698417466,29768368.185972556,48555207599.76834,26498114.091922075,0.1977574401924936,1770935189.6237962,1770935189.6237962
2.8304730509842737,31,1,48417940521.664604,25140952.143362675,25445826.21345643,48418245415.17221,26984544.16217438,23968751.27686195,-88.30000305175781,-88.27639770507812,-2.239799976348877,1.7843999862670898,[0. 0. 0.],[0. 0. 0. 1.],5.403218332373771,-2.50481826409069,"(31, 1)",304893.67362213135,304873.76677684113,-48394276663.817696,1538717.9487179518,2.898400068283081,-2.50481826409069,48417940521.64648,25445826.134314902,26984544.083032854,25140952.36753806,48418245415.3201,23968751.502403848,0.1858262449752256,1770935189.6864612,1770935189.6864612
4.6012728036513035,20,2,47516917068.201195,58111318.279237635,58415754.10544561,47517221536.92986,59954472.05416356,63974624.9572457,-85.17320251464844,-84.66169738769531,-7.363900184631348,7.434700012207031,[0. 0. 0.],[0. 0. 0. 1.],5.780256972993651,-1.041856990541258,"(20, 2)",304469.1819381714,304435.3622045219,-47453246911.96475,1538717.9487179518,4.738399982452393,-1.041856990541258,47516917068.12086,58415754.018930286,59954471.96764824,58111318.656725764,47517221537.302795,63974625.338040866,0.19949564243712875,1770935189.7323623,1770935189.7323623
4.090064030215211,21,2,48869552909.75687,3423809.9483891157,3728847.0541635575,48869857975.47392,5267565.002881506,5066443.657118175,-91.46649932861328,-91.3458023071289,-4.3566999435424805,4.116399765014648,[0. 0. 0.],[0. 0. 0. 1.],6.2983455293594135,-2.083845578950477,"(21, 2)",305066.3405227661,305036.949744591,-48864791532.075645,1538717.948717949,4.214499950408936,-2.083845578950477,48869552909.46697,3728846.967648237,5267564.916366186,3423810.017903646,48869857975.807495,5066443.7318459535,0.18355597454886896,1770935189.8745651,1770935189.8745651
4.248046321477031,30,2,48882894936.86367,15813818.934862897,16120217.24647125,48883201365.17041,17658935.1951892,18409834.979274046,-86.15290069580078,-86.75679779052734,-5.418399810791016,5.197700023651123,[0. 0. 0.],[0. 0. 0. 1.],5.370857095168491,-0.9716571325525241,"(30, 2)",306428.86431121826,306397.8772285655,-48864791530.275894,1538717.948717948,4.399199962615967,-0.9716571325525241,48882894936.71056,16120217.15995593,17658935.108673878,15813819.282727364,48883201365.574875,18409835.298978366,0.1925889250641892,1770935189.9517152,1770935189.9517152
5.022941862502196,31,2,48745932733.20306,11186561.374798454,11492172.374676378,48746238379.616776,13030890.323394326,15879671.206459489,-90.30359649658205,-90.55069732666016,-6.157899856567383,5.755499839782715,[0. 0. 0.],[0. 0. 0. 1.],5.909298044654857,-0.8510981621475331,"(31, 2)",305646.4562072754,305610.789763622,-48730358708.32328,1538717.948717948,5.058199882507324,-0.8510981621475331,48745932733.18493,11492172.288161058,13030890.236879006,11186561.498397436,48746238379.641136,15879671.317858573,0.18340882778060552,1770935190.0144048,1770935190.0144048
6.586150431354119,20,3,47844908646.72682,47825991.01071844,48130722.0669425,47845213421.88448,49669440.01566044,55884448.28453138,-91.00279998779295,-90.19270324707033,-0.5587000250816345,0.5074999928474426,[0. 0. 0.],[0. 0. 0. 1.],8.333480663273496,-1.6870806884504983,"(20, 3)",304775.35932922363,304730.8506109789,-47789328973.57583,1538717.9487179443,6.646399974822998,-1.6870806884504983,47844908646.646484,48130721.96764824,49669439.91636618,47825991.11703726,47845213422.00581,55884448.42998798,0.1833957957115891,1770935190.0594244,1770935190.0594244
6.00147271368919,21,3,49111546667.769684,41575277.22533825,41879640.336173266,49111851070.06792,43418358.28489122,45410296.47929894,-84.22250366210938,-85.99040222167969,1.829100012779236,-2.752000093460083,[0. 0. 0.],[0. 0. 0. 1.],8.658882207513464,-2.4414821335083374,"(21, 3)",304403.20137023926,304362.6208183095,-49066440773.8312,1538717.9487179518,6.217400074005127,-2.4414821335083374,49111546667.47979,41879640.236879006,43418358.18559696,41575277.6160607,49111851070.68116,45410296.84995993,0.19914883213084328,1770935190.1140878,1770935190.1140878
5.821909265476398,30,3,49106889103.530334,35965959.55738673,36270481.682327114,49107193664.01213,37809199.63104506,40752892.283921026,-87.30889892578125,-88.0199966430664,0.9973999857902528,-1.672600030899048,[0. 0. 0.],[0. 0. 0. 1.],8.088195173008208,-2.130395261509184,"(30, 3)",304560.9694290161,304521.7191256061,-49066440771.7967,1538717.9487179443,5.957799911499023,-2.130395261509184,49106889103.37723,36270481.583032854,37809199.5317508,35965959.86390725,49107193664.34666,40752892.54995493,0.18763950867547774,1770935190.175749,1770935190.175749
6.892607216852023,31,3,48969927420.70305,31339408.47805123,31644079.43873737,48970232136.830826,33182797.387455318,38224183.92558959,-96.05789947509766,-89.33699798583984,0.4228000044822693,-0.6108999848365784,[0. 0. 0.],[0. 0. 0. 1.],8.413408825323614,-1.5006089901185362,"(31, 3)",304716.23347473145,304670.91095753387,-48932007952.80193,1538717.948717948,6.912799835205078,-1.5006089901185362,48969927420.68492,31644079.33944311,33182797.288161058,31339408.428485576,48970232136.918396,38224184.11646134,0.18359858582204658,1770935190.2385051,1770935190.2385051
4.933138752336679,20,4,48068902901.534515,10690677.798703386,10994592.25598923,48069206849.683945,12533310.204707177,11012238.208167214,-90.42379760742188,-90.88700103759766,-2.8032000064849854,2.5546000003814697,[0. 0. 0.],[0. 0. 0. 1.],5.9957967768636635,-1.0042968760457924,"(20, 4)",303948.31730651855,303914.231520433,-48058194611.4558,1538717.948717948,4.991499900817871,-1.0042968760457924,48068902901.45418,10994592.15995593,12533310.108673878,10690677.928435497,48069206849.771484,11012238.315680088,0.18339489517610738,1770935190.2840793,1770935190.2840793
4.346960564660459,21,4,49337540834.43635,6440447.226925735,6744656.358553331,49337845072.41795,8283374.30727128,2538661.360411543,-84.00869750976562,-83.5708999633789,0.5037999749183655,-1.0849000215530396,[0. 0. 0.],[0. 0. 0. 1.],6.075795992695039,-1.5161961162912307,"(21, 4)",304238.8759460449,304208.6557241585,-49335306411.304276,1538717.948717949,4.559599876403809,-1.5161961162912307,49337540834.146454,6744656.262520032,8283374.211237981,6440447.6067958735,49337845073.0224,2538661.7181239985,0.19875741415252487,1770935190.3400626,1770935190.3400626
4.225451139029265,30,4,49319883558.65853,55047479.36656235,55353133.922655895,49320189243.13029,56891851.87137384,52099251.77983166,-95.3750991821289,-98.2959976196289,-0.4860999882221222,0.598800003528595,[0. 0. 0.],[0. 0. 0. 1.],5.940327473034791,-1.683527298321656,"(30, 4)",305684.61100769043,305654.5003255233,-49268089991.423096,1538717.9487179443,4.256800174713135,-1.683527298321656,49319883558.505424,55353133.8266226,56891851.77534054,55047479.326297075,49320189243.11643,52099251.69333433,0.18732946790388555,1770935190.388723,1770935190.388723
4.705734614508638,31,4,49164922637.0492,32421357.334088277,32726002.512399483,49165227314.00409,34264720.46111743,31570136.405984968,-83.12879943847656,-82.51429748535156,-1.0485999584197998,1.3717999458312988,[0. 0. 0.],[0. 0. 0. 1.],6.018622700489663,-1.2278226058851711,"(31, 4)",304677.1240234375,304644.7597405836,-49133657177.49895,1538717.948717948,4.790800094604492,-1.2278226058851711,49164922637.031075,32726002.416366186,34264720.365084134,32421357.656625602,49165227314.1551,31570136.656149838,0.1851888396666972,1770935190.4392374,1770935190.4392374
2.213214024903737,20,5,48271897693.20117,21006072.74727944,21310802.42042672,48272202438.8281,22849520.369144667,12358598.65538136,-88.10009765625,-89.0447998046875,-4.624899864196777,3.88919997215271,[0. 0. 0.],[0. 0. 0. 1.],3.059692769990478,-0.6854926643233639,"(20, 5)",304745.89030456543,304728.8004557304,-48259843839.86188,1538717.948717948,2.3742001056671143,-0.6854926643233639,48271897693.120834,21310802.095853366,22849520.044571314,21006073.295397636,48272202439.01114,12358599.149263822,0.18525487619380301,1770935190.4815164,1770935190.4815164
1.77814887559419,21,5,49538535642.12865,14756392.389514076,15061555.625554921,49538840817.551025,16600273.574272871,1885178.1408450992,-81.68730163574219,-82.26899719238281,-1.2610000371932983,0.5662000179290771,[0. 0. 0.],[0. 0. 0. 1.],2.7001653466200923,-0.702165320870886,"(21, 5)",305176.17250061035,305162.510016026,-49536955639.36604,1538717.94871795,1.9980000257492063,-0.702165320870886,49538535641.83875,15061555.30098157,16600273.24969952,14756392.790965544,49538840818.01125,1885178.6452073317,0.1561072754482209,1770935190.5410423,1770935190.5410423
1.7453273298061085,30,5,49534877965.70981,10146299.23393453,10450529.984529281,49535182208.6708,11989247.93324723,65442980.7514394,-80.30110168457031,-80.52529907226562,-2.1410999298095703,2.117799997329712,[0. 0. 0.],[0. 0. 0. 1.],3.307452451537286,-1.4823525064689262,"(30, 5)",304243.0701675415,304230.2840795275,-49469739227.70114,1538717.948717948,1.8250999450683596,-1.4823525064689262,49534877965.5567,10450529.65995593,11989247.608673878,10146299.375876402,49535182208.62687,65442980.92573117,0.07051299198016389,1770935190.603665,1770935190.603665
1.6798885924473923,31,5,49395917316.53638,3520098.848158977,3826098.894785691,49396223328.63705,5364816.84350364,60916922.623714395,-81.95500183105469,-81.39649963378906,-3.3378000259399414,3.2018001079559326,[0. 0. 0.],[0. 0. 0. 1.],2.987940860432817,-1.2076408392612472,"(31, 5)",306012.0724334717,305999.270708133,-49335306405.623314,1538717.9487179485,1.7803000211715698,-1.2076408392612472,49395917316.51825,3826098.5702123395,5364816.518930288,3520099.2995042065,49396223328.59068,60916922.9673728,0.14101249944535513,1770935190.6644068,1770935190.6644068
3.213504276749401,20,11,48495892308.585785,40196133.566324905,40501603.455934696,48496197800.305855,42040321.40465265,34704725.32698255,-83.07830047607422,-82.56230163574219,-2.0292999744415283,1.1567000150680542,[0. 0. 0.],[0. 0. 0. 1.],7.238867807619097,-3.921967792741777,"(20, 11)",305492.0372619629,305469.5168519616,-48461493074.98181,1538717.9487179518,3.31690001487732,-3.921967792741777,48495892308.50545,40501603.377904646,42040321.3266226,40196133.861052684,48496197800.54271,34704725.56089743,0.18523497220217847,1770935190.7105045,1770935190.7105045
3.59268165296438,21,11,49865527204.62864,2511613.1734611946,2817332.6226013605,49865832947.54975,4356050.571319309,60011662.96745928,-91.71399688720705,-91.6073989868164,1.6028000116348269,-1.5255000591278076,[0. 0. 0.],[0. 0. 0. 1.],6.76620379035099,-3.0549038941107565,"(21, 11)",305743.53340148926,305719.3227914665,-49805821284.85194,1538717.948717949,3.7112998962402335,-3.0549038941107565,49865527204.338745,2817332.544571314,4356050.493289263,2511613.2217798475,49865832947.87215,60011663.02020733,0.18366768916705906,1770935190.870705,1770935190.870705
2.250260884123989,20,1,49088876747.68833,22734934.250555888,23041555.380123097,49089183384.79536,24580273.328841045,22742620.387000307,-90.01679992675781,-89.62339782714844,-3.1496999263763428,2.916899919509888,[0. 0. 0.],[0. 0. 0. 1.],5.378421035517765,-3.0623211533919106,"(20, 1)",306637.33849334717,306620.9215995595,-49066440764.40988,1538717.948717948,2.3160998821258545,-3.0623211533919106,49088876747.607994,23041555.30098157,24580273.249699518,22734934.37938201,49089183384.94649,22742620.536608573,0.18363176277632648,1770935191.3042827,1770935191.3042827
2.607559094656227,21,1,50358514472.256836,19487656.799848046,19795962.43140515,50358822795.3243,21334680.380123097,15270231.396776732,-82.78459930419922,-82.4801025390625,0.0130000002682209,-0.3165999948978424,[0. 0. 0.],[0. 0. 0. 1.],5.464760744195486,-2.6805607911162617,"(21, 1)",308323.84941101074,308305.2884615399,-50343552564.19576,1538717.948717948,2.784199953079224,-2.6805607911162617,50358514471.96694,19795962.352263622,21334680.30098157,19487657.063802082,50358822795.81635,15270231.620592948,0.18051426009780747,1770935191.3610306,1770935191.3610306
2.892805424983599,30,1,50354856603.530304,14876614.693102196,15180409.546789765,50355160417.991356,16719127.495507713,11607855.423451468,-84.04620361328125,-83.5261001586914,-1.062600016593933,0.7906000018119812,[0. 0. 0.],[0. 0. 0. 1.],5.318561597208403,-2.2702615693611126,"(30, 1)",303815.0415649414,303794.4148137029,-50343552562.66205,1538717.948717948,3.04830002784729,-2.2702615693611126,50354856603.3772,15180409.467648238,16719127.416366186,14876615.052834535,50355160418.41876,11607855.756710738,0.1987217871214951,1770935191.4237943,1770935191.4237943
2.8347819527125724,31,1,50217897805.318405,10251458.241657563,10556250.892943611,50218202617.43891,12094968.84166156,9082876.636176141,-87.61199951171875,-87.33560180664062,-2.358999967575073,1.843000054359436,[0. 0. 0.],[0. 0. 0. 1.],5.403218332373771,-2.486418310248527,"(31, 1)",304812.3403701782,304792.3083183095,-50209119740.72508,1538717.948717948,2.916800022125244,-2.486418310248527,50217897805.30028,10556250.813802084,12094968.762520032,10251458.505483774,50218202617.64065,9082876.915564904,0.18825121313101506,1770935191.4864218,1770935191.4864218
4.610697806180029,20,2,49319870826.21397,46208784.89341118,46513125.90031741,49320175200.18245,48051843.84903535,52085211.27115214,-85.65260314941406,-84.9738998413086,-7.541800022125244,7.131999969482422,[0. 0. 0.],[0. 0. 0. 1.],5.780256972993651,-1.0342571599138166,"(20, 2)",304374.42095184326,304340.5542618185,-49268089988.90344,1538717.9487179443,4.745999813079834,-1.0342571599138166,49319870826.13363,46513125.813802086,48051843.76252003,46208785.25954027,49320175200.55458,52085211.65114183,0.19805602323971755,1770935191.5351572,1770935191.5351572
4.107845487021536,21,2,50572508951.42349,25962431.632635124,26266683.592625096,50572813232.09147,27805401.54134305,27611443.770554643,-90.1143035888672,-91.80999755859376,-3.7978999614715576,3.899399995803833,[0. 0. 0.],[0. 0. 0. 1.],6.2983455293594135,-2.059445344728066,"(21, 2)",304281.2719116211,304251.7402844541,-50545201788.579765,1538717.9487179518,4.238900184631348,-2.059445344728066,50572508951.1336,26266683.506109774,27805401.454827726,25962431.76582532,50572813232.40551,27611443.825746194,0.1834126735758729,1770935191.5750792,1770935191.5750792
5.0448110345466,31,2,50599888726.792755,50287845.767838396,50593855.06698407,50600194771.5919,52132573.015702024,54992985.94555403,-90.8302993774414,-90.1957015991211,-6.308700084686279,6.053500175476074,[0. 0. 0.],[0. 0. 0. 1.],5.909298044654857,-0.8304978432388417,"(31, 2)",306044.8592758179,306009.1145833358,-50545201785.55931,1538717.9487179518,5.078800201416016,-0.8304978432388417,50599888726.77463,50593854.98046875,52132572.9291867,50287845.865885414,50600194771.6339,54992986.07459435,0.1834004296604169,1770935191.8708158,1770935191.8708158
6.601008427270292,20,3,49741860000.89345,62716805.357596286,63021923.99001942,49742165163.70803,64560641.93873737,3560292.5783260404,-90.6072006225586,-90.30039978027344,-0.5335999727249146,0.2196999937295913,[0. 0. 0.],[0. 0. 0. 1.],8.333480663273496,-1.6702807616926858,"(20, 3)",305163.01081848145,305118.408203125,-49738604871.10558,1538717.9487179518,6.6631999015808105,-1.6702807616926858,49741860000.81311,63021923.89072516,64560641.83944311,62716805.48252203,49742165163.82393,3560292.718349359,0.1834055532010192,1770935191.9616838,1770935191.9616838
5.922815970507429,21,3,51022497332.83374,3254964.046349936,3560337.451557883,51022802744.988655,5099055.400275831,7086074.418032125,-84.6050033569336,-84.4677963256836,2.583400011062622,-2.8870999813079834,[0. 0. 0.],[0. 0. 0. 1.],8.658882207513464,-2.515482015252722,"(21, 3)",305413.08280944824,305372.9091546475,-51015716670.8132,1538717.948717948,6.143400192260742,-2.515482015252722,51022497332.543846,3560337.352263622,5099055.30098157,3254964.4431089745,51022802745.626656,7086074.813451522,0.20029323968674673,1770935192.0250494,1770935192.0250494
5.816167420008553,30,3,51019839271.79952,66859637.13715517,67166539.3746348,51020146212.320465,1488847.0669424983,4429542.999914531,-88.27249908447266,-87.96320343017578,1.5068000555038452,-2.189500093460083,[0. 0. 0.],[0. 0. 0. 1.],8.088195173008208,-2.143894998295073,"(30, 3)",306941.0118637085,306901.88676882535,-51015716669.389046,-65677692.307692304,5.944300174713135,-2.143894998295073,51019839271.646416,67166539.27534054,1488846.9676482372,66859637.38857172,51020146212.65828,4429543.269230769,0.18626029770882171,1770935192.090823,1770935192.090823
6.375403588186796,31,3,50900881571.34403,13018637.40699905,13325329.43873737,50901188305.72537,14864047.38745532,19904458.592534684,-97.44239807128906,-98.43579864501952,0.6723999977111816,-0.8819000124931335,[0. 0. 0.],[0. 0. 0. 1.],8.413408825323614,-2.0623088573670714,"(31, 3)",306734.21224212646,306692.0040815305,-50881283847.02953,1538717.94871795,6.351099967956543,-2.0623088573670714,50900881571.325905,13325329.339443108,14864047.288161058,13018637.335361578,50901188305.53815,19904458.50861378,0.18813476963128675,1770935192.169342,1770935192.169342
4.934208784231378,20,4,49999853390.31651,59576577.59068246,59880361.486758456,50000157207.886826,61419079.43547641,59903109.10641403,-90.28179931640624,-90.65769958496094,-2.407399892807007,2.2732999324798584,[0. 0. 0.],[0. 0. 0. 1.],5.9957967768636635,-1.0005966196981362,"(20, 4)",303817.7490234375,303783.66323617846,-49940254098.76044,1538717.9487179518,4.995200157165527,-1.0005966196981362,49999853390.236176,59880361.39072516,61419079.33944311,59576577.72748898,50000157207.9852,59903109.224759616,0.18340389320302025,1770935192.2145631,1770935192.2145631
4.303731064428455,21,4,51252491395.33374,39332458.12738316,39637060.204707175,51252796026.003334,41175778.15342513,35430127.922841944,-84.14250183105469,-83.91670227050781,0.2300000041723251,-1.0262999534606934,[0. 0. 0.],[0. 0. 0. 1.],6.075795992695039,-1.5559958065378128,"(21, 4)",304631.58240509033,304601.5969300866,-51217365898.327225,1538717.9487179518,4.519800186157227,-1.5559958065378128,51252491395.043846,39637060.10867388,41175778.05739183,39332458.51174379,51252796026.62625,35430128.29902845,0.1998593678847476,1770935192.2550669,1770935192.2550669
4.923292844031979,30,4,51235833638.7867,21720668.666046232,22026186.80727128,51236139189.90563,23564904.755989227,18773293.09085961,-95.07479858398438,-97.17630004882812,-0.6984000205993652,0.2989000082015991,[0. 0. 0.],[0. 0. 0. 1.],5.940327473034791,-0.9825275615357674,"(30, 4)",305551.27265930176,305518.07892628387,-51217365896.88742,1538717.948717948,4.957799911499023,-0.9825275615357674,51235833638.63359,22026186.711237982,23564904.65995593,21720668.632311698,51236139189.90625,18773293.018830128,0.186914845527569,1770935192.3047118,1770935192.3047118
4.647898040009474,31,4,51098876875.83121,17096644.756304067,17401723.666245636,51099181986.19125,18940441.614963587,16248911.454653684,-82.6332015991211,-83.47339630126953,-1.2599999904632568,1.5348000526428225,[0. 0. 0.],[0. 0. 0. 1.],6.018622700489663,-1.278922859944009,"(31, 4)",305110.6301345825,305078.5475510806,-51082933074.63745,1538717.9487179518,4.739699840545654,-1.278922859944009,51098876875.81308,17401723.570212338,18940441.51893029,17096645.022661258,51099181986.443214,16248911.805764223,0.18988335797509379,1770935192.367431,1770935192.367431
2.1938026243613624,20,5,50196848342.239586,63889014.63696836,64193150.176836975,50197152493.61686,65731868.12555493,55249166.34295829,-88.01640319824219,-88.4623031616211,-4.339900016784668,4.054900169372559,[0. 0. 0.],[0. 0. 0. 1.],3.059692769990478,-0.6991926727156978,"(20, 5)",304151.6739273071,304134.6623347327,-50141903326.96306,1538717.9487179518,2.3605000972747803,-0.6991926727156978,50196848342.15925,64193149.85226362,65731867.800981574,63889015.18992889,50197152493.833176,55249166.87011719,0.1859585015416232,1770935192.4119513,1770935192.4119513
1.8010013217539282,21,5,51466485874.5004,60644946.30049694,60949904.98452928,51466790845.4238,62488622.93324723,47775718.33336629,-82.71389770507812,-82.70800018310547,-1.4081000089645386,0.8343999981880188,[0. 0. 0.],[0. 0. 0. 1.],2.7001653466200923,-0.6450653824782466,"(21, 5)",304971.7360305786,304957.79184194654,-51419015127.046295,1538717.9487179518,2.0550999641418457,-0.6450653824782466,51466485874.2105,60949904.659955926,62488622.60867388,60644946.86811398,51466790845.94653,47775718.900240384,0.18271208204378703,1770935192.469177,1770935192.469177
1.7299292433362325,30,5,51463827701.28669,57032412.021670535,57336643.76658057,51464131945.15162,58875361.71529851,45116819.85900841,-80.3655014038086,-80.88919830322266,-2.1726999282836914,2.145699977874756,[0. 0. 0.],[0. 0. 0. 1.],3.307452451537286,-1.4865524881583794,"(30, 5)",304244.0404663086,304231.2700320557,-51419015125.07439,1538717.9487179443,1.8208999633789065,-1.4865524881583794,51463827701.13358,57336643.442007214,58875361.39072516,57032412.17197516,51464131945.17405,45116820.09965946,0.07952894206585231,1770935192.5326889,1770935192.5326889
1.6990814338799,31,5,51325871491.21581,51408600.201492146,51714400.176836975,51326177303.35718,53253118.12555493,41594999.829741545,-81.86239624023438,-82.23480224609375,-3.090100049972534,3.379699945449829,[0. 0. 0.],[0. 0. 0. 1.],2.987940860432817,-1.167740894002153,"(31, 5)",305812.2683792114,305799.216245994,-51284582303.13741,1538717.9487179518,1.820199966430664,-1.167740894002153,51325871491.197685,51714399.85226362,53253117.800981574,51408600.63601763,51326177303.466064,41595000.32865084,0.15953368236531115,1770935192.5944228,1770935192.5944228
3.215553040600167,20,11,50424842861.47035,19867799.240623858,20173230.058498796,50425148314.16648,21711948.007216744,14379341.923907723,-82.84639739990234,-82.62460327148438,-1.89520001411438,1.2115999460220337,[0. 0. 0.],[0. 0. 0. 1.],7.238867807619097,-3.92236785911751,"(20, 11)",305453.02171325684,305430.470002003,-50410768972.245514,1538717.948717948,3.316499948501587,-3.92236785911751,50424842861.390015,20173229.98046875,21711947.929186698,19867799.510466747,50425148314.41173,14379342.166215945,0.1833079789008455,1770935192.640125,1770935192.640125
3.6398537170244922,21,11,51679480377.70552,1624586.4966067004,1930537.7508064888,51679786352.72432,3469255.6995244375,59121991.109439656,-91.42179870605467,-92.18789672851562,1.5338000059127808,-1.8625999689102173,[0. 0. 0.],[0. 0. 0. 1.],6.76620379035099,-3.0093037182532125,"(21, 11)",305975.6078491211,305951.11553485575,-51620664361.88453,1538717.9487179487,3.7569000720977774,-3.0093037182532125,51679480377.41563,1930537.6727764423,3469255.621494391,1624586.5572415865,51679786353.023476,59121991.138947316,0.18373224191865148,1770935192.6820788,1770935192.6820788
2.225026417267729,20,1,50904907140.3165,23916581.704176042,24221619.4826872,50905212193.88049,25760337.43140515,23928352.45520317,-89.81710052490234,-88.61609649658203,-3.167399883270264,3.0118000507354736,[0. 0. 0.],[0. 0. 0. 1.],5.378421035517765,-3.0775210530653725,"(20, 1)",305053.85178375244,305037.56009615585,-50881283841.42681,1538717.948717948,2.3008999824523926,-3.0775210530653725,50904907140.23616,24221619.403545674,25760337.352263622,23916581.843449518,50905212194.087944,23928352.661132812,0.18422554132323282,1770935193.1206884,1770935193.1206884
2.616779827889688,21,1,52159467989.884995,5598131.766596669,5906018.521148739,52159775894.12755,7444736.469866687,1380253.2300436846,-83.38240051269531,-81.98380279541016,-0.0138999996706843,-0.4916999936103821,[0. 0. 0.],[0. 0. 0. 1.],5.464760744195486,-2.674560749154592,"(21, 1)",307904.9447860718,307886.3525390625,-52158395641.16574,1538717.948717948,2.7901999950408936,-2.674560749154592,52159467989.5951,5906018.442007212,7444736.39072516,5598132.0894681495,52159775894.53989,1380253.3741486378,0.1804400897769833,1770935193.1621401,1770935193.1621401
2.9329545752322908,30,1,52142810025.00462,55201600.49671317,55505337.43140515,52143113781.78674,57044055.3801231,51934552.41135544,-84.09970092773438,-83.2322998046875,-1.0533000230789185,0.9200999736785888,[0. 0. 0.],[0. 0. 0. 1.],5.318561597208403,-2.23326162848892,"(30, 1)",303757.3398666382,303736.49401542544,-52091179229.46953,1538717.9487179518,3.0852999687194824,-2.23326162848892,52142810024.85152,55505337.35226362,57044055.300981574,55201600.8582482,52143113782.19138,51934552.72185497,0.19778958721130008,1770935193.2116504,1770935193.2116504
2.817599436965969,31,1,52005855353.39529,50578677.36687346,50882340.63653336,52006159036.05143,52421058.5852513,49412628.754212886,-88.36540222167969,-87.86959838867188,-2.2128000259399414,1.9306000471115112,[0. 0. 0.],[0. 0. 0. 1.],5.403218332373771,-2.514718357169303,"(31, 1)",303682.8456802368,303662.97012721,-51956746407.21956,1538717.9487179443,2.888499975204468,-2.514718357169303,52005855353.37716,50882340.55739183,52421058.506109774,50578677.58726462,52006159036.22284,49412629.003280245,0.18627259408321853,1770935193.2744117,1770935193.2744117
4.600606740197389,20,2,51104825081.02162,16306850.14534536,16612669.169548173,51105130932.9476,18151387.118266124,22197867.097615823,-85.14080047607422,-84.77030181884766,-7.645199775695801,7.02400016784668,[0. 0. 0.],[0. 0. 0. 1.],5.780256972993651,-1.042357192720213,"(20, 2)",305852.3794326782,305818.55969551206,-51082933065.842125,1538717.94871795,4.7378997802734375,-1.042357192720213,51104825080.941284,16612669.083032852,18151387.031750802,16306850.52333734,51105130933.32072,22197867.478590745,0.19936597032186584,1770935193.3193245,1770935193.3193245
4.112034209398666,21,2,52371462517.128586,10065356.04765533,10369191.605445608,52371766381.402,11907909.554163558,11721516.06414945,-91.12169647216795,-91.5780029296875,-4.068900108337402,4.2104997634887695,[0. 0. 0.],[0. 0. 0. 1.],6.2983455293594135,-2.061145746034218,"(21, 2)",303864.88694000244,303835.38661859,-52360044865.5967,1538717.94871795,4.237199783325195,-2.061145746034218,52371462516.83869,10369191.518930288,11907909.467648238,10065356.132311698,52371766381.72563,11721516.12893129,0.1835326136635127,1770935193.3741362,1770935193.3741362
4.316269935707027,30,2,52368804135.58154,6451501.108243565,6756306.9900609935,52369108971.781204,8295024.938778942,9064107.630814625,-86.31289672851562,-85.72480010986328,-5.570199966430664,4.9984002113342285,[0. 0. 0.],[0. 0. 0. 1.],5.370857095168491,-0.8978570455774264,"(30, 2)",304836.8013763428,304805.4543519635,-52360044864.235146,1538717.948717949,4.4730000495910645,-0.8978570455774264,52368804135.42844,6756306.903545673,8295024.852263622,6451501.4491937095,52369108972.22981,9064107.994666466,0.19471475237829436,1770935193.4376929,1770935193.4376929
5.072329446179976,31,2,52230850008.844,828628.4372309408,1132789.3618558655,52231154205.465935,2671507.310573814,5542163.534569108,-90.09639739990234,-91.14810180664062,-6.34689998626709,5.981800079345703,[0. 0. 0.],[0. 0. 0. 1.],5.909298044654857,-0.8043981613845936,"(31, 2)",304196.63648986816,304160.70400140213,-52225612041.84432,1538717.9487179487,5.104899883270264,-0.8043981613845936,52230850008.825874,1132789.2753405448,2671507.2240584935,828628.5713391426,52231154205.462364,5542163.618038862,0.18339543363400526,1770935193.4993763,1770935193.4993763
6.578203984683002,20,3,51328831058.58572,36493113.52442011,36799592.25925019,51329137581.382286,38338310.20796814,44555274.51168727,-90.84439849853516,-90.48509979248048,-0.8036999702453613,0.4422999918460846,[0. 0. 0.],[0. 0. 0. 1.],8.333480663273496,-1.696080512974424,"(20, 3)",306522.9836502075,306478.52188501507,-51284582306.84647,1538717.9487179518,6.637400150299072,-1.696080512974424,51328831058.50538,36799592.159955926,38338310.10867388,36493113.63807091,51329137581.48903,44555274.64255308,0.18339504441571516,1770935193.5438461,1770935193.5438461
5.919318901012286,21,3,52596456715.84653,31240960.810299143,31544912.772070702,52596760706.553734,33083630.72078865,35066600.16396342,-85.60359954833984,-84.87629699707031,2.2165000438690186,-3.026700019836426,[0. 0. 0.],[0. 0. 0. 1.],8.658882207513464,-2.52078206026615,"(21, 3)",303991.6366195679,303951.4786157869,-52561694106.632355,1538717.948717948,6.1381001472473145,-2.52078206026615,52596456715.55663,31544912.672776442,33083630.62149439,31240961.194160655,52596760707.19325,35066600.56089743,0.1983680133225685,1770935193.599089,1770935193.599089
5.832922506497109,30,3,52578798670.837944,12627621.834887432,12934552.195147628,52579105639.59655,14473270.143865576,17411534.394244526,-88.27839660644531,-88.3197021484375,1.298200011253357,-1.97160005569458,[0. 0. 0.],[0. 0. 0. 1.],8.088195173008208,-2.1302951257059615,"(30, 3)",306969.22888946533,306930.0098908264,-52561694105.2708,1538717.948717948,5.957900047302246,-2.1302951257059615,52578798670.68484,12934552.095853366,14473270.044571314,12627622.08596254,52579105639.91373,17411534.642928686,0.1858005148819496,1770935193.6476717,1770935193.6476717
6.872155735176303,31,3,52423845273.267075,57222074.78202081,57526972.0669425,52424150215.6099,59065690.01566044,64105339.768665925,-97.45860290527344,-89.22360229492188,0.4199999868869781,-0.7888000011444092,[0. 0. 0.],[0. 0. 0. 1.],8.413408825323614,-1.523508617804083,"(31, 3)",304942.4548034668,304897.2574869767,-52360044875.73793,1538717.9487179443,6.889900207519531,-1.523508617804083,52423845273.24895,57526971.96764824,59065689.91636618,57222074.71016126,52424150215.70375,64105339.96582031,0.18365141748769384,1770935193.6980867,1770935193.6980867
4.937642698888705,20,4,51528867308.58571,42608987.732854046,42913069.82009179,51529171424.432686,44451787.76880974,42939890.0678676,-90.37590026855467,-91.0469970703125,-2.588099956512451,2.3598999977111816,[0. 0. 0.],[0. 0. 0. 1.],5.9957967768636635,-1.0005966196981362,"(20, 4)",304116.00749206543,304081.8590995595,-51486231534.34484,1538717.9487179518,4.995200157165527,-1.0005966196981362,51528867308.50537,42913069.724058494,44451787.672776446,42608987.864958934,51529171424.51286,42939890.16801883,0.1833960782745893,1770935193.7394698,1770935193.7394698
4.3145826813773285,21,4,52779451996.295235,20316355.135358628,20622765.332912304,52779758435.12244,22161483.28163025,16415100.972405186,-84.65059661865234,-84.84950256347656,0.4413999915122986,-0.821399986743927,[0. 0. 0.],[0. 0. 0. 1.],6.075795992695039,-1.5413960064279495,"(21, 4)",306439.7567367554,306409.7086588554,-52763343334.39677,1538717.948717948,4.53439998626709,-1.5413960064279495,52779451996.00534,20622765.236879006,22161483.185596954,20316355.52822015,52779758435.76208,16415101.365309495,0.19992666022059755,1770935193.7821395,1770935193.7821395
4.752225553036949,30,4,52762793879.17127,2702657.8618579367,3006972.063681536,52763098226.2487,4545690.012399485,66971309.0513567,-95.69770050048828,-95.89659881591795,-0.3995000123977661,0.3454999923706054,[0. 0. 0.],[0. 0. 0. 1.],5.940327473034791,-1.15242750202649,"(30, 4)",304347.2524795532,304314.1526442305,-52696126917.27,1538717.948717949,4.787899971008301,-1.15242750202649,52762793879.018166,3006971.967648237,4545689.916366186,2702657.8150040065,52763098226.270645,66971309.00065104,0.18676612601536188,1770935193.831644,1770935193.831644
4.652766015225515,31,4,52625840641.85681,65296951.85429644,65601603.47393794,52626145324.95224,67140321.4226559,64451224.543350704,-83.06230163574219,-82.97489929199219,-1.6613999605178833,1.4333000183105469,[0. 0. 0.],[0. 0. 0. 1.],6.018622700489663,-1.273222748554848,"(31, 4)",304683.3214416504,304651.2075570896,-52561694100.30974,1538717.9487179443,4.745399951934815,-1.273222748554848,52625840641.838684,65601603.377904646,67140321.32662259,65296952.17034756,52626145325.160126,64451224.850385614,0.18960778903911063,1770935193.8944707,1770935193.8944707
2.1999229363546844,20,5,51724809207.62417,45865889.99083183,46169744.72811902,51725113078.229324,47708462.676836975,37232315.01106492,-88.45210266113281,-88.82630157470703,-4.260799884796143,3.8649001121521,[0. 0. 0.],[0. 0. 0. 1.],3.059692769990478,-0.6999928054671627,"(20, 5)",303870.88091278076,303853.8849659413,-51687880762.90742,1538717.9487179518,2.3596999645233154,-0.6999928054671627,51724809207.54383,46169744.40354567,47708462.35226362,45865890.51857973,51725113078.42474,37232315.517327726,0.18508022411753833,1770935193.9388003,1770935193.9388003
1.783710132922907,21,5,52992446499.50036,40626386.3019186,40931483.51017031,52992751608.89475,42470201.458888255,27759046.219921935,-82.21109771728516,-82.27200317382812,-1.1519999504089355,0.6937999725341797,[0. 0. 0.],[0. 0. 0. 1.],2.7001653466200923,-0.6824653897261714,"(21, 5)",305110.1449890137,305096.38859675825,-52964992562.63069,1538717.9487179443,2.017699956893921,-0.6824653897261714,52992446499.210464,40931483.18559696,42470201.1343149,40626386.7970002,52992751609.35545,27759046.724759616,0.1676378708880137,1770935193.9950423,1770935193.9950423
1.7460462557664833,30,5,52989787973.72255,37011953.7510585,37316820.04863185,52990092852.22409,38855537.9973498,25100290.908881307,-80.69339752197266,-80.36740112304688,-2.3366000652313232,1.830000042915344,[0. 0. 0.],[0. 0. 0. 1.],3.307452451537286,-1.476052414725457,"(30, 5)",304878.58699035645,304865.7696063742,-52964992561.096985,1538717.9487179518,1.8314000368118288,-1.476052414725457,52989787973.56944,37316819.724058494,38855537.672776446,37011953.95445212,52990092852.15643,25100291.059445113,0.07514336162731572,1770935194.0586746,1770935194.0586746
1.6864995099764633,31,5,52850835297.30553,30390063.56074885,30695770.369144667,52851141016.164635,32234488.317862615,20581276.583297558,-82.7582015991211,-82.85980224609375,-2.974600076675415,3.309900045394897,[0. 0. 0.],[0. 0. 0. 1.],2.987940860432817,-1.1466408497516647,"(31, 5)",305719.0723876953,305705.910707131,-52830559739.191315,1538717.948717948,1.8413000106811523,-1.1466408497516647,52850835297.2874,30695770.044571314,32234487.993289262,30390064.133864183,52851141016.35979,20581277.168469552,0.18514188419465336,1770935194.1209042,1770935194.1209042
3.257793190088036,20,11,51971803238.07288,20848334.7088069,21153911.148242384,51972108836.65401,22692629.096960336,15362428.420136329,-82.70040130615234,-82.9209976196289,-1.8235000371932983,1.0151000022888184,[0. 0. 0.],[0. 0. 0. 1.],7.238867807619097,-3.877367782823565,"(20, 11)",305598.9426803589,305576.1092748381,-51956746408.23681,1538717.9487179518,3.361500024795532,-3.877367782823565,51971803237.992546,21153911.070212338,22692629.01893029,20848334.9609375,51972108836.93523,15362428.698417468,0.18515595521319742,1770935194.1801066,1770935194.1801066
3.6222394209791,21,11,53238440153.34651,14609401.146065079,14915866.276447514,53238746642.132416,16454584.225165462,4888434.41067055,-92.42030334472656,-92.38990020751952,1.426699995994568,-1.7508000135421753,[0. 0. 0.],[0. 0. 0. 1.],6.76620379035099,-3.034003883048134,"(21, 11)",306489.3673629761,306465.03155048005,-53233858207.99139,1538717.948717948,3.732199907302856,-3.034003883048134,53238440153.05662,14915866.198417468,16454584.147135416,14609401.166866988,53238746642.42398,4888434.432592147,0.18410870319018402,1770935194.2410257,1770935194.2410257
2.2181521637242394,20,1,52445790730.06005,18817903.8208783,19126579.418584637,52446099421.421104,20665297.367302585,18838144.16102028,-89.54940032958984,-88.48069763183594,-3.2734999656677246,3.02209997177124,[0. 0. 0.],[0. 0. 0. 1.],5.378421035517765,-3.081120935191227,"(20, 1)",308691.6566467285,308675.3649589345,-52427261277.26161,1538717.948717948,2.297300100326538,-3.081120935191227,52445790729.97971,19126579.33944311,20665297.288161058,18817903.974484175,52446099421.63636,18838144.3747496,0.18449049497053535,1770935194.6600657,1770935194.6600657
2.6661908926732476,21,1,53714427877.705475,14580591.957546126,14887781.34166156,53714735084.904144,16426499.290379507,10362008.093588898,-83.1449966430664,-82.51740264892578,-0.2449000030755996,-0.0529999993741512,[0. 0. 0.],[0. 0. 0. 1.],5.464760744195486,-2.6154608365111596,"(21, 1)",307207.9859008789,307189.002403846,-53704373077.07879,1538717.948717948,2.849299907684326,-2.6154608365111596,53714427877.41558,14887781.262520032,16426499.21123798,14580592.260116186,53714735085.40148,10362008.322691306,0.18540497730834216,1770935194.7170744,1770935194.7170744
2.919895236146299,30,1,53711769167.63279,10965321.2253791,11269415.957046175,53712073282.174545,12808133.905764123,7700206.895746397,-83.16780090332031,-83.6666030883789,-1.3392000198364258,1.103600025177002,[0. 0. 0.],[0. 0. 0. 1.],5.318561597208403,-2.2500615552467327,"(30, 1)",304115.13108825684,304094.3478315305,-53704373075.37294,1538717.948717948,3.06850004196167,-2.2500615552467327,53711769167.47968,11269415.877904648,12808133.826622596,10965321.530073117,53712073282.61077,7700207.237830529,0.19552704631295123,1770935194.7806833,1770935194.7806833
2.8182041397638056,31,1,53574818125.83115,6344358.058040259,6649247.687815405,53575123034.8538,8187965.636533354,5182781.402773868,-88.78209686279297,-88.37740325927734,-2.425100088119507,2.1791999340057373,[0. 0. 0.],[0. 0. 0. 1.],5.403218332373771,-2.522118393027458,"(31, 1)",304909.18282318115,304889.354216747,-53569940253.37337,1538717.948717949,2.881099939346313,-2.522118393027458,53574818125.81302,6649247.608673878,8187965.557391827,6344358.254457131,53575123034.99584,5182781.6224709535,0.18519796954496723,1770935194.8458855,1770935194.8458855
4.618302353664254,20,2,52682784664.35491,48277386.816268176,48583903.14390715,52683091213.71367,50122621.0926251,54180711.997587375,-85.12370300292969,-85.2261962890625,-7.152500152587891,6.707300186157227,[0. 0. 0.],[0. 0. 0. 1.],5.780256972993651,-1.0252568585527326,"(20, 2)",306549.80782318115,306515.86288060993,-52628910501.70822,1538717.9487179443,4.755000114440918,-1.0252568585527326,52682784664.274574,48583903.05739183,50122621.006109774,48277387.19451122,52683091214.0824,54180712.37417368,0.198567867114726,1770935194.8916907,1770935194.8916907
4.1174933841835575,21,2,53949421812.000336,42040558.32785601,42345265.32339433,53949726547.75159,43883983.27211228,43704246.516342804,-90.52760314941406,-90.98809814453124,-4.035399913787842,3.830499887466431,[0. 0. 0.],[0. 0. 0. 1.],6.2983455293594135,-2.0475453966079487,"(21, 2)",304736.3907241821,304706.79649940133,-53906022301.494095,1538717.9487179518,4.250800132751465,-2.0475453966079487,53949421811.71044,42345265.236879006,43883983.18559696,42040558.440379605,53949726548.101166,43704246.60707131,0.18339898887213232,1770935194.9520009,1770935194.9520009
4.333197095010506,30,2,53930763470.5174,22425233.905516732,22729399.938778944,53931067666.956635,24268117.887496892,25045366.799295887,-85.84049987792969,-85.64720153808594,-4.910799980163574,4.590400218963623,[0. 0. 0.],[0. 0. 0. 1.],5.370857095168491,-0.8777569288476901,"(30, 2)",304197.0433959961,304165.58681390435,-53906022300.2421,1538717.948717948,4.493100166320801,-0.8777569288476901,53930763470.364296,22729399.852263622,24268117.80098157,22425234.265449718,53931067667.40769,25045367.165589944,0.19602096172804548,1770935194.999727,1770935194.999727
5.068865138958348,31,2,53775813197.946526,67021072.29553275,111122.69518919883,53776119694.29076,1649840.6439071477,4530216.461989537,-89.99939727783203,-90.0875015258789,-6.344099998474121,6.075900077819824,[0. 0. 0.],[0. 0. 0. 1.],5.909298044654857,-0.7993980469436757,"(31, 2)",306496.4098815918,-66909949.82597155,-53771589477.74172,1538717.9487179487,5.109899997711182,-0.7993980469436757,53775813197.9284,111122.6086738782,1649840.557391827,67021072.43464543,53776119694.33828,4530216.596554487,0.18351393859469273,1770935195.0498888,1770935195.0498888
6.648814968895872,20,3,52880779592.239525,42463323.24616677,42769616.29771173,52881085929.76161,44308334.246429674,50526186.68060963,-90.7500991821289,-90.29730224609376,-0.3091000020503998,0.3808999955654144,[0. 0. 0.],[0. 0. 0. 1.],8.333480663273496,-1.6234806251265237,"(20, 3)",306337.7184753418,306292.83415965736,-52830559743.05688,1538717.9487179443,6.710000038146973,-1.6234806251265237,52880779592.15919,42769616.19841747,44308334.147135414,42463323.36425781,52881085929.87766,50526186.820788264,0.1833991244881814,1770935195.091172,1770935195.091172
5.934230946025301,21,3,54148416683.795204,37227476.394845024,37531795.78489122,54148721041.98286,39070513.73360916,41049499.4609347,-84.98580169677734,-85.081298828125,2.3134000301361084,-2.9382998943328857,[0. 0. 0.],[0. 0. 0. 1.],8.658882207513464,-2.504282064080847,"(21, 3)",304359.1152114868,304318.8946063742,-54107671542.7645,1538717.9487179443,6.154600143432617,-2.504282064080847,54148416683.50531,37531795.68559696,39070513.6343149,37227476.79099058,54148721042.62052,41049499.85601963,0.19909283925718282,1770935195.1510553,1770935195.1510553
5.832741396857623,30,3,54129758286.22253,17612218.924447637,17919199.631045062,54130065305.32305,19457917.57976301,22393764.207688093,-88.00530242919922,-87.14450073242188,1.1725000143051147,-1.9947999715805051,[0. 0. 0.],[0. 0. 0. 1.],8.088195173008208,-2.1180952470133345,"(30, 3)",307019.6376724243,306980.34041967243,-54107671541.18385,1538717.948717948,5.970099925994873,-2.1180952470133345,54129758286.06942,17919199.531750802,19457917.48046875,17612219.19133113,54130065305.70709,22393764.52323718,0.18796418948927462,1770935195.198742,1770935195.198742
6.282301873892591,31,3,53974808478.39524,62208612.04163064,62513726.8746348,53975113635.57201,64052444.823352754,1874919.7430859446,-94.36009979248048,-101.05809783935548,0.3659999966621399,-0.8065000176429749,[0. 0. 0.],[0. 0. 0. 1.],8.413408825323614,-2.149808952734503,"(31, 3)",305156.98554992676,305114.74609375,-53973238715.72562,1538717.9487179518,6.263599872589111,-2.149808952734503,53974808478.37711,62513726.77534054,64052444.724058494,62208612.02924679,53975113635.36266,1874919.6370442708,0.1872850442757229,1770935195.24863,1770935195.24863
4.9404544737101554,20,4,53079774496.08567,47534605.37154202,47838526.55086102,53080078451.01524,49377244.49957897,47869480.612176836,-90.26010131835938,-90.96630096435548,-2.7427000999450684,2.6858999729156494,[0. 0. 0.],[0. 0. 0. 1.],5.9957967768636635,-0.9962969790426186,"(20, 4)",303955.0937805176,303920.9453876242,-53032208970.383095,1538717.9487179443,4.999499797821045,-0.9962969790426186,53079774496.00533,47838526.454827726,49377244.40354567,47534605.5094401,53080078451.09911,47869480.716020636,0.18339522520092544,1770935195.2910485,1770935195.2910485
4.315157341574691,21,4,54346411579.62853,41299244.03714356,41604079.43547641,54346716443.67049,43142797.38419435,37395673.67000244,-83.98380279541016,-83.40270233154297,0.8158000111579895,-0.8827999830245972,[0. 0. 0.],[0. 0. 0. 1.],6.075795992695039,-1.5498961056100784,"(21, 4)",304864.9245071411,304834.9233774021,-54309320770.24722,1538717.9487179443,4.525899887084961,-1.5498961056100784,54346411579.33864,41604079.33944311,43142797.288161054,41299244.41606571,54346716444.263145,37395674.01592548,0.19808743480782662,1770935195.3490386,1770935195.3490386
4.80198883000234,30,4,54343752717.31226,37683215.78963878,37987156.35855333,54344056691.03489,39525874.30727128,34735927.41767889,-94.4727020263672,-96.34919738769533,-0.6481999754905701,0.2234999984502792,[0. 0. 0.],[0. 0. 0. 1.],5.940327473034791,-1.0997274593018806,"(30, 4)",303973.8894729614,303940.49228765815,-54309320763.68986,1538717.9487179518,4.84060001373291,-1.0997274593018806,54343752717.15916,37987156.26252003,39525874.21123798,37683215.77023237,54344056691.04863,34735927.358774036,0.186398884431398,1770935195.412715,1770935195.412715
4.611181444293746,31,4,54206803133.843956,33063069.03771358,33368246.10214307,54207108342.116714,34906964.05086102,32220395.60096558,-83.01020050048828,-83.2030029296875,-2.0181000232696533,1.666100025177002,[0. 0. 0.],[0. 0. 0. 1.],6.018622700489663,-1.3122227828871242,"(31, 4)",305208.52113342285,305176.657652244,-54174887946.416595,1538717.9487179518,4.706399917602539,-1.3122227828871242,54206803133.82583,33368246.006109774,34906963.954827726,33063069.34845753,54207108342.34696,32220395.93036358,0.1911831653174254,1770935195.47531,1770935195.47531
2.2249468864743154,20,5,53304768734.86772,12624794.940108117,12928807.228119023,53305072763.17884,14467525.176836973,3998153.7441689344,-87.88030242919922,-88.83519744873047,-4.547599792480469,3.8006999492645264,[0. 0. 0.],[0. 0. 0. 1.],3.059692769990478,-0.6700927314620357,"(20, 5)",304028.5863647461,304011.4026191905,-53301074609.123825,1538717.94871795,2.3896000385284424,-0.6700927314620357,53304768734.787384,12928806.903545672,14467524.852263622,12624795.500926482,53305072763.37375,3998154.24992488,0.18572404134615017,1770935195.520909,1770935195.520909
1.7881767454292912,21,5,54575405674.17981,10389893.16570278,10694985.112734409,54575710778.30555,12233703.061452357,64740779.54552354,-81.59140014648438,-83.08300018310547,-1.1929999589920044,1.0113999843597412,[0. 0. 0.],[0. 0. 0. 1.],2.7001653466200923,-0.6792653355574703,"(21, 5)",305104.98046875,305091.2397335749,-54510969998.71589,1538717.948717948,2.020900011062622,-0.6792653355574703,54575405673.889915,10694984.788161058,12233702.736879006,10389893.548427483,54575710778.870384,64740780.1544972,0.16885469020964386,1770935195.578099,1770935195.578099
1.7664851922132485,30,5,54571746779.812256,5773500.149815527,6077789.599913897,54572051081.5862,7616507.548631846,61081084.29533678,-80.26940155029297,-80.16419982910156,-2.2081000804901123,1.944599986076355,[0. 0. 0.],[0. 0. 0. 1.],3.307452451537286,-1.4688524120551691,"(30, 5)",304301.8360671997,304288.987379808,-54510969997.07264,1538717.948717949,1.8386000394821167,-1.4688524120551691,54571746779.65915,6077789.275340545,7616507.224058494,5773500.287960737,54572051081.49522,61081084.42257612,0.06576347579686709,1770935195.6406822,1770935195.6406822
1.6945632997583238,31,5,54432797773.26703,66370003.80252089,66674424.21529851,54433102205.824326,996731.9076062043,56565030.56468415,-82.56590270996094,-81.79720306396484,-3.291199922561645,3.275399923324585,[0. 0. 0.],[0. 0. 0. 1.],2.987940860432817,-1.1666408306781781,"(31, 5)",304432.60779571533,304419.5400140211,-54376537174.86962,-65677692.307692304,1.821300029754639,-1.1666408306781781,54432797773.2489,66674423.89072516,996731.5830328525,66370004.35071114,54433102205.8567,56565030.98707933,0.16460123791508263,1770935195.7014065,1770935195.7014065
3.2309846031399774,20,11,53531763278.13695,34828522.93135273,35134055.37901162,53532068832.50383,36672773.32772957,29344988.153454747,-83.1281967163086,-83.09960174560547,-1.5469000339508057,1.274899959564209,[0. 0. 0.],[0. 0. 0. 1.],7.238867807619097,-3.8942678453846,"(20, 11)",305554.7469711304,305532.0700621009,-53502723844.35331,1538717.9487179443,3.344599962234497,-3.8942678453846,53531763278.05661,35134055.300981574,36672773.24969952,34828523.23091947,53532068832.80358,29344988.450270433,0.19132579129555055,1770935195.7470121,1770935195.7470121
3.6396105325748853,21,11,54801399840.84647,31594136.726412825,31900169.1610629,54801705897.059525,33438887.109780848,21870253.47168455,-91.7052993774414,-91.83660125732422,1.44159996509552,-1.5300999879837036,[0. 0. 0.],[0. 0. 0. 1.],6.76620379035099,-3.0093037182532125,"(21, 11)",306056.81590270996,306032.3079427108,-54779835643.85748,1538717.948717948,3.7569000720977774,-3.0093037182532125,54801399840.55658,31900169.083032854,33438887.031750802,31594136.775090143,54801705897.37248,21870253.514999,0.18372306530072774,1770935195.8040133,1770935195.8040133
2.2513318028519067,20,1,53986808750.89335,13853658.259382168,14160738.07243079,53987115846.65496,15699456.02114874,13877133.340973321,-89.49459838867188,-89.0354995727539,-3.231600046157837,3.38070011138916,[0. 0. 0.],[0. 0. 0. 1.],5.378421035517765,-3.052221027125431,"(20, 1)",307096.0255126953,307079.577323718,-53973238713.31551,1538717.94871795,2.326200008392334,-3.052221027125431,53986808750.81301,14160737.993289262,15699455.942007212,13853658.415965544,53987115846.838524,13877133.523011819,0.18412368471772395,1770935196.2021637,1770935196.2021637
2.647782192544521,21,1,55255388134.11569,9563416.316887418,9869439.995507713,55255694175.523285,11408157.944225661,5343663.00312605,-82.50749969482422,-82.13670349121094,-0.2989000082015991,-0.42739999294281,[0. 0. 0.],[0. 0. 0. 1.],5.464760744195486,-2.6538607712798363,"(21, 1)",306042.1361694336,306023.37176983245,-55250350512.78839,1538717.948717948,2.8108999729156494,-2.6538607712798363,55255388133.8258,9869439.916366186,11408157.865084134,9563416.544596354,55255694175.96197,5343663.173577724,0.17050428331802175,1770935196.258063,1770935196.258063
2.913677453347738,30,1,55252729055.45327,5946225.3758876175,6250361.469866687,55253033211.30661,7789079.418584636,2682700.0834679,-83.3407974243164,-84.12220001220703,-1.2441999912261963,0.887499988079071,[0. 0. 0.],[0. 0. 0. 1.],5.318561597208403,-2.2510614827674846,"(30, 1)",304156.46283721924,304135.6952373795,-55250350511.31728,1538717.948717949,3.067500114440918,-2.2510614827674846,55252729055.30016,6250361.39072516,7789079.339443109,5946225.6954877805,55253033211.763,2682700.445713141,0.1983040066189738,1770935196.3217332,1770935196.3217332
2.7997004097669236,31,1,55115781579.35675,1327182.8134140545,1632092.2390974567,55116086508.04877,3170810.1878154054,168818.68469609655,-87.99250030517578,-88.60130310058594,-2.354300022125244,1.899799942970276,[0. 0. 0.],[0. 0. 0. 1.],5.403218332373771,-2.535718265616569,"(31, 1)",304928.8392715454,304909.10456730775,-55115917689.286415,1538717.9487179485,2.867500066757202,-2.535718265616569,55115781579.33862,1632092.1599559295,3170810.108673878,1327183.0553886218,55116086508.177895,168818.8914763622,0.1858308815849074,1770935196.3842773,1770935196.3842773
4.6170814139073,20,2,54214745425.57283,34249436.22357628,34554311.797753304,54215050334.13333,36093029.74647125,40162396.39465039,-85.30940246582031,-85.16079711914062,-7.43559980392456,6.8368000984191895,[0. 0. 0.],[0. 0. 0. 1.],5.780256972993651,-1.0268571240556623,"(20, 2)",304909.01066589355,304875.11268028617,-54174887937.73082,1538717.9487179443,4.753399848937988,-1.0268571240556623,54214745425.49249,34554311.71123798,36093029.659955926,34249436.598557696,54215050334.50316,40162396.77233574,0.1983284726763804,1770935196.430726,1770935196.430726
4.063531157169515,21,2,55484382228.66697,31017056.089935374,31321202.82339433,55484686403.85555,32859920.772112276,32686667.03590768,-90.33799743652344,-92.6874008178711,-4.0903000831604,4.310100078582764,[0. 0. 0.],[0. 0. 0. 1.],6.2983455293594135,-2.110445462983681,"(21, 2)",304175.7593383789,304146.5250651054,-55451999737.0785,1538717.948717948,4.187900066375732,-2.110445462983681,55484382228.377075,31321202.736879006,32859920.685596954,31017056.2118139,55484686404.13641,32686667.05791767,0.1835369734067668,1770935196.4870331,1770935196.4870331
4.331098647565532,30,2,55480723117.95326,26399340.32096828,26703967.246471252,55481027775.30707,28242685.1951892,29028039.424472447,-85.88079833984375,-85.80819702148438,-5.329899787902832,4.858699798583984,[0. 0. 0.],[0. 0. 0. 1.],5.370857095168491,-0.8808573240503268,"(30, 2)",304657.9527282715,304626.4804937914,-55451999735.967354,1538717.948717948,4.489999771118164,-0.8808573240503268,55480723117.800156,26703967.15995593,28242685.108673878,26399340.67946214,55481027775.752884,29028039.785531852,0.1955254400088076,1770935196.5496728,1770935196.5496728
5.071566473815042,31,2,55343776170.7029,21780321.063721243,22084472.05416356,55344080357.40097,23623190.00288151,26513443.75305779,-89.72869873046875,-90.44629669189452,-6.411200046539307,5.825399875640869,[0. 0. 0.],[0. 0. 0. 1.],5.909298044654857,-0.7972980560989491,"(31, 2)",304186.7456665039,304150.75057592243,-55317566913.560875,1538717.948717948,5.111999988555908,-0.7972980560989491,55343776170.68478,22084471.967648238,23623189.916366186,21780321.217072316,55344080357.43044,26513443.869566306,0.18350185120617363,1770935196.612391,1770935196.612391
6.591562157482789,20,3,54441739608.26513,57445011.997664906,57751194.823352754,54442045835.20106,59289912.7720707,65508656.33220794,-90.80570220947266,-90.5540008544922,-0.6862999796867371,0.7124000191688538,[0. 0. 0.],[0. 0. 0. 1.],8.333480663273496,-1.6829808425642678,"(20, 3)",306227.11964416504,306182.61092748493,-54376537178.84473,1538717.9487179443,6.6504998207092285,-1.6829808425642678,54441739608.18479,57751194.724058494,59289912.67277644,57445012.11313101,54442045835.304436,65508656.45971054,0.18339540829007328,1770935196.6578782,1770935196.6578782
5.919975598463506,21,3,55711376379.30799,54213746.31871163,54518566.61822455,55711681238.34896,56057284.5669425,58032260.13308908,-84.42250061035156,-85.89209747314453,2.1512999534606934,-3.0127999782562256,[0. 0. 0.],[0. 0. 0. 1.],8.658882207513464,-2.521781987786902,"(21, 3)",304859.9477920532,304819.80543869734,-55653648978.45845,1538717.9487179518,6.1371002197265625,-2.521781987786902,55711376379.0181,54518566.518930286,56057284.46764824,54213746.71349159,55711681238.96589,58032260.5074369,0.1988696410497215,1770935196.714017,1770935196.714017
5.815974681891478,30,3,55707717204.491714,49596161.9633487,49902132.323352754,55708023213.18218,51440850.2720707,54374236.40417988,-87.65760040283203,-87.489501953125,1.2776999473571775,-2.101900100708008,[0. 0. 0.],[0. 0. 0. 1.],8.088195173008208,-2.13469537900186,"(30, 3)",306009.20848846436,305969.97383313626,-55653648976.8465,1538717.9487179443,5.953499794006348,-2.13469537900186,55707717204.33861,49902132.224058494,51440850.17277644,49596162.25022536,55708023213.5471,54374236.70059595,0.18789863037092872,1770935196.7768056,1770935196.7768056
6.320541348670051,31,3,55569770810.12598,43977875.23266355,44282484.887455314,55570075462.282974,45821202.836173266,50859310.07150031,-100.34120178222656,-97.05650329589844,0.3305999934673309,-0.6929000020027161,[0. 0. 0.],[0. 0. 0. 1.],8.413408825323614,-2.118908951208624,"(31, 3)",304652.0057067871,304609.6567007154,-55519216152.10817,1538717.9487179518,6.29449987411499,-2.118908951208624,55569770810.10785,44282484.788161054,45821202.736879006,43977875.13146034,55570075462.113556,50859310.00538361,0.18839192566869917,1770935196.8383174,1770935196.8383174
4.952328892483159,20,4,54668733790.957436,23295818.621422153,23600690.012399483,54669038696.15244,25139407.96111743,23635879.454714887,-90.49819946289062,-90.8585968017578,-2.8824000358581543,2.7511000633239746,[0. 0. 0.],[0. 0. 0. 1.],5.9957967768636635,-0.9854966174093178,"(20, 4)",304905.36420440674,304871.168870192,-54645402816.67775,1538717.948717948,5.010300159454346,-0.9854966174093178,54668733790.8771,23600689.916366186,25139407.865084134,23295818.747495994,54669038696.2413,23635879.563551683,0.18339532226609204,1770935196.883752,1770935196.883752
4.299864975538427,21,4,55936370570.013115,18065137.509859733,18370056.99957897,55936675518.08468,19908774.94829692,14160902.133834805,-84.08769989013672,-83.560302734375,0.2486000061035156,-1.029099941253662,[0. 0. 0.],[0. 0. 0. 1.],6.075795992695039,-1.5629957760202347,"(21, 4)",304948.96521759033,304919.0110426694,-55922514616.19758,1538717.948717948,4.512800216674805,-1.5629957760202347,55936370569.72322,18370056.903545674,19908774.852263622,18065137.892503005,55936675518.68844,14160902.490860377,0.1989408759125472,1770935196.9390209,1770935196.9390209
4.42685236070481,30,4,55917711739.74812,65663957.14747491,65969431.99957897,55918017244.31474,291739.69188666437,62719040.05817225,-97.90180206298828,-95.71929931640624,-0.6966000199317932,0.656499981880188,[0. 0. 0.],[0. 0. 0. 1.],5.940327473034791,-1.4825275615357674,"(30, 4)",305504.7450942993,305474.8378655836,-55855298204.329216,-65677692.307692304,4.457799911499023,-1.4825275615357674,55917711739.59502,65969431.90354567,291739.5958533654,65663957.06568009,55918017244.34011,62719040.01089243,0.1873831442248692,1770935196.98667,1770935196.98667
4.676434604640356,31,4,55762766082.56187,43046080.727598906,43352180.39701487,55763072213.85148,44890898.345732816,42206831.313131474,-82.6427993774414,-82.68949890136719,-1.3167999982833862,1.2590999603271484,[0. 0. 0.],[0. 0. 0. 1.],6.018622700489663,-1.2618225257765285,"(31, 4)",306131.4822463989,306099.3057642281,-55720865382.43919,1538717.9487179443,4.756800174713135,-1.2618225257765285,55762766082.54374,43352180.300981574,44890898.24969952,43046080.995217346,55763072214.025986,42206831.58678886,0.1815191449464199,1770935197.0368094,1770935197.0368094
2.207703727932735,20,5,54860728871.08563,22600821.73614644,22904816.843503643,54861032882.10715,24443534.79222159,13980836.806384368,-88.63939666748047,-88.90019989013672,-4.713399887084961,3.824899911880493,[0. 0. 0.],[0. 0. 0. 1.],3.059692769990478,-0.6944927272658687,"(20, 5)",304011.2930679321,303994.26582532376,-54847052044.98992,1538717.948717948,2.3652000427246094,-0.6944927272658687,54860728871.005295,22904816.51893029,24443534.467648238,22600822.253104966,54861032882.29836,13980837.308443509,0.18483700588708962,1770935197.0809932,1770935197.0809932
1.7895499145060556,21,5,56139365337.64131,28370320.666332684,28675417.805042103,56139670446.99272,30214135.75376005,15506602.204088893,-82.168701171875,-82.24700164794922,-1.3344999551773071,0.8827999830245972,[0. 0. 0.],[0. 0. 0. 1.],2.7001653466200923,-0.6782654080367183,"(21, 5)",305110.09803009033,305096.32599659637,-56124163844.74449,1538717.948717948,2.021899938583374,-0.6782654080367183,56139365337.35142,28675417.48046875,30214135.429186698,28370321.154472154,56139670447.44945,15506602.704952925,0.16632424901256287,1770935197.1420395,1770935197.1420395
1.7299356482447479,30,5,56136706034.61991,24751940.71701926,25056146.97170877,56137010252.95439,26594864.92042672,12846409.509721931,-81.0811996459961,-80.25360107421875,-2.21560001373291,1.854200005531311,[0. 0. 0.],[0. 0. 0. 1.],3.307452451537286,-1.4828524702293022,"(30, 5)",304218.4057006836,304205.65091646835,-56124163843.22645,1538717.948717948,1.8245999813079836,-1.4828524702293022,56136706034.466805,25056146.647135418,26594864.595853366,24751940.99621895,56137010252.872505,12846409.646058694,0.0809735441542343,1770935197.2056196,1770935197.2056196
1.6795791988746849,31,5,55998760641.856735,19133964.47973757,19516659.79222159,55999143349.44044,21055377.74093954,9412328.073934875,-81.57589721679688,-81.52890014648438,-3.1124000549316406,3.124500036239624,[0. 0. 0.],[0. 0. 0. 1.],2.987940860432817,-1.217640829724504,"(31, 5)",382707.5821304321,382694.60824819654,-55989731020.97648,1538717.948717948,1.770300030708313,-1.217640829724504,55998760641.83861,19516659.467648238,21055377.416366186,19133964.85940004,55999143349.42074,9412328.444260817,0.13469511204319987,1770935197.2674282,1770935197.2674282
3.2206321023670803,20,11,55098722989.67537,55808365.37560855,56115313.391832136,55099029959.60271,57654031.34055008,50328679.65229154,-83.03820037841797,-83.49089813232422,-1.692199945449829,1.029099941253662,[0. 0. 0.],[0. 0. 0. 1.],7.238867807619097,-3.9010677816791555,"(20, 11)",306970.34004211426,306947.6474859789,-55048701279.953354,1538717.9487179443,3.3378000259399414,-3.9010677816791555,55098722989.59503,56115313.313802086,57654031.26252003,55808365.66631611,55099029959.935074,50328679.98172075,0.19358249295892224,1770935197.3141513,1770935197.3141513
3.65090917164483,21,11,56368359432.19259,52578776.24324162,52885369.48157572,56368666049.31497,54424087.43029367,42852969.986235894,-92.09259796142578,-93.01260375976562,1.1938999891281128,-2.0078999996185303,[0. 0. 0.],[0. 0. 0. 1.],6.76620379035099,-3.0068038994513318,"(21, 11)",306617.6820373535,306593.1271283999,-56325813079.59838,1538717.9487179518,3.759399890899658,-3.0068038994513318,56368359431.902695,52885369.40354567,54424087.35226362,52578776.27641727,56368666049.58473,42852969.98635317,0.18419408176526048,1770935197.371121,1770935197.371121
2.2940193501909167,20,1,55550711194.803566,31773773.865238585,32079207.62371284,55551016644.753235,33617925.57243079,31800495.354048826,-89.76709747314453,-88.6415023803711,-3.192500114440918,3.2959001064300537,[0. 0. 0.],[0. 0. 0. 1.],5.378421035517765,-3.008421149958683,"(20, 1)",305450.23600006104,305433.5374098569,-55519216149.40071,1538717.948717948,2.369999885559082,-3.008421149958683,55550711194.72323,32079207.544571314,33617925.49328926,31773774.007161457,55551016644.95923,31800495.55851863,0.18423476099545072,1770935197.7662928,1770935197.7662928
2.6725594563869133,21,1,56821347749.500275,29545610.03727614,29851811.79037951,56821653969.079216,31390529.739097457,25326020.31735912,-82.68579864501953,-82.57749938964844,-0.0110999997705221,0.1023999974131584,[0. 0. 0.],[0. 0. 0. 1.],5.464760744195486,-2.6154608365111596,"(21, 1)",306220.3744735718,306201.4222756438,-56796327949.03009,1538717.948717948,2.849299907684326,-2.6154608365111596,56821347749.21038,29851811.711237982,31390529.65995593,29545610.288962338,56821653969.584854,25326020.55476262,0.18055992932494694,1770935197.8240905,1770935197.8240905
2.9464718137184764,30,1,56818688278.20964,25926449.66337011,26230601.854482073,56818992450.33257,27769319.80320002,22664502.977272365,-83.2593002319336,-83.87950134277344,-0.8185999989509583,0.7524999976158142,[0. 0. 0.],[0. 0. 0. 1.],5.318561597208403,-2.220661683420561,"(30, 1)",304172.723236084,304151.7991286069,-56796327947.44944,1538717.948717948,3.097899913787842,-2.220661683420561,56818688278.05653,26230601.775340546,27769319.724058494,25926449.97621194,56818992450.77977,22664503.330328524,0.1970573137245938,1770935197.887755,1770935197.887755
2.829814781391074,31,1,56681744447.946465,21309367.847910166,21613302.174994893,56682048401.71116,23152020.12371284,20153276.30883778,-88.11699676513672,-87.37039947509766,-2.263999938964844,1.3271000385284424,[0. 0. 0.],[0. 0. 0. 1.],5.403218332373771,-2.496018234336051,"(31, 1)",303953.98262023926,303934.01317107305,-56661895125.32467,1538717.948717948,2.90720009803772,-2.496018234336051,56681744447.92834,21613302.095853366,23152020.044571314,21309368.082682293,56682048401.91096,20153276.58628806,0.18738712736322385,1770935197.9503589,1770935197.9503589
4.616511293871753,20,2,55780705305.380486,54220354.9239914,54524680.387496896,55781009663.841156,56063398.33621484,60144290.298971824,-85.07759857177734,-84.42890167236328,-7.500800132751465,6.66540002822876,[0. 0. 0.],[0. 0. 0. 1.],5.780256972993651,-1.026656852449217,"(20, 2)",304358.91175842285,304324.9981219992,-55720865373.534325,1538717.9487179443,4.753600120544434,-1.026656852449217,55780705305.30015,54524680.300981574,56063398.24969952,54220355.302859575,55781009664.21191,60144290.677584134,0.19994436477577263,1770935197.9953132,1770935197.9953132
4.083032935264425,21,2,57048341892.12847,48992681.14720465,49299720.45159946,57048648959.98714,50838438.40031741,50671787.05098938,-90.54740142822266,-91.36170196533205,-4.231900215148926,3.911499977111816,[0. 0. 0.],[0. 0. 0. 1.],6.2983455293594135,-2.084645711701943,"(21, 2)",307068.4814453125,307039.10632011294,-56997977173.195,1538717.9487179518,4.213699817657471,-2.084645711701943,57048341891.83858,49299720.365084134,50838438.313802086,48992681.25876402,57048648960.32002,50671787.12502504,0.18342142320998908,1770935198.0509503,1770935198.0509503
4.289068742768485,30,2,57045682364.7481,45372967.312147506,45677060.1951892,57045986487.80413,47215778.14390715,48009316.164995074,-85.89440155029297,-85.64189910888672,-5.077499866485596,4.819499969482422,[0. 0. 0.],[0. 0. 0. 1.],5.370857095168491,-0.9221571439966159,"(30, 2)",304123.66035461426,304092.4385266453,-56997977171.7239,1538717.9487179518,4.448699951171875,-0.9221571439966159,57045682364.59499,45677060.10867388,47215778.05739183,45372967.67014723,57045986488.25535,48009316.531450324,0.19590664018591805,1770935198.114659,1770935198.114659
5.0757245186029945,31,2,56908739063.33107,40755907.88443494,41060137.11826612,56909043328.266716,42598855.06698407,45498978.54925486,-90.47209930419922,-90.50800323486328,-6.487500190734863,6.013500213623047,[0. 0. 0.],[0. 0. 0. 1.],5.909298044654857,-0.799297911140453,"(31, 2)",304264.98021698,304229.03207632154,-56863544349.630424,1538717.9487179518,5.110000133514404,-0.799297911140453,56908739063.31294,41060137.0317508,42598854.98046875,40755907.99967448,56909043328.29316,45498978.66273537,0.18340144282248638,1770935198.1773236,1770935198.1773236
6.568366353456358,20,3,56007699488.072784,10210154.724058717,10515281.361814294,56008004658.702805,12053999.310532242,18273633.867944803,-90.76390075683594,-90.11129760742188,-0.7254999876022339,0.3538999855518341,[0. 0. 0.],[0. 0. 0. 1.],8.333480663273496,-1.702580757115049,"(20, 3)",305170.8358383179,305126.42102363706,-55989731024.81073,1538717.948717948,6.630899906158447,-1.702580757115049,56007699487.99245,10515281.262520032,12053999.21123798,10210154.841496395,56008004658.828285,18273634.017553084,0.1834088328412322,1770935198.2229743,1770935198.2229743
5.911678393458098,21,3,57276336018.731026,5983559.861728783,6287524.951557883,57276640022.521454,7826242.900275831,9797198.21438075,-84.70189666748047,-85.68150329589844,2.856300115585327,-2.6858999729156494,[0. 0. 0.],[0. 0. 0. 1.],8.658882207513464,-2.5286822983032593,"(21, 3)",304004.7044067383,303964.593349359,-57266842824.54966,1538717.948717948,6.130199909210205,-2.5286822983032593,57276336018.44113,6287524.852263622,7826242.80098157,5983560.258914263,57276640023.14554,9797198.595878405,0.19860894131773432,1770935198.278954,1770935198.278954
5.890672148793234,30,3,57273676427.24809,2363985.011593816,2670914.374634806,57273983395.39486,4209632.323352755,7140572.243937614,-88.20269775390625,-94.49720001220705,1.6483999490737915,-2.340399980545044,[0. 0. 0.],[0. 0. 0. 1.],8.088195173008208,-2.111495343906645,"(30, 3)",306968.35249328613,306929.0082882615,-57266842823.21941,1538717.948717949,5.9766998291015625,-2.111495343906645,57273676427.094986,2670914.275340545,4209632.224058494,2363985.2670522835,57273983395.44748,7140572.228064904,0.1834319965291676,1770935198.342647,1770935198.342647
6.406669859943773,31,3,57159733117.818245,20747107.960548736,21051779.75925019,57160037832.05873,22590497.70796814,27627830.485191703,-97.49109649658205,-97.0417022705078,0.7627000212669373,-0.5940999984741211,[0. 0. 0.],[0. 0. 0. 1.],8.413408825323614,-2.0284085964417784,"(31, 3)",304714.0894165039,304671.77170973644,-57132410001.47024,1538717.948717948,6.385000228881836,-2.0284085964417784,57159733117.80012,21051779.65995593,22590497.608673878,20747107.888246194,57160037831.889534,27627830.419295873,0.18775666890815118,1770935198.428189,1770935198.428189
4.9458826062795325,20,4,56260692861.470215,2056802.6757923171,2360730.076502049,56260996822.63269,3899448.0252199974,2400159.7968128086,-90.72940063476562,-91.05809783935548,-2.595499992370605,2.888000011444092,[0. 0. 0.],[0. 0. 0. 1.],5.9957967768636635,-0.9949966441121987,"(20, 4)",303961.32248687744,303927.18975360575,-56258596662.8159,1538717.9487179485,5.000800132751465,-0.9949966441121987,56260692861.38988,2360729.98046875,3899447.9291866985,2056802.7907151442,56260996822.712364,2400159.896459335,0.18341423316181157,1770935198.473191,1770935198.473191
4.333216217617813,21,4,57527329536.35923,63047423.448611744,63351715.65342513,57527633857.384155,64890433.60214307,59141805.61416092,-84.08769989013672,-83.50779724121094,0.2766000032424927,-0.7021999955177307,[0. 0. 0.],[0. 0. 0. 1.],6.075795992695039,-1.5301960552560745,"(21, 4)",304321.9150619507,304291.7261368185,-57468492052.01672,1538717.9487179443,4.545599937438965,-1.5301960552560745,57527329536.069336,63351715.55739183,64890433.506109774,63047423.83125501,57527633857.9844,59141805.96767328,0.1987800234031698,1770935198.5299654,1770935198.5299654
5.84711500940163,30,4,57523669920.83783,58427440.24161891,58731603.47393794,57523974122.22848,60270321.422655895,55482066.59098639,-94.68990325927734,-81.0458984375,-0.9377999901771544,0.6696000099182129,[0. 0. 0.],[0. 0. 0. 1.],5.940327473034791,-0.0494273379945076,"(30, 4)",304201.5975570679,304163.1610576883,-57468492055.71014,1538717.9487179518,5.890900135040283,-0.0494273379945076,57523669920.68472,58731603.377904646,60270321.3266226,58427440.21684696,57523974122.28228,55482066.572140425,0.19923657827713281,1770935198.592697,1770935198.592697
4.617582244707164,31,4,57386727733.20286,53811267.4997191,54118278.15342513,57387034775.14458,55656996.10214307,52975546.74976452,-83.00330352783203,-83.19509887695312,-1.6483999490737915,1.4229999780654907,[0. 0. 0.],[0. 0. 0. 1.],6.018622700489663,-1.3061226051222317,"(31, 4)",307042.18937683105,307010.24764623493,-57334059228.295654,1538717.9487179443,4.712500095367432,-1.3061226051222317,57386727733.18473,54118278.05739183,55656996.006109774,53811267.809745595,57387034775.37411,52975547.07845052,0.1910556753392686,1770935198.6552873,1770935198.6552873
2.1965861927279873,20,5,56484687260.50867,33358406.738653976,33662404.98452928,56484991274.616165,35201122.93324723,24745383.271142237,-87.95050048828125,-88.40550231933594,-4.409800052642822,4.149899959564209,[0. 0. 0.],[0. 0. 0. 1.],3.059692769990478,-0.6953927574019771,"(20, 5)",304014.40743255615,303997.3645332493,-56460245891.03418,1538717.9487179518,2.364300012588501,-0.6953927574019771,56484687260.42833,33662404.659955926,35201122.60867388,33358407.295422677,56484991274.83576,24745383.80158253,0.18611283015794372,1770935198.7007165,1770935198.7007165
1.8078735873106273,21,5,57755323662.961784,31132944.554855887,31438190.24093954,57755628920.98919,32976908.189657487,18271230.07804898,-81.79900360107422,-83.46109771728516,-1.4443999528884888,1.2059999704360962,[0. 0. 0.],[0. 0. 0. 1.],2.7001653466200923,-0.6487654004073233,"(21, 5)",305258.91426849365,305244.9387770444,-57737357690.867004,1538717.948717948,2.051399946212769,-0.6487654004073233,57755323662.67189,31438189.916366186,32976907.865084134,31132944.97758914,57755628921.58616,18271230.71915064,0.1782278363526368,1770935198.758018,1770935198.758018
1.7472363381898657,30,5,57752663959.29936,27512540.272100072,27816779.984529283,57752968211.222565,29355497.93324723,15610521.70232973,-80.37750244140625,-80.35030364990234,-2.2909998893737797,1.926900029182434,[0. 0. 0.],[0. 0. 0. 1.],3.307452451537286,-1.4828524702293022,"(30, 5)",304252.00634002686,304239.2359024435,-57737357689.30201,1538717.948717948,1.8245999813079836,-1.4828524702293022,57752663959.146255,27816779.65995593,29355497.608673878,27512540.424053486,57752968211.152596,15610521.850585938,0.06894662600545134,1770935198.8215885,1770935198.8215885
1.6694397331701731,31,5,57645721435.12592,52895587.77940331,53275826.458888255,57646101686.01761,54814544.40760621,43176818.55989792,-82.17970275878906,-81.74729919433594,-3.3675999641418457,3.322000026702881,[0. 0. 0.],[0. 0. 0. 1.],2.987940860432817,-1.2047408348743454,"(31, 5)",380250.9327468872,380237.8649589345,-57602924867.06769,1538717.9487179518,1.7832000255584717,-1.2047408348743454,57645721435.107796,53275826.1343149,54814544.083032854,52895588.26935597,57646101686.04054,43176818.972856574,0.1556319670086601,1770935198.9143183,1770935198.9143183
3.2183235153111456,20,11,56743680986.4702,20353540.6403759,20659039.353370592,56743986507.05828,22197757.30208854,14874970.603744186,-83.6167984008789,-83.34449768066406,-2.0525999069213867,0.92849999666214,[0. 0. 0.],[0. 0. 0. 1.],7.238867807619097,-3.897967863313677,"(20, 11)",305520.9898376465,305498.2972756438,-56729111536.45747,1538717.948717948,3.34089994430542,-3.897967863313677,56743680986.38986,20659039.275340546,22197757.224058494,20353540.978064902,56743986507.3797,14874970.922225561,0.19627742035559378,1770935198.9642398,1770935198.9642398
3.7265959598261427,21,11,58023316739.88486,27128439.886614915,27434327.814909052,58023622652.22827,28973045.763627,17399316.614518486,-90.8550033569336,-92.6981964111328,1.46589994430542,-1.854200005531311,[0. 0. 0.],[0. 0. 0. 1.],6.76620379035099,-2.921603828116493,"(21, 11)",305912.9137878418,305887.76417267695,-58006223335.8834,1538717.948717948,3.844599962234497,-2.921603828116493,58023316739.59496,27434327.736879006,28973045.685596954,27128439.97270633,58023622652.50875,17399316.62535056,0.1836770434911908,1770935199.0262332,1770935199.0262332
2.255372473686384,20,1,57164451707.62404,32315178.709703777,32623887.11089233,57164760432.01194,34162605.05961028,32350436.67804623,-89.53099822998047,-88.5718994140625,-3.220499992370605,2.9951000213623047,[0. 0. 0.],[0. 0. 0. 1.],5.378421035517765,-3.044521060694767,"(20, 1)",308724.67823791504,308708.1674429104,-57132409995.33542,1538717.948717948,2.333899974822998,-3.044521060694767,57164451707.5437,32623887.031750802,34162604.98046875,32315178.86430789,57164760432.22194,32350436.88651843,0.18442803200879052,1770935199.439934,1770935199.439934
2.558998684278399,21,1,58514304071.615616,42091690.99111667,42397741.277559,58514610139.066574,43936459.22627694,37871934.37965042,-83.21209716796875,-82.53350067138672,0.1620000004768371,-0.1061000004410743,[0. 0. 0.],[0. 0. 0. 1.],5.464760744195486,-2.721360647302175,"(21, 1)",306068.24043273926,306049.89858774096,-58476738204.955154,1538717.9487179443,2.7434000968933105,-2.721360647302175,58514304071.32572,42397741.19841747,43936459.147135414,42091691.29982973,58514610139.566154,37871934.6110026,0.18631633897863337,1770935199.5169601,1770935199.5169601
2.917806095556799,30,1,58511644183.658325,38470411.55740394,38773758.905764125,58511947550.78352,40312476.85448207,35209347.205811836,-83.56759643554688,-83.08769989013672,-0.7562000155448914,0.823199987411499,[0. 0. 0.],[0. 0. 0. 1.],5.318561597208403,-2.254261536936186,"(30, 1)",303367.6695175171,303346.93321815133,-58476738203.67186,1538717.9487179443,3.064300060272217,-2.254261536936186,58511644183.50522,38773758.8266226,40312476.77534054,38470411.89340445,58511947551.174736,35209347.502879605,0.19443284853535778,1770935199.5806549,1770935199.5806549
2.832252844378557,31,1,58374704311.72847,33855454.36114596,34159335.828841045,58375008212.674675,35698053.777559,32702830.987340555,-88.54679870605469,-87.927001953125,-2.536900043487549,1.7955000400543213,[0. 0. 0.],[0. 0. 0. 1.],5.403218332373771,-2.502118412100944,"(31, 1)",303901.13243865967,303881.1786358133,-58342305381.60968,1538717.9487179518,2.901099920272827,-2.502118412100944,58374704311.71034,34159335.74969952,35698053.69841747,33855454.571063705,58375008212.84278,32702831.233097956,0.18597770264029553,1770935199.6432488,1770935199.6432488
4.584993256521038,20,2,57405531531.34198,65840283.20189921,66146867.887496896,57405838148.83691,469175.57980458345,4562518.915802884,-85.21260070800781,-84.87090301513672,-7.359300136566162,7.208399772644043,[0. 0. 0.],[0. 0. 0. 1.],5.780256972993651,-1.058256850923338,"(20, 2)",306617.948097229,306584.22225560993,-57401275629.91324,-65677692.30769231,4.7220001220703125,-1.058256850923338,57405531531.26164,66146867.800981574,469175.4932892628,65840283.578725964,57405838149.20974,4562519.2964993995,0.1990749869046128,1770935199.6935108,1770935199.6935108
4.3477266925439215,30,2,58929711867.95318,47333146.53974343,47637885.515702024,58930016637.52476,49176603.46441997,49979978.84703194,-85.9834976196289,-92.59120178222656,-5.665200233459473,4.796299934387207,[0. 0. 0.],[0. 0. 0. 1.],5.370857095168491,-0.9150570387109704,"(30, 2)",304769.8348617554,304738.53478065133,-58880036658.76249,1538717.9487179443,4.45580005645752,-0.9150570387109704,58929711867.80007,47637885.4291867,49176603.377904646,47333146.89440605,58930016637.63493,49979978.87244591,0.18620579364128628,1770935200.0087762,1770935200.0087762
5.069659077086153,31,2,58837693318.13872,20422114.037945297,20726210.83621484,58837997450.603714,22264928.78493279,25177203.48169739,-89.65550231933594,-90.9844970703125,-6.327400207519531,6.0777997970581055,[0. 0. 0.],[0. 0. 0. 1.],5.909298044654857,-0.8023978295059315,"(31, 2)",304132.48697662354,304096.55448717996,-58812820247.03497,1538717.948717948,5.106900215148926,-0.8023978295059315,58837693318.12059,20726210.749699518,22264928.698417466,20422114.195212338,58837997450.60757,25177203.572591145,0.1834386138421255,1770935200.106146,1770935200.106146
6.6268574373347064,20,3,57818216819.80351,5883320.425954159,6189656.361814293,57818523200.038475,7728374.310532242,13949097.858035656,-91.01750183105467,-90.37590026855467,-0.2542000114917755,0.4180999994277954,[0. 0. 0.],[0. 0. 0. 1.],8.333480663273496,-1.6478808593489358,"(20, 3)",306380.4274291992,306335.730919471,-57804574102.15631,1538717.948717949,6.6855998039245605,-1.6478808593489358,57818216819.723175,6189656.262520032,7728374.211237981,5883320.531600561,57818523200.150604,13949097.994290866,0.18339560396044724,1770935200.1610608,1770935200.1610608
5.9149009614947285,21,3,59220285842.44893,662517.429841164,966771.7464296777,59220590135.44049,2505489.6951476266,4471413.462812911,-85.7313003540039,-85.21170043945312,2.44190001487732,-2.721299886703491,[0. 0. 0.],[0. 0. 0. 1.],8.658882207513464,-2.5263820358520874,"(21, 3)",304293.9171447754,304253.83738982363,-59216118722.22026,1538717.948717949,6.132500171661377,-2.5263820358520874,59220285842.159035,966771.6471354166,2505489.5958533655,662517.809745593,59220590136.07618,4471413.855919471,0.19733656478917852,1770935200.222896,1770935200.222896
5.806295591789279,30,3,59134409784.61984,48257307.91508144,48564335.84899378,59134716850.77737,50103053.79771173,53030950.71906571,-88.08319854736328,-87.37989807128906,1.5571000576019287,-1.9026000499725344,[0. 0. 0.],[0. 0. 0. 1.],8.088195173008208,-2.1471951882669966,"(30, 3)",307066.68169403076,307027.5722405836,-59081685900.12679,1538717.9487179518,5.940999984741211,-2.1471951882669966,59134409784.466736,48564335.74969952,50103053.69841747,48257308.177458934,59134716851.14843,53030951.021634616,0.18742020240095691,1770935200.273136,1770935200.273136
6.410259919133612,31,3,59061688005.63871,40643461.236776486,40948358.28489122,59061992945.24537,42487076.23360916,47523456.96188925,-98.97530364990234,-96.4123992919922,0.2831000089645386,-0.5289000272750854,[0. 0. 0.],[0. 0. 0. 1.],8.413408825323614,-2.0259090160584776,"(31, 3)",304939.4656448364,304897.0383864194,-59014469488.180176,1538717.9487179443,6.387499809265137,-2.0259090160584776,59061688005.62058,40948358.18559696,42487076.1343149,40643461.14721054,59061992945.08623,47523456.906049676,0.18790476813633175,1770935200.33736,1770935200.33736
4.982482139234135,20,4,58034211290.95735,27943493.191904683,28248374.30727128,58034516206.07179,29787092.255989227,28292876.522331998,-91.0395965576172,-91.49919891357422,-2.779900074005127,2.2797999382019043,[0. 0. 0.],[0. 0. 0. 1.],5.9957967768636635,-0.9633966456380776,"(20, 4)",304915.2550354004,304880.91884515435,-58006223329.52949,1538717.948717948,5.032400131225586,-0.9633966456380776,58034211290.877014,28248374.211237982,29787092.15995593,27943493.292392828,58034516206.13205,28292876.602564104,0.18350460842307184,1770935200.37836,1770935200.37836
4.327153375752521,21,4,59435280289.564316,21723216.613690503,22027933.60214307,59435585035.298195,23566651.550861023,17817085.920200218,-84.6583023071289,-83.8041000366211,0.6834999918937683,-0.6193000078201294,[0. 0. 0.],[0. 0. 0. 1.],6.075795992695039,-1.5320957744943557,"(21, 4)",304746.641494751,304716.4995242357,-59417767949.624725,1538717.9487179518,4.543700218200684,-1.5320957744943557,59435280289.27442,22027933.506109774,23566651.454827726,21723217.00658554,59435585035.91592,17817086.291190904,0.20026756265827214,1770935200.4380229,1770935200.4380229
4.914456149810198,30,4,59350404159.61984,3101207.0445437315,3406980.076502049,59350709965.61418,4945698.025219998,158427.99305196007,-95.14080047607422,-96.14089965820312,-0.0799999982118606,0.3156999945640564,[0. 0. 0.],[0. 0. 0. 1.],5.940327473034791,-0.9891274646424568,"(30, 4)",305806.1648635864,305772.971128806,-59350551537.69377,1538717.948717949,4.951200008392334,-0.9891274646424568,59350404159.466736,3406979.98046875,4945697.929186699,3101207.009339944,59350709965.6316,158427.93782552084,0.1866290730313026,1770935200.4890475,1770935200.4890475
4.6746007532173985,31,4,59262683077.75409,47704130.668486476,48010625.90983538,59262989604.619514,49549343.85855333,46870888.82615999,-82.77909851074219,-82.77189636230469,-1.315000057220459,1.5273000001907349,[0. 0. 0.],[0. 0. 0. 1.],6.018622700489663,-1.2595227401625149,"(31, 4)",306527.06831359863,306494.86052684486,-59216118715.6942,1538717.9487179443,4.759099960327148,-1.2595227401625149,59262683077.73596,48010625.813802086,49549343.76252003,47704130.95327524,59262989604.804276,46870889.11007612,0.18434216281200808,1770935200.537087,1770935200.537087
2.1990376839659147,20,5,58234206170.76504,35242588.64564089,35546515.56145236,58234510113.521454,37085233.51017031,26637555.322002374,-87.62879943847656,-88.36139678955078,-4.502900123596191,3.757800102233887,[0. 0. 0.],[0. 0. 0. 1.],3.059692769990478,-0.6896928844313961,"(20, 5)",303943.0588989258,303926.01600059867,-58207872557.8886,1538717.9487179518,2.369999885559082,-0.6896928844313961,58234206170.6847,35546515.236879006,37085233.18559696,35242589.22087841,58234510113.7436,26637555.85499299,0.1866295783933329,1770935200.579113,1770935200.579113
1.790847080182663,21,5,59636275105.26943,30022780.688244496,30327885.75376005,59636580222.53149,31866603.702478,17163044.28440418,-81.53140258789062,-82.62460327148438,-1.3559999465942385,0.7376000285148621,[0. 0. 0.],[0. 0. 0. 1.],2.7001653466200923,-0.6862653050398921,"(21, 5)",305118.0639038086,305104.3701171875,-59619417178.20295,1538717.948717948,2.0139000415802,-0.6862653050398921,59636275104.97954,30327885.429186698,31866603.377904646,30022781.05906951,59636580223.04344,17163044.840494793,0.15949358548606027,1770935200.638979,1770935200.638979
1.758167826641417,30,5,59566398534.619835,26400015.36484911,26704320.048631847,59566702851.58127,28243037.997349795,14502085.106704643,-80.17990112304688,-80.07479858398438,-2.045099973678589,2.069299936294556,[0. 0. 0.],[0. 0. 0. 1.],3.307452451537286,-1.479652416060601,"(30, 5)",304317.0166015625,304304.2305188291,-59552200766.25634,1538717.948717948,1.8278000354766848,-1.479652416060601,59566398534.46673,26704319.724058494,28243037.672776442,26400015.493539665,59566702851.48333,14502085.226988181,0.06530879024336822,1770935200.7026198,1770935200.7026198
1.6883420359265522,31,5,59494677733.202805,19786453.629080705,20163582.869144667,59495054874.78012,21702300.817862615,10070520.17427451,-81.44529724121094,-81.80740356445312,-3.249300003051758,3.386199951171875,[0. 0. 0.],[0. 0. 0. 1.],2.987940860432817,-1.2045408016864791,"(31, 5)",377141.6297302246,377128.561949119,-59484984354.21583,1538717.948717948,1.783400058746338,-1.2045408016864791,59494677733.18468,20163582.544571314,21702300.493289262,19786453.982622195,59495054874.81441,10070520.598582732,0.1386078194772278,1770935200.7648253,1770935200.7648253
3.2271563386828213,20,11,58482200177.17529,11243118.320055878,11548430.379011616,58482505511.18356,13087148.327729566,5767308.140652126,-83.07830047607422,-83.56099700927734,-1.8551000356674197,1.3904000520706177,[0. 0. 0.],[0. 0. 0. 1.],7.238867807619097,-3.893267917863848,"(20, 11)",305334.42570495605,305311.68619791605,-58476738203.04585,1538717.94871795,3.345599889755249,-3.893267917863848,58482200177.094955,11548430.30098157,13087148.24969952,11243118.614783654,58482505511.52066,5767308.474809695,0.19432669632311897,1770935200.8249362,1770935200.8249362
3.6959910308143993,21,11,59883268735.07712,5023887.754032205,5329399.930293668,59883574271.40889,6868117.879011616,62507858.5904035,-91.80560302734376,-92.59120178222656,1.5525000095367432,-1.9967000484466555,[0. 0. 0.],[0. 0. 0. 1.],6.76620379035099,-2.9578038746557995,"(21, 11)",305536.90592956543,305512.0536608575,-59821066413.088135,1538717.948717948,3.8083999156951904,-2.9578038746557995,59883268734.787224,5329399.852263622,6868117.80098157,5023887.7986027645,59883574271.69315,62507858.60501803,0.18396099790149323,1770935200.8858998,1770935200.8858998
2.238240068011519,20,1,58934188101.85477,54419146.84958103,54727813.39294361,58934496784.28922,56266531.34166156,54460122.38260516,-89.70960235595703,-89.19930267333984,-3.7894999980926514,2.934499979019165,[0. 0. 0.],[0. 0. 0. 1.],5.378421035517765,-3.068421092738224,"(20, 1)",308682.6891784668,308666.31923577935,-58880036661.90814,1538717.9487179443,2.309999942779541,-3.068421092738224,58934188101.77443,54727813.313802086,56266531.26252003,54419146.99456631,58934496784.46361,54460122.55546374,0.18392275107466968,1770935201.2885082,1770935201.2885082
2.608788408773191,21,1,60348256731.87198,61201318.97797619,61508045.764738485,60348563476.140114,63046763.71345643,56982194.45191123,-82.0073013305664,-82.77469635009766,-0.6165000200271606,-0.2206999957561493,[0. 0. 0.],[0. 0. 0. 1.],5.464760744195486,-2.6909608479552514,"(21, 1)",306745.0890197754,306726.5593699962,-60291581281.956436,1538717.9487179443,2.7737998962402344,-2.6909608479552514,60348256731.582085,61508045.68559696,63046763.6343149,61201319.12622696,60348563476.671104,56982194.71466847,0.17249234242428607,1770935201.3509552,1770935201.3509552
2.9241266521566853,30,1,60278379984.94033,57577728.92269103,57881739.67499489,60278684015.49377,59420457.62371284,54319145.155524604,-82.99629974365234,-83.57749938964844,-1.1157000064849854,0.9405999779701232,[0. 0. 0.],[0. 0. 0. 1.],5.318561597208403,-2.2492616609138465,"(30, 1)",304031.13732147217,304010.38536658883,-60224364870.43238,1538717.9487179443,3.069299936294556,-2.2492616609138465,60278379984.787224,57881739.595853366,59420457.54457131,57577729.21048678,60278684015.924545,54319145.49216246,0.1938425553471871,1770935201.4145677,1770935201.4145677
2.816086335765563,31,1,60208660810.12586,52965090.98306289,53269880.70063592,60208965619.21889,54808598.64935387,51817160.62416373,-88.00900268554688,-87.20829772949219,-2.268699884414673,1.5356999635696411,[0. 0. 0.],[0. 0. 0. 1.],5.403218332373771,-2.507518354499015,"(31, 1)",304809.3199157715,304789.3974108547,-60157148458.51707,1538717.9487179518,2.895699977874756,-2.507518354499015,60208660810.107735,53269880.62149439,54808598.57021234,52965091.224083535,60208965619.42765,51817160.91058193,0.18783916557115465,1770935201.4772186,1770935201.4772186
4.613406110805106,20,2,59121886563.39323,34555023.31317671,34936098.656727664,59122267672.26163,36474816.60544561,40581785.883368075,-85.67829895019531,-84.69499969482422,-7.942299842834473,7.033299922943115,[0. 0. 0.],[0. 0. 0. 1.],5.780256972993651,-1.0315568310869123,"(20, 2)",381109.32178497314,381074.8917017281,-59081685886.3704,1538717.9487179443,4.748700141906738,-1.0315568310869123,59121886563.31289,34936098.57021234,36474816.518930286,34555023.678510614,59122267672.634674,40581786.26427284,0.19862937782540624,1770935201.531984,1770935201.531984
4.317407980728091,30,2,60696447669.23519,66432717.05097635,66736667.56698407,60696751650.13113,1058975.259291763,1871914.4834110176,-85.8561019897461,-85.7927017211914,-5.022600173950195,5.09060001373291,[0. 0. 0.],[0. 0. 0. 1.],5.370857095168491,-0.8943570608362155,"(30, 2)",303981.4953918457,303950.07011217624,-60694879735.732475,-65677692.307692304,4.476500034332275,-0.8943570608362155,60696447669.082085,66736667.48046875,1058975.1727764423,66432717.410356574,60696751650.57748,1871914.8450020032,0.19562372535219472,1770935201.8348067,1770935201.8348067
5.088639630566615,31,2,60664649976.79252,32524210.002155323,32828582.631086636,60664954385.19793,34367300.579804584,37291061.05897837,-89.9760971069336,-90.30979919433594,-5.983699798583984,5.947400093078613,[0. 0. 0.],[0. 0. 0. 1.],5.909298044654857,-0.7810979904861561,"(31, 2)",304408.4597854614,304372.4020933509,-60627663324.05191,1538717.948717948,5.128200054168701,-0.7810979904861561,60664649976.77439,32828582.544571314,34367300.49328926,32524210.142477963,60664954385.23418,37291061.18226662,0.18347693230003292,1770935201.93315,1770935201.93315
6.590773969910863,20,3,59578953446.40604,18992242.029482823,19298358.284891214,59579259606.78508,20837076.233609162,27058838.266664755,-91.03589630126952,-90.61060333251952,-1.1445000171661377,0.4293000102043152,[0. 0. 0.],[0. 0. 0. 1.],8.333480663273496,-1.6857808303572366,"(20, 3)",306160.5600204468,306116.0513070896,-59552200768.49429,1538717.948717948,6.64769983291626,-1.6857808303572366,59578953446.3257,19298358.185596954,20837076.134314902,18992242.134289864,59579259606.88572,27058838.39142628,0.1834049138812724,1770935201.9890063,1770935201.9890063
5.943551223801612,21,3,61048238654.94889,13776996.836979976,14081202.836173268,61048542899.79272,15619920.784891218,17581100.782454565,-84.18879699707031,-84.0542984008789,2.5397000312805176,-2.5648000240325928,[0. 0. 0.],[0. 0. 0. 1.],8.658882207513464,-2.4972820945984253,"(21, 3)",304245.76197052,304205.51006610505,-61030961799.252846,1538717.94871795,6.161600112915039,-2.4972820945984253,61048238654.659,14081202.736879006,15619920.685596956,13776997.226812901,61048542900.42097,17581101.16811899,0.20010766279727824,1770935202.0509493,1770935202.0509493
5.846182949468532,30,3,60978361739.74801,10152688.722250044,10457901.554121986,60978666991.041725,11996619.502839936,14921603.647483451,-88.26270294189453,-87.535400390625,1.569200038909912,-2.38319993019104,[0. 0. 0.],[0. 0. 0. 1.],8.088195173008208,-2.110195008976225,"(30, 3)",305251.8091430664,305212.48059394956,-60963745387.46274,1538717.94871795,5.978000164031982,-2.110195008976225,60978361739.5949,10457901.454827724,11996619.403545674,10152688.974233774,60978666991.404045,14921603.94130609,0.18690680497114315,1770935202.1144323,1770935202.1144323
7.258116632184911,31,3,60907644215.57457,4541124.302687596,4845682.002839934,60907948820.98039,6384399.951557883,11419842.935211474,-90.36009979248048,-89.95880126953125,0.1844000071287155,-0.7217000126838684,[0. 0. 0.],[0. 0. 0. 1.],8.413408825323614,-1.1121087764954893,"(31, 3)",304605.4781341553,304557.4638171075,-60896528977.94188,1538717.948717949,7.301300048828125,-1.1121087764954893,60907644215.55644,4845681.903545673,6384399.852263622,4541124.4397285655,60907948821.03458,11419843.092698317,0.1834718169734145,1770935202.176333,1770935202.176333
4.944630652175427,20,4,59806947749.29064,53048370.351911955,53352661.16624564,59807252073.88405,54891379.11496358,53402077.84011455,-90.32550048828124,-91.54460144042967,-2.408400058746338,2.3282999992370605,[0. 0. 0.],[0. 0. 0. 1.],5.9957967768636635,-0.9964967738119057,"(20, 4)",304324.73207092285,304290.5836838931,-59753849996.02396,1538717.9487179443,4.999300003051758,-0.9964967738119057,59806947749.210304,53352661.07021234,54891379.018930286,53048370.48652845,59807252073.942375,53402077.91841947,0.18341449702085114,1770935202.2227986,1770935202.2227986
4.315757404992365,21,4,61275232797.57709,46833555.39737627,47138061.80727128,61275537332.68123,48676779.75598922,42926306.50539809,-83.78389739990234,-83.72450256347656,0.2187999933958053,-0.4059999883174896,[0. 0. 0.],[0. 0. 0. 1.],6.075795992695039,-1.5475958431589065,"(21, 4)",304536.00761413574,304505.9438852146,-61232611026.42256,1538717.9487179443,4.528200149536133,-1.5475958431589065,61275232797.28719,47138061.71123798,48676779.659955926,46833555.76735277,61275537333.29481,42926306.872245595,0.1985708128714036,1770935202.2780237,1770935202.2780237
4.950230564893948,30,4,61224355329.49159,62208322.743863694,62514359.88419435,61224661399.802055,64053077.8329123,59266785.10139157,-94.54660034179688,-95.46630096435548,-0.5327000021934509,0.2989000082015991,[0. 0. 0.],[0. 0. 0. 1.],5.940327473034791,-0.9492276385926521,"(30, 4)",306070.4940414429,306037.06555488706,-61165394614.77331,1538717.9487179518,4.991099834442139,-0.9492276385926521,61224355329.338486,62514359.788161054,64053077.736879006,62208322.72260617,61224661399.83253,59266785.05921975,0.18614184539230488,1770935202.3605924,1770935202.3605924
4.642134350987797,31,4,61154638358.20277,57596906.156260535,57904792.57650205,61154946276.02924,59443510.52522,56768073.04079761,-83.22799682617188,-83.20659637451172,-1.738700032234192,1.454699993133545,[0. 0. 0.],[0. 0. 0. 1.],6.018622700489663,-1.2781227271925442,"(31, 4)",307918.0751724243,307885.99258814007,-61098178202.88929,1538717.9487179518,4.740499973297119,-1.2781227271925442,61154638358.18464,57904792.48046875,59443510.4291867,57596906.48788061,61154946276.25981,56768073.37051783,0.19297882173089329,1770935202.4232433,1770935202.4232433
2.199785536422839,20,5,60051941339.034225,38126581.55336112,38433695.04863185,60052248468.45916,39972412.9973498,29532833.69663179,-87.9614028930664,-88.48889923095703,-4.421899795532227,3.8361001014709473,[0. 0. 0.],[0. 0. 0. 1.],3.059692769990478,-0.6930927333693844,"(20, 5)",307129.72005462646,307112.6145582944,-60022715634.45169,1538717.9487179518,2.3666000366210938,-0.6930927333693844,60051941338.95389,38433694.724058494,39972412.672776446,38126582.1095002,60052248468.67394,29532834.22225561,0.185999289387852,1770935202.4731183,1770935202.4731183
1.788906885051697,21,5,61531226187.00016,42912235.18419015,43217493.12555493,61531531457.14697,44756211.07427287,30054791.829995003,-82.15959930419922,-82.88349914550781,-1.219099998474121,0.5029000043869019,[0. 0. 0.],[0. 0. 0. 1.],2.7001653466200923,-0.6661654267287349,"(21, 5)",305270.9804458618,305257.130158253,-61501476665.27284,1538717.9487179443,2.0339999198913574,-0.6661654267287349,61531226186.710266,43217492.800981574,44756210.74969952,42912235.67082332,61531531457.69071,30054792.417868588,0.17686247734024066,1770935202.533991,1770935202.533991
1.7406683579219793,30,5,61483348582.69672,61286461.55299708,61590690.240939535,61483652823.53611,63129408.18965749,49392569.83514759,-80.18779754638672,-80.07859802246094,-2.329200029373169,2.250999927520752,[0. 0. 0.],[0. 0. 0. 1.],3.307452451537286,-1.4969524257880795,"(30, 5)",304240.8948059082,304228.2339242771,-61434260253.482735,1538717.9487179518,1.8105000257492063,-1.4969524257880795,61483348582.54361,61590689.91636618,63129407.865084134,61286461.682441905,61483652823.438416,49392569.95567909,0.06529889163853103,1770935202.6196034,1770935202.6196034
1.6946803517035578,31,5,61411632260.44635,54675324.01631141,55049384.15119595,61412006332.91783,56588102.099913895,44962490.99168968,-81.41010284423828,-82.41010284423828,-3.260499954223633,3.3276000022888184,[0. 0. 0.],[0. 0. 0. 1.],2.987940860432817,-1.1838408238117235,"(31, 5)",374072.6255722046,374059.4638922289,-61367043841.53612,1538717.9487179443,1.8041000366210935,-1.1838408238117235,61411632260.42822,55049383.8266226,56588101.77534054,54675324.36273037,61412006333.053795,44962491.51767828,0.1519982318762023,1770935202.6803157,1770935202.6803157
3.273949042990652,20,11,60309935233.26499,24132115.698209953,24437653.135421872,60310240792.9703,25976371.08413982,18659513.0356512,-82.80899810791016,-82.93119812011719,-1.76010000705719,1.0392999649047852,[0. 0. 0.],[0. 0. 0. 1.],7.238867807619097,-3.8590677263660447,"(20, 11)",305560.06798553467,305537.0937249586,-60291581279.937584,1538717.948717948,3.379800081253052,-3.8590677263660447,60309935233.184654,24437653.057391826,25976371.006109774,24132115.963666867,60310240793.25264,18659513.315054085,0.18654269509188245,1770935202.7265198,1770935202.7265198
3.6572606637230947,21,11,61782219712.64118,21918407.796109237,22226146.725165464,61782527475.49488,23764864.673883412,12185165.397038491,-91.37370300292967,-91.93080139160156,1.3624999523162842,-1.9297000169754028,[0. 0. 0.],[0. 0. 0. 1.],6.76620379035099,-2.99000373427494,"(21, 11)",307763.45277404785,307738.78831129894,-61770342310.367485,1538717.948717948,3.77620005607605,-2.99000373427494,61782219712.35129,22226146.647135418,23764864.595853366,21918407.85882412,61782527475.80406,12185165.436573518,0.18365947703069957,1770935202.7850313,1770935202.7850313
2.2747559600559213,20,1,60823921715.63677,62087118.14735457,62392765.31602053,60824227378.89357,63931483.264738485,62131229.61971089,-90.25080108642578,-88.86419677734375,-3.379699945449829,3.219500064849853,[0. 0. 0.],[0. 0. 0. 1.],5.378421035517765,-3.033321109522892,"(20, 1)",305663.5303955078,305646.97265625,-60762096149.27538,1538717.9487179518,2.345099925994873,-3.033321109522892,60823921715.556435,62392765.236879006,63931483.18559696,62087118.264222756,60824227379.08683,62131229.81144831,0.18387053130597678,1770935203.2416766,1770935203.2416766
2.6846049936818672,21,1,62295206467.44886,58875210.1835756,59181363.07243079,62295512638.2813,60720081.02114874,54655458.93814336,-82.53250122070312,-82.05049896240234,-0.2038999944925308,-0.3855000138282776,[0. 0. 0.],[0. 0. 0. 1.],5.464760744195486,-2.6187607880645047,"(21, 1)",306171.5463485718,306152.57850059867,-62240857179.61139,1538717.9487179518,2.845999956130981,-2.6187607880645047,62295206467.158966,59181362.99328926,60720080.942007214,58875210.41478866,62295512638.705315,54655459.09392528,0.16927871003156228,1770935203.2980309,1770935203.2980309
2.9393249032095463,30,1,62225329247.760796,55249163.678125866,55553157.94422566,62225633261.87997,57091875.89294361,51992493.85548021,-83.69450378417969,-83.9009017944336,-1.0700000524520874,0.8791000247001648,[0. 0. 0.],[0. 0. 0. 1.],5.318561597208403,-2.2230616048377976,"(30, 1)",304014.7204284668,303993.8432742357,-62173640768.11863,1538717.9487179518,3.095499992370605,-2.2230616048377976,62225329247.60769,55553157.865084134,57091875.813802086,55249164.0218099,62225633262.32812,51992494.20948517,0.1988294511813344,1770935203.3615823,1770935203.3615823
2.7801867074147166,31,1,62155614616.21556,50638981.41857948,50943871.0852513,62155919525.03381,52482589.03396925,49495169.08148896,-88.6843032836914,-88.0906982421875,-2.414900064468384,1.6819000244140625,[0. 0. 0.],[0. 0. 0. 1.],5.403218332373771,-2.5567184124824136,"(31, 1)",304908.9950180054,304889.38551682234,-62106424355.874664,1538717.9487179518,2.8464999198913574,-2.5567184124824136,62155614616.19743,50943871.006109774,52482588.954827726,50638981.62059295,62155919525.19245,49495169.31778345,0.1856189205665218,1770935203.424167,1770935203.424167
4.578160239344048,20,2,61052915858.26497,16294191.246405609,16604560.195189198,61053226260.0332,18143278.14390715,22264476.406888284,-85.64289855957031,-84.7738037109375,-7.508299827575684,7.135700225830078,[0. 0. 0.],[0. 0. 0. 1.],5.780256972993651,-1.06655715533618,"(20, 2)",310402.2216796875,310368.495843349,-61030961783.618454,1538717.948717948,4.713699817657471,-1.06655715533618,61052915858.18463,16604560.108673878,18143278.057391826,16294191.612830529,61053226260.40631,22264476.787860576,0.19852059706732003,1770935203.4701273,1770935203.4701273
4.057091174266093,21,2,62525200537.96168,14082660.938531531,14386907.951599455,62525504813.38734,15925625.900317404,15781999.64478016,-90.45600128173828,-91.44609832763672,-4.331500053405762,4.146200180053711,[0. 0. 0.],[0. 0. 0. 1.],6.2983455293594135,-2.1105455987869037,"(21, 2)",304276.0447921753,304246.8105218336,-62509722814.0014,1538717.94871795,4.18779993057251,-2.1105455987869037,62525200537.67178,14386907.865084134,15925625.813802084,14082661.0545623,62525504813.716576,15781999.715169271,0.18341929524400638,1770935203.5279915,1770935203.5279915
4.326498140592213,30,2,62456323230.13259,11456019.17067786,11760521.733650737,62456627763.09874,13299239.682368686,14121360.580946187,-86.0719985961914,-85.77510070800781,-5.288000106811523,5.197700023651123,[0. 0. 0.],[0. 0. 0. 1.],5.370857095168491,-0.8863571638330416,"(30, 2)",304533.56620025635,304502.1252754405,-62442506402.602554,1538717.94871795,4.484499931335449,-0.8863571638330416,62456323229.979485,11760521.647135416,13299239.595853366,11456019.521859976,62456627763.545685,14121360.943134014,0.19514845681006726,1770935203.5925903,1770935203.5925903
5.036635221013479,31,2,62368609407.882225,56062663.07409849,56369119.49006099,62368915899.77125,57907837.438778944,60842319.37858549,-89.68250274658203,-90.18659973144533,-6.79580020904541,6.08519983291626,[0. 0. 0.],[0. 0. 0. 1.],5.909298044654857,-0.8298979820938222,"(31, 2)",306491.9496154785,306456.17362780124,-62308073580.305626,1538717.9487179518,5.079400062561035,-0.8298979820938222,62368609407.8641,56369119.40354567,57907837.35226362,56062663.22991787,62368915899.81371,60842319.50808794,0.1835684621199814,1770935203.643014,1770935203.643014
6.629798435196491,20,3,61271910249.29061,31537812.56902981,31844480.07976301,61272216961.13887,33383198.02848096,39605935.975485794,-91.072998046875,-90.46890258789062,-0.7049999833106995,0.3892000019550323,[0. 0. 0.],[0. 0. 0. 1.],8.333480663273496,-1.6459806632734963,"(20, 3)",306712.0361328125,306667.3083183095,-61232611025.13926,1538717.948717948,6.6875,-1.6459806632734963,61271910249.21027,31844479.98046875,33383197.929186698,31537812.67215044,61272216961.24641,39605936.107146434,0.18339962285175251,1770935203.68493,1770935203.68493
5.938813940545912,21,3,62740194985.07706,25327465.635940045,25631731.682327114,62740499289.9363,27170449.631045062,29127234.51582225,-84.11990356445312,-84.13050079345703,2.8376998901367188,-2.7314999103546143,[0. 0. 0.],[0. 0. 0. 1.],8.658882207513464,-2.5019822784668335,"(21, 3)",304305.7798690796,304265.5592698343,-62711372055.66306,1538717.948717948,6.156899929046631,-2.5019822784668335,62740194984.78716,25631731.583032854,27170449.531750802,25327466.02376302,62740499290.56703,29127234.903971355,0.2001168057902268,1770935203.742928,1770935203.742928
5.832674973693289,30,3,62669317677.24797,20701040.081383992,21005561.810532242,62669622237.35936,22544279.75925019,25466593.601846352,-87.9395980834961,-87.56520080566406,1.2386000156402588,-1.7312999963760376,[0. 0. 0.],[0. 0. 0. 1.],8.088195173008208,-2.1210950295755904,"(30, 3)",304560.6251220703,304521.35917467996,-62644155643.826004,1538717.948717948,5.967100143432617,-2.1210950295755904,62669317677.094864,21005561.711237982,22544279.65995593,20701040.352063302,62669622237.719986,25466593.89398037,0.18732145166326072,1770935203.8057005,1770935203.8057005
7.196290721081163,31,3,62598604111.40786,15091616.31040591,15396451.233609166,62598908994.116455,16935169.182327114,21969762.149410546,-89.49459838867188,-89.36949920654297,0.397599995136261,-0.5735999941825867,[0. 0. 0.],[0. 0. 0. 1.],8.413408825323614,-1.162509033606085,"(31, 3)",304882.8125,304834.641676683,-62576939231.86374,1538717.94871795,7.250899791717529,-1.162509033606085,62598604111.38973,15396451.134314904,16935169.083032854,15091616.492638221,62598908994.20223,21969762.338491585,0.18393777987767096,1770935203.8672938,1770935203.8672938
4.949150187739811,20,4,61496904496.08547,62590322.48195882,62894183.60214307,61497208391.0107,64432901.55086102,62948138.54090248,-90.14730072021484,-90.59049987792967,-2.7939000129699707,2.544300079345703,[0. 0. 0.],[0. 0. 0. 1.],5.9957967768636635,-0.9840966235128334,"(20, 4)",303895.107170105,303860.8805338517,-61434260252.44982,1538717.9487179518,5.01170015335083,-0.9840966235128334,61496904496.005135,62894183.506109774,64432901.454827726,62590322.62557592,61497208391.112305,62948138.66248497,0.18341862395432584,1770935203.912953,1770935203.912953
4.319940169872488,21,4,62965189183.795,56380512.95644536,56684912.768809736,62965493612.31408,58223630.71752769,52472329.649787016,-84.02629852294922,-83.37539672851562,0.3538999855518341,-1.0234999656677246,[0. 0. 0.],[0. 0. 0. 1.],6.075795992695039,-1.5451959217416702,"(21, 4)",304429.3995361328,304399.335812293,-62913021282.911026,1538717.9487179518,4.530600070953369,-1.5451959217416702,62965189183.505104,56684912.67277644,58223630.62149439,56380513.336964145,62965493612.90464,52472329.993614785,0.19812482072535853,1770935203.9679193,1770935203.9679193
4.909057131558793,30,4,62894311819.87617,51753672.25513539,52058085.845732816,62894616266.417145,53596803.79445077,48811395.58796815,-95.16940307617188,-95.48680114746094,-0.5587000250816345,0.3194000124931335,[0. 0. 0.],[0. 0. 0. 1.],5.940327473034791,-0.9927275851868904,"(30, 4)",304446.72413635254,304413.53039863706,-62845804870.901825,1538717.9487179518,4.9475998878479,-0.9927275851868904,62894311819.72306,52058085.74969952,53596803.69841747,51753672.21930088,62894616266.4472,48811395.5453726,0.18641033758734898,1770935204.0305207,1770935204.0305207
4.6537327016031425,31,4,62824598758.84375,47144374.653741494,47451210.845732816,62824905626.48671,48989928.79445077,46317166.93154859,-83.63829803466797,-83.4385986328125,-1.682800054550171,1.79830002784729,[0. 0. 0.],[0. 0. 0. 1.],6.018622700489663,-1.259222809590005,"(31, 4)",306867.91053009033,306835.7340494767,-62778588459.456,1538717.9487179518,4.759399890899658,-1.259222809590005,62824598758.82562,47451210.74969952,48989928.69841747,47144375.01565004,62824905626.73615,46317167.28014824,0.19686139624740043,1770935204.0932143,1770935204.0932143
2.2013037442847563,20,5,61720898766.9188,26666556.4749119,26970642.164016463,61721202868.51991,28509360.11273441,18076977.268913552,-88.1094970703125,-89.1272964477539,-4.6528000831604,3.9077999591827393,[0. 0. 0.],[0. 0. 0. 1.],3.059692769990478,-0.6981927451949463,"(20, 5)",304101.85985565186,304084.816957131,-61703125890.940155,1538717.948717948,2.361500024795532,-0.6981927451949463,61720898766.83846,26970641.83944311,28509359.788161058,26666557.02248598,61721202868.69832,18076977.75816306,0.18517090424070085,1770935204.138728,1770935204.138728
1.805701175339305,21,5,63193183302.384735,24457203.3968081,24761235.11273441,63193487346.43566,26299953.06145236,11600424.802371327,-81.90229797363281,-82.4677963256836,-1.2180999517440796,0.6834999918937683,[0. 0. 0.],[0. 0. 0. 1.],2.7001653466200923,-0.6640654358840083,"(21, 5)",304044.83110046387,304030.9495192319,-63181886921.58915,1538717.948717948,2.036099910736084,-0.6640654358840083,63193183302.09484,24761234.788161058,26299952.736879006,24457203.838641826,63193487346.92594,11600425.336788863,0.1650571770731657,1770935204.1958692,1770935204.1958692
1.752165633929799,30,5,63122305874.36334,19829962.519209825,20134824.856324155,63122610748.93595,21673542.805042103,7940238.856078067,-80.40229797363281,-80.0708999633789,-2.145699977874756,2.0543999671936035,[0. 0. 0.],[0. 0. 0. 1.],3.307452451537286,-1.4816525095206843,"(30, 5)",304874.6275253296,304861.8570963554,-63114670509.86165,1538717.948717948,1.8257999420166016,-1.4816525095206843,63122305874.210236,20134824.531750802,21673542.48046875,19829962.674654447,63122610748.83776,7940238.976111779,0.06598666217135879,1770935204.2585359,1770935204.2585359
1.7001728990398473,31,5,63051593374.22836,14220883.518044142,14592324.856324153,63051964827.940254,16131042.805042101,4510729.635196123,-81.6603012084961,-81.32759857177734,-3.1916000843048096,3.090100049972534,[0. 0. 0.],[0. 0. 0. 1.],2.987940860432817,-1.2002408034030931,"(31, 5)",371453.6696166992,371440.6174879819,-63047454097.91503,1538717.948717948,1.787700057029724,-1.2002408034030931,63051593374.210236,14592324.531750802,16131042.48046875,14220883.91426282,63051964827.87985,4510729.9648187095,0.13117928326231643,1770935204.3202193,1770935204.3202193
3.205815730732798,20,11,61948893286.14957,49893704.52370634,50199111.46875521,61949198714.90786,51737829.41747316,44423588.81940968,-84.01599884033203,-82.69329833984375,-1.8207000494003296,1.2135000228881836,[0. 0. 0.],[0. 0. 0. 1.],7.238867807619097,-3.917667913667681,"(20, 11)",305429.0927963257,305406.5097906664,-61904775126.091385,1538717.9487179518,3.321199893951416,-3.917667913667681,61948893286.06923,50199111.39072516,51737829.33944311,49893704.88093449,61949198715.162025,44423589.07063802,0.1942142586923196,1770935204.3664339,1770935204.3664339
3.7061623584131773,21,11,63422177396.93601,48684833.09864725,48991523.32772957,63422484111.38652,50530241.27644752,38947954.978378795,-90.82330322265624,-91.75740051269533,1.431399941444397,-1.976199984550476,[0. 0. 0.],[0. 0. 0. 1.],6.76620379035099,-2.936403899832801,"(21, 11)",306715.05658721924,306690.0634765625,-63383536156.67779,1538717.9487179518,3.829799890518189,-2.936403899832801,63422177396.64612,48991523.24969952,50530241.19841747,48684833.186222956,63422484111.702705,38947955.02491486,0.18350525865678574,1770935204.424928,1770935204.424928
2.2579413853337793,20,1,62405881234.86751,30847789.24916748,31154303.777558994,62406187765.38375,32693021.726276945,30897770.003031865,-89.8844985961914,-88.80850219726562,-3.509200096130371,2.967099905014038,[0. 0. 0.],[0. 0. 0. 1.],5.378421035517765,-3.04682108472736,"(20, 1)",306530.79301452637,306514.3135266416,-62375289995.38224,1538717.9487179518,2.3315999507904053,-3.04682108472736,62405881234.78717,31154303.698417466,32693021.647135418,30847789.384890825,62406187765.580185,30897770.197941706,0.18406180189542679,1770935204.8227978,1770935204.8227978
2.6511536962181594,21,1,63876165682.19241,26640597.033322904,26946691.598071817,63876471794.42148,28485409.546789765,22420768.642813545,-83.26180267333984,-82.50959777832031,0.0390999987721443,-0.5234000086784363,[0. 0. 0.],[0. 0. 0. 1.],5.464760744195486,-2.629060709100271,"(21, 1)",306113.0151977539,306094.1725510843,-63854051026.0469,1538717.948717948,2.835700035095215,-2.629060709100271,63876165681.90252,26946691.51893029,28485409.467648238,26640597.346379206,63876471794.91772,22420768.87081831,0.18653750098920902,1770935204.8789642,1770935204.8789642
2.9193795082719314,30,1,63806288053.8505,23012532.44070097,23316475.25191797,63806592016.440384,24855193.200635917,19757402.559439473,-83.73899841308594,-83.50849914550781,-0.7888000011444092,0.8036999702453613,[0. 0. 0.],[0. 0. 0. 1.],5.318561597208403,-2.2458615735572796,"(30, 1)",303963.1691970825,303942.38594250754,-63786834613.97509,1538717.948717948,3.072700023651123,-2.2458615735572796,63806288053.697395,23316475.172776442,24855193.12149439,23012532.786833934,63806592016.86659,19757402.8915014,0.19761136453857267,1770935204.942557,1770935204.942557
2.811008032960134,31,1,63753576739.61296,35403937.86375616,35709744.4826872,63753882565.57229,37248462.43140515,34264363.372249536,-88.39939880371094,-87.57689666748047,-2.388799905776977,2.0181000232696533,[0. 0. 0.],[0. 0. 0. 1.],5.403218332373771,-2.5191183720466226,"(31, 1)",305826.1656188965,305806.32136417925,-63719618202.12238,1538717.9487179518,2.8840999603271484,-2.5191183720466226,63753576739.59483,35709744.40354567,37248462.35226362,35403938.08218149,63753882565.76045,34264363.63807091,0.186660625502184,1770935205.0221221,1770935205.0221221
4.610245272455749,20,2,62649918085.82903,90770.85397670655,394904.74647125014,62650222252.6755,1933622.695189199,6066622.723221376,-84.9729995727539,-85.89209747314453,-7.32390022277832,7.065000057220459,[0. 0. 0.],[0. 0. 0. 1.],5.780256972993651,-1.0358569485795872,"(20, 2)",304167.27702331543,304133.4259815705,-62644155629.94441,1538717.9487179487,4.744400024414063,-1.0358569485795872,62649918085.748695,394904.6599559295,1933622.6086738782,90771.23397435897,62650222253.02572,6066623.0813050885,0.1975857764712647,1770935205.0717454,1770935205.0717454
4.109111616335421,21,2,64130159127.70522,5840637.717594968,6146178.784932788,64130464697.52245,7684896.733650737,7548037.547836038,-89.85350036621094,-92.43560028076172,-4.0157999992370605,3.729899883270264,[0. 0. 0.],[0. 0. 0. 1.],6.2983455293594135,-2.059745752137734,"(21, 2)",305570.3970108032,305540.834084535,-64122916660.23347,1538717.948717949,4.23859977722168,-2.059745752137734,64130159127.41533,6146178.698417468,7684896.647135417,5840637.864332933,64130464697.81234,7548037.578876202,0.1834249582875126,1770935205.132927,1770935205.132927
4.3195737081216325,30,2,64058281483.33768,212039.96416283413,516851.8618558655,64058586325.57839,2055569.8105738142,2886076.8285428276,-86.16850280761719,-86.14810180664062,-5.333600044250488,4.708700180053711,[0. 0. 0.],[0. 0. 0. 1.],5.370857095168491,-0.8960569853052096,"(30, 2)",304842.82664489746,304811.46396734775,-64055700248.83461,1538717.9487179485,4.474800109863281,-0.8960569853052096,64058281483.18457,516851.7753405449,2055569.7240584935,212040.31137319712,64058586326.011215,2886077.176607572,0.19397791123075514,1770935205.1944864,1770935205.1944864
5.0449802023616925,31,2,63987571194.74116,61820389.58244572,62126363.079804584,63987877203.79856,63665081.028522536,66609777.42423368,-90.3917999267578,-90.25389862060548,-6.511799812316895,6.19789981842041,[0. 0. 0.],[0. 0. 0. 1.],5.909298044654857,-0.8275981964798085,"(31, 2)",306009.11458587646,305973.2916416228,-63921267426.287285,1538717.9487179518,5.081699848175049,-0.8275981964798085,63987571194.72303,62126362.99328926,63665080.942007214,61820389.70164764,63987877203.837616,66609777.55033053,0.18342656190787426,1770935205.2562785,1770935205.2562785
6.600717105619659,20,3,62884868975.252106,31301755.37642829,31606795.784891214,62885174059.87798,33145513.733609162,39369188.93639324,-91.40170288085938,-90.92649841308594,-0.7477999925613403,0.4097000062465668,[0. 0. 0.],[0. 0. 0. 1.],8.333480663273496,-1.680480785343808,"(20, 3)",305084.79192352295,305040.2206029631,-62845804870.917465,1538717.948717948,6.652999877929688,-1.680480785343808,62884868975.17177,31606795.685596954,33145513.634314902,31301755.46499399,62885174059.96369,39369189.04622396,0.1834721845672923,1770935205.301377,1770935205.301377
5.896561595714415,21,3,64354153350.46163,26096166.97073607,26399840.656686086,64354457062.72331,27938558.605404034,29891161.36812225,-84.66000366210938,-84.8727035522461,2.448400020599365,-2.819099903106689,[0. 0. 0.],[0. 0. 0. 1.],8.658882207513464,-2.5415821739441284,"(21, 3)",303713.1911087036,303673.18960336596,-64324565901.59777,1538717.948717948,6.117300033569336,-2.5415821739441284,64354153350.17174,26399840.557391826,27938558.506109774,26096167.36778846,64354457063.36285,29891161.76507412,0.19988888167687294,1770935205.3568997,1770935205.3568997
5.827723581848486,30,3,64284275585.90178,22467645.43605681,22772220.464378394,64284580199.27301,24310938.413096342,27230709.3303883,-88.29409790039062,-87.61370086669922,1.8523999452590945,-1.6176999807357788,[0. 0. 0.],[0. 0. 0. 1.],8.088195173008208,-2.1295951287577193,"(30, 3)",304613.88220977783,304574.67886117846,-64257349490.011116,1538717.948717948,5.958600044250488,-2.1295951287577193,64284275585.74867,22772220.365084134,24310938.313802082,22467645.686222956,64284580199.63088,27230709.619766627,0.1867410389926017,1770935205.4205086,1770935205.4205086
6.719192444973207,31,3,64213565842.177055,16860308.15882579,17166627.515660446,64213872206.72003,18705345.464378394,23739131.54138724,-89.56770324707031,-103.74649810791016,0.2980000078678131,-0.7217000126838684,[0. 0. 0.],[0. 0. 0. 1.],8.413408825323614,-1.6863089298463194,"(31, 3)",306364.33918762207,306319.07927684486,-64190133075.07534,1538717.948717948,6.727099895477295,-1.6863089298463194,64213565842.15893,17166627.416366186,18705345.365084134,16860308.33708934,64213872206.498116,23739131.422776442,0.18411559320733656,1770935205.482277,1770935205.482277
4.933508035595672,20,4,63109923606.66236,62411247.8189013,62715169.17906615,63110227561.74497,64253887.127784096,62773463.2309091,-89.78929901123047,-91.23619842529295,-2.8441998958587646,2.5964999198913574,[0. 0. 0.],[0. 0. 0. 1.],5.9957967768636635,-1.0014968882528237,"(20, 4)",303955.23462677,303921.1018880233,-63047454098.49409,1538717.9487179443,4.99429988861084,-1.0014968882528237,63109923606.58202,62715169.083032854,64253887.0317508,62411247.98114483,63110227561.81665,62773463.32256611,0.18340535506636177,1770935205.5320427,1770935205.5320427
4.312271303717046,21,4,64589147284.75649,67145552.24112183,233686.80727127977,64589451858.24073,1772404.7559892284,63236729.45393297,-84.7468032836914,-84.5260009765625,0.5149999856948853,-0.4422999918460846,[0. 0. 0.],[0. 0. 0. 1.],6.075795992695039,-1.5437959278451858,"(21, 4)",304574.4128112793,-66911865.92297676,-64526215129.03353,1538717.9487179487,4.5320000648498535,-1.5437959278451858,64589147284.4666,233686.71123798078,1772404.6599559295,67145552.63421474,64589451858.87941,63236729.84587841,0.2001547804571295,1770935205.591955,1770935205.591955
4.898636104210033,30,4,64503269880.77357,47517025.28446875,47820962.44829692,64503573850.796295,49359680.39701487,44575133.70376066,-95.55950164794922,-96.91120147705078,-0.823199987411499,0.0251000002026557,[0. 0. 0.],[0. 0. 0. 1.],5.940327473034791,-1.0081275180482185,"(30, 4)",303970.1804122925,303937.111879006,-64458998717.165184,1538717.9487179518,4.932199954986572,-1.0081275180482185,64503269880.62046,47820962.35226362,49359680.300981574,47517025.240384616,64503573850.80087,44575133.635692105,0.18704583622063295,1770935205.6394813,1770935205.6394813
4.64586333623159,31,4,64415560898.26679,24910105.043898135,25217621.10214307,64415868445.73688,26756339.050861023,24086140.090504043,-82.62460327148438,-83.18659973144531,-1.6847000122070312,1.732200026512146,[0. 0. 0.],[0. 0. 0. 1.],6.018622700489663,-1.284622494496011,"(31, 4)",307547.7169723511,307515.6969901845,-64391782305.54722,1538717.9487179518,4.734000205993652,-1.284622494496011,64415560898.248665,25217621.006109774,26756338.954827726,24910105.30911959,64415868445.96564,24086140.418419473,0.18713249375659602,1770935205.689616,1770935205.689616
2.2021183532011612,20,5,63250714247.687996,10497706.754029483,10801699.856324153,63251018256.66408,12340417.805042101,1914929.2965851466,-87.85890197753906,-88.16629791259766,-4.27839994430542,4.09499979019165,[0. 0. 0.],[0. 0. 0. 1.],3.059692769990478,-0.6869927940230709,"(20, 5)",304009.2898635864,303992.2156700734,-63249103327.05665,1538717.948717948,2.3726999759674072,-0.6869927940230709,63250714247.60766,10801699.531750802,12340417.48046875,10497707.316080729,63251018256.89752,1914929.8408703925,0.1865449197381751,1770935205.73155,1770935205.73155
1.8123108775984396,21,5,64785142236.679565,3220470.515100348,3524344.0870933835,64785446122.62125,5063062.035811333,57581765.04360028,-82.3687973022461,-82.55699920654297,-0.9350000023841858,0.3846000134944916,[0. 0. 0.],[0. 0. 0. 1.],2.7001653466200923,-0.6438654217696285,"(21, 5)",303886.7344055176,303872.7276141825,-64727864357.53351,1538717.948717949,2.056299924850464,-0.6438654217696285,64785142236.38967,3524343.762520032,5063061.711237981,3220471.0349058495,64785446123.12408,57581765.59056991,0.17544267082098364,1770935205.7879515,1770935205.7879515
1.7514578029881176,30,5,64699264776.606895,50808021.010691576,51112180.62555493,64699568948.45128,52650898.57427287,38921002.47400572,-80.24739837646484,-80.33170318603516,-2.2128000259399414,2.04229998588562,[0. 0. 0.],[0. 0. 0. 1.],3.307452451537286,-1.4814524763328178,"(30, 5)",304171.9250793457,304159.1546474397,-64660647945.75905,1538717.9487179443,1.825999975204468,-1.4814524763328178,64699264776.45379,51112180.300981574,52650898.24969952,50808021.146334134,64699568948.37887,38921002.619816706,0.06699953917439574,1770935205.835521,1770935205.835521
1.7003400499269195,31,5,64611556250.83089,28201278.041435875,28570377.74093954,64611925362.88362,30109095.689657487,18493828.61855715,-81.9884033203125,-81.92220306396484,-3.2065000534057617,3.647900104522705,[0. 0. 0.],[0. 0. 0. 1.],2.987940860432817,-1.1734408861820238,"(31, 5)",369112.1262817383,369098.9176432304,-64593431533.87504,1538717.948717948,1.8144999742507932,-1.1734408861820238,64611556250.81276,28570377.416366186,30109095.365084134,28201278.498722956,64611925362.93904,18493829.064002402,0.15549549386039993,1770935205.8858638,1770935205.8858638
3.198773833533767,20,11,63441636819.803375,63873712.11286166,64179287.75080649,63441942417.22334,65718005.69952444,58406265.57214872,-82.9375,-82.9489974975586,-1.993000030517578,1.1818000078201294,[0. 0. 0.],[0. 0. 0. 1.],7.238867807619097,-3.931767750017168,"(20, 11)",305597.7845840454,305575.2798227146,-63383536151.65413,1538717.9487179518,3.3071000576019287,-3.931767750017168,63441636819.72304,64179287.67277644,65718005.62149439,63873712.39295372,63441942417.50762,58406265.85349058,0.18812023824290586,1770935205.930286,1770935205.930286
3.6278600368117777,21,11,64989136972.256485,2453025.318832525,2761619.4815757195,64989445590.0867,4300337.430293668,59931997.6403058,-91.98560333251952,-92.31490325927734,1.583199977874756,-1.3279999494552612,[0. 0. 0.],[0. 0. 0. 1.],6.76620379035099,-3.025403886481361,"(21, 11)",308618.4144668579,308594.047350761,-64929513592.71604,1538717.948717949,3.740799903869629,-3.025403886481361,64989136971.96659,2761619.403545673,4300337.352263622,2453025.356194912,64989445590.38106,59931997.66501402,0.18393989052795445,1770935205.9919415,1770935205.9919415
2.2376720687801495,20,1,63950623574.61106,29607592.121594198,29914544.16217438,63950930542.52428,31453262.11089233,29663111.3400628,-89.5968017578125,-88.43180084228516,-3.2167000770568848,2.914999961853028,[0. 0. 0.],[0. 0. 0. 1.],5.378421035517765,-3.0615210206404453,"(20, 1)",306968.2116317749,306951.81039663777,-63921267431.18574,1538717.948717948,2.31690001487732,-3.0615210206404453,63950623574.53072,29914544.083032854,31453262.031750802,29607592.272636216,63950930542.742355,29663111.556615584,0.18450078304646483,1770935206.4403272,1770935206.4403272
2.5927710160387822,21,1,65498123839.24365,35404931.98699653,35712613.07243079,65498431537.653725,37251331.02114874,31186665.971652165,-82.92040252685547,-82.38490295410156,-0.3100999891757965,-0.3576000034809112,[0. 0. 0.],[0. 0. 0. 1.],5.464760744195486,-2.695160829644705,"(21, 1)",307699.17806243896,307680.72666265815,-65467244871.9503,1538717.9487179518,2.769599914550781,-2.695160829644705,65498123838.95376,35712612.99328926,37251330.942007214,35404932.266626604,65498431538.13182,31186666.181515425,0.18092464368030348,1770935206.5009065,1770935206.5009065
2.943810432219471,30,1,65428245770.196625,31774773.811677895,32078774.93140515,65428549791.26429,33617492.8801231,28521331.26082764,-83.67539978027344,-83.03240203857422,-1.0774999856948853,0.8008999824523926,[0. 0. 0.],[0. 0. 0. 1.],5.318561597208403,-2.228061480860136,"(30, 1)",304021.6064453125,304000.6979917884,-65400028460.0976,1538717.9487179518,3.0905001163482666,-2.228061480860136,65428245770.04352,32078774.852263622,33617492.800981574,31774774.154271834,65428549791.64996,28521331.552358773,0.19470327169824062,1770935206.5644774,1770935206.5644774
2.815752488817048,31,1,65358538702.75395,27168719.099209268,27473534.546789765,65358843537.556206,29012252.495507713,26031489.12411593,-88.79969787597656,-88.5115966796875,-2.477299928665161,1.7164000272750854,[0. 0. 0.],[0. 0. 0. 1.],5.403218332373771,-2.5258184109565347,"(31, 1)",304834.9546737671,304815.17302684486,-65332812048.35444,1538717.948717948,2.8773999214172363,-2.5258184109565347,65358538702.735825,27473534.467648238,29012252.416366186,27168719.294621393,65358843537.6905,26031489.3360627,0.18504573549651288,1770935206.6271434,1770935206.6271434
4.6224334092211565,20,2,64188617484.86746,60017265.85390136,60340970.45159946,64188941222.66105,61879688.40031741,66024567.16168534,-85.66329956054688,-84.85749816894531,-7.685200214385986,7.214900016784668,[0. 0. 0.],[0. 0. 0. 1.],5.780256972993651,-1.0224568707597639,"(20, 2)",323738.2468185425,323704.14538261294,-64122916655.4915,1538717.9487179518,4.757800102233887,-1.0224568707597639,64188617484.787125,60340970.365084134,61879688.313802086,60017266.21970152,64188941223.03394,66024567.54244291,0.19829874432920352,1770935206.6733038,1770935206.6733038
4.109834242219947,21,2,65726117957.83339,55815300.14059641,56122741.28493279,65726425427.728195,57661459.23365074,57531331.793580495,-90.67459869384766,-91.41380310058594,-3.8471999168396,3.9440999031066895,[0. 0. 0.],[0. 0. 0. 1.],6.2983455293594135,-2.0590457551894916,"(21, 2)",307470.5153274536,307440.95239884406,-65668894096.19347,1538717.9487179443,4.239299774169922,-2.0590457551894916,65726117957.543495,56122741.19841747,57661459.147135414,55815300.246018626,65726425428.05882,57531331.865359575,0.18343968548971548,1770935206.7289035,1770935206.7289035
4.306393211675043,30,2,65656239824.68379,52184579.670771755,52490906.34903535,65656546181.671394,54029624.297753304,54868497.25889903,-85.82710266113281,-86.02870178222656,-5.140900135040283,4.858699798583984,[0. 0. 0.],[0. 0. 0. 1.],5.370857095168491,-0.906457280562778,"(30, 2)",306357.57837677,306326.23134515435,-65601677684.49726,1538717.9487179518,4.464399814605713,-0.906457280562778,65656239824.530685,52490906.26252003,54029624.21123798,52184580.031174876,65656546182.10906,54868497.61180389,0.19512026755611045,1770935206.7924962,1770935206.7924962
5.046490900053228,31,2,65585533326.151375,46578592.424204856,46885569.81057382,65585840339.11096,48424287.75929177,51379066.567180976,-90.052001953125,-90.87989807128906,-6.185800075531006,5.816100120544434,[0. 0. 0.],[0. 0. 0. 1.],5.909298044654857,-0.8279982628555409,"(31, 2)",307012.98640441895,306977.16346153617,-65534461272.45674,1538717.9487179518,5.081299781799316,-0.8279982628555409,65585533326.13325,46885569.724058494,48424287.672776446,46578592.56059696,65585840339.11965,51379066.662910655,0.18340613548501047,1770935206.854252,1770935206.854252
6.612161259844941,20,3,64415611659.54694,16066069.998057205,16372404.759250192,64415918038.56213,17911122.70796814,24135731.519689973,-90.70189666748048,-90.08450317382812,-0.7580000162124634,0.2533000111579895,[0. 0. 0.],[0. 0. 0. 1.],8.333480663273496,-1.6580808830000588,"(20, 3)",306379.2223815918,306334.54151642695,-64391782307.01832,1538717.948717948,6.6753997802734375,-1.6580808830000588,64415611659.466606,16372404.65995593,17911122.608673878,16066070.118439503,64415918038.68899,24135731.670673076,0.18341534529730974,1770935206.8988025,1770935206.8988025
5.9057378097231865,21,3,65952112124.50005,10865245.49618901,11169135.52848096,65952416053.17185,12707853.47719891,14656305.678511841,-84.7406997680664,-85.04029846191406,2.0815000534057617,-2.6821999549865723,[0. 0. 0.],[0. 0. 0. 1.],8.658882207513464,-2.5325823494202027,"(21, 3)",303929.599861145,303889.5357572101,-65937759747.73592,1538717.94871795,6.126299858093262,-2.5325823494202027,65952112124.21016,11169135.429186698,12707853.377904648,10865245.893429488,65952416053.81002,14656306.07409355,0.19956129369220132,1770935206.9548807,1770935206.9548807
5.816187271127124,30,3,65867234319.8761,59451441.66076281,59757597.0669425,65867540513.54848,61296315.01566044,64213587.72410858,-88.19889831542969,-87.46179962158203,1.23580002784729,-2.0804998874664307,[0. 0. 0.],[0. 0. 0. 1.],8.088195173008208,-2.1389950196573775,"(30, 3)",306194.1919555664,306155.0512069315,-65803326925.89286,1538717.9487179443,5.94920015335083,-2.1389950196573775,65867234319.72299,59757596.96764824,61296314.91636618,59451441.91644131,65867540513.91495,64213588.02208534,0.18711500940116296,1770935207.0036066,1770935207.0036066
6.780716062874505,31,3,65779528574.548805,36846395.712555766,37152861.49001942,65779835085.4213,38691579.43873737,43724571.82560739,-89.58889770507812,-104.2581024169922,0.1527000069618225,-0.7860000133514404,[0. 0. 0.],[0. 0. 0. 1.],8.413408825323614,-1.6252089237428038,"(31, 3)",306510.66706848145,306465.50105167925,-65736110513.49239,1538717.9487179518,6.7881999015808105,-1.6252089237428038,65779528574.53068,37152861.39072516,38691579.33944311,36846395.88967348,65779835085.19775,43724571.705353566,0.18414190114178472,1770935207.053969,1770935207.053969
4.944678057393637,20,4,64616606539.35463,23112496.016904105,23416707.64060461,64616910784.76061,24955425.58932256,23479250.2709099,-90.67459869384766,-91.22460174560548,-2.712899923324585,2.470700025558472,[0. 0. 0.],[0. 0. 0. 1.],5.9957967768636635,-0.9968968401876381,"(20, 4)",304245.55851745605,304211.4101312086,-64593431534.46973,1538717.948717948,4.998899936676025,-0.9968968401876381,64616606539.27429,23416707.544571314,24955425.493289262,23112496.134440105,64616910784.83281,23479250.36308093,0.1834223618147638,1770935207.096084,1770935207.096084
4.31311458855897,21,4,66152106972.25646,16912145.081421465,17216651.550861023,66152411507.40251,18755369.49957897,13002532.508851225,-84.08550262451172,-83.82230377197266,0.5810999870300293,-0.7450000047683716,[0. 0. 0.],[0. 0. 0. 1.],6.075795992695039,-1.5475958431589065,"(21, 4)",304536.0545578003,304505.99083533883,-66139408975.14039,1538717.948717948,4.528200149536133,-1.5475958431589065,66152106971.96657,17216651.454827726,18755369.403545674,16912145.463992387,66152411508.021126,13002532.880734175,0.19958833174322338,1770935207.1548753,1770935207.1548753
4.910464071220439,30,4,66082228718.91455,13281172.141808277,13585625.909835383,66082533205.64547,15124343.858553331,10340642.524327688,-95.74109649658205,-95.5177993774414,-0.7394000291824341,0.5532000064849854,[0. 0. 0.],[0. 0. 0. 1.],5.940327473034791,-0.9931276515626228,"(30, 4)",304486.91343688965,304453.71970152296,-66072192563.19379,1538717.948717948,4.947199821472168,-0.9931276515626228,66082228718.761444,13585625.813802084,15124343.762520032,13281172.094100561,66082533205.67488,10340642.481094752,0.18664101425045007,1770935207.218471,1770935207.218471
4.601017225107363,31,4,66012523205.95906,8675995.936152373,8982893.538040511,66012830134.75697,10521611.48675846,7853983.379343209,-83.04290008544922,-83.51499938964844,-1.3885999917984009,1.8020999431610107,[0. 0. 0.],[0. 0. 0. 1.],6.018622700489663,-1.3182228248487942,"(31, 4)",306929.070892334,306897.191756811,-66004976151.27848,1538717.948717948,4.700399875640869,-1.3182228248487942,66012523205.94093,8982893.442007212,10521611.39072516,8675996.250250401,66012830135.011826,7853983.7333483575,0.1937779423397434,1770935207.2811832,1770935207.2811832
2.2169847258847524,20,5,64841600786.1495,55399932.48666835,55704576.458888255,64841905446.07555,57243294.40760621,46824682.70110427,-87.85179901123047,-88.74710083007812,-4.592299938201904,4.364099979400635,[0. 0. 0.],[0. 0. 0. 1.],3.059692769990478,-0.6770927009444576,"(20, 5)",304660.2063293457,304643.0851862952,-64795080763.0636,1538717.9487179518,2.3826000690460205,-0.6770927009444576,64841600786.06916,55704576.1343149,57243294.083032854,55399933.04912861,64841905446.27549,46824683.21188902,0.185854416491372,1770935207.3265405,1770935207.3265405
1.8114346143919815,21,5,66381101066.80774,53200042.42816368,53505065.240939535,66381406101.96989,55043783.18965749,40347898.16018648,-81.47260284423828,-82.10590362548828,-1.4294999837875366,0.7152000069618225,[0. 0. 0.],[0. 0. 0. 1.],2.7001653466200923,-0.6792653355574703,"(21, 5)",305035.88553619385,305022.1291566491,-66341058203.765564,1538717.9487179518,2.020900011062622,-0.6792653355574703,66381101066.517845,53505064.91636618,55043782.865084134,53200042.78720953,66381406102.40338,40347898.63782051,0.14683908374177848,1770935207.383865,1770935207.383865
1.7574533031757649,30,5,66310222773.401726,48568694.10257048,48872861.71529851,66310526953.290184,50411579.66401646,36685161.190396294,-80.25360107421875,-80.4437026977539,-2.115000009536743,2.125200033187866,[0. 0. 0.],[0. 0. 0. 1.],3.307452451537286,-1.4729524963599787,"(30, 5)",304179.98485565186,304167.1518179104,-66273841791.88156,1538717.9487179518,1.8344999551773071,-1.4729524963599787,66310222773.24862,48872861.39072516,50411579.33944311,48568694.23890725,66310526953.233475,36685161.35191306,0.0684680699210788,1770935207.4464192,1770935207.4464192
1.6628409720736934,31,5,66238517853.39495,41963773.334955156,42330113.317862615,66238884205.55902,43868831.26658057,32258825.500107665,-81.47339630126953,-81.61280059814453,-2.959700107574463,2.839600086212158,[0. 0. 0.],[0. 0. 0. 1.],2.987940860432817,-1.234340859097673,"(31, 5)",366352.1791152954,366339.2991286069,-66206625379.66889,1538717.9487179518,1.753600001335144,-1.234340859097673,66238517853.37682,42330112.99328926,43868830.942007214,41963773.694160655,66238884205.55594,32258825.88704427,0.1341409360569401,1770935207.5072489,1770935207.5072489
3.200524745029603,20,11,65068595337.43154,10419354.911864594,10724816.596960334,65068900820.907074,12263534.545678284,4954412.830009875,-83.2030029296875,-83.23290252685547,-2.039499998092652,1.5011999607086182,[0. 0. 0.],[0. 0. 0. 1.],7.238867807619097,-3.921867895357134,"(20, 11)",305483.86794281006,305461.30058092996,-65063946408.08,1538717.94871795,3.316999912261963,-3.921867895357134,65068595337.351204,10724816.518930288,12263534.467648238,10419355.218349358,65068900821.21915,4954413.1391476365,0.19298845995884245,1770935207.553376,1770935207.553376
3.6491986820876825,21,11,66607095241.48722,7219988.1409053,7525786.148242386,66607401063.346664,9064504.096960334,64693624.93425829,-91.83660125732422,-92.38990020751952,1.563599944114685,-2.0088000297546387,[0. 0. 0.],[0. 0. 0. 1.],6.76620379035099,-3.003703742667274,"(21, 11)",305822.44090270996,305797.8859925885,-66542707438.68205,1538717.948717948,3.762500047683716,-3.003703742667274,66607095241.19733,7525786.07021234,9064504.018930288,7219988.1842197515,66607401063.63823,64693624.95617989,0.18391341030726804,1770935207.6098692,1770935207.6098692
2.2700952442228863,20,1,65539582933.58538,5368072.554766406,5676875.89294361,65539891753.002525,7215593.841661559,5430475.586244814,-89.75060272216797,-89.73419952392578,-3.164599895477295,2.948499917984009,[0. 0. 0.],[0. 0. 0. 1.],5.378421035517765,-3.041321006526066,"(20, 1)",308819.6426773071,308803.11623597704,-65534461277.4178,1538717.948717949,2.337100028991699,-3.041321006526066,65539582933.50504,5676875.813802083,7215593.762520032,5368072.697566106,65539891753.14772,5430475.729917869,0.18367933451263505,1770935208.0244875,1770935208.0244875
2.642929694483599,21,1,67078083094.05131,2170351.4918679018,2475874.2903795084,67078388634.48106,4014592.239097457,65166326.76072955,-83.57820129394531,-83.29329681396484,0.2196999937295913,-0.1852999925613403,[0. 0. 0.],[0. 0. 0. 1.],5.464760744195486,-2.6206607457213646,"(21, 1)",305541.3035888672,305522.3826873,-67013222307.988556,1538717.9487179485,2.844099998474121,-2.6206607457213646,67078083093.76141,2475874.211237981,4014592.1599559295,2170351.828550681,67078388635.065,65166327.076447316,0.19579184063097954,1770935208.080882,1770935208.080882
2.958710012267905,30,1,67007204592.311966,64754571.811845265,65058590.63653336,67007508631.15621,66597308.5852513,61502735.114510246,-83.12220001220703,-83.2157974243164,-1.0915000438690186,0.8464999794960022,[0. 0. 0.],[0. 0. 0. 1.],5.318561597208403,-2.216861529688261,"(30, 1)",304039.4005432129,304018.4451372251,-66946005896.13585,1538717.9487179443,3.1017000675201416,-2.216861529688261,67007204592.15886,65058590.55739183,66597308.506109774,64754572.112254605,67007508631.5594,61502735.423552684,0.1922290217957896,1770935208.143407,1770935208.143407
2.8176367432915312,31,1,66937501290.894936,60150580.71336845,60455441.59807181,66937806171.14077,61994159.546789765,59016686.779981,-87.89820098876953,-87.34819793701172,-2.3282999992370605,1.5618000030517578,[0. 0. 0.],[0. 0. 0. 1.],5.403218332373771,-2.5061183606025312,"(31, 1)",304880.4649963379,304860.5581430271,-66878789484.283134,1538717.9487179518,2.89709997177124,-2.5061183606025312,66937501290.87681,60455441.518930286,61994159.46764824,60150580.96078726,66937806171.341805,59016687.05866887,0.18775734056180982,1770935208.2061315,1770935208.2061315
4.594818412708621,20,2,65767577100.25204,25771355.57130903,26101619.490060996,65767907397.24343,27640337.438778944,31796895.652856648,-85.02729797363281,-84.8478012084961,-7.395599842071533,6.994200229644775,[0. 0. 0.],[0. 0. 0. 1.],5.780256972993651,-1.0479571683061506,"(20, 2)",330297.44466400146,330263.452774439,-65736110501.58271,1538717.948717948,4.7322998046875,-1.0479571683061506,65767577100.1717,26101619.403545674,27640337.352263622,25771355.950771235,65767907397.61636,31796896.033653844,0.19941336232723514,1770935208.251895,1770935208.251895
4.08122827036423,21,2,67304077260.71797,20574092.47836902,20883422.37467638,67304386619.14109,22422140.32339433,22298676.849221595,-90.76740264892578,-91.20919799804688,-4.340799808502197,4.308199882507324,[0. 0. 0.],[0. 0. 0. 1.],6.2983455293594135,-2.0869454973159565,"(21, 2)",309359.0526046753,309329.70878405496,-67282087942.55072,1538717.948717948,4.211400032043457,-2.0869454973159565,67304077260.42808,20883422.288161058,22422140.236879006,20574092.579377003,67304386619.48068,22298676.92996294,0.18343013389914906,1770935208.30689,1770935208.30689
4.331187736675145,30,2,67234198670.8376,16941315.979824163,17245930.387496892,67234503315.71129,18784648.33621484,19631785.144977655,-86.21939849853516,-86.04039764404297,-5.361599922180176,4.852099895477295,[0. 0. 0.],[0. 0. 0. 1.],5.370857095168491,-0.8840569013818698,"(30, 2)",304645.4639968872,304613.9761117771,-67214871530.65107,1538717.948717948,4.486800193786621,-0.8840569013818698,67234198670.684494,17245930.30098157,18784648.249699518,16941316.324869793,67234503316.14849,19631785.497420873,0.1941222129252851,1770935208.3705022,1770935208.3705022
5.06579252148174,31,2,67162496531.27955,10337995.262599578,10643943.20800971,67162802514.93307,12182661.15672766,15147396.298069788,-89.99349975585938,-90.17749786376952,-6.373000144958496,6.368299961090088,[0. 0. 0.],[0. 0. 0. 1.],5.909298044654857,-0.8030978264541737,"(31, 2)",305983.7145690918,305947.7194761615,-67147655118.54796,1538717.94871795,5.106200218200684,-0.8030978264541737,67162496531.26142,10643943.12149439,12182661.07021234,10337995.402018229,67162802514.97599,15147396.428034855,0.18349719477913778,1770935208.4311137,1770935208.4311137
6.604510961014234,20,3,65991571371.085365,46047428.61014999,46354063.413096346,65991878050.10386,47892781.36181429,54118307.226623006,-90.71900177001952,-90.87989807128906,-0.7059000134468079,0.3194000124931335,[0. 0. 0.],[0. 0. 0. 1.],8.333480663273496,-1.671780891392392,"(20, 3)",306679.1866989136,306634.5840845406,-65937759742.85311,1538717.9487179443,6.661699771881104,-1.671780891392392,65991571371.00503,46354063.313802086,47892781.26252003,46047428.729717545,65991878050.19173,54118307.33861679,0.1834029261736112,1770935208.4761708,1770935208.4761708
5.949858300383064,21,3,67530071435.39745,42851209.74341876,43155353.477198906,67530375618.02122,44694071.42591686,46638434.41137983,-84.51029968261719,-84.6135025024414,2.135499954223633,-2.87310004234314,[0. 0. 0.],[0. 0. 0. 1.],8.658882207513464,-2.488382405877722,"(21, 3)",304183.55305480957,304143.2385566905,-67483737183.852425,1538717.9487179518,6.170499801635742,-2.488382405877722,67530071435.10756,43155353.377904646,44694071.3266226,42851210.139347956,67530375618.660614,46638434.80819311,0.200263061501023,1770935208.5330265,1770935208.5330265
5.8077165325772055,30,3,67460192773.4017,39218565.91144086,39523510.52848096,67460497756.25849,41062228.477198906,43976984.42116618,-88.3395004272461,-87.67970275878906,1.3308000564575195,-2.0897998809814453,[0. 0. 0.],[0. 0. 0. 1.],8.088195173008208,-2.1504953782389205,"(30, 3)",304983.3640060425,304944.27020733804,-67416520771.90582,1538717.9487179443,5.937699794769287,-2.1504953782389205,67460192773.2486,39523510.4291867,41062228.377904646,39218566.158979364,67460497756.6126,43976984.70678085,0.18658061896956857,1770935208.5963986,1770935208.5963986
6.241792988347508,31,3,67389490585.76672,33615364.5938019,33921907.964378394,67389797171.1597,35460625.913096346,40492814.039400004,-104.1811981201172,-100.12629699707033,0.4208999872207641,-0.7049999833106995,[0. 0. 0.],[0. 0. 0. 1.],8.413408825323614,-2.2055087780213682,"(31, 3)",306585.20820617676,306543.3913010806,-67349304357.017,1538717.9487179518,6.207900047302246,-2.2055087780213682,67389490585.7486,33921907.865084134,35460625.813802086,33615364.47378305,67389797170.9568,40492813.93980368,0.18965143354777883,1770935208.6581767,1770935208.6581767
4.944451273845955,20,4,66218565561.79049,11873353.511057017,12178790.973937947,66218871033.034195,13717508.922655895,12245652.375028346,-90.29730224609376,-90.26319885253906,-3.2772998809814453,2.525700092315674,[0. 0. 0.],[0. 0. 0. 1.],5.9957967768636635,-0.9874969492879799,"(20, 4)",305471.4418106079,305437.230819311,-66206625380.63919,1538717.948717948,5.008299827575684,-0.9874969492879799,66218565561.71015,12178790.877904648,13717508.826622596,11873353.647085337,66218871033.15196,12245652.512770433,0.18343597588537594,1770935208.7036102,1770935208.7036102
4.290311783122392,21,4,67758065553.98719,9677647.176370231,9981675.589322561,67758369610.92784,11520393.538040511,5766789.896019555,-84.2759017944336,-84.40239715576172,0.3323999941349029,-0.5260999798774719,[0. 0. 0.],[0. 0. 0. 1.],6.075795992695039,-1.5667961681711136,"(21, 4)",304057.8675918579,304027.9290614985,-67752602821.27856,1538717.94871795,4.508999824523926,-1.5667961681711136,67758065553.697296,9981675.493289262,11520393.442007212,9677647.564227764,67758369611.56489,5766790.286333133,0.20037497491707604,1770935208.7609262,1770935208.7609262
4.9517777049133125,30,4,67688186827.88888,6044575.835803381,6350000.909835382,67688492286.12756,7888718.858553331,3105876.4770160047,-94.28140258789062,-96.36180114746094,-0.2644000053405761,0.5437999963760376,[0. 0. 0.],[0. 0. 0. 1.],5.940327473034791,-0.9492276385926521,"(30, 4)",305458.40531921387,305424.99248798005,-67685386409.7232,1538717.948717949,4.991099834442139,-0.9492276385926521,67688186827.73577,6350000.813802083,7888718.762520032,6044575.821314103,67688492286.14109,3105876.41789363,0.18631176283481396,1770935208.8244655,1770935208.8244655
4.615431642306844,31,4,67617485185.12569,441540.9815422857,749055.3970148695,67617792730.77494,2287773.345732818,66839143.2025675,-83.89520263671875,-82.79239654541016,-1.6334999799728394,1.593400001525879,[0. 0. 0.],[0. 0. 0. 1.],6.018622700489663,-1.30482274702897,"(31, 4)",307545.8546218872,307513.9441856971,-67550953587.47322,1538717.9487179485,4.713799953460693,-1.30482274702897,67617485185.10756,749055.3009815705,2287773.249699519,441541.3567958734,67617792730.96218,66839143.48895733,0.19427293151016783,1770935208.886212,1770935208.886212
2.213615125711846,20,5,66447559560.18792,48157922.604272984,48462140.56145236,66447863794.14289,50000858.51017031,39589184.95893732,-88.48480224609375,-89.15360260009766,-4.245800018310547,4.425600051879883,[0. 0. 0.],[0. 0. 0. 1.],3.059692769990478,-0.6893927154403072,"(20, 5)",304234.21224212646,304217.1067457944,-66408274608.87311,1538717.9487179518,2.370300054550171,-0.6893927154403072,66447559560.10758,48462140.236879006,50000858.18559696,48157923.13013321,66447863794.319824,39589185.446714744,0.184770609994863,1770935208.9317768,1770935208.9317768
1.797849453650354,21,5,67985059696.615395,43962986.89980498,44268302.42042672,67985365024.4074,45807020.36914466,31112974.50649279,-82.17630004882812,-82.26370239257812,-1.2935999631881714,0.5260999798774719,[0. 0. 0.],[0. 0. 0. 1.],2.7001653466200923,-0.6694653782820796,"(21, 5)",305328.5412902832,305314.70665565133,-67954252049.85677,1538717.9487179443,2.0306999683380127,-0.6694653782820796,67985059696.3255,44268302.095853366,45807020.04457131,43962987.389197715,67985365024.86679,31112975.010016024,0.1667988387892516,1770935208.9878795,1770935208.9878795
1.6784538869214436,31,5,68026475473.58722,15072544.28098979,15436026.779401075,68026838968.299675,16974744.728119027,5370511.05167624,-81.76080322265625,-82.2490005493164,-3.272599935531616,3.6219000816345215,[0. 0. 0.],[0. 0. 0. 1.],2.987940860432817,-1.1930409199420942,"(31, 5)",363494.84174346924,363481.75831330195,-68021468456.85798,1538717.94871795,1.7948999404907229,-1.1930409199420942,68026475473.56909,15436026.454827724,16974744.403545674,15072544.696514422,68026838968.410835,5370511.5528595755,0.15745875982875437,1770935209.2975218,1770935209.2975218
3.2189133288672758,20,11,66918548005.70073,45525960.252288975,45829808.584139824,66918851875.918724,47368526.532857776,40062390.793431,-83.78600311279297,-82.81900024414062,-2.1466000080108643,1.337299942970276,[0. 0. 0.],[0. 0. 0. 1.],7.238867807619097,-3.9037678720874807,"(20, 11)",303870.5679092407,303847.90665064007,-66878789485.12823,1538717.9487179518,3.335099935531616,-3.9037678720874807,66918548005.62039,45829808.506109774,47368526.454827726,45525960.599459134,66918851876.1883,40062391.06007111,0.19382116392757773,1770935209.407,1770935209.407
3.7359500091293634,21,11,68465047300.78204,50331869.557842195,50637741.27644752,68465353196.89422,52176459.225165464,40586271.114566766,-91.47049713134766,-91.43800354003906,1.4901000261306765,-1.9184999465942385,[0. 0. 0.],[0. 0. 0. 1.],6.76620379035099,-2.909003883048134,"(21, 11)",305896.73165130615,305871.58203125,-68424766926.04929,1538717.9487179443,3.857199907302856,-2.909003883048134,68465047300.49215,50637741.19841747,52176459.147135414,50331869.61638622,68465353197.2238,40586271.174504206,0.18357536079954007,1770935209.4679308,1770935209.4679308
2.284868495423649,20,1,67375535954.41867,26472205.432325058,26778790.957046174,67375842556.12986,28317508.90576412,26538201.868804216,-90.66449737548828,-88.85970306396484,-3.6386001110076895,2.7688000202178955,[0. 0. 0.],[0. 0. 0. 1.],5.378421035517765,-3.0262210042372475,"(20, 1)",306601.9850463867,306585.349058494,-67349304354.26258,1538717.948717948,2.3522000312805176,-3.0262210042372475,67375535954.33833,26778790.877904646,28317508.826622594,26472205.528846152,67375842556.32338,26538202.060797274,0.18373193751740022,1770935209.8598216,1770935209.8598216
2.6535355943723897,21,1,68912035770.33333,21279976.780045975,21588214.033969253,68912344025.3237,23126931.9826872,17062230.59608263,-83.39640045166016,-82.47599792480469,-0.0093000000342726,-0.0408999994397163,[0. 0. 0.],[0. 0. 0. 1.],5.464760744195486,-2.6257607575469257,"(21, 1)",308255.7717285156,308236.85083634034,-68895281794.99585,1538717.948717948,2.83899998664856,-2.6257607575469257,68912035770.04343,21588213.954827726,23126931.903545674,21279977.103991386,68912344025.81516,17062230.819310896,0.18746224569232883,1770935209.9148796,1770935209.9148796
2.9251786365522885,30,1,68842156691.6709,17645362.481480647,17949023.328841045,68842460372.34152,19487741.277558994,14394989.261218749,-84.20800018310547,-82.9656982421875,-0.98989999294281,0.8866000175476074,[0. 0. 0.],[0. 0. 0. 1.],5.318561597208403,-2.244461579660795,"(30, 1)",303681.2024230957,303660.40352063254,-68828065383.17444,1538717.948717948,3.0741000175476074,-2.244461579660795,68842156691.51779,17949023.249699518,19487741.198417466,17645362.846178886,68842460372.72021,14394989.545773238,0.19691119496429807,1770935209.9785001,1770935209.9785001
2.840081662538989,31,1,68772457781.27951,13043792.836118061,13349480.059610277,68772763488.01543,14888198.008328225,11914516.475187197,-88.42160034179688,-88.36740112304688,-2.136399984359741,1.4322999715805054,[0. 0. 0.],[0. 0. 0. 1.],5.403218332373771,-2.4970184002753824,"(31, 1)",305706.89666748047,305686.9272085335,-68760848971.46259,1538717.948717948,2.9061999320983887,-2.4970184002753824,68772457781.26138,13349479.98046875,14888197.929186698,13043793.053260216,68772763488.15805,11914516.695462741,0.1855805309542462,1770935210.041075,1770935210.041075
4.599215604365638,20,2,67601530177.17507,44867787.941165544,45205681.99006099,67601868104.37476,46744399.938778944,50914525.82986222,-85.02169799804688,-84.66940307617188,-7.479400157928467,7.386300086975098,[0. 0. 0.],[0. 0. 0. 1.],5.780256972993651,-1.0435569150102522,"(20, 2)",337927.65299224854,337893.58285757154,-67550953578.53704,1538717.9487179518,4.736700057983398,-1.0435569150102522,67601530177.094734,45205681.90354567,46744399.85226362,44867788.3206881,67601868104.74773,50914526.2106871,0.19969173051415173,1770935210.0864909,1770935210.0864909
4.058993603893344,21,2,69140029888.92307,41675902.41061799,41987428.78493279,69140341443.723,43526146.73365074,43410424.695901036,-90.87640380859376,-91.28279876708984,-4.410699844360352,4.122900009155273,[0. 0. 0.],[0. 0. 0. 1.],6.2983455293594135,-2.1103453271804584,"(21, 2)",311555.4261779785,311526.1919070557,-69096931019.28595,1538717.9487179443,4.188000202178955,-2.1103453271804584,69140029888.63316,41987428.69841747,43526146.647135414,41675902.506510414,69140341444.05934,43410424.77338742,0.18345042304628964,1770935210.1428206,1770935210.1428206
4.320696656026558,30,2,69070150738.14526,38040717.669707686,38345169.169548176,69070455220.00621,39883887.11826612,40740612.34471399,-85.99729919433594,-85.99150085449219,-5.170700073242188,4.815800189971924,[0. 0. 0.],[0. 0. 0. 1.],5.370857095168491,-0.8929570669397311,"(30, 2)",304482.45317077637,304451.05919471383,-69029714607.74626,1538717.9487179443,4.47790002822876,-0.8929570669397311,69070150737.99216,38345169.083032854,39883887.0317508,38040718.02383814,69070455220.44533,40740612.69906851,0.1947863693601346,1770935210.2064495,1770935210.2064495
5.059402257646902,31,2,68999452396.66412,32439215.49053385,32745161.15672766,68999758377.93665,34283879.10544561,37260182.08126887,-89.8844985961914,-90.7707977294922,-6.375800132751465,6.068399906158447,[0. 0. 0.],[0. 0. 0. 1.],5.909298044654857,-0.812997919532787,"(31, 2)",305981.30445861816,305945.4345703125,-68962498195.76834,1538717.948717948,5.09630012512207,-0.812997919532787,68999452396.646,32745161.070212338,34283879.018930286,32439215.635642026,68999758377.95045,37260182.18211639,0.18343025950396533,1770935210.2681873,1770935210.2681873
6.583693089635443,20,3,67829524207.62379,1939710.9834795902,2244552.1951476266,67829829092.93295,3783270.143865575,10009862.98582297,-90.77780151367188,-90.32230377197266,-0.7039999961853027,0.3407999873161316,[0. 0. 0.],[0. 0. 0. 1.],8.333480663273496,-1.6889808845259378,"(20, 3)",304885.5043029785,304840.99559294875,-67819819229.923004,1538717.9487179485,6.644499778747559,-1.6889808845259378,67829524207.54345,2244552.0958533655,3783270.044571314,1939711.1002604167,67829829093.04775,10009863.124749599,0.1833973971574656,1770935210.3134892,1770935210.3134892
5.913744512529928,21,3,69368024007.5128,65965488.21426587,66269664.3746348,69368328222.36229,591972.0669424982,2531551.7764534787,-84.48490142822266,-85.122802734375,2.483799934387207,-2.988600015640259,[0. 0. 0.],[0. 0. 0. 1.],8.658882207513464,-2.5248823829895386,"(21, 3)",304215.7764892578,304175.66543970257,-69365796670.82841,-65677692.307692304,6.133999824523926,-2.5248823829895386,69368024007.2229,66269664.27534054,591971.9676482371,65965488.60990084,69368328222.99939,2531552.1709735575,0.19982259835242408,1770935210.3707612,1770935210.3707612
6.333535038957113,31,3,69397521523.26668,25155064.78819212,25461106.682327114,69397827607.73569,26999824.631045062,32030942.62577105,-99.11540222167967,-95.5385971069336,0.2169000059366226,-0.5532000064849854,[0. 0. 0.],[0. 0. 0. 1.],8.413408825323614,-2.1004086231446593,"(31, 3)",306084.344329834,306041.8857672289,-69365796665.00662,1538717.948717948,6.313000202178955,-2.1004086231446593,69397521523.24855,25461106.583032854,26999824.531750802,25155064.697265625,69397827607.59288,32030942.58626302,0.18757442972391827,1770935210.6686084,1770935210.6686084
4.9377731061032915,20,4,68290512548.969925,106044.766098223,409904.7559892285,68290816442.67348,1948622.7047071771,482343.97174028895,-90.53089904785156,-90.25389862060548,-2.446500062942505,2.3598999977111816,[0. 0. 0.],[0. 0. 0. 1.],5.9957967768636635,-0.9958969126668862,"(20, 4)",303893.90212249756,303859.7693810096,-68290334098.68176,1538717.9487179487,4.999899864196777,-0.9958969126668862,68290512548.88959,409904.6599559295,1948622.6086738782,106044.89057491987,68290816442.79171,482344.1099509215,0.18341404714061169,1770935210.7679498,1770935210.7679498
4.343961505250789,21,4,69843011739.88458,10916147.255737834,11220393.538040511,69843316015.00302,12759111.48675846,7004475.772132906,-84.68820190429688,-84.36799621582031,0.5698999762535095,-0.6118000149726868,[0. 0. 0.],[0. 0. 0. 1.],6.075795992695039,-1.5124958599435745,"(21, 4)",304276.0447998047,304245.7932692319,-69836311539.47762,1538717.948717948,4.563300132751465,-1.5124958599435745,69843011739.59468,11220393.442007212,12759111.39072516,10916147.64873798,69843316015.63948,7004476.161858974,0.2003045571053868,1770935210.8459046,1770935210.8459046
5.813538024132365,30,4,69772132396.79909,6280365.732337175,6584848.666245639,69772436917.65706,8123566.614963587,3341785.0498126703,-96.04620361328124,-81.1843032836914,-0.7990000247955322,0.6499999761581421,[0. 0. 0.],[0. 0. 0. 1.],5.940327473034791,-0.0830276683472908,"(30, 4)",304521.09312438965,304482.891376202,-69769095132.67989,1538717.948717948,5.8572998046875,-0.0830276683472908,69772132396.64598,6584848.57021234,8123566.518930288,6280365.678836138,69772436917.7391,3341785.0592197515,0.19994043114670504,1770935210.908513,1770935210.908513
4.662853581029074,31,4,69684436587.36923,50897374.62874292,51203742.89701487,69684742987.15808,52742460.845732816,50080681.496173,-82.743896484375,-82.75759887695312,-1.4732999801635742,1.4565000534057615,[0. 0. 0.],[0. 0. 0. 1.],6.018622700489663,-1.272222821034097,"(31, 4)",306399.9899902344,306367.89175180346,-69634662305.56274,1538717.9487179443,4.746399879455566,-1.272222821034097,69684436587.3511,51203742.800981574,52742460.74969952,50897374.90922977,69684742987.3411,50080681.778345354,0.18372894701494896,1770935210.9585645,1770935210.9585645
2.21752470861973,20,5,68519506691.59813,36387386.42952184,36691379.34350364,68519810700.47634,38230097.29222159,27827373.046367794,-87.8677978515625,-88.63939666748047,-4.30079984664917,3.852799892425537,[0. 0. 0.],[0. 0. 0. 1.],3.059692769990478,-0.6756927070479732,"(20, 5)",304009.16466522217,303992.0278695896,-68491983327.11913,1538717.9487179518,2.384000062942505,-0.6756927070479732,68519506691.51779,36691379.018930286,38230096.96764824,36387386.9910607,68519810700.68246,27827373.56332632,0.18595148700766956,1770935211.0000167,1770935211.0000167
1.7797699705974954,21,5,70055006267.12817,30198497.828893673,30503783.189657487,70055311564.6148,32042501.138375435,17350796.64003282,-81.7260971069336,-82.63420104980469,-1.5879000425338743,1.4333000183105469,[0. 0. 0.],[0. 0. 0. 1.],2.7001653466200923,-0.6914654526686763,"(21, 5)",305298.2897644043,305284.6272786446,-70037960767.93065,1538717.948717948,2.008699893951416,-0.6914654526686763,70055006266.83827,30503782.865084134,32042500.813802082,30198498.23780549,70055311565.12804,17350797.197390825,0.16427125638430037,1770935211.0578206,1770935211.0578206
1.763467974145043,30,5,69985126835.90164,26562307.55512448,26866467.484529283,69985431008.15309,28405185.43324723,14686651.982139926,-80.48899841308594,-81.19339752197266,-2.1373000144958496,1.9500999450683596,[0. 0. 0.],[0. 0. 0. 1.],3.307452451537286,-1.4410524481040583,"(30, 5)",304172.48847961426,304159.43634815887,-69970744355.95273,1538717.948717948,1.8664000034332275,-1.4410524481040583,69985126835.74854,26866467.15995593,28405185.108673878,26562307.72360777,69985431008.23701,14686652.284279848,0.09093635245748288,1770935211.1214564,1770935211.1214564
1.6750866512329774,31,5,69913430697.94615,19962229.217206858,20322685.43324723,69913791166.30867,21861403.38196518,10263221.724733027,-82.00180053710938,-82.74559783935547,-3.381599903106689,3.2950000762939453,[0. 0. 0.],[0. 0. 0. 1.],2.987940860432817,-1.1791408783618942,"(31, 5)",360468.5621948242,360455.43181590363,-69903527944.19392,1538717.948717948,1.8087999820709229,-1.1791408783618942,69913430697.92802,20322685.108673878,21861403.057391826,19962229.676857974,69913791166.49022,10263222.296299078,0.1719225747707043,1770935211.1820977,1770935211.1820977
3.2312844798806575,20,11,68744501298.96992,56633218.0836453,56937989.673883416,68744806092.5456,58476707.62260136,51173530.57551417,-82.97840118408203,-83.22309875488281,-1.998600006103516,1.0299999713897705,[0. 0. 0.],[0. 0. 0. 1.],7.238867807619097,-3.894567775957109,"(20, 11)",304793.9672241211,304771.22771434486,-68693632561.97302,1538717.9487179443,3.3443000316619877,-3.894567775957109,68744501298.88959,56937989.595853366,58476707.54457131,56633218.36813902,68744806092.85681,51173530.88378906,0.19107099052852783,1770935211.2290606,1770935211.2290606
3.60480971884245,21,11,70267000802.38458,37445124.77852131,37753782.943114184,70267309484.12236,39292500.891832136,27699481.71702829,-91.3936996459961,-92.12570190429688,1.4602999687194824,-1.722000002861023,[0. 0. 0.],[0. 0. 0. 1.],6.76620379035099,-3.043703704520301,"(21, 11)",308682.3292236328,308658.0247145444,-70239610002.67499,1538717.9487179518,3.722500085830689,-3.043703704520301,70267000802.09468,37753782.865084134,39292500.813802086,37445124.84036959,70267309484.4239,27699481.748923276,0.1837095482383014,1770935211.2699656,1770935211.2699656
2.280237527283629,20,1,69106273422.36736,9577297.391028019,9884359.867302585,69106580500.97879,11423077.816020533,9649479.941548966,-89.72049713134766,-89.35700225830078,-3.1338999271392822,2.9839000701904297,[0. 0. 0.],[0. 0. 0. 1.],5.378421035517765,-3.027821031321598,"(20, 1)",307078.857421875,307062.25272936746,-69096931021.03877,1538717.948717948,2.350600004196167,-3.027821031321598,69106273422.28702,9884359.788161058,11423077.736879006,9577297.53543169,69106580501.14444,9649480.10566907,0.18384130876822022,1770935211.6508222,1770935211.6508222
2.6702599369110493,21,1,70709989376.10252,4390538.070140309,4698510.508328226,70710297366.34802,6237228.457046174,172494.49392468814,-82.75160217285156,-83.06289672851562,-0.0260000005364418,-0.0847000032663345,[0. 0. 0.],[0. 0. 0. 1.],5.464760744195486,-2.607860767465139,"(21, 1)",307991.0982513428,307972.099108574,-70710124872.12233,1538717.948717948,2.8568999767303467,-2.607860767465139,70709989375.81262,4698510.429186699,6237228.377904647,4390538.330078125,70710297366.91087,172494.78853665866,0.1873038618611528,1770935211.7130237,1770935211.7130237
2.9327653241407785,30,1,70639109776.60675,66969995.56150846,57508.90576412341,70639413720.0723,1596226.854482072,63721670.27841483,-83.37799835205078,-83.50849914550781,-1.187399983406067,1.0644999742507937,[0. 0. 0.],[0. 0. 0. 1.],5.318561597208403,-2.236061616281889,"(30, 1)",303944.04486083984,-66912487.057416864,-70575692049.88803,1538717.9487179485,3.0824999809265137,-2.236061616281889,70639109776.45364,57508.826622596156,1596226.7753405448,66969995.88403946,70639413720.4985,63721670.61047676,0.1958951938702603,1770935211.7754042,1770935211.7754042
2.7944035485232592,31,1,70569415145.06152,62370793.979955964,62675665.95704617,70569720036.28503,64214383.905764125,61244398.28162419,-87.6865005493164,-87.47319793701172,-2.196899890899658,1.6344000101089478,[0. 0. 0.],[0. 0. 0. 1.],5.403218332373771,-2.528618398749503,"(31, 1)",304891.4356689453,304871.6383713931,-70508475637.92575,1538717.9487179518,2.874599933624268,-2.528618398749503,70569415145.0434,62675665.877904646,64214383.8266226,62370794.23953325,70569720036.47906,61244398.5533103,0.18787884992211015,1770935211.838168,1770935211.838168
4.6048421666351995,20,2,69332267789.35452,27965411.340279084,28310786.15672766,69332613197.43483,29849504.105445612,34032952.317194685,-84.77030181884766,-85.26509857177734,-7.697299957275391,7.354599952697754,[0. 0. 0.],[0. 0. 0. 1.],5.780256972993651,-1.0384571416032697,"(20, 2)",345408.52864074707,345374.3489583321,-69298580245.10977,1538717.9487179518,4.741799831390381,-1.0384571416032697,69332267789.27419,28310786.070212338,29849504.01893029,27965411.721254006,69332613197.80283,34032952.69305889,0.1991709071422722,1770935211.8838482,1770935211.8838482
4.08392251360805,21,2,70935983542.76918,22778909.138149668,23092597.05416356,70936297259.28647,24631315.00288151,24523163.33633025,-90.76740264892578,-91.85880279541016,-4.366899967193604,3.971100091934204,[0. 0. 0.],[0. 0. 0. 1.],6.2983455293594135,-2.088245355409218,"(21, 2)",313717.1192626953,313687.7284905873,-70911774096.209,1538717.948717948,4.210100173950195,-2.088245355409218,70935983542.47928,23092596.967648238,24631314.916366186,22778909.23915765,70936297259.59854,24523163.389548276,0.1835098109777972,1770935211.9388342,1770935211.9388342
4.289391977505691,30,2,70868103799.04265,21141303.463826835,21445321.41313792,70868407847.2131,22984039.36185587,23850162.988523893,-85.93070220947266,-86.0779037475586,-5.378300189971924,4.80649995803833,[0. 0. 0.],[0. 0. 0. 1.],5.370857095168491,-0.9243572706445651,"(30, 2)",304048.75926208496,304017.50613481924,-70844557684.30934,1538717.948717948,4.446499824523926,-0.9243572706445651,70868103798.88954,21445321.326622598,22984039.275340546,21141303.82048778,70868407847.6488,23850163.339468148,0.19474054145051667,1770935212.0044127,1770935212.0044127
5.043300887200704,31,2,70797409736.40767,15542171.191988926,15848053.784932788,70797715654.54578,17386771.73365074,20374382.00210347,-89.9531021118164,-91.06179809570312,-6.167200088500977,6.121500015258789,[0. 0. 0.],[0. 0. 0. 1.],5.909298044654857,-0.831698042366039,"(31, 2)",305918.1565551758,305882.36490885355,-70777341272.45663,1538717.94871795,5.077600002288818,-0.831698042366039,70797409736.38954,15848053.698417468,17386771.647135418,15542171.333508614,70797715654.5461,20374382.089468148,0.18340320167209256,1770935212.0660734,1770935212.0660734
6.5903312247504084,20,3,69559287997.68785,51292198.01613459,51597837.45155788,69559593681.21576,53136555.400275834,59364194.60801767,-90.58719635009766,-91.41780090332033,-0.6686000227928162,0.8669999837875366,[0. 0. 0.],[0. 0. 0. 1.],8.333480663273496,-1.6885808181502053,"(20, 3)",305683.6719970703,305639.210236378,-69500229486.58362,1538717.9487179518,6.644899845123291,-1.6885808181502053,69559287997.60751,51597837.35226362,53136555.300981574,51292198.142027244,69559593681.27951,59364194.69588842,0.18343013131356917,1770935212.1115432,1770935212.1115432
5.9208655051391785,21,3,71164977637.32045,48080736.79953168,48385008.92591686,71165281948.16466,49923726.8746348,51858610.81828486,-84.48249816894531,-84.81770324707031,2.354300022125244,-3.242799997329712,[0. 0. 0.],[0. 0. 0. 1.],8.658882207513464,-2.5173822113281616,"(21, 3)",304311.7738494873,304271.63148538023,-71113423337.58896,1538717.9487179443,6.141499996185303,-2.5173822113281616,71164977637.03055,48385008.8266226,49923726.77534054,48080737.19513722,71165281948.8044,51858611.215444714,0.20013431082786012,1770935212.1678326,1770935212.1678326
6.8234484352575,31,3,71209489239.6128,22280678.414480653,22586723.6695066,71209795330.13306,24125441.61822455,29155585.189197764,-95.96499633789062,-89.4457015991211,0.3948000073432922,-1.019700050354004,[0. 0. 0.],[0. 0. 0. 1.],8.413408825323614,-1.5704088901734679,"(31, 3)",306090.6199951172,306045.20357571915,-71180639744.84056,1538717.9487179518,6.8429999351501465,-1.5704088901734679,71209489239.59467,22586723.570212338,24125441.51893029,22280678.36663662,71209795330.21466,29155585.374098558,0.18363084469838759,1770935212.4805727,1770935212.4805727
4.945926392605545,20,4,69966119792.55963,62514539.165340796,62818390.3329123,69966423677.50761,64357108.281630255,62895732.71466935,-90.44309997558594,-90.74659729003906,-2.817199945449829,2.496799945831299,[0. 0. 0.],[0. 0. 0. 1.],5.9957967768636635,-0.9906970034566811,"(20, 4)",303885.1224517822,303850.94275841117,-69903527944.77296,1538717.9487179518,5.005099773406982,-0.9906970034566811,69966119792.4793,62818390.236879006,64357108.18559696,62514539.294120595,69966423677.60175,62895732.82877604,0.18339538755704213,1770935212.5778785,1770935212.5778785
4.30174447181496,21,4,71651965057.19225,5027270.343665019,5331579.435476408,71652269394.86938,6870297.384194357,1114778.8719584462,-84.10639953613281,-83.49929809570312,0.554099977016449,-0.5493999719619751,[0. 0. 0.],[0. 0. 0. 1.],6.075795992695039,-1.561695917926973,"(21, 4)",304338.566696167,304308.612530048,-71651154616.24416,1538717.948717949,4.514100074768066,-1.561695917926973,71651965056.90234,5331579.339443109,6870297.288161058,5027270.726913061,71652269395.46904,1114779.2248848157,0.19880468730400117,1770935212.6548798,1770935212.6548798
4.94822219938753,30,4,71582085145.19647,1389088.990233482,1693510.5252199976,71582389599.93701,3232228.4739379464,65667805.99981927,-94.7416000366211,-95.43569946289062,-0.5102999806404114,0.0688999965786933,[0. 0. 0.],[0. 0. 0. 1.],5.940327473034791,-0.9519274905823982,"(30, 4)",304454.92475891113,304421.46496895025,-71516721794.00984,1538717.9487179487,4.988399982452393,-0.9519274905823982,71582085145.04337,1693510.4291866987,3232228.3779046475,1389088.9642177485,71582389599.96812,65667805.95828325,0.18621503435805123,1770935212.7184649,1770935212.7184649
4.64634146001196,31,4,71494393029.67688,46007867.741892174,46315521.74316871,71494700715.13718,47854239.69188666,45195332.78699305,-82.77629852294922,-83.80549621582031,-1.243299961090088,1.4677000045776367,[0. 0. 0.],[0. 0. 0. 1.],6.018622700489663,-1.2748225372206203,"(31, 4)",307685.75033569336,307653.6207932681,-71449505382.25104,1538717.9487179518,4.743800163269043,-1.2748225372206203,71494393029.65875,46315521.647135414,47854239.595853366,46007868.026342146,71494700715.40909,45195333.158052884,0.19360842086545316,1770935212.7687576,1770935212.7687576
2.211374080802592,20,5,70196027428.77757,32490019.60271835,32794953.06145236,70196332378.1631,34333671.01017031,23938794.32292113,-87.71730041503906,-88.4114990234375,-4.439599990844727,3.7894999980926514,[0. 0. 0.],[0. 0. 0. 1.],3.059692769990478,-0.6785928306441651,"(20, 5)",304949.6851196289,304932.56397736445,-70172393583.52934,1538717.9487179518,2.381099939346313,-0.6785928306441651,70196027428.69724,32794952.736879006,34333670.68559696,32490020.17290164,70196332378.38235,23938794.853014823,0.1864330449367043,1770935212.8104045,1770935212.8104045
1.814015884650613,21,5,71865959536.3589,26306633.903835278,26611731.907606207,71866264646.6983,28150449.856324155,13460801.706583366,-81.67230224609375,-81.7874984741211,-1.5645999908447266,1.0216000080108645,[0. 0. 0.],[0. 0. 0. 1.],2.7001653466200923,-0.6792653355574703,"(21, 5)",305111.0057373047,305097.2806490399,-71852803844.94759,1538717.948717948,2.020900011062622,-0.6792653355574703,71865959536.069,26611731.583032854,28150449.531750802,26306634.302383814,71866264647.07474,13460802.127153445,0.14434523347561665,1770935212.8689995,1770935212.8689995
1.7315221888513086,30,5,71797079528.20929,23668033.916295618,23972765.56145236,71797384271.95505,25511483.510170307,11796838.814101776,-80.41290283203125,-80.53060150146484,-2.0543999671936035,1.7862000465393066,[0. 0. 0.],[0. 0. 0. 1.],3.307452451537286,-1.4938525074226008,"(30, 5)",304743.85580444336,304731.1636117771,-71785587432.92273,1538717.948717948,1.813599944114685,-1.4938525074226008,71797079528.05618,23972765.236879006,25511483.185596954,23668034.07326723,71797384271.91199,11796838.989257812,0.0727633629497598,1770935212.9333777,1770935212.9333777
1.6692710444728511,31,5,71726387685.1256,18070318.037281495,18427861.715298515,71726745240.92528,19966579.664016463,8374219.512199879,-82.07479858398438,-82.2759017944336,-3.332200050354004,3.5492000579833984,[0. 0. 0.],[0. 0. 0. 1.],2.987940860432817,-1.1928408867542282,"(31, 5)",357555.93324279785,357542.88110977784,-71718371021.02306,1538717.948717948,1.7950999736785889,-1.1928408867542282,71726387685.10747,18427861.390725162,19966579.33944311,18070318.509615384,71726745241.04071,8374220.0176532455,0.16499018684296293,1770935212.9950876,1770935212.9950876
3.2078778748777466,20,11,70421022172.36731,52740909.96933963,53044808.584139824,70421326092.81013,54583526.532857776,47283274.42984923,-82.97319793701172,-83.0718002319336,-2.075900077819824,1.486299991607666,[0. 0. 0.],[0. 0. 0. 1.],7.238867807619097,-3.9201677324695607,"(20, 11)",303920.8201904297,303898.25282952935,-70374042818.38322,1538717.9487179518,3.318700075149536,-3.9201677324695607,70421022172.28697,53044808.506109774,54583526.454827726,52740910.253280245,70421326093.10716,47283274.723933294,0.18968052410416777,1770935213.044499,1770935213.044499
3.707224989473934,21,11,72103953390.52556,59557548.48648684,59864263.71234495,72104260129.95805,61402981.6610629,49807050.36363065,-91.43800354003906,-91.49099731445312,1.4732999801635742,-1.791800022125244,[0. 0. 0.],[0. 0. 0. 1.],6.76620379035099,-2.937803893729286,"(21, 11)",306740.04971313477,306715.087890625,-72054453079.86407,1538717.9487179518,3.828399896621704,-2.937803893729286,72103953390.23566,59864263.6343149,61402981.583032854,59557548.54642428,72104260130.28537,49807050.42129908,0.18357955641963813,1770935213.106901,1770935213.106901
2.2416029586952075,20,1,70875010217.2391,30681589.0890834,30988318.200635917,70875316962.28316,32527036.149353866,30759274.860997766,-89.78099822998047,-89.59950256347656,-3.171099901199341,3.034199953079224,[0. 0. 0.],[0. 0. 0. 1.],5.378421035517765,-3.0689210564986,"(20, 1)",306745.2768096924,306728.8912259601,-70844557687.42369,1538717.948717948,2.309499979019165,-3.0689210564986,70875010217.15877,30988318.12149439,32527036.070212338,30681589.23026843,70875316962.43558,30759275.01189403,0.1837168904562813,1770935213.493245,1770935213.493245
2.6323520598217858,21,1,72545941988.28197,25500117.07057256,25806988.07243079,72546248876.85693,27345706.021148738,21280928.17369385,-82.28919982910156,-82.33529663085938,-0.4059999883174896,-0.0604999996721744,[0. 0. 0.],[0. 0. 0. 1.],5.464760744195486,-2.6693608399443876,"(21, 1)",306889.33543395996,306870.7275390625,-72524967948.95148,1538717.948717948,2.795399904251098,-2.6693608399443876,72545941987.99207,25806987.993289262,27345705.94200721,25500117.2657502,72546248877.3275,21280928.37602664,0.1702874223981897,1770935213.5488317,1770935213.5488317
2.9365380086252233,30,1,72476061803.85031,21860723.436622526,22164648.328841045,72476365748.62022,23703366.277558994,18614211.584301535,-84.11689758300781,-83.23780059814453,-1.3178000450134275,1.0858999490737915,[0. 0. 0.],[0. 0. 0. 1.],5.318561597208403,-2.2295616105598426,"(30, 1)",303945.3281402588,303924.45099659264,-72457751537.13007,1538717.948717948,3.08899998664856,-2.2295616105598426,72476061803.6972,22164648.249699518,23703366.198417466,21860723.798702925,72476365749.02534,18614211.89528245,0.19787360458983033,1770935213.6123624,1770935213.6123624
2.8356581335874274,31,1,72406371563.3307,17263950.978144284,17567837.43140515,72406675469.28212,19106555.380123097,16140343.98972399,-88.66500091552734,-87.60530090332031,-2.2081000804901123,1.3531999588012695,[0. 0. 0.],[0. 0. 0. 1.],5.403218332373771,-2.4969182644721593,"(31, 1)",303906.1560974121,303886.1709985994,-72390535125.21474,1538717.948717948,2.9063000679016118,-2.4969182644721593,72406371563.31258,17567837.352263622,19106555.30098157,17263951.181265023,72406675469.46867,16140344.25393129,0.1862924605376936,1770935213.675104,1770935213.675104
4.574201065239315,20,2,71124043254.09807,4884012.201390776,5197725.2592917625,71124356999.99896,6736443.2080097115,10933678.036551563,-85.30940246582031,-85.7042007446289,-7.451499938964844,7.269899845123291,[0. 0. 0.],[0. 0. 0. 1.],5.780256972993651,-1.0716569287431623,"(20, 2)",313746.337890625,313712.596404247,-71113423321.95456,1538717.948717949,4.708600044250488,-1.0716569287431623,71124043254.01773,5197725.172776442,6736443.121494391,4884012.576372195,71124357000.35562,10933678.401066707,0.1971602856914501,1770935213.7358434,1770935213.7358434
4.111945469616139,21,2,72808935193.41016,13663183.397886723,13979127.502881506,72809251166.27135,15517845.451599455,15417582.938297039,-91.81439971923828,-91.1103973388672,-3.84820008277893,4.100599765777588,[0. 0. 0.],[0. 0. 0. 1.],6.2983455293594135,-2.0622453325210346,"(21, 2)",315973.4951019287,315943.96346654743,-72793833583.59189,1538717.948717948,4.236100196838379,-2.0622453325210346,72808935193.12025,13979127.416366186,15517845.365084134,13663183.452899639,72809251166.61536,15417583.02346254,0.1835728827864908,1770935213.811849,1770935213.811849
4.2628735438217245,30,2,72753054576.2862,24022747.239057943,24327228.46441997,72753359087.63559,25865946.413137916,26741916.62281706,-86.23030090332031,-87.06390380859375,-5.337399959564209,5.044000148773193,[0. 0. 0.],[0. 0. 0. 1.],5.370857095168491,-0.9597571844324069,"(30, 2)",304511.8908996582,304480.7942708321,-72726617171.09753,1538717.948717948,4.411099910736084,-0.9597571844324069,72753054576.13309,24327228.377904646,25865946.326622594,24022747.583633814,72753359088.02399,26741916.92645733,0.19173056552035214,1770935213.8894353,1770935213.8894353
5.039469363218025,31,2,72681365040.8948,17426131.517246153,17732004.105445612,72681670948.95898,19270722.05416356,22270189.016774125,-90.03730010986328,-90.49819946289062,-6.723199844360352,5.895199775695801,[0. 0. 0.],[0. 0. 0. 1.],5.909298044654857,-0.832198244544994,"(31, 2)",305908.1092224121,305872.364533253,-72659400759.85516,1538717.948717948,5.077099800109863,-0.832198244544994,72681365040.87668,17732004.01893029,19270721.967648238,17426131.654397037,72681670948.9859,22270189.130734175,0.18344054302788523,1770935213.9527915,1770935213.9527915
6.624837013488843,20,3,71401996739.67499,11940329.749389416,12247084.246429678,71402303538.4952,13785802.195147628,20014564.708007626,-91.71829986572266,-90.89420318603516,-0.7674000263214111,0.3007999956607818,[0. 0. 0.],[0. 0. 0. 1.],8.333480663273496,-1.6581805419661233,"(20, 3)",306798.9877471924,306754.3225410655,-71382288973.76306,1538717.94871795,6.675300121307373,-1.6581805419661233,71401996739.59465,12247084.147135416,13785802.095853366,11940329.82459435,71402303538.5824,20014564.819335938,0.18351246260144327,1770935214.0137355,1770935214.0137355
5.910063448631648,21,3,73071928406.55118,5760598.094519364,6067148.34899378,73072234995.4548,7605866.297711729,9535760.719541058,-85.13700103759766,-85.41639709472656,2.5350000858306885,-2.8162999153137207,[0. 0. 0.],[0. 0. 0. 1.],8.658882207513464,-2.5295820900207886,"(21, 3)",306589.82496643066,306549.760867388,-73062699234.97784,1538717.948717949,6.129300117492676,-2.5295820900207886,73071928406.26128,6067148.249699519,7605866.198417468,5760598.488832131,73072234996.08624,9535761.108398438,0.19816343579406515,1770935214.07489,1770935214.07489
5.79922614074356,30,3,73009047741.3503,9120362.032643449,9425497.70796814,73009352915.227,10964215.656686088,13870092.20164903,-88.56559753417969,-88.41560363769531,1.315000057220459,-2.2035000324249268,[0. 0. 0.],[0. 0. 0. 1.],8.088195173008208,-2.167295304996733,"(30, 3)",305174.34144592285,305135.341546474,-72995482823.09384,1538717.948717948,5.920899868011475,-2.167295304996733,73009047741.19719,9425497.608673878,10964215.557391826,9120362.267127404,73009352915.53864,13870092.444786659,0.18537272529313678,1770935214.14529,1770935214.14529
6.882586715333414,31,3,72921359199.54865,53741283.56868129,54047693.22078865,72921665654.33052,55586411.1695066,60615650.315938175,-96.78450012207033,-89.572998046875,0.4135000109672546,-1.1576000452041626,[0. 0. 0.],[0. 0. 0. 1.],8.413408825323614,-1.5144086574769346,"(31, 3)",306454.87467956543,306409.6147586107,-72861050003.91129,1538717.9487179518,6.89900016784668,-1.5144086574769346,72921359199.53052,54047693.12149439,55586411.07021234,53741283.50673578,72921665654.4052,60615650.49391527,0.18375338507243416,1770935214.1958141,1770935214.1958141
4.9574933714609015,20,4,71622991090.63652,38971080.549664736,39277893.53804051,71623297937.47757,40816611.486758456,39359736.21181823,-90.05789947509766,-91.03589630126952,-3.00440001487732,2.414900064468384,[0. 0. 0.],[0. 0. 0. 1.],5.9957967768636635,-0.9781967173543862,"(20, 4)",306847.0020751953,306812.744140625,-71583938201.24579,1538717.9487179443,5.017600059509277,-0.9781967173543862,71622991090.55618,39277893.442007214,40816611.39072516,38971080.69786659,71623297937.55826,39359736.31247496,0.1833990047076378,1770935214.2377474,1770935214.2377474
4.293286323606726,21,4,73291922733.47426,31791902.701410696,32095850.26880974,73292226709.55832,33634568.21752769,27878247.344484262,-85.11990356445312,-84.10269927978516,0.2440000027418136,-0.3174999952316284,[0. 0. 0.],[0. 0. 0. 1.],6.075795992695039,-1.5644959057199417,"(21, 4)",303977.00382995605,303947.0809545256,-73264348462.46057,1538717.948717948,4.511300086975098,-1.5644959057199417,73291922733.18436,32095850.172776442,33634568.12149439,31791903.091821916,73292226710.18819,27878247.727614183,0.2002367718679304,1770935214.294942,1770935214.294942
4.906892674683453,30,4,73221042364.74773,27151595.90115705,27456347.063681535,73221347148.8588,28995065.012399483,24215098.605275527,-95.90799713134766,-95.42549896240234,-0.7888000011444092,0.6370000243186951,[0. 0. 0.],[0. 0. 0. 1.],5.940327473034791,-0.9969275668763435,"(30, 4)",304784.295501709,304751.11741286144,-73197132050.32617,1538717.948717948,4.943399906158447,-0.9969275668763435,73221042364.59462,27456346.967648238,28995064.916366186,27151595.850235377,73221347148.89012,24215098.563952323,0.18666503751757096,1770935214.3573465,1770935214.3573465
4.619248696303124,31,4,73151353903.07428,22555831.821050864,22863550.58932256,73151661653.13652,24402268.538040508,21746014.45437195,-83.13240051269531,-83.16059875488281,-1.5263999700546265,1.832800030708313,[0. 0. 0.],[0. 0. 0. 1.],6.018622700489663,-1.3030226867567531,"(31, 4)",307750.3067474365,307718.34935897216,-73129915638.58301,1538717.948717948,4.71560001373291,-1.3030226867567531,73151353903.05615,22863550.493289262,24402268.44200721,22555832.14393029,73151661653.3629,21746014.779897835,0.19186964702575293,1770935214.4200854,1770935214.4200854
2.2240455688861753,20,5,71846045129.09805,2090300.9247657699,2394159.7922215885,71846349003.96965,3932877.7409395375,60761573.96000205,-87.93599700927734,-88.99610137939453,-4.703100204467773,4.05679988861084,[0. 0. 0.],[0. 0. 0. 1.],3.059692769990478,-0.6727928218703609,"(20, 5)",303875.1377258301,303857.98527644225,-71785587429.6988,1538717.948717949,2.386899948120117,-0.6727928218703609,71846045129.01772,2394159.467648237,3932877.416366186,2090301.4823717948,71846349004.15544,60761574.45663061,0.18549340500396738,1770935214.4647512,1770935214.4647512
1.784181182107984,21,5,73519916852.064,67068227.23191517,156956.26658056327,73520222003.56302,1695674.215298512,54224312.777451016,-81.5260009765625,-82.92669677734375,-1.6186000108718872,0.9573000073432922,[0. 0. 0.],[0. 0. 0. 1.],2.7001653466200923,-0.6876652989363765,"(21, 5)",305152.3374786377,-66911271.659655444,-73465997690.74142,1538717.9487179487,2.012500047683716,-0.6876652989363765,73519916851.7741,156955.94200721153,1695673.8907251603,67068227.60166266,73520222004.11157,54224313.37014223,0.16482617636067848,1770935214.52277,1770935214.52277
1.7570328762384406,30,5,73450036387.18361,63427487.36575536,63731715.88196518,73450340627.97285,65270433.83068313,51559348.69375698,-80.19210052490234,-80.1227035522461,-2.1596999168396,2.1549999713897705,[0. 0. 0.],[0. 0. 0. 1.],3.307452451537286,-1.480052482436334,"(30, 5)",304240.84785461426,304228.06177384406,-73398781279.06087,1538717.9487179443,1.827399969100952,-1.480052482436334,73450036387.0305,63731715.55739183,65270433.506109774,63427487.495617986,73450340627.87836,51559348.81748297,0.06531956127974584,1770935214.5863602,1770935214.5863602
1.6754770343661247,31,5,73379348494.42043,57831950.520777486,58186828.06145236,73379703384.0952,59725546.01017031,48138516.4344194,-82.86150360107422,-82.4822006225586,-3.640500068664551,2.9410998821258545,[0. 0. 0.],[0. 0. 0. 1.],2.987940860432817,-1.1649409062091842,"(31, 5)",354889.83937072754,354876.63073417544,-73331564867.27077,1538717.9487179518,1.8229999542236328,-1.1649409062091842,73379348494.4023,58186827.736879006,59725545.68559696,57831951.10614483,73379703384.24167,48138516.97090345,0.18156325786567723,1770935214.6481922,1770935214.6481922
3.196940135469666,20,11,72075979728.45702,27285537.70503537,27589095.44311418,72076283307.97127,29127813.39183213,21830233.29030945,-83.46630096435547,-83.82579803466797,-1.743399977684021,1.4769999980926514,[0. 0. 0.],[0. 0. 0. 1.],7.238867807619097,-3.9162679197711965,"(20, 11)",303579.9466705322,303557.3323567696,-72054453074.6839,1538717.948717948,3.3225998878479004,-3.9162679197711965,72075979728.37668,27589095.365084134,29127813.313802082,27285538.032727364,72076283308.32335,21830233.639448117,0.19777339627075963,1770935214.6937456,1770935214.6937456
3.5838393225211456,21,11,73746910994.69218,22107509.49133937,22413766.917473156,73747217275.61761,23952484.866191104,12353940.192028552,-91.93080139160156,-92.48169708251952,1.6492999792099,-1.492900013923645,[0. 0. 0.],[0. 0. 0. 1.],6.76620379035099,-3.070103793784217,"(21, 11)",306281.50354003906,306257.3085687123,-73734863335.69524,1538717.948717948,3.696099996566773,-3.070103793784217,73746910994.40228,22413766.83944311,23952484.788161058,22107509.530874398,73747217275.90582,12353940.210586939,0.18397170921141345,1770935214.749739,1770935214.749739
2.2092864549436277,20,1,72529967917.55957,5223757.016644048,5532428.777558995,72530276605.03722,7071146.726276944,5308661.173540231,-89.89019775390625,-88.7145004272461,-3.3052000999450684,3.04259991645813,[0. 0. 0.],[0. 0. 0. 1.],5.378421035517765,-3.094721046198917,"(20, 1)",308687.7597961426,308671.5463491585,-72524967943.8652,1538717.948717949,2.283699989318848,-3.094721046198917,72529967917.47923,5532428.698417468,7071146.647135417,5223757.1520683095,72530276605.23903,5308661.3738231165,0.18411936458770986,1770935215.1475146,1770935215.1475146
2.676271439975861,21,1,74199899303.98705,66263612.85339188,66570778.13653336,74200206487.15514,893085.8288410465,62044692.411997534,-82.98880004882812,-82.69229888916016,-0.067900002002716,0.135900005698204,[0. 0. 0.],[0. 0. 0. 1.],5.464760744195486,-2.604160749536062,"(21, 1)",307183.97874450684,307164.9169921875,-74138161795.01137,-65677692.30769231,2.860599994659424,-2.604160749536062,74199899303.69714,66570778.05739183,893085.7496995192,66263613.14039964,74200206487.67589,62044692.66451322,0.18582624819102433,1770935215.2028127,1770935215.2028127
2.903563956447369,30,1,74130018646.79898,62622061.80221278,62926146.72627694,74130322751.41795,64464864.67499489,59377368.41601455,-82.90899658203125,-83.6781005859375,-1.0533000230789185,0.7915999889373779,[0. 0. 0.],[0. 0. 0. 1.],5.318561597208403,-2.2702615693611126,"(30, 1)",304105.2089691162,304084.56655649096,-74070945383.09608,1538717.9487179518,3.04830002784729,-2.2702615693611126,74130018646.64587,62926146.647135414,64464864.595853366,62622062.08057892,74130322751.85484,59377368.75876402,0.19383369419484134,1770935215.2663445,1770935215.2663445
2.814020491286507,31,1,74060332348.58708,58027456.6361037,58331379.09807181,74060636290.40906,59870097.046789765,56907318.99414549,-87.88749694824219,-87.61699676513672,-2.239799976348877,1.905400037765503,[0. 0. 0.],[0. 0. 0. 1.],5.403218332373771,-2.5119183693763345,"(31, 1)",303942.0259857178,303922.1347906664,-74003728971.33725,1538717.9487179518,2.8912999629974365,-2.5119183693763345,74060332348.56895,58331379.018930286,59870096.96764824,58027456.88413962,74060636290.59494,56907319.2576873,0.18731584677290805,1770935215.3317053,1770935215.3317053
4.605221824879885,20,2,72787961323.00829,55595876.30337109,55955922.37467638,72788321402.46463,57494640.32339433,61704234.31710112,-84.89420318603516,-84.57659912109375,-7.284800052642822,7.574399948120117,[0. 0. 0.],[0. 0. 0. 1.],5.780256972993651,-1.0375568730485822,"(20, 2)",360079.90910339355,360045.604216747,-72726617168.13966,1538717.9487179518,4.742700099945068,-1.0375568730485822,72787961322.92795,55955922.288161054,57494640.236879006,55595876.68394431,72788321402.83705,61704234.697390825,0.19996374067387448,1770935215.3998032,1770935215.3998032
4.073693756536778,21,2,74457892645.33319,49419822.65836188,49737757.31057382,74458210608.4914,51276475.25929176,51183178.988895126,-90.68479919433594,-91.92179870605467,-4.321300029754639,4.152699947357178,[0. 0. 0.],[0. 0. 0. 1.],6.2983455293594135,-2.0981454484878315,"(21, 2)",317963.7576446533,317934.46076221764,-74407027429.76135,1538717.9487179443,4.200200080871582,-2.0981454484878315,74457892645.04329,49737757.224058494,51276475.17277644,49419822.76329628,74458210608.80093,51183179.03958834,0.18350331827093147,1770935215.4607813,1770935215.4607813
4.298568875793969,30,2,74419011106.73488,9560289.573881507,9864840.643907147,74419315688.0777,11403558.592625096,12288260.200853964,-86.6010971069336,-86.57990264892578,-4.982500076293945,5.219099998474121,[0. 0. 0.],[0. 0. 0. 1.],5.370857095168491,-0.9229572767480807,"(30, 2)",304581.9091796875,304550.6560496781,-74407027427.96161,1538717.94871795,4.44789981842041,-0.9229572767480807,74419011106.58177,9864840.557391826,11403558.506109776,9560289.901342148,74419315688.49095,12288260.529346956,0.1919003383269567,1770935215.5553901,1770935215.5553901
5.064628158416671,31,2,74348325521.664,3965833.3885574676,4270040.9644199675,74348629764.88606,5808758.9131379165,8818748.596233424,-90.12629699707033,-90.36640167236328,-6.119699954986572,6.191400051116943,[0. 0. 0.],[0. 0. 0. 1.],5.909298044654857,-0.8066979469986073,"(31, 2)",304243.2736053467,304207.356770833,-74339811016.20279,1538717.948717949,5.10260009765625,-0.8066979469986073,74348325521.64587,4270040.877904647,5808758.826622596,3965833.521133814,74348629764.91948,8818748.716696715,0.18344493172413634,1770935215.6171627,1770935215.6171627
6.604547314180747,20,3,73042954800.57239,39703549.839169495,40009800.59258352,73043261095.53519,41548518.541301474,47778275.703744665,-90.34750366210938,-90.47540283203124,-0.6676999926567078,0.6155999898910522,[0. 0. 0.],[0. 0. 0. 1.],8.333480663273496,-1.6660807800032327,"(20, 3)",306295.1503601074,306250.51645132154,-72995482819.80733,1538717.9487179518,6.667399883270264,-1.6660807800032327,73042954800.49205,40009800.49328926,41548518.442007214,39703549.97683794,73043261095.64241,47778275.83508614,0.18341086078641958,1770935215.6625035,1770935215.6625035
5.915465144382845,21,3,74715885986.67935,36528601.61753536,36834472.0669425,74716191895.80016,38373190.01566044,40298814.83284025,-85.03099822998047,-84.57319641113281,2.214600086212158,-2.7446000576019287,[0. 0. 0.],[0. 0. 0. 1.],8.658882207513464,-2.5228820511108765,"(21, 3)",305910.0498199463,305869.9544270858,-74675893081.2099,1538717.9487179443,6.136000156402588,-2.5228820511108765,74715885986.38945,36834471.96764824,38373189.91636618,36528602.01322115,74716191896.43927,40298815.22936699,0.19981272637394393,1770935215.718914,1770935215.718914
5.832455645468957,30,3,74646005177.2477,32886540.173256963,33192797.387455318,74646311472.83336,34731515.336173266,37634803.40379176,-88.39140319824219,-88.01270294189453,1.3279999494552612,-1.9110000133514404,[0. 0. 0.],[0. 0. 0. 1.],8.088195173008208,-2.1290954034159224,"(30, 3)",306296.07371520996,306256.87036759034,-74608676669.49806,1538717.948717948,5.959099769592285,-2.1290954034159224,74646005177.09459,33192797.288161058,34731515.236879006,32886540.417793468,74646311473.1683,37634803.6702474,0.18604732569234042,1770935215.782333,1770935215.782333
6.8722315130302585,31,3,74575320137.04861,27292803.782681078,27598702.836173266,74575626081.15788,29137420.784891214,34165820.70178244,-95.14080047607422,-89.35700225830078,0.3016999959945678,-0.6741999983787537,[0. 0. 0.],[0. 0. 0. 1.],8.413408825323614,-1.5184088443971007,"(31, 3)",305944.2138671875,305898.9852514006,-74541460260.3528,1538717.948717948,6.894999980926514,-1.5184088443971007,74575320137.03049,27598702.736879006,29137420.685596954,27292803.751627605,74575626081.24435,34165820.89155148,0.18353478727389155,1770935215.8466632,1770935215.8466632
4.936932795517787,20,4,73229818246.0852,32599833.714638267,32903911.166245636,73230122357.26706,34442629.11496358,32990309.957032952,-90.12930297851562,-90.681396484375,-2.4558000564575195,2.826499938964844,[0. 0. 0.],[0. 0. 0. 1.],5.9957967768636635,-0.9967967043844155,"(20, 4)",304111.35942077637,304077.21103765815,-73197132047.29004,1538717.948717948,4.999000072479248,-0.9967967043844155,73229818246.00487,32903911.070212338,34442629.018930286,32599833.85917468,73230122357.36429,32990310.07424379,0.1834130356918384,1770935215.9088442,1770935215.9088442
4.3302626506885025,21,4,74950879928.98703,10339640.23865067,10644239.691886665,74951184557.23128,12182957.640604613,6425838.748083802,-84.35449981689453,-84.47920227050781,0.6238999962806702,-0.6704999804496765,[0. 0. 0.],[0. 0. 0. 1.],6.075795992695039,-1.5263961399423538,"(21, 4)",304629.1723022461,304598.9677233584,-74944758718.72993,1538717.948717948,4.5493998527526855,-1.5263961399423538,74950879928.69713,10644239.595853366,12182957.544571314,10339640.628130008,74951184557.86943,6425839.1394981975,0.20037596846971145,1770935215.9537942,1770935215.9537942
4.791387394005894,30,4,74865999440.06819,58913946.645892724,59218117.89701487,74866303644.37527,60756835.845732816,55977752.41255447,-94.44830322265624,-96.16490173339844,-0.6331999897956848,0.4478999972343445,[0. 0. 0.],[0. 0. 0. 1.],5.940327473034791,-1.1097276881837166,"(30, 4)",304204.47717285156,304171.1738782078,-74810325892.03535,1538717.9487179443,4.830599784851074,-1.1097276881837166,74865999439.91508,59218117.800981574,60756835.74969952,58913946.627103366,74866303644.39226,55977752.356896035,0.18633057174836903,1770935216.002412,1770935216.002412
4.699582659529435,31,4,74778315169.09988,36320640.12983681,36628157.96111743,74778622718.67334,38166875.90983538,35513233.399176784,-82.78459930419922,-82.57859802246094,-1.3009999990463257,1.5283000469207764,[0. 0. 0.],[0. 0. 0. 1.],6.018622700489663,-1.2382229011427395,"(31, 4)",307549.75148010254,307517.44979467243,-74743109485.175,1538717.9487179518,4.780399799346924,-1.2382229011427395,74778315169.08176,36628157.865084134,38166875.813802086,36320640.41528946,74778622718.83324,35513233.65822817,0.18190457263957582,1770935216.0535636,1770935216.0535636
2.1961886298499054,20,5,73413727204.41853,23787836.842999365,24092485.11273441,73414031868.5746,25631203.06145236,15250592.739796255,-88.5011978149414,-88.5531005859375,-4.541999816894531,3.9339001178741455,[0. 0. 0.],[0. 0. 0. 1.],3.059692769990478,-0.7017928657393799,"(20, 5)",304664.44747924805,304647.4202473946,-73398781275.52396,1538717.948717948,2.357899904251098,-0.7017928657393799,73413727204.3382,24092484.788161058,25631202.736879006,23787837.367913663,73414031868.78568,15250593.26171875,0.1852953028179785,1770935216.0949044,1770935216.0949044
1.80877422159618,21,5,75134875185.39728,1614458.636801028,1919840.8819651788,75135180579.9899,3458558.830683127,55989042.925321154,-82.22799682617188,-82.32379913330078,-1.3830000162124634,0.5447999835014343,[0. 0. 0.],[0. 0. 0. 1.],2.7001653466200923,-0.6558652672743892,"(21, 5)",305395.3513183594,305381.4227764425,-75079191537.02045,1538717.9487179485,2.044300079345703,-0.6558652672743892,75134875185.10738,1919840.557391827,3458558.5061097755,1614459.1346153845,75135180580.4587,55989043.438251205,0.1689356578173047,1770935216.1377637,1770935216.1377637
1.753801583302287,30,5,75050994608.33742,51188407.06138696,51492645.36914466,75051298858.89357,53031363.317862615,39323733.44500259,-80.50759887695312,-81.08000183105469,-2.2193000316619877,1.9687999486923216,[0. 0. 0.],[0. 0. 0. 1.],3.307452451537286,-1.4537524097663508,"(30, 5)",304250.7699890137,304237.8117487952,-75011975125.23035,1538717.9487179518,1.853700041770935,-1.4537524097663508,75050994608.18431,51492645.04457131,53031362.99328926,51188407.232822515,75051298858.9543,39323733.723958336,0.08846777329397863,1770935216.1873496,1770935216.1873496
1.6959723757850729,31,5,74979310553.71527,44594997.88680362,44947316.84350364,74979662884.9718,46486034.79222159,34904171.31371279,-81.71790313720703,-81.72090148925781,-2.801399946212769,3.087300062179565,[0. 0. 0.],[0. 0. 0. 1.],2.987940860432817,-1.190340829533769,"(31, 5)",352331.2925567627,352318.2247846499,-74944758713.26807,1538717.9487179518,1.797600030899048,-1.190340829533769,74979310553.69714,44947316.518930286,46486034.46764824,44594998.294145636,74979662884.9897,34904171.721629605,0.14381439515704128,1770935216.2481039,1770935216.2481039
3.2318492668013534,20,11,73608722581.02109,14048349.42792899,14352244.481575718,73609026498.09981,15890962.430293668,8595987.599691736,-83.20480346679688,-83.06529998779297,-1.954800009727478,1.0923999547958374,[0. 0. 0.],[0. 0. 0. 1.],7.238867807619097,-3.892867851488116,"(20, 11)",303917.45542907715,303894.66897035204,-73600430510.50305,1538717.94871795,3.345999956130981,-3.892867851488116,73608722580.94075,14352244.403545672,15890962.352263622,14048349.73457532,73609026498.39618,8595987.893129006,0.19167217868260453,1770935216.2944422,1770935216.2944422
3.615133022172025,21,11,75347869688.6024,9874876.374622397,10181427.173883412,75348176263.04391,11720145.12260136,119081.1358631009,-92.40509796142578,-92.05509948730467,1.7443000078201294,-1.7237999439239502,[0. 0. 0.],[0. 0. 0. 1.],6.76620379035099,-3.039103894873695,"(21, 11)",306575.0356903076,306550.6998697929,-75348057182.17769,1538717.948717948,3.727099895477295,-3.039103894873695,75347869688.3125,10181427.095853366,11720145.044571314,9874876.395983573,75348176263.34819,119081.17049779647,0.1839903241886137,1770935216.350775,1770935216.350775
2.2567513650407083,20,1,74071710393.52107,983655.8701360305,1290585.8288410464,74072017339.48279,2829303.7775589954,1071959.5965049432,-89.8844985961914,-88.79969787597656,-3.2446999549865723,3.5007998943328857,[0. 0. 0.],[0. 0. 0. 1.],5.378421035517765,-3.0479211480513344,"(20, 1)",306946.2389831543,306929.74384014425,-74070945379.8878,1538717.9487179487,2.3304998874664307,-3.0479211480513344,74071710393.44073,1290585.7496995192,2829303.698417468,983656.005859375,74072017339.67972,1071959.7919170673,0.1840673100660019,1770935216.7576232,1770935216.7576232
2.5548548616795683,21,1,75795858134.11522,49028609.97580341,49334504.09807181,75796164045.32764,50873222.046789765,44808404.50893183,-83.12460327148438,-82.56379699707031,0.1639000028371811,-0.1611000001430511,[0. 0. 0.],[0. 0. 0. 1.],5.464760744195486,-2.726160728555227,"(21, 1)",305912.00608825684,305893.7424879819,-75751355641.08694,1538717.9487179518,2.738600015640259,-2.726160728555227,75795858133.82532,49334504.018930286,50873221.96764824,49028610.276442304,75796164045.8314,44808404.74446615,0.18576024020178927,1770935216.7987692,1770935216.7987692
2.919506707458588,30,1,75711977364.74767,31385340.063366886,31688991.277558994,75712281035.73491,33227709.226276945,28141806.438320585,-82.90619659423828,-84.02040100097656,-1.0095000267028809,0.765500009059906,[0. 0. 0.],[0. 0. 0. 1.],5.318561597208403,-2.251961512903593,"(30, 1)",303671.5932922363,303650.8569961935,-75684139229.39073,1538717.9487179518,3.0666000843048096,-2.251961512903593,75711977364.59456,31688991.198417466,33227709.147135418,31385340.341421273,75712281036.18785,28141806.7971254,0.19572754578484386,1770935216.848307,1770935216.848307
2.807880383606052,31,1,75634373606.59987,18871597.40246736,19176707.62371284,75634678736.14552,20715425.57243079,17755918.592449546,-87.89640045166016,-88.07759857177734,-2.4818999767303467,1.770400047302246,[0. 0. 0.],[0. 0. 0. 1.],5.403218332373771,-2.522118393027458,"(31, 1)",305129.7231750488,305109.8945813291,-75616922817.47542,1538717.948717948,2.881099939346313,-2.522118393027458,75634373606.58174,19176707.544571314,20715425.493289262,18871597.649989985,75634678736.30492,17755918.829502203,0.1866115753486223,1770935216.9031823,1770935216.9031823
4.5999094180008155,20,2,74243487877.49544,32349588.58803288,32716250.900317404,74243854573.1464,34254968.84903535,38476379.10747161,-86.14929962158203,-84.72339630126953,-7.361100196838379,7.560400009155273,[0. 0. 0.],[0. 0. 0. 1.],5.780256972993651,-1.0476567608964826,"(20, 2)",366696.104385376,366661.87775440514,-74205378194.03105,1538717.948717948,4.732600212097168,-1.0476567608964826,74243487877.4151,32716250.813802082,34254968.76252003,32349588.936047677,74243854573.51949,38476379.48843149,0.19771920306514693,1770935216.989792,1770935216.989792
4.113072471499893,21,2,76047851627.70496,26178239.58528237,26498085.83621484,76048171502.71309,28036803.78493279,27950226.96287941,-90.82679748535156,-90.3917999267578,-4.277500152587891,4.289599895477295,[0. 0. 0.],[0. 0. 0. 1.],6.2983455293594135,-2.049445592683388,"(21, 2)",319875.6760864258,319846.06620592996,-76020221276.00906,1538717.948717948,4.248899936676025,-2.049445592683388,76047851627.41505,26498085.749699518,28036803.698417466,26178239.683493588,76048171503.09114,27950227.08208133,0.18339512189936383,1770935217.0532024,1770935217.0532024
4.306845337334973,30,2,75997969896.79893,42533362.42338241,42837901.54134305,75998274466.26344,44376619.49006099,45269602.58310117,-86.50640106201172,-86.89129638671875,-5.379300117492676,5.061699867248535,[0. 0. 0.],[0. 0. 0. 1.],5.370857095168491,-0.916356896804233,"(30, 2)",304570.01515197754,304538.69941907376,-75953004863.76509,1538717.9487179443,4.454500198364258,-0.916356896804233,75997969896.64583,42837901.454827726,44376619.40354567,42533362.75540865,75998274466.66098,45269602.89588341,0.1914214387852004,1770935217.1343486,1770935217.1343486
5.0311941311297295,31,2,75927288077.75371,36940980.81531872,37247516.92595843,75927594649.29846,38786234.87467638,41806197.095586024,-90.19270324707033,-90.4397964477539,-6.51639986038208,6.070300102233887,[0. 0. 0.],[0. 0. 0. 1.],5.909298044654857,-0.8411980690689198,"(31, 2)",306571.592666626,306535.89493189007,-75885788452.11583,1538717.9487179443,5.0680999755859375,-0.8411980690689198,75927288077.73558,37247516.83944311,38786234.788161054,36940980.94451122,75927594649.32825,41806197.21241486,0.18342821185256736,1770935217.1961246,1770935217.1961246
6.5596464929605025,20,3,74487481635.50824,5468399.523054388,5773414.374634806,74487786694.28453,7312132.323352755,13542848.890337523,-90.39820098876952,-89.756103515625,-0.8203999996185303,0.4526000022888183,[0. 0. 0.],[0. 0. 0. 1.],8.333480663273496,-1.7058804702498147,"(20, 3)",305059.00065612793,305014.61713742,-74474243845.37007,1538717.948717949,6.627600193023682,-1.7058804702498147,74487481635.4279,5773414.275340545,7312132.224058494,5468399.658203125,74487786694.42856,13542849.05849359,0.1835048194349047,1770935217.241437,1770935217.241437
5.932163763018773,21,3,76295845225.46136,3298099.2501029717,3604047.3874553186,76296151212.40935,5142765.336173267,7064285.429067599,-84.89510345458984,-84.6489028930664,2.4735000133514404,-2.75570011138916,[0. 0. 0.],[0. 0. 0. 1.],8.658882207513464,-2.505882329583776,"(21, 3)",305987.8774719238,305947.6412259615,-76289086927.22287,1538717.9487179485,6.152999877929688,-2.505882329583776,76295845225.17146,3604047.2881610575,5142765.236879006,3298099.646935096,76296151213.04893,7064285.826071715,0.19987642042900566,1770935217.2988665,1770935217.2988665
5.8181817696243,30,3,76225963943.2733,66870367.97833419,67178262.13104506,76226271875.70868,1500569.8233527546,4401360.172269098,-88.5426025390625,-87.11750030517578,1.3791999816894531,-1.8039000034332275,[0. 0. 0.],[0. 0. 0. 1.],8.088195173008208,-2.1370953004190962,"(30, 3)",307932.97399902344,307893.8176081702,-76221870515.6049,-65677692.307692304,5.951099872589111,-2.1370953004190962,76225963943.1202,67178262.0317508,1500569.7240584935,66870368.21414263,76226271876.0942,4401360.489282853,0.1872476446584915,1770935217.3624744,1770935217.3624744
6.728402835668648,31,3,76199281627.43318,38061281.41959154,38368149.95155788,76199588541.19777,39906867.900275834,44934440.30011854,-90.17140197753906,-97.37830352783205,0.396699994802475,-0.6696000099182129,[0. 0. 0.],[0. 0. 0. 1.],8.413408825323614,-1.674708912298712,"(31, 3)",306913.6086578369,306868.2861328125,-76154654100.79434,1538717.9487179518,6.738699913024902,-1.674708912298712,76199281627.41505,38368149.85226362,39906867.800981574,38061281.56613081,76199588541.02371,44934440.22936699,0.18412255425842647,1770935217.468,1770935217.468
4.968904391633887,20,4,74710257821.40567,34273983.756500214,34577941.61496358,74710561813.20125,36116659.563681535,34668740.21894321,-90.67120361328124,-90.8479995727539,-2.4558000564575195,2.499599933624268,[0. 0. 0.],[0. 0. 0. 1.],5.9957967768636635,-0.9700966845479897,"(20, 4)",303991.9652709961,303957.6447315663,-74675893072.96233,1538717.9487179518,5.025700092315674,-0.9700966845479897,74710257821.32533,34577941.518930286,36116659.46764824,34273983.87419872,74710561813.2906,34668740.32827524,0.18339949163248467,1770935217.5237436,1770935217.5237436
4.3462071812887295,21,4,76565838262.32033,12104906.346611245,12409127.512399485,76566142512.32178,13947845.461117433,8189947.371765534,-83.98970031738281,-83.34519958496094,0.5493999719619751,-0.6061999797821045,[0. 0. 0.],[0. 0. 0. 1.],6.075795992695039,-1.5194958294259964,"(21, 4)",304250.87953186035,304220.690604968,-76557952565.19675,1538717.948717948,4.556300163269043,-1.5194958294259964,76565838262.03043,12409127.416366186,13947845.365084134,12104906.725761218,76566142512.90996,8189947.7132161455,0.19787639889121253,1770935217.5701394,1770935217.5701394
5.784137135842849,30,4,76498956819.87585,11460196.13937079,11764239.691886665,76499260901.18842,13302957.640604613,8524743.096811766,-94.85579681396484,-81.3292007446289,-0.4171999990940094,0.6434999704360962,[0. 0. 0.],[0. 0. 0. 1.],5.940327473034791,-0.1043275073670662,"(30, 4)",304081.5773925781,304043.4852013234,-76490736158.16425,1538717.948717948,5.835999965667725,-0.1043275073670662,76498956819.72275,11764239.595853366,13302957.544571314,11460196.110652043,76499260901.30014,8524743.135892428,0.20016936641681649,1770935217.6353946,1770935217.6353946
4.675756240579778,31,4,76454275569.74088,31868092.797748026,32174031.358553328,76454581539.88602,33712749.30727128,31061798.217293482,-82.47699737548828,-83.23529815673828,-1.4155999422073364,1.676300048828125,[0. 0. 0.],[0. 0. 0. 1.],6.018622700489663,-1.2571228187452785,"(31, 4)",305970.3963775635,305938.21990184113,-76423519741.56956,1538717.9487179518,4.761499881744385,-1.2571228187452785,76454275569.72275,32174031.26252003,33712749.21123798,31868093.04261819,76454581540.11913,31061798.54955429,0.18586299431832504,1770935217.7230153,1770935217.7230153
2.1952444435419234,20,5,74947251763.71336,11327708.553279907,11632356.907606203,74947556427.95082,13171074.856324153,2797716.2342688176,-88.39140319824219,-88.60759735107422,-4.529900074005127,4.070799827575684,[0. 0. 0.],[0. 0. 0. 1.],3.059692769990478,-0.7022928294997555,"(20, 5)",304664.52574157715,304647.498497596,-74944758711.40572,1538717.94871795,2.3573999404907227,-0.7022928294997555,74947251763.63303,11632356.583032852,13171074.531750802,11327709.084535256,74947556428.15877,2797716.753054888,0.1853554586951486,1770935217.7684312,1770935217.7684312
1.7944807141780796,21,5,76823831603.66647,10158694.568511227,10463943.446067741,76824136864.78667,12002661.394785691,64535071.264926605,-82.05280303955078,-83.33319854736328,-1.3299000263214111,1.107300043106079,[0. 0. 0.],[0. 0. 0. 1.],2.7001653466200923,-0.6567652974104976,"(21, 5)",305261.9973144531,305248.084435096,-76759601793.4776,1538717.94871795,2.0434000492095947,-0.6567652974104976,76823831603.37657,10463943.12149439,12002661.07021234,10158695.037059294,76824136865.37389,64535071.89628405,0.1809683712306691,1770935217.8267407,1770935217.8267407
1.737770626089552,30,5,76753950161.222,6513620.17959715,6818021.971708769,76754254575.18059,8356739.920426717,61869193.447010614,-80.1781005859375,-80.10089874267578,-2.325500011444092,1.9687999486923216,[0. 0. 0.],[0. 0. 0. 1.],3.307452451537286,-1.4997524135810483,"(30, 5)",304414.01554870605,304401.33901742846,-76692385381.51535,1538717.948717948,1.8077000379562376,-1.4997524135810483,76753950161.0689,6818021.647135417,8356739.595853365,6513620.3081179885,76754254575.08444,61869193.56908554,0.06529466988821278,1770935217.890297,1770935217.890297
1.651352289255766,31,5,76682270161.08702,67138847.28260599,272036.39478569146,76682619772.50699,1810754.3435036403,57450802.68906822,-82.2343978881836,-81.56289672851562,-3.09470009803772,3.026700019836426,[0. 0. 0.],[0. 0. 0. 1.],2.987940860432817,-1.2257408625309005,"(31, 5)",349611.42515563965,-66866811.711237974,-76625168969.42789,1538717.9487179487,1.7621999979019165,-1.2257408625309005,76682270161.0689,272036.07021233975,1810754.0189302885,67138847.78145032,76682619772.49405,57450803.06615585,0.15220597188580243,1770935217.9511292,1770935217.9511292
3.176088457543159,20,11,75175311347.04669,34656893.46217558,34962476.85337059,75175616952.08408,36501194.802088544,29209005.63961778,-83.15640258789062,-84.22560119628906,-1.870000004768372,1.1567000150680542,[0. 0. 0.],[0. 0. 0. 1.],7.238867807619097,-3.93876771949959,"(20, 11)",305605.4843902588,305583.0109425038,-75146407946.44739,1538717.9487179518,3.300100088119507,-3.93876771949959,75175311346.96635,34962476.77534054,36501194.724058494,34656893.76439804,75175616952.45074,29209006.00335537,0.19789701837215387,1770935218.0012634,1770935218.0012634
3.6873183952951774,21,11,77058825537.96133,40423156.281707205,40729928.77644752,77059132334.54225,42268646.725165464,30664896.03618895,-92.48680114746094,-92.12570190429688,1.4146000146865845,-1.7443000078201294,[0. 0. 0.],[0. 0. 0. 1.],6.76620379035099,-2.9678038651190564,"(21, 11)",306797.17236328125,306772.39833734185,-77028467438.77571,1538717.9487179443,3.7983999252319336,-2.9678038651190564,77058825537.67143,40729928.69841747,42268646.647135414,40423156.30008013,77059132334.8438,30664896.068083934,0.18403985778192813,1770935218.0617273,1770935218.0617273
2.274669161437848,20,1,75675233157.9441,58523437.08406998,58828422.36730258,75675538159.37807,60367140.31602053,58615343.76654256,-89.91300201416016,-88.62030029296875,-3.495199918746948,3.3136000633239746,[0. 0. 0.],[0. 0. 0. 1.],5.378421035517765,-3.0287210614577065,"(20, 1)",305001.7215118408,304985.0698617771,-75616922815.61305,1538717.9487179518,2.3496999740600586,-3.0287210614577065,75675233157.86377,58828422.288161054,60367140.236879006,58523437.21829928,75675538159.58528,58615343.97223057,0.18417165948372702,1770935218.4954007,1770935218.4954007
2.6733976925108407,21,1,77532813310.39723,38357145.396819614,38665121.0852513,77533121303.95776,40203839.03396925,34138996.42547564,-82.4791030883789,-82.44779968261719,0.0372000001370906,-0.490799993276596,[0. 0. 0.],[0. 0. 0. 1.],5.464760744195486,-2.621560775857473,"(21, 1)",307994.33781433105,307975.38561698794,-77498982307.8005,1538717.9487179518,2.8431999683380127,-2.621560775857473,77532813310.10733,38665121.006109774,40203838.954827726,38357145.620492786,77533121304.44514,34138996.64463141,0.17549270922023963,1770935218.5357597,1770935218.5357597
2.8915131540119448,30,1,77448932020.19633,20711589.14235339,21018061.79037951,77449238512.43642,22556779.739097457,17472616.488850996,-83.19319915771484,-83.90879821777344,-1.1407999992370603,0.8036999702453613,[0. 0. 0.],[0. 0. 0. 1.],5.318561597208403,-2.2762616113227825,"(30, 1)",306492.8416748047,306472.26186899096,-77431765896.0417,1538717.948717948,3.04229998588562,-2.2762616113227825,77448932020.04323,21018061.711237982,22556779.65995593,20711589.44936899,77449238512.8849,17472616.84319912,0.19685168522282914,1770935218.5853276,1770935218.5853276
2.8455530823682693,31,1,77379253630.63829,16121330.886918504,16426154.739097457,77379558474.05643,17964872.687815405,15008989.789779685,-88.5177993774414,-88.3853988647461,-2.5032999515533447,1.6186000108718872,[0. 0. 0.],[0. 0. 0. 1.],5.403218332373771,-2.4925182495948404,"(31, 1)",304843.5778503418,304823.561448317,-77364549484.189,1538717.948717948,2.9107000827789307,-2.4925182495948404,77379253630.62016,16426154.65995593,17964872.608673878,16121331.098507613,77379558474.19801,15008990.009014422,0.18545575753734383,1770935218.6480124,1770935218.6480124
4.606138647971243,20,2,75891227637.11078,66882762.96234537,40161.15672766036,75824385068.7521,1578879.1054456092,5813028.621984341,-84.82379913330078,-84.87629699707031,-7.454299926757812,7.228899955749512,[0. 0. 0.],[0. 0. 0. 1.],5.780256972993651,-1.0365569455278303,"(20, 2)",-66842567.90553284,-66842602.27301182,-75818572040.12225,1538717.9487179487,4.74370002746582,-1.0365569455278303,75891227637.03044,40161.07021233974,1578879.0189302885,66882763.34322416,75824385069.12491,5813029.002654247,0.19966970258936234,1770935218.7047355,1770935218.7047355
4.068589561301346,21,2,77762807372.89722,60716487.3115762,61038406.34903535,77763129320.44281,62577124.297753304,62497788.47020262,-90.79869842529295,-91.84100341796876,-4.053100109100342,3.901299953460693,[0. 0. 0.],[0. 0. 0. 1.],6.2983455293594135,-2.103545629304482,"(21, 2)",321948.1482849121,321918.85141225904,-77700631532.23146,1538717.9487179518,4.194799900054932,-2.103545629304482,77762807372.60732,61038406.26252003,62577124.21123798,60716487.41110777,77763129320.7556,62497788.52413862,0.18351311823087832,1770935218.7657712,1770935218.7657712
4.3555200934001865,30,2,77692925650.00403,57069983.26835452,57374464.04134305,77693230161.40163,58913181.99006099,59815041.07632368,-85.78939819335938,-86.47139739990234,-5.527299880981445,4.908999919891357,[0. 0. 0.],[0. 0. 0. 1.],5.370857095168491,-0.8600572103723483,"(30, 2)",304511.9691467285,304480.324769631,-77633415120.41006,1538717.9487179443,4.510799884796143,-0.8600572103723483,77692925649.85092,57374463.954827726,58913181.90354567,57069983.630058095,77693230161.82007,59815041.41000601,0.1941811035964347,1770935218.8293386,1770935218.8293386
5.017785998860752,31,2,77639247460.76648,1262889.7133054994,1568903.1439071477,77639553509.59769,3107621.092625096,6138391.025537896,-90.19270324707033,-90.3949966430664,-6.480100154876709,5.867300033569336,[0. 0. 0.],[0. 0. 0. 1.],5.909298044654857,-0.8542982163162343,"(31, 2)",306048.88133239746,306013.21489383024,-77633415118.4851,1538717.9487179485,5.054999828338623,-0.8542982163162343,77639247460.74835,1568903.057391827,3107621.0061097755,1262889.8424979968,77639553509.62968,6138391.14458133,0.1834330557579523,1770935218.9080403,1770935218.9080403
6.593102711767654,20,3,76133221459.22615,38013346.881199494,38318510.52848096,76066310256.76817,39857228.477198906,46088975.49222726,-90.18360137939452,-90.73619842529295,-0.6826000213623047,0.5289000272750854,[0. 0. 0.],[0. 0. 0. 1.],8.333480663273496,-1.678180522892637,"(20, 3)",-66911202.28302002,305163.4020683095,-76020221281.25182,1538717.9487179443,6.655300140380859,-1.678180522892637,76133221459.14581,38318510.4291867,39857228.377904646,38013347.02711839,76066310256.8628,46088975.61097756,0.18340555021303814,1770935218.9536474,1770935218.9536474
5.930927089874771,21,3,78005801106.87158,32848179.617247544,33152140.336173266,78006105106.36392,34690858.28489122,36607922.80126472,-84.30490112304688,-85.29850006103516,2.48009991645813,-2.7864999771118164,[0. 0. 0.],[0. 0. 0. 1.],8.658882207513464,-2.5086823173767456,"(21, 3)",304000.4162902832,303960.2269881815,-77969497183.80524,1538717.9487179518,6.150199890136719,-2.5086823173767456,78005801106.58168,33152140.236879006,34690858.18559696,32848180.009890825,78006105106.99797,36607923.19273337,0.19986896687146635,1770935219.0087936,1770935219.0087936
5.783418605831281,30,3,77935919311.86299,29201791.636778086,29511451.233609162,77936229009.52313,31050169.182327114,33948237.654746085,-89.19210052490234,-87.84829711914062,1.2096999883651731,-1.9958000183105469,[0. 0. 0.],[0. 0. 0. 1.],8.088195173008208,-2.183495370609526,"(30, 3)",309698.1576843262,309659.29862780124,-77902280771.93687,1538717.9487179518,5.904699802398682,-2.183495370609526,77935919311.70988,29511451.134314902,31050169.083032854,29201791.8356871,77936229009.86757,33948237.930689104,0.18541846520853664,1770935219.0723674,1770935219.0723674
6.4201138525933485,31,3,77865242108.20238,23612357.825871296,23919095.464378394,77865548888.40459,25457813.413096342,30484528.02931042,-103.04759979248048,-102.29509735107422,0.0278999991714954,-0.8827999830245972,[0. 0. 0.],[0. 0. 0. 1.],8.413408825323614,-2.0286088680482237,"(31, 3)",306780.00425720215,306737.6552483961,-77835064360.27197,1538717.948717948,6.384799957275391,-2.0286088680482237,77865242108.18425,23919095.365084134,25457813.313802082,23612357.709835738,77865548888.1885,30484527.916541465,0.1898875496621336,1770935219.1342256,1770935219.1342256
4.949136166752415,20,4,76309998814.99538,20816593.713197827,21120457.64060461,76243086302.47751,22659175.58932256,21215793.629105322,-90.34120178222656,-90.5145034790039,-2.7334001064300537,2.547100067138672,[0. 0. 0.],[0. 0. 0. 1.],5.9957967768636635,-0.984996892067521,"(20, 4)",-66912512.332229614,303863.6975410655,-76221870508.82843,1538717.948717948,5.010799884796143,-0.984996892067521,76309998814.91504,21120457.544571314,22659175.493289262,20816593.84703025,76243086302.58281,21215793.75438201,0.1834086109888801,1770935219.1906617,1770935219.1906617
4.3718013068055654,21,4,78248794832.8331,14652036.943934917,14957741.294450767,78249100566.21724,16496459.243168715,10737744.997862358,-83.65039825439453,-83.66459655761719,0.0037000000011175,-0.6593000292778015,[0. 0. 0.],[0. 0. 0. 1.],6.075795992695039,-1.4930962169992386,"(21, 4)",305734.28424072266,305703.8918519635,-78238362821.46611,1538717.948717948,4.582699775695801,-1.4930962169992386,78248794832.5432,14957741.198417468,16496459.147135416,14652037.306565505,78249100566.82744,10737745.361328125,0.19789171477162296,1770935219.2518418,1770935219.2518418
4.916922904606857,30,4,78177912997.76042,10005229.708208472,10310201.230348203,78178218002.28578,11848919.179066151,7071592.995417987,-95.54900360107422,-96.18900299072266,-0.6834999918937683,0.4478999972343445,[0. 0. 0.],[0. 0. 0. 1.],5.940327473034791,-0.9880274013184822,"(30, 4)",305004.695022583,304971.4699769635,-78171146409.363,1538717.948717948,4.952300071716309,-0.9880274013184822,78177912997.60732,10310201.134314904,11848919.083032852,10005229.66433794,78178218002.30234,7071592.9393279245,0.18681117464170144,1770935219.31444,1770935219.31444
4.664112610216932,31,4,78125235938.33058,22415516.608850833,22721739.691886663,78125542192.95175,24260457.64060461,21612195.029315405,-82.62310028076172,-83.01609802246094,-1.1660000085830688,1.4677000045776367,[0. 0. 0.],[0. 0. 0. 1.],6.018622700489663,-1.268922631062173,"(31, 4)",306254.85150146484,306222.7219801694,-78103929997.82329,1538717.948717948,4.74970006942749,-1.268922631062173,78125235938.31245,22721739.595853366,24260457.544571314,22415516.873873197,78125542193.16396,21612195.34067007,0.18529419985865453,1770935219.393961,1770935219.393961
2.19673677987293,20,5,76551992637.11076,2867466.222712472,3171467.484529281,76485080243.99118,4710185.43324723,61560506.55538286,-87.7571029663086,-88.5593032836914,-4.5131001472473145,3.77649998664856,[0. 0. 0.],[0. 0. 0. 1.],3.059692769990478,-0.6948927936416012,"(20, 5)",-66912392.82852173,304000.3693409455,-76423519737.12495,1538717.9487179485,2.364799976348877,-0.6948927936416012,76551992637.03043,3171467.1599559295,4710185.108673878,2867466.790614984,76485080244.2019,61560507.076948114,0.18619600748019688,1770935219.4391015,1770935219.4391015
1.7673265318696505,21,5,78492788534.75618,65919875.78346604,66224945.04863185,78493093616.11365,547252.7409395376,53081566.33818817,-82.26020050048828,-82.42489624023438,-1.1901999711990356,0.9387000203132628,[0. 0. 0.],[0. 0. 0. 1.],2.7001653466200923,-0.6941653046584224,"(21, 5)",305082.1314086914,305068.43762519956,-78440012049.73132,-65677692.30769231,2.00600004196167,-0.6941653046584224,78492788534.46628,66224944.724058494,547252.4163661859,65919876.286433294,78493093616.59769,53081566.86636118,0.1713544407827805,1770935219.495746,1770935219.495746
1.7524701006202803,30,5,78407906996.15785,47273046.11567033,47577781.58709338,78408211743.87277,49116499.535811335,35416105.61941744,-80.35569763183594,-80.23390197753906,-2.1094000339508057,2.085200071334839,[0. 0. 0.],[0. 0. 0. 1.],3.307452451537286,-1.4801524990302668,"(30, 5)",304747.78396606445,304734.99787159264,-78372795638.03513,1538717.9487179518,1.827299952507019,-1.4801524990302668,78407906996.00475,47577781.26252003,49116499.21123798,47273046.26464844,78408211743.78871,35416105.75358073,0.06711033643308888,1770935219.544336,1770935219.544336
1.6752389375978862,31,5,78338230882.24083,42683956.74638876,43030922.61273441,78338577860.29254,44569640.56145236,32998633.98616536,-81.43070220947266,-81.79850006103516,-3.161799907684326,3.561300039291382,[0. 0. 0.],[0. 0. 0. 1.],2.987940860432817,-1.217140865964128,"(31, 5)",346978.10246276855,346965.19118088484,-78305579225.91637,1538717.9487179518,1.770799994468689,-1.217140865964128,78338230882.2227,43030922.288161054,44569640.236879006,42683957.09698017,78338577860.32516,32998634.408804085,0.13795441513947163,1770935219.6070974,1770935219.6070974
3.2146786071981053,20,11,76765987524.93126,12136506.510230761,12440425.571319308,76699075055.63719,13979143.520037258,6689673.295332992,-83.39700317382812,-83.04879760742188,-1.848600029945373,1.5328999757766724,[0. 0. 0.],[0. 0. 0. 1.],7.238867807619097,-3.907967853776934,"(20, 11)",-66912468.91900635,303918.6604817696,-76692385382.3448,1538717.94871795,3.330899953842163,-3.907967853776934,76765987524.85092,12440425.493289262,13979143.442007212,12136506.832807492,76699075055.93192,6689673.587114383,0.19301066261862573,1770935219.6529508,1770935219.6529508
3.649260269336661,21,11,78706783013.92284,7972958.350861965,8278943.199524437,78707089022.66728,9817661.148242386,65427738.32041918,-91.9489974975586,-92.18309783935548,1.7032999992370603,-1.8961000442504885,[0. 0. 0.],[0. 0. 0. 1.],6.76620379035099,-3.003103881522254,"(21, 11)",306009.3336791992,305984.73182091303,-78641661284.6165,1538717.948717949,3.763099908828736,-3.003103881522254,78706783013.63293,8278943.121494391,9817661.07021234,7972958.389673478,78707089022.96661,65427738.35011017,0.1838890230848181,1770935219.710803,1770935219.710803
2.2695683740015835,20,1,77273974183.5851,44065286.34115727,44369407.94422566,77207061911.00858,45908125.89294361,44161659.3118449,-90.24469757080078,-88.67140197753906,-3.642400026321411,3.003499984741211,[0. 0. 0.],[0. 0. 0. 1.],5.378421035517765,-3.036821094264103,"(20, 1)",-66912272.29191589,304121.4067507982,-77162900251.69824,1538717.9487179518,2.341599941253662,-3.036821094264103,77273974183.50476,44369407.865084134,45908125.813802086,44065286.458333336,77207061911.21284,44161659.514598355,0.18398259326383556,1770935220.1619012,1770935220.1619012
2.6428489772131956,21,1,79214769904.94847,39903499.50370159,40208927.17499489,79215075350.23183,41747645.12371284,35682786.007627614,-83.73760223388672,-82.91069793701172,-0.1042999997735023,-0.2746999859809875,[0. 0. 0.],[0. 0. 0. 1.],5.464760744195486,-2.6248607274108178,"(21, 1)",305446.12004089355,305427.24609375,-79179392564.49243,1538717.9487179443,2.839900016784668,-2.6248607274108178,79214769904.65857,40208927.095853366,41747645.04457131,39903499.849759616,79215075350.77861,35682786.286182895,0.194214431570513,1770935220.217761,1770935220.217761
2.9201846528831568,30,1,79168887140.38861,60254731.486452185,60558750.89294361,79169191179.59158,62097468.84166156,57015027.312058695,-84.25029754638672,-83.06289672851562,-0.8148999810218811,1.0448999404907229,[0. 0. 0.],[0. 0. 0. 1.],5.318561597208403,-2.24776153121414,"(30, 1)",304039.7448425293,304018.96158854663,-79112176152.37367,1538717.9487179443,3.0708000659942627,-2.24776153121414,79168887140.2355,60558750.813802086,62097468.76252003,60254731.85221354,79169191179.98035,57015027.60667067,0.19756124631821684,1770935220.305416,1770935220.305416
2.806651604413362,31,1,79116212420.70235,5449839.043565594,5753502.495507713,79116516103.45845,7292220.444225662,4339952.525180844,-87.9197998046875,-88.24520111083984,-2.567600011825561,1.9323999881744385,[0. 0. 0.],[0. 0. 0. 1.],5.403218332373771,-2.52501827820507,"(31, 1)",303682.92391967773,303663.1266276045,-79112176150.8556,1538717.948717949,2.878200054168701,-2.52501827820507,79116212420.68422,5753502.416366186,7292220.365084135,5449839.2897385815,79116516103.60814,4339952.7525290465,0.18635494760143376,1770935220.3849452,1770935220.3849452
4.6079161695139526,20,2,77542967172.36714,38199259.05682743,38580361.47724048,77476131898.08545,40119079.42595843,44366011.97368017,-85.60260009765625,-84.5999984741211,-7.479400157928467,6.8628997802734375,[0. 0. 0.],[0. 0. 0. 1.],5.780256972993651,-1.0367567402971174,"(20, 2)",-66835273.82875061,381101.9662710354,-77431765886.10391,1538717.9487179518,4.743500232696533,-1.0367567402971174,77542967172.2868,38580361.39072516,40119079.33944311,38199259.42445412,77476131898.45805,44366012.35414162,0.19895371269179912,1770935220.4351125,1770935220.4351125
4.1331066418426925,21,2,79492762733.4741,43037869.140328,43361875.90031741,79493086769.12225,44900593.84903535,44828570.20130256,-91.33000183105467,-90.05500030517578,-4.244900226593018,4.444200038909912,[0. 0. 0.],[0. 0. 0. 1.],6.2983455293594135,-2.0302457445083393,"(21, 2)",324036.3331298828,324006.59805689007,-79448258199.1798,1538717.9487179443,4.268099784851074,-2.0302457445083393,79492762733.1842,43361875.813802086,44900593.76252003,43037869.215745196,79493086769.51733,44828570.33754006,0.18339486840028205,1770935220.495721,1770935220.495721
4.332404188927968,30,2,79421880537.8245,38389145.934339255,38693662.75929177,79422185085.1014,40232380.70800971,41143298.01555151,-85.9489974975586,-86.33540344238281,-5.545000076293945,5.261000156402588,[0. 0. 0.],[0. 0. 0. 1.],5.370857095168491,-0.8830569738611178,"(30, 2)",304547.85470581055,304516.38246194273,-79381041787.1706,1538717.9487179443,4.487800121307373,-0.8830569738611178,79421880537.67139,38693662.672776446,40232380.62149439,38389146.2903145,79422185085.5261,41143298.35549379,0.19407823938848867,1770935220.5583258,1770935220.5583258
5.024983755872707,31,2,79367206467.1767,48800716.900328554,49108093.84903535,79367513879.55132,50646811.797753304,53688504.41245558,-89.73139953613281,-90.44309997558594,-6.446599960327148,5.834700107574463,[0. 0. 0.],[0. 0. 0. 1.],5.909298044654857,-0.8438979210586659,"(31, 2)",307412.42237854004,307376.708984375,-79313825375.05182,1538717.9487179518,5.065400123596191,-0.8438979210586659,79367206467.15857,49108093.76252003,50646811.71123798,48800717.053535655,79367513879.58095,53688504.52912159,0.18350185355066687,1770935220.635992,1770935220.635992
6.599629443980901,20,3,77793011523.32867,17392115.140411094,17698558.605404034,77726101600.72949,19237276.554121986,25470063.027691584,-89.79759979248047,-90.7052993774414,-0.9229000210762024,0.7142999768257141,[0. 0. 0.],[0. 0. 0. 1.],8.333480663273496,-1.668480701420469,"(20, 3)",-66909922.42274475,306443.1997445896,-77700631537.67767,1538717.9487179518,6.664999961853027,-1.668480701420469,77793011523.24834,17698558.506109774,19237276.454827726,17392115.306365184,77726101600.82559,25470063.147911657,0.1834495241504863,1770935220.681513,1770935220.681513
5.911181896184212,21,3,79734756483.47409,14181397.151360799,14485329.43873737,79735060454.41556,16024047.38745532,17936604.2488911,-84.79039764404297,-84.59159851074219,2.261199951171875,-3.1087000370025635,[0. 0. 0.],[0. 0. 0. 1.],8.658882207513464,-2.526982373834265,"(21, 3)",303971.87062072754,303931.79086538404,-79717123850.40926,1538717.94871795,6.131899833679199,-2.526982373834265,79734756483.18419,14485329.339443108,16024047.288161058,14181397.548577724,79735060455.05481,17936604.64555789,0.20005358823901595,1770935220.7378309,1770935220.7378309
5.785618893805815,30,3,79664874199.68347,10532767.672781626,10844199.631045064,79665185669.7547,12382917.579763012,15278231.40748519,-88.19499969482422,-88.8843994140625,1.3791999816894531,-1.7526999711990356,[0. 0. 0.],[0. 0. 0. 1.],8.088195173008208,-2.181695310337309,"(30, 3)",311470.5090637207,311431.603064904,-79649907438.41571,1538717.948717948,5.906499862670898,-2.181695310337309,79664874199.53036,10844199.531750802,12382917.48046875,10532767.928685898,79665185670.03943,15278231.623722957,0.18529744123826747,1770935220.8013499,1770935220.8013499
6.4188431604915035,31,3,79611200681.92029,21945161.537676778,22251282.964378394,79611506845.8872,23790000.913096342,28815818.767063968,-94.40799713134766,-102.44580078125,0.498199999332428,-0.7039999961853027,[0. 0. 0.],[0. 0. 0. 1.],8.413408825323614,-2.01460892908338,"(31, 3)",306163.7682800293,306121.34102063254,-79582691027.01685,1538717.948717948,6.398799896240234,-2.01460892908338,79611200681.90216,22251282.865084134,23790000.813802082,21945161.5240635,79611506845.67044,28815818.653595753,0.18745543410894128,1770935220.8799996,1770935220.8799996
4.937047557302936,20,4,78037954664.35431,1141076.0243843794,1447733.281630254,77971044945.05539,2986451.230348203,1547769.352561836,-90.63739776611328,-90.83740234375,-2.7528998851776123,2.5023999214172363,[0. 0. 0.],[0. 0. 0. 1.],5.9957967768636635,-1.0015965472188881,"(20, 4)",-66909719.128723145,306657.041892027,-77969497175.68286,1538717.948717949,4.994200229644775,-1.0015965472188881,78037954664.27397,1447733.185596955,2986451.134314904,1141076.143704928,77971044945.14525,1547769.4623898237,0.18339796927668245,1770935220.9254215,1770935220.9254215
4.344091094129888,21,4,79978750185.39717,64197978.22430607,64502621.10214307,79979054857.09322,66041339.05086102,60281779.30711941,-84.1720962524414,-83.49800109863281,0.270000010728836,-0.620199978351593,[0. 0. 0.],[0. 0. 0. 1.],6.075795992695039,-1.5189961040841995,"(21, 4)",304672.5855102539,304642.39658453315,-79918773078.03282,1538717.9487179518,4.55679988861084,-1.5189961040841995,79978750185.10727,64502621.006109774,66041338.954827726,64197978.60952524,79979054857.69278,60281779.659955926,0.1989740602203512,1770935220.981644,1770935220.981644
4.891129490372646,30,4,79907867861.54243,59548927.58005495,59854672.38419435,79908173639.16882,61393390.3329123,56616973.42129932,-95.65470123291016,-95.61209869384766,-0.3837000131607055,0.2989000082015991,[0. 0. 0.],[0. 0. 0. 1.],5.940327473034791,-1.0125272945069588,"(30, 4)",305777.80699157715,305744.7541065663,-79851556665.82018,1538717.9487179518,4.927800178527832,-1.0125272945069588,79907867861.38933,59854672.288161054,61393390.236879006,59548927.53405449,79908173639.19632,56616973.376151845,0.18664501973863126,1770935221.044316,1770935221.044316
4.679825982835012,31,4,79855194896.66386,4745029.133176095,5052252.512399485,79855502151.69368,6590970.461117434,3945487.1359162177,-82.6863021850586,-82.5365982055664,-1.670699954032898,1.1109999418258667,[0. 0. 0.],[0. 0. 0. 1.],6.018622700489663,-1.2606228034864895,"(31, 4)",307255.20207214355,307223.0099409055,-79851556664.45862,1538717.948717949,4.757999897003174,-1.2606228034864895,79855194896.64574,5052252.416366186,6590970.365084135,4745029.4064252805,79855502151.84781,3945487.3891977165,0.1799799979333371,1770935221.1239388,1770935221.1239388
2.215386641304107,20,5,78283948238.07225,54405284.77667504,54709287.99734979,78217035847.00816,56248005.94606774,45889442.76490145,-88.79750061035156,-88.6521987915039,-4.22160005569458,4.065199851989746,[0. 0. 0.],[0. 0. 0. 1.],3.059692769990478,-0.6859928665023189,"(20, 5)",-66912390.77836609,304002.3881961107,-78171146403.93242,1538717.9487179518,2.373699903488159,-0.6859928665023189,78283948237.99191,54709287.67277644,56248005.62149439,54405285.28458033,78217035847.21355,45889443.2811248,0.18491445196516873,1770935221.1699204,1770935221.1699204
1.8238177442916272,21,5,80223743863.28178,49246569.44104275,49550810.43324723,80224048116.72389,51089528.38196518,36409400.187901676,-82.01190185546875,-82.20330047607422,-1.2954000234603882,1.0746999979019165,[0. 0. 0.],[0. 0. 0. 1.],2.7001653466200923,-0.6490653309798335,"(21, 5)",304254.18168640137,304240.20620492846,-80187638716.49185,1538717.9487179518,2.051100015640259,-0.6490653309798335,80223743862.99188,49550810.10867388,51089528.05739183,49246569.90246895,80224048117.17357,36409400.68171574,0.162200315005894,1770935221.2266665,1770935221.2266665
1.7777586719699305,30,5,80153861443.27321,45597070.18429766,45901299.21529851,80154165684.68152,47440017.16401646,33743379.5893958,-80.71009826660156,-81.12020111083984,-2.192300081253052,2.0525999069213867,[0. 0. 0.],[0. 0. 0. 1.],3.307452451537286,-1.4233524912101374,"(30, 5)",304241.63035583496,304228.4999749586,-80120422304.8739,1538717.9487179518,1.8840999603271484,-1.4233524912101374,80153861443.1201,45901298.89072516,47440016.83944311,45597070.3907502,80154165684.75046,33743379.876552485,0.09590163065186567,1770935221.2902908,1770935221.2902908
1.6748839044923245,31,5,80099189103.39462,56009817.648290046,56353983.51017031,80099533281.43839,57892701.458888255,46327388.49668267,-81.70230102539062,-81.30709838867188,-3.291199922561645,2.8861000537872314,[0. 0. 0.],[0. 0. 0. 1.],2.987940860432817,-1.2239408022586837,"(31, 5)",344177.99729919434,344165.13296274096,-80053205892.55168,1538717.9487179443,1.7640000581741333,-1.2239408022586837,80099189103.3765,56353983.18559696,57892701.1343149,56009818.05263422,80099533281.3738,46327388.822115384,0.13172334092719964,1770935221.367974,1770935221.367974
3.215663831636508,20,11,78526942532.94405,25461955.475783404,25765826.21234495,78460030015.33195,27304544.1610629,20017966.323465418,-83.2396011352539,-83.49089813232422,-2.095400094985962,1.2786999940872192,[0. 0. 0.],[0. 0. 0. 1.],7.238867807619097,-3.9032679083271047,"(20, 11)",-66912517.1993866,303870.34880809113,-78440012049.01143,1538717.9487179518,3.335599899291992,-3.9032679083271047,78526942532.86371,25765826.134314902,27304544.083032854,25461955.78550681,78460030015.66432,20017966.65289463,0.19497126071143592,1770935221.4139338,1770935221.4139338
3.6478267435801053,21,11,80467737565.20485,21303598.67770468,21609560.186703924,80468043550.60632,23148278.135421872,11539189.367724484,-92.08789825439452,-91.95809936523438,1.4845000505447388,-1.7209999561309814,[0. 0. 0.],[0. 0. 0. 1.],6.76620379035099,-3.004103809043006,"(21, 11)",305985.9994659424,305961.39761117846,-80456504361.50824,1538717.948717948,3.762099981307984,-3.004103809043006,80467737564.91495,21609560.108673878,23148278.057391826,21303598.7110627,80468043550.91441,11539189.40617488,0.18386386729388896,1770935221.4708362,1770935221.4708362
2.257780173565421,20,1,79001930032.94403,24388949.088546023,24693214.033969253,78935017903.62854,26231931.9826872,24490985.249531355,-89.87039947509766,-88.40950012207031,-3.3229000568389893,3.114300012588501,[0. 0. 0.],[0. 0. 0. 1.],5.378421035517765,-3.0434209973707924,"(20, 1)",-66912129.01579285,304264.7298177108,-78910526918.38052,1538717.948717948,2.3350000381469727,-3.0434209973707924,79001930032.8637,24693213.954827726,26231931.903545674,24388949.225010015,78935017903.8479,24490985.467372797,0.1843525315502261,1770935221.8894582,1770935221.8894582
2.5794852807012028,21,1,80943725281.551,21232230.495644405,21538390.316020533,80944031458.59167,23077108.26473848,17012227.857369825,-83.04060363769531,-82.17150115966797,-0.0157999992370605,-0.5597000122070312,[0. 0. 0.],[0. 0. 0. 1.],5.464760744195486,-2.7115606900267846,"(21, 1)",306177.77505493164,306159.448868189,-80927019231.00255,1538717.948717948,2.753200054168701,-2.7115606900267846,80943725281.2611,21538390.236879006,23077108.185596954,21232230.788010817,80944031459.03615,17012228.033603765,0.17921595533849205,1770935221.946749,1770935221.946749
2.9543370577910064,30,1,80873842661.22191,17581874.212532915,17885874.29037951,80874146681.28084,19424592.239097457,14343862.115581987,-83.53140258789062,-82.95130157470703,-0.9405999779701232,0.9154000282287598,[0. 0. 0.],[0. 0. 0. 1.],5.318561597208403,-2.2201614812416057,"(30, 1)",304020.58918762207,303999.6650891453,-80859802819.2594,1538717.948717948,3.098400115966797,-2.2201614812416057,80873842661.0688,17885874.211237982,19424592.15995593,17581874.546148837,80874146681.65799,14343862.398587741,0.19319245272188462,1770935222.0102415,1770935222.0102415
2.8381173452950206,31,1,80821171971.98436,29995578.66738516,30301002.495507713,80821477415.33617,31839720.44422566,28891008.023978833,-88.5115966796875,-88.47250366210938,-2.2128000259399414,2.036799907684326,[0. 0. 0.],[0. 0. 0. 1.],5.403218332373771,-2.500618282401237,"(31, 1)",305443.50648498535,305423.5370342545,-80792586407.23454,1538717.948717948,2.902600049972534,-2.500618282401237,80821171971.96623,30301002.416366186,31839720.365084134,29995578.87933193,80821477415.47272,28891008.238181088,0.18536839470754227,1770935222.0899959,1770935222.0899959
4.605972899451563,20,2,79180707340.63634,62732907.60896858,63038790.96441997,79113796846.6952,64577508.91313792,1620704.0323472952,-85.94100189208984,-85.26029968261719,-7.355500221252441,7.281000137329102,[0. 0. 0.],[0. 0. 0. 1.],5.780256972993651,-1.0410568577897932,"(20, 2)",-66910493.4927063,305882.912660256,-79112176142.65498,1538717.9487179518,4.739200115203857,-1.0410568577897932,79180707340.556,63038790.877904646,64577508.8266226,62732907.96524439,79113796847.0633,1620704.4083032853,0.19676461946495713,1770935222.1285632,1770935222.1285632
4.072850828270331,21,2,81186719015.52534,56576729.73195951,56902789.361855865,81187045103.67279,58441507.31057382,58376648.45119285,-91.16709899902344,-91.658203125,-4.097799777984619,3.973900079727173,[0. 0. 0.],[0. 0. 0. 1.],6.2983455293594135,-2.100545369905068,"(21, 2)",326088.75762939453,326059.46076221764,-81128668455.48045,1538717.9487179518,4.197800159454346,-2.100545369905068,81186719015.23544,56902789.27534054,58441507.224058494,56576729.814578325,81187045103.99307,58376648.51262019,0.1835559672950115,1770935222.1897638,1770935222.1897638
4.32288862195859,30,2,81116836315.06805,52925779.03179831,53230946.41313792,81117141512.86597,54769664.361855865,55689469.495115235,-85.95240020751953,-85.84490203857422,-5.402599811553955,4.990900039672852,[0. 0. 0.],[0. 0. 0. 1.],5.370857095168491,-0.8896568769678073,"(30, 2)",305198.39555358887,305166.9389773682,-81061452043.45561,1538717.9487179443,4.481200218200684,-0.8896568769678073,81116836314.91495,53230946.3266226,54769664.27534054,52925779.38764523,81117141513.3105,55689469.85489283,0.1952602334711737,1770935222.253281,1770935222.253281
5.0492914602008385,31,2,81046166635.44589,47340007.44404885,47648590.64390715,81046475254.20992,49187308.5926251,52239622.50433634,-90.47859954833984,-90.56719970703124,-6.282700061798096,6.577000141143799,[0. 0. 0.],[0. 0. 0. 1.],5.909298044654857,-0.8261982025833241,"(31, 2)",308618.80570983887,308582.9984224811,-80994235631.61855,1538717.9487179443,5.083099842071533,-0.8261982025833241,81046166635.42776,47648590.55739183,49187308.506109774,47340007.55896935,81046475254.23347,52239622.61493389,0.18339877034817084,1770935222.314941,1770935222.314941
6.636135809781708,20,3,79405701443.20044,16887189.67587154,17192356.682327114,79338790244.32674,18731074.631045062,24964860.173784148,-90.29419708251952,-90.11129760742188,-0.8707000017166138,0.8177000284194946,[0. 0. 0.],[0. 0. 0. 1.],8.333480663273496,-1.631380863163633,"(20, 3)",-66911198.6678772,305166.76682692394,-79313825384.12883,1538717.948717948,6.702099800109863,-1.631380863163633,79405701443.1201,17192356.583032854,18731074.531750802,16887189.81620593,79338790244.45222,24964860.32339243,0.18345700163078024,1770935222.3596413,1770935222.3596413
5.9340727068211985,21,3,81412713182.192,11732213.960592337,12036395.143865576,81413017402.15672,13575113.092583524,15483295.454639755,-84.42890167236328,-84.89240264892578,2.634700059890747,-2.70169997215271,[0. 0. 0.],[0. 0. 0. 1.],8.658882207513464,-2.50438219988407,"(21, 3)",304220.89405822754,304180.689102564,-81397534106.94467,1538717.948717948,6.1545000076293945,-2.50438219988407,81412713181.9021,12036395.044571314,13575112.993289262,11732214.35546875,81413017402.79616,15483295.85148738,0.20012077746902443,1770935222.4156444,1770935222.4156444
5.783579813953637,30,3,81342830425.64497,8081411.995034629,8394568.220788652,81343143619.93549,9933286.169506602,12825925.02154799,-88.58650207519531,-87.6541976928711,1.3522000312805176,-2.1205999851226807,[0. 0. 0.],[0. 0. 0. 1.],8.088195173008208,-2.176495401127103,"(30, 3)",313194.79917907715,313155.89317908604,-81330317694.98242,1538717.94871795,5.911699771881104,-2.176495401127103,81342830425.49187,8394568.12149439,9933286.07021234,8081412.228315304,81343143620.29105,12825925.30861879,0.18631243217536508,1770935222.4814997,1770935222.4814997
6.465391204600008,31,3,81311160353.3946,41495445.77756391,41800073.02848096,81311465023.47922,43338790.977198906,48363739.85495342,-102.00869750976562,-95.71929931640624,0.2234999984502792,-0.9004999995231628,[0. 0. 0.],[0. 0. 0. 1.],8.413408825323614,-1.9722090458131163,"(31, 3)",304669.9562988281,304627.2629957944,-81263101283.52095,1538717.9487179443,6.441199779510498,-1.9722090458131163,81311160353.37648,41800072.9291867,43338790.877904646,41495445.66619091,81311465023.33278,48363739.81182392,0.18808033531392873,1770935222.5798564,1770935222.5798564
4.935217619391794,20,4,79687694383.90556,37682284.77911045,37986210.845732816,79620781933.43419,39524928.79445077,38090911.765351705,-90.17140197753906,-90.08450317382812,-2.7528998851776123,2.2016000747680664,[0. 0. 0.],[0. 0. 0. 1.],5.9957967768636635,-0.9943967829671791,"(20, 4)",-66912450.264175415,303925.82820011675,-79582691021.64886,1538717.9487179518,5.001399993896484,-0.9943967829671791,79687694383.82523,37986210.74969952,39524928.69841747,37682284.9214994,79620781933.56105,38090911.91218449,0.18348113439096556,1770935222.6357672,1770935222.6357672
4.308183522894549,21,4,81693705930.58943,31527885.70575595,31832356.67906615,81694010430.1693,33371074.6277841,27610685.857428793,-84.0322036743164,-84.0447006225586,0.498199999332428,-0.7199000120162964,[0. 0. 0.],[0. 0. 0. 1.],6.075795992695039,-1.5513957584726272,"(21, 4)",304500.49768066406,304470.4965444729,-81666399744.55861,1538717.948717948,4.524400234222412,-1.5513957584726272,81693705930.29953,31832356.583032854,33371074.531750802,31527886.08648838,81694010430.79721,27610686.23860677,0.19989126716244474,1770935222.6966655,1770935222.6966655
4.944477625550056,30,4,81607823510.58086,11877011.034978963,12182380.71752769,81608128913.36069,13721098.66624564,8945580.539636143,-95.95359802246094,-95.77400207519533,-0.6901000142097473,0.4954000115394592,[0. 0. 0.],[0. 0. 0. 1.],5.940327473034791,-0.9605272487305916,"(30, 4)",305402.95722961426,305369.6382962726,-81599183332.89369,1538717.94871795,4.979800224304199,-0.9605272487305916,81607823510.42775,12182380.62149439,13721098.57021234,11877010.983198117,81608128913.38498,8945580.491286058,0.1868153156187995,1770935222.7443035,1770935222.7443035
4.590993901452597,31,4,81539154936.72794,8292098.432371386,8598165.973937947,81539461035.36618,10136883.922655895,7494114.601655669,-83.42440032958984,-83.0062026977539,-1.9557000398635864,1.4426000118255615,[0. 0. 0.],[0. 0. 0. 1.],6.018622700489663,-1.3298228423964016,"(31, 4)",306098.86755371094,306067.09798177145,-81531966920.66537,1538717.948717948,4.688799858093262,-1.3298228423964016,81539154936.70981,8598165.877904648,10136883.826622596,8292098.7799228765,81539461035.57736,7494114.9119841745,0.1928732736688557,1770935222.8080165,1770935222.8080165
2.1849879714933667,20,5,79898688847.04657,55944748.14376568,56248751.13837544,79831776455.55974,57787469.08709338,47436205.193959706,-88.64579772949219,-88.92279815673828,-4.330599784851074,3.983200073242188,[0. 0. 0.],[0. 0. 0. 1.],3.059692769990478,-0.7173928317885738,"(20, 5)",-66912391.21656799,304002.15344551206,-79784340250.05493,1538717.9487179443,2.3422999382019043,-0.7173928317885738,79898688846.96623,56248750.813802086,57787468.76252003,55944748.660356574,79831776455.74966,47436205.69473658,0.18481221568271797,1770935222.85272,1770935222.85272
1.7743372421906354,21,5,81906700433.79456,51790964.48303716,52096219.08709338,81907005700.56271,53634937.035811335,38956727.8356063,-81.86949920654297,-82.39350128173828,-1.191100001335144,0.6434999704360962,[0. 0. 0.],[0. 0. 0. 1.],2.7001653466200923,-0.6979654583907222,"(21, 5)",305267.53744506836,305253.84364984185,-81868048972.68297,1538717.9487179518,2.00219988822937,-0.6979654583907222,81906700433.50465,52096218.76252003,53634936.71123798,51790964.91887019,81907005701.0421,38956728.3591246,0.16291581384848425,1770935222.9096925,1770935222.9096925
1.7519988274764957,30,5,81836817533.01675,48139281.01751115,48443510.753760055,81837121774.98007,49982228.702478,36289213.587289594,-80.43689727783203,-80.68379974365234,-2.0013999938964844,2.0796000957489014,[0. 0. 0.],[0. 0. 0. 1.],3.307452451537286,-1.4688524120551691,"(30, 5)",304242.0998535156,304229.25117688626,-81800832561.17456,1538717.9487179443,1.8386000394821167,-1.4688524120551691,81836817532.86365,48443510.4291867,49982228.377904646,48139281.178009816,81837121774.9635,36289213.7889373,0.07657080406403928,1770935222.9732556,1770935222.9732556
1.6774088383986183,31,5,81782149175.50998,58554189.91683657,58895690.240939535,81782490687.9903,60434408.18965749,48874538.4818758,-81.8290023803711,-81.7074966430664,-3.2987000942230225,3.423500061035156,[0. 0. 0.],[0. 0. 0. 1.],2.987940860432817,-1.2057408816043869,"(31, 5)",341512.51376342773,341499.5711888969,-81733616149.1184,1538717.9487179518,1.7821999788284302,-1.2057408816043869,81782149175.49185,58895689.91636618,60434407.865084134,58554190.345177285,81782490688.00562,48874538.88721955,0.14633195048032224,1770935223.0509279,1770935223.0509279
3.1697392290824355,20,11,80142683109.86708,28005922.420840073,28309776.532857772,80075770575.32086,29848494.48157572,22564680.142920204,-83.60279846191406,-83.29640197753906,-1.8896000385284424,1.3698999881744385,[0. 0. 0.],[0. 0. 0. 1.],7.238867807619097,-3.947267818681719,"(20, 11)",-66912534.148376465,303853.69716546685,-80053205895.18088,1538717.948717948,3.291599988937378,-3.947267818681719,80142683109.78674,28309776.454827726,29848494.403545674,28005922.75766226,80075770575.63837,22564680.457481973,0.1959405203430902,1770935223.0968325,1770935223.0968325
3.6522661685844704,21,11,82150694135.71764,23852531.761490658,24158374.289268028,82151000002.1428,25697092.237985976,14085384.368803136,-91.55290222167967,-92.24120330810548,1.4808000326156616,-1.4519000053405762,[0. 0. 0.],[0. 0. 0. 1.],6.76620379035099,-2.998003869696693,"(21, 11)",305867.01220703125,305842.39470653236,-82136914618.04366,1538717.948717948,3.768199920654297,-2.998003869696693,82150694135.42773,24158374.211237982,25697092.15995593,23852531.81653145,82151000002.43994,14085384.396284055,0.1837838884774253,1770935223.1536665,1770935223.1536665
2.298709134749458,20,1,80634670177.17476,43929833.60059219,44234752.49550771,80567758702.06218,45773470.44422566,44037937.41981008,-89.63410186767578,-88.68000030517578,-3.261399984359741,3.026700019836426,[0. 0. 0.],[0. 0. 0. 1.],5.378421035517765,-3.002921071757389,"(20, 1)",-66911474.82846069,304918.66674178094,-80523720764.64389,1538717.9487179518,2.375499963760376,-3.002921071757389,80634670177.09442,44234752.41636618,45773470.365084134,43929833.7496244,80567758702.26596,44037937.62207031,0.18428259493812293,1770935223.5825799,1770935223.5825799
2.6443567084723885,21,1,82656681082.83301,53777792.52354962,54085898.328841045,82656989206.30095,55624616.277559,49559719.20337135,-83.3458023071289,-82.36630249023438,-0.5139999985694885,-0.0865999981760978,[0. 0. 0.],[0. 0. 0. 1.],5.464760744195486,-2.637960636239553,"(21, 1)",308124.2331390381,308105.40614984185,-82607429487.36581,1538717.9487179518,2.8268001079559326,-2.637960636239553,82656681082.5431,54085898.24969952,55624616.19841747,53777792.843549676,82656989206.77625,49559719.41043169,0.1856061275205289,1770935223.6596942,1770935223.6596942
2.9606951462801008,30,1,82600797605.13211,64124834.05812913,64428470.44422566,82601101261.53831,65967188.39294361,60888185.947198816,-83.79019927978516,-83.03119659423828,-0.7319999933242798,0.8689000010490417,[0. 0. 0.],[0. 0. 0. 1.],5.318561597208403,-2.2102616265815715,"(30, 1)",303656.9448699951,303635.95815805346,-82540213075.68527,1538717.9487179518,3.108299970626831,-2.2102616265815715,82600797604.979,64428470.365084134,65967188.313802086,64124834.40692608,82601101261.92387,60888186.23860677,0.19534154977256246,1770935223.737221,1770935223.737221
2.8086988652653444,31,1,82548130986.4074,9324332.649227789,9629119.482687201,82548435792.5639,11167837.43140515,8222718.5694445595,-88.08689880371094,-87.59020233154297,-2.2295000553131104,1.965000033378601,[0. 0. 0.],[0. 0. 0. 1.],5.403218332373771,-2.518818441474113,"(31, 1)",304806.3620452881,304786.51780348644,-82540213073.91681,1538717.948717948,2.884399890899658,-2.518818441474113,82548130986.38927,9629119.403545674,11167837.352263622,9324332.885742188,82548435792.75131,8222718.8345102165,0.18706399437531,1770935223.8169367,1770935223.8169367
4.585239842446005,20,2,80908663173.96964,43049240.40529979,43355129.10544561,80841752685.27222,44893847.05416356,49166286.38696269,-84.97760009765625,-85.30940246582031,-7.8043999671936035,7.099400043487549,[0. 0. 0.],[0. 0. 0. 1.],5.780256972993651,-1.0583569867265608,"(20, 2)",-66910488.24995422,305888.233673878,-80792586398.8774,1538717.9487179518,4.72189998626709,-1.0583569867265608,80908663173.8893,43355129.018930286,44893846.96764824,43049240.78525641,80841752685.63934,49166286.76194411,0.19870083189038876,1770935223.8638406,1770935223.8638406
4.06514603723146,21,2,82900674784.75607,22898576.61815185,23226715.64390715,82901002952.32324,24765433.592625096,24707830.7480064,-90.69170379638672,-92.01789855957033,-4.010200023651123,4.268199920654297,[0. 0. 0.],[0. 0. 0. 1.],6.2983455293594135,-2.107045614045693,"(21, 2)",328168.1628112793,328138.8346354142,-82876295121.83409,1538717.948717948,4.191299915313721,-2.107045614045693,82900674784.46617,23226715.557391826,24765433.506109774,22898576.722756412,82901002952.62898,24707830.794896834,0.18351853711317415,1770935223.9036305,1770935223.9036305
4.387527170206804,30,2,82816791972.1193,5245855.558150913,5550393.528522532,82817096540.8755,7089111.4772404805,8017830.540682091,-86.2770004272461,-86.14689636230469,-5.060800075531006,4.934100151062012,[0. 0. 0.],[0. 0. 0. 1.],5.370857095168491,-0.828757142470737,"(30, 2)",304569.3421936035,304537.541316106,-82809078710.41959,1538717.948717948,4.542099952697754,-0.828757142470737,82816791971.96619,5550393.442007212,7089111.39072516,5245855.900691106,82817096541.30838,8017830.8887970755,0.19371681793503912,1770935223.9532218,1770935223.9532218
5.041494408702503,31,2,82763125890.25354,16661740.45653513,16970313.400317404,82763434498.74706,18509031.349035352,21572200.562646,-89.964599609375,-90.80919647216795,-6.222099781036377,5.749000072479248,[0. 0. 0.],[0. 0. 0. 1.],5.909298044654857,-0.8318978371353261,"(31, 2)",308608.52363586426,308572.7163461521,-82741862298.09737,1538717.948717948,5.077400207519531,-0.8318978371353261,82763125890.23541,16970313.313802082,18509031.26252003,16661740.59745593,82763434498.75905,21572200.661683694,0.18341806264211058,1770935224.0318418,1770935224.0318418
6.566087907809287,20,3,81122657709.22604,53432192.76183974,53737220.464378394,81055746370.63988,55275938.413096346,61510730.374050304,-91.35769653320312,-90.02269744873047,-0.5475999712944031,0.2104000002145767,[0. 0. 0.],[0. 0. 0. 1.],8.333480663273496,-1.7081807327009866,"(20, 3)",-66911338.3757782,305027.51277042925,-80994235640.24171,1538717.9487179518,6.62529993057251,-1.7081807327009866,81122657709.1457,53737220.365084134,55275938.313802086,53432192.852313705,81055746370.76993,61510730.528220154,0.1833948352916687,1770935224.0769866,1770935224.0769866
5.92405672080592,21,3,83114669263.92273,33282479.32071464,33586803.79771173,83114973627.15419,35125521.746429674,37029264.24534226,-84.6167984008789,-85.34110260009766,2.6719000339508057,-2.615999937057495,[0. 0. 0.],[0. 0. 0. 1.],8.658882207513464,-2.5149822899109253,"(21, 3)",304364.15452575684,304323.9808693938,-83077944363.15144,1538717.9487179443,6.143899917602539,-2.5149822899109253,83114669263.63283,33586803.69841747,35125521.647135414,33282479.717548076,83114973627.78735,37029264.63591747,0.1993265175761429,1770935224.1176617,1770935224.1176617
5.809202554704892,30,3,83030786395.19621,15629823.61126057,15944704.43873737,83031101314.28854,17483422.387455318,20373363.12091042,-88.3395004272461,-87.8447036743164,1.781599998474121,-1.776900053024292,[0. 0. 0.],[0. 0. 0. 1.],8.088195173008208,-2.150395242435698,"(30, 3)",314919.5900878906,314880.4806440305,-83010727951.23613,1538717.94871795,5.93779993057251,-2.150395242435698,83030786395.0431,15944704.339443108,17483422.288161058,15629823.858799078,83031101314.6332,20373363.397060297,0.18633994232291848,1770935224.1671946,1770935224.1671946
6.29512646723481,31,3,82977120810.12534,27046516.000889875,27351387.131045062,82977425723.62248,28890105.07976301,33914186.96841665,-96.6479034423828,-98.25689697265624,0.5968999862670898,-0.4526000022888183,[0. 0. 0.],[0. 0. 0. 1.],8.413408825323614,-2.1405087208009093,"(31, 3)",304913.330078125,304871.09061999246,-82943511536.55077,1538717.948717948,6.272900104522705,-2.1405087208009093,82977120810.10721,27351387.031750802,28890104.98046875,27046515.94113081,82977425723.43729,33914186.886518426,0.18782797803685675,1770935224.247548,1770935224.247548
4.91855937745971,20,4,81353651803.77731,23224925.102444723,23529303.794450764,81286739805.83371,25068021.743168715,23638527.817258194,-90.91929626464844,-90.86209869384766,-2.6635000705718994,2.2994000911712646,[0. 0. 0.],[0. 0. 0. 1.],5.9957967768636635,-1.0222970019308022,"(20, 4)",-66911997.77456665,304378.48995893076,-81263101277.99648,1538717.9487179518,4.973499774932861,-1.0222970019308022,81353651803.69698,23529303.698417466,25068021.647135418,23224925.208458535,81286739805.92241,23638527.92593149,0.1834142276811776,1770935224.3015282,1770935224.3015282
4.307046381785343,21,4,83343663358.47401,1075848.488263718,1380169.1790661514,83343967707.76695,2918887.1277841004,64374117.31693389,-84.1843032836914,-84.03289794921875,0.554099977016449,-1.1045000553131104,[0. 0. 0.],[0. 0. 0. 1.],6.075795992695039,-1.5517958248483597,"(21, 4)",304350.21032714844,304320.2092097355,-83279593590.69675,1538717.948717949,4.52400016784668,-1.5517958248483597,83343663358.18411,1380169.0830328525,2918887.0317508015,1075848.873823117,83343967708.39444,64374117.69769131,0.20007789013816868,1770935224.3466036,1770935224.3466036
4.885866581412095,30,4,83259780425.64493,50639204.66337432,50943726.87137384,83260084980.63313,52482444.82009179,47707802.03387874,-95.6227035522461,-95.89659881591795,-0.4796000123023987,0.6425999999046326,[0. 0. 0.],[0. 0. 0. 1.],5.940327473034791,-1.0185273364686287,"(30, 4)",304555.1632537842,304522.15732672065,-83212377178.6719,1538717.9487179518,4.921800136566162,-1.0185273364686287,83259780425.49182,50943726.77534054,52482444.724058494,50639204.61801382,83260084980.65508,47707801.98317308,0.18673762986523135,1770935224.3963265,1770935224.3963265
4.634633744409231,31,4,83211115249.22789,67055881.06889672,145754.11496358746,83211421563.90302,1684472.0636815361,66260796.90643116,-83.8385009765625,-82.70249938964844,-1.1836999654769895,1.5542999505996704,[0. 0. 0.],[0. 0. 0. 1.],6.018622700489663,-1.287622753895425,"(31, 4)",306314.8694152832,-66910127.422626205,-83145160766.89743,1538717.9487179487,4.730999946594238,-1.287622753895425,83211115249.20976,145754.01893028847,1684471.9676482372,67055881.44155649,83211421564.07918,66260797.18174078,0.19321873077637824,1770935224.479823,1770935224.479823
2.2013635244601533,20,5,81571646234.86705,48484637.40191927,48788719.08709338,81504733922.2082,50327437.035811335,39983415.573057294,-87.79540252685547,-88.62670135498047,-4.245800018310547,4.060500144958496,[0. 0. 0.],[0. 0. 0. 1.],3.059692769990478,-0.6910928783278805,"(20, 5)",-66912312.371658325,304080.7948968336,-81464750506.32431,1538717.9487179518,2.3685998916625977,-0.6910928783278805,81571646234.78671,48788718.76252003,50327436.71123798,48484637.9676232,81504733922.41505,39983416.090745196,0.18606427984786483,1770935224.5257285,1770935224.5257285
1.781835518415872,21,5,83664655073.21759,62116944.66289251,62422485.11273441,83664960625.8073,63961203.06145236,49284986.037971586,-82.12339782714844,-83.29460144042969,-1.5571000576019287,1.2926000356674194,[0. 0. 0.],[0. 0. 0. 1.],2.7001653466200923,-0.6680653843855953,"(21, 5)",305553.46366882324,305539.64468149096,-83615675639.72519,1538717.9487179518,2.032099962234497,-0.6680653843855953,83664655072.92769,62422484.788161054,63961202.736879006,62116945.14347956,83664960626.39136,49284986.666165866,0.18161539302817464,1770935224.670136,1770935224.670136
1.7297837094100925,30,5,83611771234.93979,8246104.290029566,8550377.740939537,83612075520.49435,10089095.689657485,63616292.5601477,-80.46399688720703,-80.02619934082031,-2.096400022506714,2.131700038909912,[0. 0. 0.],[0. 0. 0. 1.],3.307452451537286,-1.5030524843436823,"(30, 5)",304285.6069641113,304272.961738782,-83548459227.71599,1538717.948717948,1.8043999671936035,-1.5030524843436823,83611771234.78668,8550377.416366186,10089095.365084134,8246104.454627404,83612075520.39365,63616292.67765925,0.06607753057849684,1770935224.7482493,1770935224.7482493
1.7038143019234837,31,5,83557107028.07404,18663259.17962307,19001964.27940108,83557445745.46391,20540682.228119027,8986518.875963898,-81.65440368652344,-81.67269897460938,-3.4375,2.9802000522613525,[0. 0. 0.],[0. 0. 0. 1.],2.987940860432817,-1.1852408177082079,"(31, 5)",338717.4166107178,338704.38013321534,-83548459226.19794,1538717.948717948,1.8027000427246092,-1.1852408177082079,83557107028.05591,19001963.954827726,20540681.903545674,18663259.57469451,83557445745.47252,8986519.274589343,0.14083794317683507,1770935224.8258924,1770935224.8258924
3.21129124988042,20,11,81917637749.29012,55330979.316954456,55634824.60978085,81850725206.1958,57173542.5584988,49892644.319931775,-84.09300231933594,-82.72429656982422,-1.848600029945373,1.4901000261306765,[0. 0. 0.],[0. 0. 0. 1.],7.238867807619097,-3.911167907945635,"(20, 11)",-66912542.75590515,303844.85489282757,-81800832561.8788,1538717.9487179518,3.327699899673462,-3.911167907945635,81917637749.20978,55634824.5317508,57173542.48046875,55330979.67685797,81850725206.45387,49892644.57507011,0.19486611881783594,1770935224.8717246,1770935224.8717246
3.7036925691836258,21,11,84011646114.88425,2747913.9549640217,3055930.379011617,84011954155.48283,4594648.327729565,60196460.47278237,-92.03179931640624,-92.02259826660156,1.454699993133545,-1.705199956893921,[0. 0. 0.],[0. 0. 0. 1.],6.76620379035099,-2.948203712149696,"(21, 11)",308041.1940460205,308016.310471755,-83951757695.27971,1538717.9487179485,3.818000078201294,-2.948203712149696,84011646114.59435,3055930.3009815705,4594648.249699519,2747913.9905098155,84011954155.78839,60196460.508688904,0.18386665192920254,1770935225.017402,1770935225.017402
2.2357640403945487,20,1,82602619864.67471,62597366.86334119,62904464.03396925,82535710567.46802,64443181.9826872,62713905.60890159,-89.46369934082031,-88.94329833984375,-3.208400011062622,2.9653000831604004,[0. 0. 0.],[0. 0. 0. 1.],5.378421035517765,-3.066720929850651,"(20, 1)",-66909296.93759155,307096.93321815133,-82472996661.86064,1538717.9487179443,2.3117001056671143,-3.066720929850651,82602619864.59438,62904463.954827726,64443181.90354567,62597367.021609575,82535710567.65678,62713905.79614884,0.1841999014901027,1770935225.5505233,1770935225.5505233
2.677293080469946,21,1,84608630698.21758,56451540.38905624,56757765.31602053,84608936941.05492,58296483.264738485,52231556.66233082,-83.23159790039062,-82.14810180664062,-0.0623000003397464,-0.031599998474121,[0. 0. 0.],[0. 0. 0. 1.],5.464760744195486,-2.6116606827788598,"(21, 1)",306243.5678253174,306224.5373848155,-84556705384.66081,1538717.9487179518,2.853100061416626,-2.6116606827788598,84608630697.92767,56757765.236879006,58296483.18559696,56451540.69949419,84608936941.4955,52231556.8346855,0.18124809788530946,1770935225.611754,1770935225.611754
2.934039728421876,30,1,84538747044.23463,52796454.39644959,53100409.546789765,84539051019.23366,54639127.49550771,49562046.237970814,-83.87879943847656,-83.14019775390625,-0.8716999888420105,0.6248999834060669,[0. 0. 0.],[0. 0. 0. 1.],5.318561597208403,-2.2346616223854046,"(30, 1)",303975.5483856201,303954.71817407757,-84489488973.08983,1538717.9487179443,3.083899974822998,-2.2346616223854046,84538747044.08153,53100409.46764824,54639127.41636618,52796454.74947416,84539051019.62991,49562046.540089145,0.19643468296193456,1770935225.6751914,1770935225.6751914
2.822431514163858,31,1,84486084960.76633,65214820.614461094,65520217.23909745,84486390376.80371,67058935.187815405,64117815.61415973,-88.57610321044922,-87.84300231933594,-2.365499973297119,1.9799000024795528,[0. 0. 0.],[0. 0. 0. 1.],5.403218332373771,-2.5114184056159585,"(31, 1)",305416.22845458984,305396.33726461977,-84422272561.1119,1538717.9487179518,2.8917999267578125,-2.5114184056159585,84486084960.7482,65520217.159955926,67058935.10867388,65214820.82269131,84486390376.97665,64117815.86475861,0.18605694509856854,1770935225.7548869,1770935225.7548869
4.614993962515624,20,2,82845652060.18753,30747849.413081214,31112741.28493279,82778800575.28151,32651459.23365074,36938278.89779269,-84.72689819335938,-84.57820129394531,-7.443999767303467,7.145999908447266,[0. 0. 0.],[0. 0. 0. 1.],5.780256972993651,-1.027656779969969,"(20, 2)",-66851484.45324707,364891.40437199175,-82741862296.37585,1538717.9487179518,4.752600193023682,-1.027656779969969,82845652060.1072,31112741.198417466,32651459.147135418,30747849.794045474,82778800575.65395,36938279.278094955,0.20012536677004983,1770935225.801426,1770935225.801426
4.057030733204914,21,2,84854624352.06372,27563985.238744516,27894488.079804584,84854954883.40222,29433206.028522532,29383864.391134128,-90.6509017944336,-92.1447982788086,-4.142499923706055,4.093100070953369,[0. 0. 0.],[0. 0. 0. 1.],6.2983455293594135,-2.1155457132278217,"(21, 2)",330531.92921447754,330502.6479867771,-84825571019.26994,1538717.948717948,4.182799816131592,-2.1155457132278217,84854624351.77382,27894487.993289262,29433205.94200721,27563985.345302485,84854954883.70303,29383864.433092948,0.18352901186543788,1770935225.857748,1770935225.857748
4.378170668810432,30,2,84784740625.9654,23908308.514677197,24214664.36185587,84785047012.50134,25753382.310573816,26692404.511567537,-86.28939819335938,-86.05560302734375,-5.477099895477295,4.904300212860107,[0. 0. 0.],[0. 0. 0. 1.],5.370857095168491,-0.8376573080285983,"(30, 2)",306387.12565612793,306355.418669872,-84758354608.07454,1538717.948717948,4.533199787139893,-0.8376573080285983,84784740625.81229,24214664.275340546,25753382.224058494,23908308.856670674,84785047012.93794,26692404.86340645,0.19391577499273654,1770935225.9211986,1770935225.9211986
5.063950638972449,31,2,84731079143.45862,35326682.35750683,35633470.45159946,84731385967.19759,37172188.40031741,40247771.3582149,-90.15029907226562,-90.96630096435548,-6.546199798583984,5.942699909210205,[0. 0. 0.],[0. 0. 0. 1.],5.909298044654857,-0.8118978562088124,"(31, 2)",306823.76177978516,306787.8762269616,-84691138195.75232,1538717.9487179518,5.097400188446045,-0.8118978562088124,84731079143.44049,35633470.365084134,37172188.313802086,35326682.48885717,84731385967.20227,40247771.44994491,0.18339768641328316,1770935225.9998446,1770935225.9998446
6.624817361679217,20,3,83090607252.49522,4888287.516394656,5192845.464378396,83023695444.50282,6731563.413096344,12967496.32563052,-91.4259033203125,-90.04319763183594,-0.3436000049114227,0.6136999726295471,[0. 0. 0.],[0. 0. 0. 1.],8.333480663273496,-1.6500805091597268,"(20, 3)",-66911807.783081055,304557.761167869,-83010727948.15306,1538717.948717948,6.6834001541137695,-1.6500805091597268,83090607252.41489,5192845.365084135,6731563.313802083,4888287.603916266,83023695444.6318,12967496.478740985,0.18339545500619586,1770935226.0445714,1770935226.0445714
5.958688610464584,21,3,85098618053.98679,744155.1588332409,1050569.8233527546,85098924507.54427,2589287.7720707036,4487836.504944045,-84.54750061035156,-85.19049835205078,2.535900115966797,-2.719399929046631,[0. 0. 0.],[0. 0. 0. 1.],8.658882207513464,-2.479982442498816,"(21, 3)",306454.4834289551,306414.1689202724,-85094436671.2819,1538717.948717949,6.178899765014648,-2.479982442498816,85098618053.69688,1050569.7240584935,2589287.6727764425,744155.5551382211,85098924508.18031,4487836.8984124595,0.19964977446193252,1770935226.1015785,1770935226.1015785
5.814066202055853,30,3,85028734263.7859,64305013.771717064,64621940.01566044,85029051228.311,66160657.964378394,1830969.3885021727,-88.82849884033203,-88.18160247802734,1.1567000150680542,-1.875599980354309,[0. 0. 0.],[0. 0. 0. 1.],8.088195173008208,-2.152595369083647,"(30, 3)",316965.0033874512,316925.925230369,-85027220258.991,1538717.9487179518,5.9355998039245605,-2.152595369083647,85028734263.6328,64621939.91636618,66160657.865084134,64305013.99113581,85029051228.63618,1830969.6451822917,0.18536626448111856,1770935226.165229,1770935226.165229
6.796355675308059,31,3,84958073758.84323,58724628.31081744,59029191.61822455,84958378367.27356,60567909.5669425,65590930.21014397,-101.5280990600586,-89.16560363769531,0.1600999981164932,-0.6826000213623047,[0. 0. 0.],[0. 0. 0. 1.],8.413408825323614,-1.6043086742616026,"(31, 3)",304608.54554748535,304563.3169320896,-84892787436.96011,1538717.9487179518,6.809100151062012,-1.6043086742616026,84958073758.8251,59029191.518930286,60567909.46764824,58724628.2019982,84958378367.37065,65590930.41053185,0.18381055954734699,1770935226.2269816,1770935226.2269816
4.947120055210705,20,4,83333601186.79008,53893050.84700337,54196972.063681535,83266688731.54509,55735690.01239948,54311556.01453081,-90.45269775390624,-90.70880126953124,-2.960599899291992,2.142899990081787,[0. 0. 0.],[0. 0. 0. 1.],5.9957967768636635,-0.9892970095601967,"(20, 4)",-66912455.068725586,303920.99233774096,-83212377175.51059,1538717.9487179443,5.006499767303467,-0.9892970095601967,83333601186.70975,54196971.96764824,55735689.91636618,53893050.9753105,83266688731.64102,54311556.13043369,0.18339579670161105,1770935226.2815142,1770935226.2815142
4.286637531455564,21,4,85323612244.69191,31749808.426943384,32054127.512399483,85323916592.26807,33592845.46111743,27830694.250981957,-84.96659851074219,-84.50289916992188,0.3761999905109405,-0.5074999928474426,[0. 0. 0.],[0. 0. 0. 1.],6.075795992695039,-1.5695961559640823,"(21, 4)",304348.504486084,304318.59725560993,-85296085898.26381,1538717.948717948,4.506199836730957,-1.5695961559640823,85323612244.40201,32054127.416366186,33592845.365084134,31749808.819110576,85323916592.9065,27830694.642678287,0.1999724287999204,1770935226.326629,1770935226.326629
5.660324584936053,30,4,85239728758.97821,14094210.520076375,14400024.948296921,85240034611.31512,15938742.89701487,11165124.820152309,-81.05180358886719,-95.47650146484376,-0.4851999878883362,0.3594000041484833,[0. 0. 0.],[0. 0. 0. 1.],5.940327473034791,-0.23862726246350174,"(30, 4)",305852.52027893066,305814.34983473644,-85228869486.56761,1538717.948717948,5.701700210571289,-0.23862726246350174,85239728758.8251,14400024.852263622,15938742.80098157,14094210.502428886,85240034611.34538,11165124.777769431,0.19940328384696962,1770935226.3762174,1770935226.3762174
4.700897772536039,31,4,85195067981.59964,34513147.33642635,34895585.845732816,85195450451.96039,36434303.79445077,33797376.97418203,-82.85310363769531,-83.3926010131836,-1.4294999837875366,1.431399941444397,[0. 0. 0.],[0. 0. 0. 1.],6.018622700489663,-1.2235224883924953,"(31, 4)",382470.6248779297,382438.11974158883,-85161653074.88705,1538717.9487179518,4.795100212097168,-1.2235224883924953,85195067981.58151,34895585.74969952,36434303.69841747,34513147.62995793,85195450452.20639,33797377.31933594,0.19133607317086984,1770935226.4639325,1770935226.4639325
2.1774826424529,20,5,83554595545.76443,14933052.755483733,15237276.779401075,83487683375.29173,16775994.728119023,6440560.995629176,-88.03849792480469,-88.72309875488281,-4.646299839019775,4.119200229644775,[0. 0. 0.],[0. 0. 0. 1.],3.059692769990478,-0.7179926929335934,"(20, 5)",-66912170.1910553,304223.14766125754,-83481242813.98526,1538717.948717948,2.3417000770568848,-0.7179926929335934,83554595545.6841,15237276.454827724,16775994.403545672,14933053.307166466,83487683375.49304,6440561.5077874595,0.18564172273663038,1770935226.5088017,1770935226.5088017
1.787644956001555,21,5,85563606050.78165,11789873.968244586,12096026.779401075,85563912215.79996,13634744.728119023,66177088.99203741,-81.56539916992188,-83.0073013305664,-1.3186999559402466,1.299100041389465,[0. 0. 0.],[0. 0. 0. 1.],2.7001653466200923,-0.6817653927779292,"(21, 5)",306165.8653869629,306152.10899939947,-85497735126.76378,1538717.948717948,2.018399953842163,-0.6817653927779292,85563606050.49174,12096026.454827724,13634744.403545672,11789874.345828325,85563912216.35713,66177089.59334936,0.16707142751831586,1770935226.5666025,1770935226.5666025
1.7464096774497173,30,5,85493722132.37564,8133484.072230011,8437765.561452357,85494026426.04544,9976483.510170307,63507710.75964329,-81.18119812011719,-80.40579986572266,-2.183900117874145,1.998600006103516,[0. 0. 0.],[0. 0. 0. 1.],3.307452451537286,-1.460452448676263,"(30, 5)",304293.760635376,304280.8650090145,-85430518715.06758,1538717.94871795,1.847000002861023,-1.460452448676263,85493722132.22253,8437765.236879006,9976483.185596956,8133484.3718699915,85494026425.98317,63507710.91558994,0.08800058452459164,1770935226.6303172,1770935226.6303172
1.7029191554723475,31,5,85439062340.57399,18553027.332047712,18888767.164016463,85439398092.68886,20427485.11273441,8879378.952756347,-81.4574966430664,-82.19129943847656,-3.317300081253052,3.614399909973145,[0. 0. 0.],[0. 0. 0. 1.],2.987940860432817,-1.1778409010593431,"(31, 5)",335752.2348327637,335739.1513922289,-85430518713.34608,1538717.948717948,1.810099959373474,-1.1778409010593431,85439062340.55586,18888766.83944311,20427484.788161058,18553027.68805088,85439398092.7907,8879379.444611378,0.1484214725818272,1770935226.7092915,1770935226.7092915
3.186354880760238,20,11,83818589159.54648,7003379.214684133,7307228.455934693,83751676620.21873,8845946.404652642,1568160.8287721123,-83.82019805908203,-83.62960052490234,-1.972499966621399,1.2217999696731567,[0. 0. 0.],[0. 0. 0. 1.],7.238867807619097,-3.9252677442951223,"(20, 11)",-66912538.9059906,303848.81435296405,-83750108459.39291,1538717.948717949,3.3136000633239746,-3.9252677442951223,83818589159.46614,7307228.377904647,8845946.326622596,7003379.563551683,83751676620.56015,1568161.1672425882,0.1983718363678618,1770935226.7664702,1770935226.7664702
3.677846255006017,21,11,85824599311.99959,860866.7063286547,1166443.1995244375,85824904912.55818,2705161.148242386,58304140.92244585,-91.18229675292967,-92.56490325927734,1.4816999435424805,-1.4808000326156616,[0. 0. 0.],[0. 0. 0. 1.],6.76620379035099,-2.9718038136206437,"(21, 11)",305601.13369750977,305576.34402544063,-85766600771.90538,1538717.9487179485,3.7943999767303462,-2.9718038136206437,85824599311.70969,1166443.121494391,2705161.0702123395,860866.7774689504,85824904912.84338,58304140.9380008,0.18374862183062696,1770935226.8276114,1770935226.8276114
2.2414892274986693,20,1,84299576515.3157,11921932.440392608,12227388.713456431,84232665577.26938,13766106.66217438,12042248.868840635,-89.58360290527344,-88.74710083007812,-3.2950000762939453,2.9577999114990234,[0. 0. 0.],[0. 0. 0. 1.],5.378421035517765,-3.060321059931828,"(20, 1)",-66910937.766052246,305456.042167468,-84220623328.40205,1538717.948717948,2.318099975585937,-3.060321059931828,84299576515.23537,12227388.634314904,13766106.583032852,11921932.592147436,84232665577.46931,12042249.067257613,0.1842638878092585,1770935227.2543328,1770935227.2543328
2.573188300447987,21,1,86307586852.06369,7781049.90670499,8089071.405764123,86307894890.763,9627789.354482071,3562839.6255445518,-82.8666000366211,-82.90280151367188,-0.260699987411499,-0.1331000030040741,[0. 0. 0.],[0. 0. 0. 1.],5.464760744195486,-2.7054607506804715,"(21, 1)",308039.5351257324,308021.146334135,-86304332051.4057,1538717.948717948,2.759299993515014,-2.7054607506804715,86307586851.77379,8089071.326622596,9627789.275340544,7781050.180288461,86307894891.30891,3562839.903220152,0.1868741107434599,1770935227.3105955,1770935227.3105955
2.8744721846431536,30,1,86236702757.37563,3123804.9367784257,3427797.367302585,86237006769.35011,4966515.316020533,67107540.4137298,-84.52760314941406,-83.20050048828125,-1.2610000371932983,1.120300054550171,[0. 0. 0.],[0. 0. 0. 1.],5.318561597208403,-2.290861649851225,"(30, 1)",304012.5294189453,303991.980919471,-86169899229.03053,1538717.9487179485,3.0276999473571777,-2.290861649851225,86236702757.22252,3427797.2881610575,4966515.236879006,3123805.3072415865,86237006769.75194,67107540.72140425,0.1989271898090699,1770935227.3732402,1770935227.3732402
2.8318642197783226,31,1,86184044656.2791,15544320.500335446,15848021.726276943,86184348376.97752,17386739.674994893,14449149.121343268,-88.5510025024414,-88.63089752197266,-2.2620999813079834,1.8224999904632568,[0. 0. 0.],[0. 0. 0. 1.],5.403218332373771,-2.50861841782299,"(31, 1)",303720.84397888184,303700.9371243976,-86169899227.77853,1538717.94871795,2.894599914550781,-2.50861841782299,86184044656.26097,15848021.647135416,17386739.595853366,15544320.710011018,86184348377.10495,14449149.326422276,0.18516671527952003,1770935227.4529824,1770935227.4529824
4.613509937742684,20,2,84543570137.11057,48243034.91902192,48548863.079804584,84476659588.03088,50087581.028522536,54387035.14304919,-85.8583984375,-85.03189849853516,-7.4822001457214355,7.068699836730957,[0. 0. 0.],[0. 0. 0. 1.],5.780256972993651,-1.0325567586076643,"(20, 2)",-66910548.62779236,305827.71496894956,-84422272552.87997,1538717.9487179518,4.747700214385986,-1.0325567586076643,84543570137.03023,48548862.99328926,50087580.942007214,48243035.27832031,84476659588.40244,54387035.52246094,0.19750886958447558,1770935227.5023894,1770935227.5023894
4.123489379093512,21,2,86561580289.56367,54102440.691618316,54435024.938778944,86561912902.7506,55973742.887496896,55931627.28234517,-90.69850158691406,-92.6176986694336,-4.0381999015808105,4.190000057220459,[0. 0. 0.],[0. 0. 0. 1.],6.2983455293594135,-2.0520453088699115,"(21, 2)",332613.7601470947,332584.0563651845,-86505981275.72711,1538717.9487179518,4.246300220489502,-2.0520453088699115,86561580289.27377,54435024.85226362,55973742.800981574,54102440.79589844,86561912903.03392,55931627.30681591,0.18361763382902913,1770935227.5646248,1770935227.5646248
4.37668984677087,30,2,86491696098.72177,50444568.98378706,50749087.438778944,86492000647.91806,52287805.387496896,53235783.87802252,-85.88310241699219,-85.80599975585938,-5.486400127410889,5.095200061798096,[0. 0. 0.],[0. 0. 0. 1.],5.370857095168491,-0.8352569097742037,"(30, 2)",304549.79528808594,304518.0100661069,-86438764864.1248,1538717.9487179518,4.535600185394287,-0.8352569097742037,86491696098.56866,50749087.35226362,52287805.300981574,50444569.342197515,86492000648.36395,53235784.239157654,0.19552527322344812,1770935227.6282148,1770935227.6282148
5.053337787588897,31,2,86437038654.67653,60865143.3188091,61172669.169548176,86437346216.11829,62711387.11826612,65797763.9313092,-89.8844985961914,-90.77780151367188,-6.643099784851074,5.889599800109863,[0. 0. 0.],[0. 0. 0. 1.],5.909298044654857,-0.8191982331009022,"(31, 2)",307561.4733581543,307525.6191155836,-86371548452.09993,1538717.9487179443,5.090099811553955,-0.8191982331009022,86437038654.6584,61172669.083032854,62711387.0317508,60865143.46391727,86437346216.13176,65797764.03182592,0.18342956849055753,1770935227.707254,1770935227.707254
6.637593157082909,20,3,84746346827.81569,47432999.76315305,47738678.79771173,84679436140.98308,49277396.746429674,55514346.58948837,-90.18049621582033,-90.17140197753906,-0.8065000176429749,0.19930000603199,[0. 0. 0.],[0. 0. 0. 1.],8.333480663273496,-1.6294806670881936,"(20, 3)",-66910686.629852295,305678.78918769956,-84623921794.36948,1538717.9487179443,6.703999996185303,-1.6294806670881936,84746346827.73535,47738678.69841747,49277396.647135414,47432999.90922977,84679436141.1055,55514346.73602764,0.18346494245104816,1770935227.761578,1770935227.761578
5.911428510736399,21,3,86819573630.90982,41293980.58176593,41598149.95155788,86819877838.9533,43136867.900275834,45030911.95760544,-84.69760131835938,-85.2301025390625,2.2909998893737797,-2.737099885940552,[0. 0. 0.],[0. 0. 0. 1.],8.658882207513464,-2.527282304406775,"(21, 3)",304208.9687347412,304168.8733223155,-86774846927.23827,1538717.9487179518,6.1315999031066895,-2.527282304406775,86819573630.61992,41598149.85226362,43136867.800981574,41293980.97894131,86819877839.58865,45030912.350385614,0.19935286631969554,1770935227.8240025,1770935227.8240025
5.806764950503049,30,3,86751689319.87561,39636166.54735543,39954856.682327114,86752008048.19151,41493574.63104506,44377532.62404293,-88.44599914550781,-87.91079711914062,1.4723999500274658,-2.2994000911712646,[0. 0. 0.],[0. 0. 0. 1.],8.088195173008208,-2.154295293552641,"(30, 3)",318728.8098449707,318689.7942958772,-86707630515.63597,1538717.9487179443,5.933899879455566,-2.154295293552641,86751689319.7225,39954856.583032854,41493574.5317508,39636166.78873698,86752008048.53235,44377532.89638422,0.18611764184563875,1770935227.8881788,1770935227.8881788
6.385170569913832,31,3,86682032837.36884,35057946.20149125,35362629.11822455,86682337562.66754,36901347.0669425,41923458.95314606,-98.21810150146484,-97.70870208740234,0.3212999999523163,-1.1892000436782837,[0. 0. 0.],[0. 0. 0. 1.],8.413408825323614,-2.052708694860967,"(31, 3)",304725.13833618164,304682.8988882154,-86640414103.61108,1538717.9487179518,6.360700130462647,-2.052708694860967,86682032837.35071,35362629.018930286,36901346.96764824,35057946.12004207,86682337562.48904,41923458.87795473,0.18815962347752774,1770935227.9508255,1770935227.9508255
4.945683892121434,20,4,84974341146.72595,14218108.835219746,14521891.935476407,84907428553.34224,16060609.884194357,14641121.338867621,-90.2354965209961,-90.47209930419922,-2.7528998851776123,2.2881999015808105,[0. 0. 0.],[0. 0. 0. 1.],5.9957967768636635,-0.9873968134847573,"(20, 4)",-66912593.195999146,303782.86508413404,-84892787431.9834,1538717.94871795,5.008399963378906,-0.9873968134847573,84974341146.64561,14521891.839443108,16060609.788161058,14218108.974358974,84907428553.44962,14641121.466220953,0.18342065101348135,1770935227.9969046,1770935227.9969046
4.302180916291958,21,4,87049567693.40982,10079434.045369266,10383534.563681537,87049871822.48244,11922252.512399485,6159257.595283549,-83.956298828125,-83.86109924316406,0.4153000116348266,-1.0095000267028809,[0. 0. 0.],[0. 0. 0. 1.],6.075795992695039,-1.5588959301340042,"(21, 4)",304129.9829711914,304100.04444611445,-87043712565.1339,1538717.948717948,4.516900062561035,-1.5588959301340042,87049567693.11992,10383534.467648238,11922252.416366186,10079434.423202123,87049871823.10289,6159257.969000401,0.19940489081050436,1770935228.052553,1770935228.052553
4.939784954343807,30,4,86979683366.34996,6421232.350237607,6725401.550861023,86979987568.62852,8264119.499578972,3491415.357373663,-95.1218032836914,-95.65470123291016,-0.6248999834060669,0.542900025844574,[0. 0. 0.],[0. 0. 0. 1.],5.940327473034791,-0.9623273090028084,"(30, 4)",304202.4583129883,304169.13937299605,-86976496153.3438,1538717.948717949,4.978000164031982,-0.9623273090028084,86979683366.19685,6725401.454827724,8264119.403545673,6421232.315454728,86979987568.65517,3491415.311373197,0.18645261302828806,1770935228.1160858,1770935228.1160858
4.565933392603481,31,4,86926027044.0996,17842763.723193306,18218085.845732816,86926402397.27467,19756803.794450764,17122656.075691335,-83.80899810791016,-83.40979766845703,-1.4780000448226929,2.004199981689453,[0. 0. 0.],[0. 0. 0. 1.],6.018622700489663,-1.3465226333509914,"(31, 4)",375353.44050598145,375321.6552734375,-86909279741.09982,1538717.948717948,4.672100067138672,-1.3465226333509914,86926027044.08147,18218085.749699518,19756803.698417466,17842764.09442608,86926402397.52197,17122656.42215044,0.19746638012686377,1770935228.1948833,1770935228.1948833
2.2232126904570824,20,5,85218334912.75159,65471054.18928481,65775922.61273441,85151423386.91487,98230.30504210173,56986726.10501163,-88.1511001586914,-88.63939666748047,-4.553199768066406,4.120100021362305,[0. 0. 0.],[0. 0. 0. 1.],3.059692769990478,-0.6724926528792721,"(20, 5)",-66911525.55026245,304867.5537109375,-85094436660.49902,-65677692.307692304,2.387200117111206,-0.6724926528792721,85218334912.67125,65775922.288161054,98229.98046875,65471054.73445012,85151423387.12099,56986726.621970154,0.18559405588574485,1770935228.240338,1770935228.240338
1.7929013241484402,21,5,87279561755.90982,47333371.7663287,47637453.06145236,87279865849.42674,49176171.01017031,34504055.85830431,-81.73390197753906,-82.49410247802734,-1.1855000257492063,1.2618999481201172,[0. 0. 0.],[0. 0. 0. 1.],2.7001653466200923,-0.6809652600264644,"(21, 5)",304094.30087280273,304080.56014623493,-87245361793.5243,1538717.9487179518,2.019200086593628,-0.6809652600264644,87279561755.61992,47637452.736879006,49176170.68559696,47333372.17673277,87279865849.92079,34504056.396484375,0.1618128176387078,1770935228.2826366,1770935228.2826366
1.7540827838353619,30,5,87218677132.3756,52674517.60683874,52978751.13837544,87218981378.1574,54517469.08709338,40835996.29886357,-80.26100158691406,-80.12030029296875,-2.191400051116944,2.0815000534057617,[0. 0. 0.],[0. 0. 0. 1.],3.307452451537286,-1.4819524400931938,"(30, 5)",304245.8402252197,304233.0697866604,-87178145381.64032,1538717.9487179443,1.825500011444092,-1.4819524400931938,87218677132.22249,52978750.813802086,54517468.76252003,52674517.744015425,87218981378.06271,40835996.42240084,0.06549924515845632,1770935228.3551571,1770935228.3551571
1.6937431538039238,31,5,87164021395.06113,63096254.68350993,63429279.98452928,87164354432.56284,64967997.93324723,53425462.35392752,-82.2208023071289,-81.6906967163086,-3.3657000064849854,3.318300008773804,[0. 0. 0.],[0. 0. 0. 1.],2.987940860432817,-1.1793409115497602,"(31, 5)",333037.5319213867,333024.47979266196,-87110928969.8189,1538717.9487179518,1.8085999488830569,-1.1793409115497602,87164021395.043,63429279.659955926,64967997.60867388,63096255.180163264,87164354432.57492,53425462.75603466,0.15514632322837485,1770935228.4328587,1770935228.4328587
3.1957800227092776,20,11,85456329191.59773,31546768.36283745,31850625.89183213,85389416660.6361,33389343.840550076,26114355.1705661,-83.25189971923828,-84.12069702148438,-1.9306000471115112,0.988099992275238,[0. 0. 0.],[0. 0. 0. 1.],7.238867807619097,-3.9182677748127004,"(20, 11)",-66912530.517578125,303857.1401742771,-85363302305.46846,1538717.948717948,3.3206000328063965,-3.9182677748127004,85456329191.5174,31850625.813802082,33389343.76252003,31546768.673627805,85389416660.99982,26114355.531350162,0.19794613945431716,1770935228.4789035,1770935228.4789035
3.6768523015946872,21,11,87532555233.4739,28409206.20150666,28715657.94311418,87532861709.2885,30254375.89183213,18634271.06439098,-91.44210052490234,-93.38939666748048,1.1445000171661377,-1.705199956893921,[0. 0. 0.],[0. 0. 0. 1.],6.76620379035099,-2.978603749915199,"(21, 11)",306476.3621826172,306451.6038161069,-87514227438.49376,1538717.948717948,3.787600040435791,-2.978603749915199,87532555233.184,28715657.865084134,30254375.813802082,28409206.261268027,87532861709.54619,18634271.052433893,0.18404316992045852,1770935228.5356765,1770935228.5356765
2.2674797192287266,20,1,85935316595.44388,34462732.39114048,34767084.22627694,85868404553.10477,36305802.17499489,34587378.42522552,-90.47209930419922,-88.56770324707031,-2.895400047302246,2.90939998626709,[0. 0. 0.],[0. 0. 0. 1.],5.378421035517765,-3.0397209794417153,"(20, 1)",-66912042.04853821,304351.65014021844,-85833817174.68106,1538717.9487179518,2.33870005607605,-3.0397209794417153,85935316595.36354,34767084.147135414,36305802.095853366,34462732.496995196,85868404553.315,34587378.6339393,0.18395294557674247,1770935228.9568787,1770935228.9568787
2.5630266258480607,21,1,88009542917.76877,29326882.322423782,29634159.546789765,88009850212.14426,31172877.495507713,25107904.690486345,-82.57119750976562,-82.97550201416016,-0.3389999866485595,-0.1229000017046928,[0. 0. 0.],[0. 0. 0. 1.],5.464760744195486,-2.7200607892089135,"(21, 1)",307295.21922302246,307276.90867888555,-87984742307.722,1538717.948717948,2.7446999549865723,-2.7200607892089135,88009542917.47887,29634159.467648238,31172877.416366186,29326882.558969352,88009850212.69809,25107904.97608674,0.18417395757398494,1770935229.0125856,1770935229.0125856
2.9410728890332445,30,1,87938658342.31148,24667426.05100545,24971170.76473848,87938962106.93918,26509888.71345643,21436210.960556872,-83.49610137939453,-83.86820220947266,-1.268399953842163,1.020699977874756,[0. 0. 0.],[0. 0. 0. 1.],5.318561597208403,-2.2233615354103065,"(30, 1)",303765.22749328613,303744.3033854142,-87917525896.07277,1538717.948717948,3.095200061798096,-2.2233615354103065,87938658342.15837,24971170.685596954,26509888.634314902,24667426.38221154,87938962107.38586,21436211.31310096,0.1980478427572733,1770935229.0751107,1770935229.0751107
2.8224647338099693,31,1,87872004600.18932,23090489.67923835,23396972.046789765,87872311102.00618,24935689.995507713,22001617.911942706,-88.47660064697266,-88.30390167236328,-2.3515000343322754,2.056299924850464,[0. 0. 0.],[0. 0. 0. 1.],5.403218332373771,-2.514518323981437,"(31, 1)",306501.9812927246,306482.07444411144,-87850309484.01659,1538717.948717948,2.888700008392334,-2.514518323981437,87872004600.17119,23396971.967648238,24935689.916366186,23090489.893204127,87872311102.15248,22001618.13589243,0.18559180062635855,1770935229.1409268,1770935229.1409268
4.615013223487822,20,2,86181310313.39258,5560275.4122909885,5866154.7464712495,86114399815.48737,7404872.6951891985,11717006.14236868,-85.41130065917969,-84.89510345458984,-7.630300045013428,7.282000064849853,[0. 0. 0.],[0. 0. 0. 1.],5.780256972993651,-1.0288569790971662,"(20, 2)",-66910497.4521637,305878.87494991906,-86102682809.33714,1538717.948717949,4.751399993896484,-1.0288569790971662,86181310313.31224,5866154.659955929,7404872.608673878,5560275.78500601,86114399815.86008,11717006.522936698,0.19868088180851892,1770935229.196486,1770935229.196486
4.068665517443041,21,2,88254536595.65338,66641320.23151211,66975954.42595843,88254871258.42369,1298262.118266122,1263316.2575010923,-91.49099731445312,-91.22840118408205,-4.206699848175049,4.218800067901611,[0. 0. 0.],[0. 0. 0. 1.],6.2983455293594135,-2.1038455598769916,"(21, 2)",334663.39894104004,334634.03946314007,-88253607942.42503,-65677692.30769231,4.194499969482422,-2.1038455598769916,88254536595.36348,66975954.33944311,1298262.0317508013,66641320.29997997,88254871258.76242,1263316.3373898237,0.18353770821018833,1770935229.2576084,1770935229.2576084
4.268674564595028,30,2,88184651924.04224,62981248.467193455,63285762.11826612,88184956467.74474,64824480.06698407,65781347.45097208,-86.2573013305664,-85.78720092773438,-5.432400226593018,5.279600143432617,[0. 0. 0.],[0. 0. 0. 1.],5.370857095168491,-0.9454573148950534,"(30, 2)",304544.3021392822,304513.2211538404,-88119175120.37852,1538717.9487179518,4.4253997802734375,-0.9454573148950534,88184651923.88913,63285762.0317508,64824479.98046875,62981248.81059696,88184956468.19127,65781347.8127504,0.19468022145350364,1770935229.3211632,1770935229.3211632
5.03271159906264,31,2,88130998446.34315,7187542.93075751,7496138.720830224,88131307077.63077,9034856.669548173,12131958.964972053,-90.32550048828124,-90.64080047607422,-6.752999782562256,5.87939977645874,[0. 0. 0.],[0. 0. 0. 1.],5.909298044654857,-0.8421979965896718,"(31, 2)",308631.3257446289,308595.5810546875,-88119175118.57875,1538717.948717948,5.0671000480651855,-0.8421979965896718,88130998446.32503,7496138.634314904,9034856.583032852,7187543.0532602165,88131307077.65077,12131959.072015224,0.1834023748076128,1770935229.399834,1770935229.399834
6.595558860136016,20,3,86423304127.49515,43979065.931640714,44285433.605404034,86356394129.05884,45824151.554121986,52062078.44282009,-90.36959838867188,-91.10659790039062,-0.4442000091075897,0.4189999997615814,[0. 0. 0.],[0. 0. 0. 1.],8.333480663273496,-1.679680652592344,"(20, 3)",-66909998.27850342,306367.43790064007,-86304332050.59189,1538717.9487179518,6.653800010681152,-1.679680652592344,86423304127.41481,44285433.506109774,45824151.454827726,43979066.068209134,86356394129.1363,52062078.54442108,0.18339718200047578,1770935229.4452913,1770935229.4452913
5.916834534937083,21,3,88498530297.57645,39844785.760610536,40149031.36181429,88498834581.86246,41687749.31053224,43577398.331363454,-84.76499938964844,-84.72599792480469,2.638400077819824,-2.891700029373169,[0. 0. 0.],[0. 0. 0. 1.],8.658882207513464,-2.5211821266418823,"(21, 3)",304285.21572875977,304245.10466746986,-88455257183.77368,1538717.9487179518,6.137700080871582,-2.5211821266418823,88498530297.28654,40149031.26252003,41687749.21123798,39844786.15785256,88498834582.50227,43577398.72859074,0.1999345812191903,1770935229.5015903,1770935229.5015903
5.825784578742015,30,3,88428645553.84993,36184829.69470843,36505273.34899378,88428966035.77309,38043991.29771173,40925263.62324226,-89.364501953125,-87.9906005859375,1.57669997215271,-2.31060004234314,[0. 0. 0.],[0. 0. 0. 1.],8.088195173008208,-2.1436952035257857,"(30, 3)",320482.4124908447,320443.36563501507,-88388040772.21834,1538717.9487179518,5.944499969482422,-2.1436952035257857,88428645553.69682,36505273.24969952,38043991.19841747,36184829.8840645,88428966036.10931,40925263.89097556,0.1851028133595333,1770935229.5651357,1770935229.5651357
6.400764096606726,31,3,88374992661.08675,47608393.09271845,47915081.041301474,88375299391.44812,49453798.99001942,54475030.96356179,-100.3727035522461,-95.5177993774414,0.2617000043392181,-0.9229000210762024,[0. 0. 0.],[0. 0. 0. 1.],8.413408825323614,-2.0347090458131163,"(31, 3)",306730.23712158203,306687.9507211596,-88320824360.38126,1538717.9487179443,6.378699779510498,-2.0347090458131163,88374992661.06862,47915080.942007214,49453798.89072516,47608392.991286054,88375299391.30574,54475030.924479164,0.18778036940271078,1770935229.6438682,1770935229.6438682
4.9329593242715575,20,4,86668297861.4695,27759970.08702715,28066491.294450764,86601388006.13055,29605209.243168715,28190317.79522101,-91.05809783935548,-91.310302734375,-2.573199987411499,2.58899998664856,[0. 0. 0.],[0. 0. 0. 1.],5.9957967768636635,-1.0118967066732338,"(20, 4)",-66909855.19018555,306521.0117437877,-86573197688.31535,1538717.9487179518,4.98390007019043,-1.0118967066732338,86668297861.38916,28066491.198417466,29605209.147135418,27759970.18667368,86601388006.19897,28190317.88361378,0.18347932462519623,1770935229.6894062,1770935229.6894062
4.3294319161258565,21,4,88726524416.1662,6626713.185789093,6931290.973937946,88726829022.71814,8470008.922655895,2706201.5616146387,-83.75340270996094,-83.63089752197266,0.4675000011920929,-0.0922000035643577,[0. 0. 0.],[0. 0. 0. 1.],6.075795992695039,-1.5348957622873245,"(21, 4)",304607.4500427246,304577.32371794805,-88724122821.40326,1538717.948717949,4.540900230407715,-1.5348957622873245,88726524415.8763,6931290.877904647,8470008.826622596,6626713.554186699,88726829023.32634,2706201.923076923,0.1981469264861208,1770935229.7295437,1770935229.7295437
4.8109693171844485,30,4,88642639968.91403,56183105.42514425,56487084.24316871,88642943980.9582,58025802.19188666,53253986.63517195,-94.4563980102539,-96.9832000732422,-0.1433999985456466,0.200200006365776,[0. 0. 0.],[0. 0. 0. 1.],5.940327473034791,-1.0922272876405037,"(30, 4)",304012.2007598877,303978.74098557234,-88589689994.39568,1538717.9487179518,4.848100185394287,-1.0922272876405037,88642639968.76093,56487084.147135414,58025802.095853366,56183105.40614984,88642943980.96169,53253986.56600561,0.18657354596248069,1770935229.779144,1770935229.779144
4.598769985536543,31,4,88589987556.92007,1390336.4619203992,1758959.2431687156,88590356210.92885,3297677.1918866644,666213.1788125868,-83.3595962524414,-83.55370330810547,-1.531999945640564,1.497499942779541,[0. 0. 0.],[0. 0. 0. 1.],6.018622700489663,-1.3164227645765774,"(31, 4)",368654.2843475342,368622.34262319724,-88589689997.6509,1538717.9487179487,4.702199935913086,-1.3164227645765774,88589987556.90195,1758959.1471354167,3297677.0958533655,1390336.8045122195,88590356211.1863,666213.5354066506,0.19603449296647943,1770935229.8601081,1770935229.8601081
2.209123729883945,20,5,86900291939.99513,67010527.26194025,98054.02299081968,86833379482.68578,1636771.9717087685,58532565.622194484,-88.85970306396484,-88.67569732666016,-4.264500141143799,3.986000061035156,[0. 0. 0.],[0. 0. 0. 1.],3.059692769990478,-0.6929928359847408,"(20, 5)",-66912457.0249939,-66912474.06788361,-86774846916.75273,1538717.9487179487,2.3666999340057373,-0.6929928359847408,86900291939.9148,98053.69841746795,1636771.6471354167,67010527.76630108,86833379482.8898,58532566.13706931,0.18483895669739706,1770935229.915529,1770935229.915529
1.7852771866011103,21,5,88972518070.01234,59877497.64621168,60183967.48452928,88972824552.02672,61722685.43324723,47052502.06371281,-82.09500122070312,-82.9645004272461,-1.01419997215271,1.1333999633789062,[0. 0. 0.],[0. 0. 0. 1.],2.7001653466200923,-0.6700652394270992,"(21, 5)",306482.85693359375,306469.03796073794,-88925772049.91887,1538717.9487179518,2.030100107192993,-0.6700652394270992,88972518069.72244,60183967.159955926,61722685.10867388,59877498.12199519,88972824552.57938,47052502.66050681,0.17691065116645996,1770935229.9779322,1770935229.9779322
1.74668252555985,30,5,88923632637.18324,9999678.66316249,10303975.497349793,88923936946.20914,11842693.446067741,65381307.89343235,-80.47769927978516,-80.58280181884766,-2.202500104904175,2.0768001079559326,[0. 0. 0.],[0. 0. 0. 1.],3.307452451537286,-1.4758525007468806,"(30, 5)",304309.1446380615,304296.34289863706,-88858555638.09747,1538717.948717948,1.8315999507904053,-1.4758525007468806,88923632637.03014,10303975.172776442,11842693.12149439,9999678.829877805,88923936946.17477,65381308.07729868,0.0752591623939318,1770935230.0601602,1770935230.0601602
1.7008264353290883,31,5,88869980906.27904,21423571.761775788,21753927.42042672,88870311274.23221,23292645.369144667,11755637.607063554,-81.6343994140625,-81.35649871826172,-3.037899971008301,3.533400058746338,[0. 0. 0.],[0. 0. 0. 1.],2.987940860432817,-1.19794089857979,"(31, 5)",330367.91679382324,330354.94290865585,-88858555636.23512,1538717.948717948,1.7899999618530271,-1.19794089857979,88869980906.26091,21753927.095853366,23292645.044571314,21423572.15294471,88870311274.1777,11755637.942583133,0.13132132024034196,1770935230.138909,1770935230.138909
3.278886624304348,20,11,87163285569.80281,58090107.19091847,58394215.63542188,87096373290.23431,59932933.584139824,52660727.967323855,-83.06649780273438,-83.939697265625,-2.1624999046325684,1.3336000442504885,[0. 0. 0.],[0. 0. 0. 1.],7.238867807619097,-3.838667917482378,"(20, 11)",-66912279.130981445,304108.07291667163,-87043712562.26993,1538717.9487179443,3.4001998901367188,-3.838667917482378,87163285569.72247,58394215.55739183,59932933.506109774,58090107.48447516,87096373290.59149,52660728.3215645,0.19630517591983374,1770935230.1846282,1770935230.1846282
3.647147820355448,21,11,89238511203.02515,53957591.25920277,54263582.62260136,89238817218.22665,55802300.57131931,44179523.40453901,-92.24120330810548,-92.01789855957033,1.4881999492645264,-1.7071000337600708,[0. 0. 0.],[0. 0. 0. 1.],6.76620379035099,-3.006003766699867,"(21, 11)",306015.7971496582,305991.25788761675,-89194637695.09177,1538717.9487179518,3.760200023651123,-3.006003766699867,89238511202.73524,54263582.54457131,55802300.49328926,53957591.28668369,89238817218.5324,44179523.44063001,0.18392803880759498,1770935230.2416036,1770935230.2416036
2.24896532198161,20,1,87683305473.64896,34819387.006165124,35124744.4826872,87616394436.82771,36663462.43140515,34950595.46589527,-90.44950103759766,-88.61609649658203,-3.0648999214172363,3.075200080871582,[0. 0. 0.],[0. 0. 0. 1.],5.378421035517765,-3.058421102274967,"(20, 1)",-66911036.533447266,305357.29041466117,-87581443841.36334,1538717.9487179518,2.319999933242798,-3.058421102274967,87683305473.56862,35124744.40354567,36663462.35226362,34819387.11313101,87616394437.03517,34950595.67182492,0.1839327028633184,1770935230.6985211,1770935230.6985211
2.669377602701797,21,1,89756497837.64052,28655156.31688283,28962901.533969253,89756805600.66843,30501619.4826872,24436626.297622934,-82.90049743652344,-82.50029754638672,-0.1518000066280365,-0.1125999987125396,[0. 0. 0.],[0. 0. 0. 1.],5.464760744195486,-2.616360628228689,"(21, 1)",307763.81272888184,307744.86052684486,-89732368974.63904,1538717.948717948,2.848400115966797,-2.616360628228689,89756497837.35062,28962901.454827726,30501619.403545674,28655156.59430088,89756805601.16335,24436626.5243139,0.1823145553365279,1770935230.7595959,1770935230.7595959
2.9393454379708817,30,1,89686612725.32426,24993391.46628876,25297124.29037951,89686916478.04152,26835842.239097457,21763915.34933311,-84.30020141601562,-83.02420043945312,-1.2348999977111816,0.9229000210762024,[0. 0. 0.],[0. 0. 0. 1.],5.318561597208403,-2.229061646799467,"(30, 1)",303753.25520324707,303732.3780548908,-89665152562.78633,1538717.948717948,3.0894999504089355,-2.229061646799467,89686612725.17116,25297124.211237982,26835842.15995593,24993391.83318309,89686916478.42636,21763915.64002404,0.19755596764431776,1770935230.823252,1770935230.823252
2.8049859897317977,31,1,89633962773.2662,37418322.43463541,37723206.02114874,89634267676.15738,39261923.969866686,36331525.27130906,-88.00900268554688,-88.9822006225586,-2.300299882888794,1.9789999723434448,[0. 0. 0.],[0. 0. 0. 1.],5.403218332373771,-2.5338183079597085,"(31, 1)",304903.01669311523,304883.2663511634,-89597936150.80841,1538717.9487179443,2.8694000244140625,-2.5338183079597085,89633962773.24808,37723205.942007214,39261923.89072516,37418322.67565605,89634267676.26477,36331525.45635517,0.18541853189795487,1770935230.9027538,1770935230.9027538
4.627945186329291,20,2,87927265681.98228,3876010.8287533633,4183654.74647125,87860356948.73155,5722372.6951891985,10047472.579078628,-85.61419677734375,-85.78060150146484,-7.190700054168701,7.587399959564209,[0. 0. 0.],[0. 0. 0. 1.],5.780256972993651,-1.019457088197508,"(20, 2)",-66908732.81625366,307643.4639172675,-87850309476.1446,1538717.9487179485,4.760799884796143,-1.019457088197508,87927265681.90195,4183654.6599559295,5722372.608673878,3876011.196038662,87860356949.0857,10047472.941080729,0.19624406772431482,1770935230.948816,1770935230.948816
4.047826839213496,21,2,90001491515.52513,65962171.293622576,66298927.18236869,90001828299.88026,621234.8746763783,593691.141372142,-90.73619842529295,-91.658203125,-4.122900009155273,4.133200168609619,[0. 0. 0.],[0. 0. 0. 1.],6.2983455293594135,-2.1223454111037983,"(21, 2)",336784.96531677246,336755.6997445896,-90001234608.99774,-65677692.30769231,4.176000118255615,-2.1223454111037983,90001491515.23523,66298927.095853366,621234.7881610577,65962171.39610878,90001828300.20055,593691.2027994791,0.183476525862966,1770935231.004559,1770935231.004559
4.32731742202553,30,2,89930606355.13194,61299846.54243114,61604367.887496896,89930910906.90742,63143085.83621484,64109119.8844341,-86.02050018310547,-86.13610076904297,-5.718299865722656,4.67710018157959,[0. 0. 0.],[0. 0. 0. 1.],5.370857095168491,-0.8872569555505709,"(30, 2)",304552.361907959,304520.9053235203,-89866801787.10774,1538717.9487179443,4.48360013961792,-0.8872569555505709,89930606354.97884,61604367.800981574,63143085.74969952,61299846.89565805,89930910907.34074,64109120.2329978,0.19437398815516663,1770935231.0672677,1770935231.0672677
5.065257174193082,31,2,89875957028.07388,4508404.444498155,4815906.3490353525,89876264565.66447,6354624.297753301,9462780.222501654,-89.91580200195312,-90.44309997558594,-6.487500190734863,6.058199882507324,[0. 0. 0.],[0. 0. 0. 1.],5.909298044654857,-0.8050981583328358,"(31, 2)",307537.63835144043,307501.6745542865,-89866801785.35493,1538717.948717949,5.1041998863220215,-0.8050981583328358,89875957028.05576,4815906.262520032,6354624.211237981,4508404.5879657455,89876264565.6941,9462780.339167668,0.18346637561747642,1770935231.1447473,1770935231.1447473
6.61061138592615,20,3,88168259520.1233,41306800.858364314,41611683.605404034,88101348036.85698,43150401.554121986,49389319.558685675,-90.77429962158205,-90.74310302734376,-0.7217000126838684,0.1423999965190887,[0. 0. 0.],[0. 0. 0. 1.],8.333480663273496,-1.6650808524824807,"(20, 3)",-66911483.09169006,304882.5307992771,-88051958717.27417,1538717.9487179518,6.668399810791016,-1.6650808524824807,88168259520.04297,41611683.506109774,43150401.454827726,41306800.9753105,88101348036.95128,49389319.67710837,0.1833994894993094,1770935231.1898062,1770935231.1898062
5.907876331253864,21,3,90243485273.53795,37177668.42077773,37481547.387455314,90243789191.14607,39020265.336173266,40905341.026606545,-84.97940063476562,-85.11239624023438,2.545300006866455,-3.1087000370025635,[0. 0. 0.],[0. 0. 0. 1.],8.658882207513464,-2.530682153344763,"(21, 3)",303918.5352783203,303878.4711788818,-90202883850.36205,1538717.9487179518,6.128200054168701,-2.530682153344763,90243485273.24805,37481547.288161054,39020265.236879006,37177668.81698217,90243789191.78333,40905341.421274036,0.19905037135277326,1770935231.2465694,1770935231.2465694
5.885062747058711,30,3,90172600033.01656,32515446.720947977,32837725.272070702,90172922350.2057,34376443.22078865,37254911.27970026,-88.94329833984375,-88.28620147705078,1.248900055885315,-1.923099994659424,[0. 0. 0.],[0. 0. 0. 1.],8.088195173008208,-2.0834949891397994,"(30, 3)",322317.6613769531,322278.2389322929,-90135667438.9945,1538717.948717948,6.004700183868408,-2.0834949891397994,90172600032.86345,32837725.172776442,34376443.12149439,32515446.93384415,90172922350.52483,37254911.53032352,0.18514393588219855,1770935231.3091934,1770935231.3091934
6.38061414093794,31,3,90118951258.84311,43941237.77797952,44245938.413096346,90119256001.78639,45784656.36181429,50804974.776053354,-101.78359985351562,-102.44580078125,0.268200010061264,-0.564300000667572,[0. 0. 0.],[0. 0. 0. 1.],8.413408825323614,-2.0673089718079893,"(31, 3)",304742.74464416504,304700.6460336596,-90068451026.90704,1538717.9487179443,6.346099853515625,-2.0673089718079893,90118951258.82498,44245938.313802086,45784656.26252003,43941237.667768426,90119256001.56963,50804974.66258514,0.18975705361991274,1770935231.3877394,1770935231.3877394
4.926605143336816,20,4,88411253310.18741,23084044.097080044,23388109.884194355,88344340999.39178,24926827.832912304,23516644.452416185,-90.54740142822266,-90.69850158691406,-2.6821999549865723,2.533099889755249,[0. 0. 0.],[0. 0. 0. 1.],5.9957967768636635,-1.0103965769735268,"(20, 4)",-66912310.61886597,304065.5674078539,-88320824354.91939,1538717.948717948,4.985400199890137,-1.0103965769735268,88411253310.10707,23388109.788161058,24926827.736879006,23084044.220753204,88344340999.4882,23516644.568810098,0.18339487558519643,1770935231.433331,1770935231.433331
4.303749997304113,21,4,90487478975.46101,19955463.925574414,20259992.897014868,90487783533.02489,21798710.845732816,16034045.20174607,-84.0072021484375,-83.689697265625,0.426499992609024,-0.6025000214576721,[0. 0. 0.],[0. 0. 0. 1.],6.075795992695039,-1.5583962047922073,"(21, 4)",304558.465423584,304528.49559294805,-90471749488.06989,1538717.948717948,4.517399787902832,-1.5583962047922073,90487478975.17111,20259992.80098157,21798710.749699518,19955464.305388622,90487783533.63654,16034045.566656651,0.1991004600363875,1770935231.4905837,1770935231.4905837
4.490437305566937,30,4,90401594055.45244,293187.5069062653,597092.2559892285,90401897990.29929,2135810.204707177,64581324.301611446,-97.67449951171876,-96.28690338134766,-0.3454999923706054,0.9480000138282776,[0. 0. 0.],[0. 0. 0. 1.],5.940327473034791,-1.4200275615357674,"(30, 4)",303935.0147857666,303904.7319461138,-90337316666.07033,1538717.9487179485,4.520299911499023,-1.4200275615357674,90401594055.29933,597092.1599559295,2135810.108673878,293187.4280098157,90401897990.31412,64581324.24379006,0.187546788516396,1770935231.5381286,1770935231.5381286
4.609237205223541,31,4,90331946202.75336,62935920.38459845,63297540.97393794,90332307854.61513,64836258.922655895,62207600.39227852,-83.30950164794922,-83.41739654541016,-1.4509999752044678,1.2599999904632568,[0. 0. 0.],[0. 0. 0. 1.],6.018622700489663,-1.3079226653944485,"(31, 4)",361652.1277770996,361620.1547475979,-90270100254.1237,1538717.9487179518,4.710700035095215,-1.3079226653944485,90331946202.73523,63297540.877904646,64836258.8266226,62935920.72315705,90332307854.863,62207600.739307895,0.1949673378443472,1770935231.6008673,1770935231.6008673
2.212791632832552,20,5,88624247725.2515,43332184.9328437,43636042.8050421,88557335188.83958,45174760.753760055,34861605.20326675,-87.552001953125,-88.27839660644531,-4.6528000831604,4.055900096893311,[0. 0. 0.],[0. 0. 0. 1.],3.059692769990478,-0.6745928821425777,"(20, 5)",-66912536.10462952,303856.9680238366,-88522473583.32547,1538717.9487179518,2.3850998878479004,-0.6745928821425777,88624247725.17116,43636042.48046875,45174760.4291867,43332185.51244491,88557335189.06653,34861605.7410607,0.18685904745978535,1770935231.6514,1770935231.6514
1.7719018057199782,21,5,90708473270.33281,48204054.474125475,48509271.97170877,90708778499.95958,50047989.92042672,35379783.54903858,-81.95449829101562,-82.31590270996094,-1.5599000453948977,0.9125999808311462,[0. 0. 0.],[0. 0. 0. 1.],2.7001653466200923,-0.6998654160475826,"(21, 5)",305230.3842468262,305216.72175480425,-90673398716.36641,1538717.9487179518,2.0002999305725098,-0.6998654160475826,90708473270.04291,48509271.647135414,50047989.595853366,48204054.92538061,90708778500.42715,35379784.0607472,0.16324200243509862,1770935231.7115757,1770935231.7115757
1.7084544527368584,30,5,90637587893.59346,43540987.73042766,43845938.63837544,90637892856.47638,45384656.58709338,31710551.68185479,-80.55000305175781,-80.68109893798828,-2.724100112915039,1.8243999481201167,[0. 0. 0.],[0. 0. 0. 1.],3.307452451537286,-1.5097524040443049,"(30, 5)",304963.0189666748,304950.4050230384,-90606182304.57631,1538717.9487179443,1.797700047492981,-1.5097524040443049,90637587893.44035,43845938.313802086,45384656.26252003,43540987.90877905,90637892856.45932,31710551.88301282,0.07930761161746373,1770935231.7741067,1770935231.7741067
1.6765625078456203,31,5,90582940249.2277,53967112.01114283,54294792.8050421,90583267942.08324,55833510.753760055,44302048.75053013,-82.01840209960938,-83.22489929199219,-3.441200017929077,3.3276000022888184,[0. 0. 0.],[0. 0. 0. 1.],2.987940860432817,-1.1684408909503954,"(31, 5)",327693.1058502197,327680.00676082075,-90538965892.94269,1538717.9487179518,1.8194999694824217,-1.1684408909503954,90582940249.20958,54294792.48046875,55833510.4291867,53967112.47370793,90583267942.31543,44302049.37274639,0.1790853907286851,1770935231.8517435,1770935231.8517435
3.190604775457396,20,11,88816946234.86688,31337735.738511786,31716371.08413982,88750108481.75697,33255089.032857772,25985663.314513426,-83.69580078125,-84.00279998779297,-2.0199999809265137,1.1129000186920166,[0. 0. 0.],[0. 0. 0. 1.],7.238867807619097,-3.9192677023334523,"(20, 11)",-66837752.66989136,378634.92525540665,-88724122818.4454,1538717.9487179518,3.3196001052856445,-3.9192677023334523,88816946234.78654,31716371.006109774,33255088.954827726,31337736.080854367,88750108482.11665,25985663.671249,0.1991058779300345,1770935231.8995469,1770935231.8995469
3.642494830173239,21,11,90958466820.0123,26289245.750673264,26594712.430293668,90958772310.49983,28133430.379011616,16507949.011082204,-91.85440063476562,-92.44580078125,1.4407000541687012,-1.6678999662399292,[0. 0. 0.],[0. 0. 0. 1.],6.76620379035099,-3.0108038479529187,"(21, 11)",305491.0669555664,305466.55899439007,-90942264361.7584,1538717.948717948,3.7553999423980713,-3.0108038479529187,90958466819.7224,26594712.352263622,28133430.30098157,26289245.793269232,90958772310.78935,16507949.03094952,0.18393546096409366,1770935231.965297,1770935231.965297
2.2344469341589366,20,1,89291012701.21303,29327447.019168288,29634536.149353866,89224103395.94771,31173254.098071817,29465708.400790885,-90.28800201416016,-88.4176025390625,-3.495199918746948,2.9802000522613525,[0. 0. 0.],[0. 0. 0. 1.],5.378421035517765,-3.0700211198225746,"(20, 1)",-66909304.96607971,307088.9360476732,-89194637687.54845,1538717.9487179518,2.3083999156951904,-3.0700211198225746,89291012701.13269,29634536.070212338,31173254.01893029,29327447.134164665,89224103396.16661,29465708.618164062,0.1841308472653822,1770935232.379967,1770935232.379967
2.637689683573843,21,1,91433454568.40971,25201648.191815373,25508638.71345643,91433761576.56506,27047356.66217438,20982345.956184283,-81.92179870605469,-82.24559783935547,-0.1518000066280365,-0.1908999979496002,[0. 0. 0.],[0. 0. 0. 1.],5.464760744195486,-2.6754607792907006,"(21, 1)",307008.9017486572,306990.309495192,-91412779230.8771,1538717.9487179518,2.789299964904785,-2.6754607792907006,91433454568.11981,25508638.634314902,27047356.583032854,25201648.32481971,91433761577.02156,20982346.14445613,0.16109971757541622,1770935232.436528,1770935232.436528
2.9437613400974527,30,1,91363568951.28575,21537676.55079268,21841403.136533353,91363872697.78485,23380121.0852513,18309878.63549072,-83.65850067138672,-83.6781005859375,-1.0505000352859497,1.1146999597549438,[0. 0. 0.],[0. 0. 0. 1.],5.318561597208403,-2.220561547617338,"(30, 1)",303747.08909606934,303726.1649889834,-91345562819.2435,1538717.948717948,3.0980000495910645,-2.220561547617338,91363568951.13264,21841403.057391826,23380121.006109774,21537676.892402843,91363872698.22174,18309878.978240184,0.1979739997352614,1770935232.5001225,1770935232.5001225
2.8075485509513634,31,1,91309922997.62514,32964790.963927925,33270185.187815405,91310228411.13449,34808903.13653336,31882003.650395967,-88.14350128173828,-88.2394027709961,-2.350600004196167,1.837399959564209,[0. 0. 0.],[0. 0. 0. 1.],5.403218332373771,-2.526018444144401,"(31, 1)",305413.67750549316,305393.9115084149,-91278346407.40643,1538717.9487179518,2.87719988822937,-2.526018444144401,91309922997.60701,33270185.108673878,34808903.05739183,32964791.197165463,91310228411.28452,31882003.87807993,0.18606429163495966,1770935232.578767,1770935232.578767
4.603881959315993,20,2,89535006314.99507,65626769.11015139,65933350.25929176,89468096518.85434,255657.95159945523,4593196.782812183,-85.7916030883789,-85.02169799804688,-7.318299770355225,7.537099838256836,[0. 0. 0.],[0. 0. 0. 1.],5.780256972993651,-1.0417568547380354,"(20, 2)",-66909795.68873596,306580.70099659264,-89463503322.06366,-65677692.307692304,4.738500118255615,-1.0417568547380354,89535006314.91473,65933350.17277644,255657.86508413462,65626769.471779846,89468096519.226,4593197.1623347355,0.19766847512410837,1770935232.628477,1770935232.628477
4.0464338644274545,21,2,91685448061.99945,2284914.759487724,2623710.8362148395,91685786886.611,4162428.7849327885,4142021.7748732944,-91.3856964111328,-93.1365966796875,-4.385499954223633,4.137800216674805,[0. 0. 0.],[0. 0. 0. 1.],6.2983455293594135,-2.1362456911025776,"(21, 2)",338825.1671447754,338795.917217548,-91681644865.09497,1538717.948717949,4.162099838256836,-2.1362456911025776,91685448061.70955,2623710.749699519,4162428.698417468,2284914.832481971,91685786886.8767,4142021.781725761,0.1839564670956911,1770935232.6886454,1770935232.6886454
4.345943922887046,30,2,91614562396.79857,64836784.83521585,65141587.438778944,91614867229.97379,66680305.387496896,438776.36242578045,-86.12059783935547,-85.59519958496094,-5.505899906158447,5.179999828338623,[0. 0. 0.],[0. 0. 0. 1.],5.370857095168491,-0.866357182906528,"(30, 2)",304833.78092956543,304802.16784355044,-91614428453.69612,1538717.9487179518,4.504499912261963,-0.866357182906528,91614562396.64546,65141587.35226362,66680305.300981574,64836785.18442007,91614867230.42639,438776.7302684295,0.19549791093124916,1770935232.751127,1770935232.751127
5.054015346258166,31,2,91559917060.12512,8047507.480966134,8356098.65672766,91560225686.90604,9894816.605445608,13013644.991238704,-89.67440032958984,-90.33170318603516,-6.140200138092041,6.053500175476074,[0. 0. 0.],[0. 0. 0. 1.],5.909298044654857,-0.8135982575149647,"(31, 2)",308626.83419799805,308590.93299278896,-91547212041.82776,1538717.948717948,5.095699787139893,-0.8135982575149647,91559917060.107,8356098.57021234,9894816.518930288,8047507.637219551,91560225686.9412,13013645.113431491,0.18353727555516475,1770935232.8287473,1770935232.8287473
6.62070722567639,20,3,89784059311.78993,43911794.60688704,44216755.72078865,89717147906.88654,45755473.6695066,51995343.07448938,-90.30670166015624,-90.17140197753906,-0.4796000123023987,0.5662000179290771,[0. 0. 0.],[0. 0. 0. 1.],8.333480663273496,-1.6473806571699807,"(20, 3)",-66911404.70063782,304960.87489984185,-89665152563.78793,1538717.9487179518,6.686100006103516,-1.6473806571699807,89784059311.7096,44216755.62149439,45755473.57021234,43911794.74659455,89717147907.00896,51995343.22102865,0.18344658116106885,1770935232.873756,1770935232.873756
5.917075124497621,21,3,91911442228.66612,24728739.969887685,25035481.682327114,91911749009.07089,26574199.631045062,28454902.525557682,-84.18350219726562,-84.75980377197266,2.657900094985962,-2.970900058746338,[0. 0. 0.],[0. 0. 0. 1.],8.658882207513464,-2.521982259393347,"(21, 3)",306781.3345031738,306741.22345753387,-91883294106.78792,1538717.948717948,6.136899948120117,-2.521982259393347,91911442228.37622,25035481.583032854,26574199.531750802,24728740.35957532,91911749009.71072,28454902.922801483,0.2003558647318698,1770935232.9145916,1770935232.9145916
5.821715735269814,30,3,91827556843.91396,7064657.498888918,7389247.707968139,91827881472.41301,8927965.656686088,11803777.452385874,-87.47319793701172,-87.78669738769531,1.5469000339508057,-1.9967000484466555,[0. 0. 0.],[0. 0. 0. 1.],8.088195173008208,-2.1297954003641646,"(30, 3)",324629.0001373291,324589.81244992,-91816077695.02911,1538717.948717948,5.958399772644043,-2.1297954003641646,91827556843.76085,7389247.608673878,8927965.557391826,7064657.796223958,91827881472.76099,11803777.731870994,0.1877151359039406,1770935232.9640656,1770935232.9640656
6.85331606739721,31,3,91773911988.00974,18492575.107760943,18797532.964378394,91774216990.8511,20336250.913096342,25355705.020437937,-102.29509735107422,-89.42530059814453,0.1834000051021576,-0.5485000014305115,[0. 0. 0.],[0. 0. 0. 1.],8.413408825323614,-1.5501089786744444,"(31, 3)",305002.9422149658,304957.8700921461,-91748861285.72737,1538717.948717948,6.86329984664917,-1.5501089786744444,91773911987.99161,18797532.865084134,20336250.813802082,18492574.994991988,91774216990.93382,25355705.206455328,0.18398411295718506,1770935233.0427835,1770935233.0427835
4.92582611445139,20,4,89999994576.21301,65843398.416478336,66147829.43547641,89933082630.63574,470137.12778410024,66280839.75202544,-90.09639739990234,-90.24469757080078,-2.476300001144409,2.748300075531006,[0. 0. 0.],[0. 0. 0. 1.],5.9957967768636635,-1.0044966708150795,"(20, 4)",-66911945.37823486,304430.77674278617,-89866801790.86374,-65677692.30769231,4.991300106048584,-1.0044966708150795,89999994576.13268,66147829.33944311,470137.03175080125,65843398.562700324,89933082630.75444,66280839.89070012,0.18346686992669,1770935233.0884619,1770935233.0884619
4.318457048208938,21,4,92141436291.1661,60719733.36611053,61023895.14060461,92141740481.63133,62562613.08932256,56797147.65438327,-84.00569915771484,-83.61620330810547,0.8744999766349792,-0.3725000023841858,[0. 0. 0.],[0. 0. 0. 1.],6.075795992695039,-1.544296130024141,"(21, 4)",304191.3624267578,304161.298702918,-92084943334.22368,1538717.9487179518,4.531499862670898,-1.544296130024141,92141436290.8762,61023895.04457131,62562612.99328926,60719733.74586839,92141740482.23863,56797148.01494892,0.1988877476147677,1770935233.1445756,1770935233.1445756
4.954994909097029,30,4,92073550417.6319,59054817.480434045,59360545.781630255,92073856179.11623,60899263.7303482,56129256.63007917,-95.2759017944336,-96.0697021484375,-0.5968999862670898,0.3203000128269195,[0. 0. 0.],[0. 0. 0. 1.],5.940327473034791,-0.9488275722169197,"(30, 4)",305761.6561431885,305728.24331430346,-92017726922.55879,1538717.9487179443,4.991499900817871,-0.9488275722169197,92073550417.47879,59360545.68559696,60899263.6343149,59054817.442282654,92073856179.13493,56129256.57614683,0.18666102371241433,1770935233.2102184,1770935233.2102184
4.6226173553714665,31,4,92019906146.66357,3266469.3535650545,3621282.9611174334,92020260991.61957,5160000.909835382,2534070.71443373,-83.34829711914062,-83.21520233154297,-1.8066999912261963,1.207900047302246,[0. 0. 0.],[0. 0. 0. 1.],6.018622700489663,-1.2965229194532863,"(31, 4)",354845.2054595947,354813.1698217145,-92017726920.80598,1538717.9487179485,4.722099781036377,-1.2965229194532863,92019906146.64545,3621282.8650841345,5160000.813802083,3266469.69526242,92020260991.8509,2534071.044921875,0.19389862835901883,1770935233.2887352,1770935233.2887352
2.207539786050512,20,5,90243988342.23865,49871656.97355076,50175513.958888255,90177075804.83684,51714231.90760621,41408374.70242752,-88.0072021484375,-88.75360107421875,-4.553199768066406,4.0381999015808105,[0. 0. 0.],[0. 0. 0. 1.],3.059692769990478,-0.6878928241591793,"(20, 5)",-66912537.121902466,303856.10727163404,-90135667429.82356,1538717.9487179518,2.371799945831299,-0.6878928241591793,90243988342.15831,50175513.6343149,51714231.583032854,49871657.52704327,90177075805.0364,41408375.21284054,0.18564841486487718,1770935233.3342023,1770935233.3342023
1.779956586929427,21,5,92387429945.01225,46748555.20558489,47053863.317862615,92387735265.25787,48592581.26658057,33926292.186713345,-81.70709991455078,-82.72650146484375,-0.9247999787330629,0.9517999887466432,[0. 0. 0.],[0. 0. 0. 1.],2.7001653466200923,-0.6900654587721919,"(21, 5)",305321.0605773926,305307.38243690133,-92353808973.02702,1538717.9487179518,2.0100998878479004,-0.6900654587721919,92387429944.72235,47053862.99328926,48592580.942007214,46748555.61085236,92387735265.78293,33926292.75590946,0.16550269425567088,1770935233.390502,1770935233.390502
1.7493453532044352,30,5,92317544047.43958,43083262.437029086,43387429.02299082,92317848226.26881,44926146.97170877,31255665.048421383,-80.3053970336914,-80.60590362548828,-1.9687999486923216,1.9026000499725344,[0. 0. 0.],[0. 0. 0. 1.],3.307452451537286,-1.4762524479133234,"(30, 5)",304178.95195007324,304166.1189152673,-92286592561.00217,1538717.9487179443,1.8312000036239624,-1.4762524479133234,92317544047.28647,43387428.69841747,44926146.647135414,43083262.5795022,92317848226.23842,31255665.236253005,0.07203933517529687,1770935233.4541743,1770935233.4541743
1.6542270586305174,31,5,92263900361.40717,54511517.95572535,54836571.65119595,92264225427.01152,56375289.599913895,44849277.28425545,-82.37480163574219,-82.43049621582031,-3.308900117874145,3.661900043487549,[0. 0. 0.],[0. 0. 0. 1.],2.987940860432817,-1.1959408051197067,"(31, 5)",325065.7614593506,325052.85018529743,-92219376149.33725,1538717.9487179443,1.7920000553131104,-1.1959408051197067,92263900361.38904,54836571.3266226,56375289.27534054,54511518.4764373,92264225427.1505,44849277.813251205,0.17347232494574752,1770935233.532889,1770935233.532889
3.227190108343118,20,11,90488982436.78992,22960989.90090106,23265064.994396232,90422070123.59033,24803782.94311418,17537048.831565164,-83.22489929199219,-83.20240020751953,-1.854200005531311,1.1109999418258667,[0. 0. 0.],[0. 0. 0. 1.],7.238867807619097,-3.8953679087085744,"(20, 11)",-66912312.80987549,304074.70703125,-90404533074.7617,1538717.948717948,3.3434998989105225,-3.8953679087085744,90488982436.70958,23265064.916366186,24803782.865084134,22960990.209334936,90422070123.8997,17537049.137995794,0.19292403678390002,1770935233.5827136,1770935233.5827136
3.598425383982068,21,11,92626423775.14046,13838572.452087894,14144608.263627002,92626729834.52092,15683326.21234495,4055216.9036563807,-92.18789672851562,-92.4000015258789,1.4723999500274658,-1.7611000537872314,[0. 0. 0.],[0. 0. 0. 1.],6.76620379035099,-3.05660381857975,"(21, 11)",306059.96156311035,306035.7040014025,-92622674617.88692,1538717.948717948,3.70959997177124,-3.05660381857975,92626423774.85056,14144608.185596956,15683326.134314904,13838572.481595553,92626729834.81212,4055216.9252053285,0.18403336423276498,1770935233.6294541,1770935233.6294541
2.239003434798824,20,1,90890675097.04633,15790707.307592202,16169207.623712841,90823837203.20667,17707925.57243079,16005669.458975472,-89.57039642333984,-88.8843994140625,-3.2874999046325684,3.099400043487549,[0. 0. 0.],[0. 0. 0. 1.],5.378421035517765,-3.063920942057682,"(20, 1)",-66837893.567214966,378500.0845102165,-90807831533.7492,1538717.948717948,2.314500093460083,-3.063920942057682,90890675096.96599,16169207.544571314,17707925.493289262,15790707.460061098,90823837203.39877,16005669.649564303,0.18417757610321278,1770935234.040434,1770935234.040434
2.6338647078363913,21,1,93099411571.6148,10748416.703731814,11055465.636533353,93099718638.10583,12594183.585251303,6529150.836356437,-82.91529846191406,-82.01139831542969,0.3837000131607055,-0.0511999987065792,[0. 0. 0.],[0. 0. 0. 1.],5.464760744195486,-2.6632606621794945,"(21, 1)",307067.198135376,307048.57459435053,-93093189487.53772,1538717.94871795,2.801500082015991,-2.6632606621794945,93099411571.3249,11055465.557391826,12594183.506109776,10748416.982797476,93099718638.52304,6529150.985326522,0.17472278272854558,1770935234.1080346,1770935234.1080346
2.9065161515554547,30,1,93029525465.7088,7082263.583271334,7385994.4826872,93029829216.29156,8924712.43140515,3856140.825886154,-84.3134994506836,-83.45210266113281,-1.0039000511169434,0.9340999722480774,[0. 0. 0.],[0. 0. 0. 1.],5.318561597208403,-2.256261630396269,"(30, 1)",303751.1580963135,303730.45309995953,-93025973075.55981,1538717.948717949,3.062299966812134,-2.256261630396269,93029525465.5557,7385994.403545673,8924712.352263622,7082263.9504457135,93029829216.71379,3856141.153971354,0.19918205218763702,1770935234.1660876,1770935234.1660876
2.805741851477547,31,1,92976883430.3174,19511490.071747746,19815097.046789765,92977187056.59042,21353814.995507713,18430392.836958036,-87.57520294189453,-87.66600036621094,-2.210900068283081,1.8243999481201167,[0. 0. 0.],[0. 0. 0. 1.],5.403218332373771,-2.5179184113380044,"(31, 1)",303626.47424316406,303606.6299829744,-92958756663.67581,1538717.948717948,2.8852999210357666,-2.5179184113380044,92976883430.29927,19815096.967648238,21353814.916366186,19511490.337665264,92977187056.77351,18430393.09770633,0.18773769644024688,1770935234.2458162,1770935234.2458162
4.61281447273041,20,2,91133817685.18733,51231921.87039626,51600289.361855865,91066969675.88943,53139007.31057382,57488917.873555616,-85.19819641113281,-84.5457992553711,-7.650800228118896,7.309899806976318,[0. 0. 0.],[0. 0. 0. 1.],5.780256972993651,-1.0304567677629377,"(20, 2)",-66848008.84539795,368367.0278695896,-91009480758.00801,1538717.9487179518,4.749800205230713,-1.0304567677629377,91133817685.107,51600289.27534054,53139007.224058494,51231922.24747095,91066969676.2616,57488918.25358073,0.1996423273462167,1770935234.296076,1770935234.296076
4.105058187382125,21,2,93352405049.17891,56040988.84747959,56381811.797753304,93352745900.94305,57920529.74647125,57907189.40537827,-92.00869750976562,-91.91719818115234,-3.8724000453948975,4.563399791717529,[0. 0. 0.],[0. 0. 0. 1.],6.2983455293594135,-2.074845754426552,"(21, 2)",340852.36376953125,340822.81650640815,-93294838711.79652,1538717.9487179443,4.223499774932861,-2.074845754426552,93352405048.889,56381811.71123798,57920529.659955926,56040988.894731574,93352745901.25278,57907189.45625501,0.18382881716023433,1770935234.355525,1770935234.355525
4.33603951472051,30,2,93282518863.14468,52374227.78323636,52679127.502881505,93282823793.4138,54217845.45159946,55201493.86774127,-85.92729949951172,-86.07319641113281,-5.250699996948242,5.389500141143799,[0. 0. 0.],[0. 0. 0. 1.],5.370857095168491,-0.8776572698816256,"(30, 2)",304930.8581237793,304899.2763421461,-93227622299.63083,1538717.9487179518,4.493199825286865,-0.8776572698816256,93282518862.99158,52679127.41636618,54217845.365084134,52374228.140024036,93282823793.8497,55201494.2188752,0.19476051207048134,1770935234.4190192,1770935234.4190192
5.030361163094475,31,2,93210877885.4456,45804020.51834045,46111539.361855865,93211185439.80183,47650257.31057382,50779552.093194105,-89.80870056152344,-90.86209869384766,-6.336699962615967,6.097300052642822,[0. 0. 0.],[0. 0. 0. 1.],5.909298044654857,-0.8420978607864491,"(31, 2)",307554.38388061523,307518.6078976318,-93160405887.6216,1538717.9487179518,5.067200183868408,-0.8420978607864491,93210877885.42747,46111539.27534054,47650257.224058494,45804020.66744291,93211185439.81136,50779552.18975361,0.18343060024399976,1770935234.4798717,1770935234.4798717
6.609608080101769,20,3,91367779656.34117,14437366.482728463,14742212.451557884,91300868136.28062,16280930.400275832,22521726.62776949,-90.46240234375,-90.72250366210938,-0.8633000254631042,0.2224999964237213,[0. 0. 0.],[0. 0. 0. 1.],8.333480663273496,-1.6636808585859963,"(20, 3)",-66911519.88493347,304845.7375550885,-91278346409.62872,1538717.948717948,6.6697998046875,-1.6636808585859963,91367779656.26083,14742212.352263622,16280930.30098157,14437366.614708534,91300868136.3759,22521726.747170474,0.18339543323182123,1770935234.5258734,1770935234.5258734
5.926254158959107,21,3,93583399079.62761,16279725.947148751,16583758.925916858,93583703151.3577,18122476.874634806,19998788.355199818,-84.54170227050781,-85.13790130615234,2.6001999378204346,-2.487499952316284,[0. 0. 0.],[0. 0. 0. 1.],8.658882207513464,-2.5123820968872437,"(21, 3)",304072.65687561035,304032.483223157,-93563704363.24509,1538717.94871795,6.146500110626221,-2.5123820968872437,93583399079.3377,16583758.826622596,18122476.775340546,16279726.343399439,93583703151.99458,19998788.749499198,0.19972535685430975,1770935234.5864918,1770935234.5864918
6.79452461610311,31,3,93609868390.25328,39606882.49308808,39911491.29771173,93610173044.1314,41450209.246429674,46468683.803452015,-97.69159698486328,-89.73970031738281,0.490799993276596,-0.7152000069618225,[0. 0. 0.],[0. 0. 0. 1.],8.413408825323614,-1.6058088039613096,"(31, 3)",304653.96195983887,304608.7802984789,-93563704360.22462,1538717.9487179443,6.807600021362305,-1.6058088039613096,93609868390.23515,39911491.19841747,41450209.147135414,39606882.41811899,93610173044.19711,46468683.97248097,0.1839134239903697,1770935234.8811424,1770935234.8811424
4.943262970261447,20,4,91813730073.00783,64730746.32927956,65036547.38419435,91746819497.5895,66575265.3329123,65174629.798386864,-90.40460205078124,-90.5177993774414,-2.5397000312805176,2.638400077819824,[0. 0. 0.],[0. 0. 0. 1.],5.9957967768636635,-0.9913970004049233,"(20, 4)",-66910575.23286438,305800.82820011675,-91681644867.77112,1538717.9487179518,5.00439977645874,-0.9913970004049233,91813730072.92749,65036547.288161054,66575265.236879006,64730746.45996094,91746819497.69463,65174629.9235026,0.18340442922963318,1770935234.975302,1770935234.975302
4.294158096264903,21,4,94016387901.74298,53612775.2738742,53916779.75598922,94016691934.7692,55455497.704707175,49689113.69103528,-84.197998046875,-83.90879821777344,0.3323999941349029,-0.9312999844551086,[0. 0. 0.],[0. 0. 0. 1.],6.075795992695039,-1.5653961742746292,"(21, 4)",304033.93869018555,304004.00015024096,-93967002821.32489,1538717.9487179518,4.51039981842041,-1.5653961742746292,94016387901.45308,53916779.659955926,55455497.60867388,53612775.659805685,94016691935.39177,49689114.066882014,0.19992857738956368,1770935235.0194914,1770935235.0194914
4.754883284268951,30,4,93931501908.01646,34945845.91902788,35251739.69188666,93931807834.70737,36790457.64060461,32021430.425383374,-95.10289764404295,-95.50749969482422,-0.6276999711990356,0.4954000115394592,[0. 0. 0.],[0. 0. 0. 1.],5.940327473034791,-1.1467273906373299,"(30, 4)",305926.873626709,305893.7111878991,-93899786404.35463,1538717.9487179443,4.793600082397461,-1.1467273906373299,93931501907.86336,35251739.595853366,36790457.54457131,34945845.88466547,93931807834.73698,32021430.382361777,0.18639123504493965,1770935235.068171,1770935235.068171
4.635422518542585,31,4,93862862380.6379,31376674.201944415,31724071.42265589,93863209809.2467,33262789.371373843,30639811.26202799,-83.49089813232422,-83.1781005859375,-1.3559999465942385,1.2786999940872192,[0. 0. 0.],[0. 0. 0. 1.],6.018622700489663,-1.2825225036512844,"(31, 4)",347428.8549194336,347396.7723357342,-93832569997.88551,1538717.9487179518,4.736100196838379,-1.2825225036512844,93862862380.61977,31724071.326622594,33262789.275340546,31376674.55428686,93863209809.47469,30639811.58916767,0.1945711802661456,1770935235.1317518,1770935235.1317518
2.2220450129496796,20,5,92019724728.45654,10757008.544893404,11061002.740939537,91952812328.39986,12599720.689657485,2301821.530208109,-87.88929748535156,-89.0354995727539,-4.520599842071533,4.037199974060059,[0. 0. 0.],[0. 0. 0. 1.],3.059692769990478,-0.6747926769118648,"(20, 5)",-66912399.792785645,303993.3111728765,-91950510506.5588,1538717.948717948,2.3849000930786133,-0.6747926769118648,92019724728.3762,11061002.416366186,12599720.365084134,10757009.10519331,91952812328.58342,2301822.024614383,0.1855133331111596,1770935235.1758337,1770935235.1758337
1.8015621973870446,21,5,94228382428.98657,5639469.19920479,5944856.907606205,94228687829.02226,7483574.856324153,60035779.27846596,-82.14099884033203,-82.34429931640625,-1.3830000162124634,0.7702000141143799,[0. 0. 0.],[0. 0. 0. 1.],2.7001653466200923,-0.6646652970290279,"(21, 5)",305400.79753112793,305386.900290465,-94168652049.69966,1538717.948717948,2.0355000495910645,-0.6646652970290279,94228382428.69667,5944856.583032853,7483574.531750801,5639469.682742388,94228687829.4942,60035779.79454628,0.167638482085092,1770935235.2315857,1770935235.2315857
1.7622225806721037,30,5,94158495978.52928,1971756.7315892496,2275922.612734409,94158800156.70251,3814640.561452358,57364518.371289596,-80.69950103759766,-81.01010131835938,-2.187599897384644,2.1270999908447266,[0. 0. 0.],[0. 0. 0. 1.],3.307452451537286,-1.4425524585944758,"(30, 5)",304178.3728942871,304165.352063301,-94101435638.113,1538717.948717949,1.86489999294281,-1.4425524585944758,94158495978.37617,2275922.2881610575,3814640.2368790065,1971756.9360977565,94158800156.74907,57364518.63606771,0.09241461024193105,1770935235.2950203,1770935235.2950203
1.7062036813417565,31,5,94086857060.12506,62619269.36503412,62941475.49734979,94087179278.5055,64480193.44606774,52960051.85518044,-81.54129791259766,-82.62999725341797,-3.049999952316284,3.0510001182556152,[0. 0. 0.],[0. 0. 0. 1.],2.987940860432817,-1.1618408686344162,"(31, 5)",322218.56533813477,322205.43494591117,-94034219226.26028,1538717.9487179518,1.8260999917984009,-1.1618408686344162,94086857060.10693,62941475.17277644,64480193.12149439,62619269.73783053,94087179278.67227,52960052.411984175,0.15984098071237582,1770935235.358382,1770935235.358382
3.159928762661886,20,11,92269718774.9309,56067695.618823014,56376499.28926803,92202811189.89432,57915217.237985976,50651448.6097699,-83.3595962524414,-84.27130126953125,-1.9472999572753904,0.962000012397766,[0. 0. 0.],[0. 0. 0. 1.],7.238867807619097,-3.9521677973194143,"(20, 11)",-66907584.5884552,308803.272736378,-92152159741.28749,1538717.9487179443,3.2867000102996826,-3.9521677973194143,92269718774.85056,56376499.21123798,57915217.159955926,56067695.938501604,92202811190.2621,50651448.974609375,0.19880067964841508,1770935235.4193828,1770935235.4193828
3.6381932393150995,21,11,94493375586.03784,65950257.22585092,66255553.77644752,94493680906.4145,577861.4687552067,56163211.82726535,-92.18789672851562,-93.53790283203124,1.531000018119812,-1.6865999698638916,[0. 0. 0.],[0. 0. 0. 1.],6.76620379035099,-3.02250376288517,"(21, 11)",305320.91972351074,305296.4430588931,-94437517694.85689,-65677692.30769231,3.74370002746582,-3.02250376288517,94493375585.74794,66255553.69841747,577861.3907251603,65950257.25535858,94493680906.66766,56163211.81077223,0.1843992300061266,1770935235.4964497,1770935235.4964497
2.23235778143645,20,1,92950701002.49498,59317798.525646955,59625193.20063592,92883792002.77084,61163911.14935387,59468161.42479702,-89.80870056152344,-88.5115966796875,-3.2502999305725098,3.20740008354187,[0. 0. 0.],[0. 0. 0. 1.],5.378421035517765,-3.0692209870711094,"(20, 1)",-66908999.43032837,307394.45612980425,-92824323841.34756,1538717.9487179518,2.3092000484466557,-3.0692209870711094,92950701002.41464,59625193.12149439,61163911.07021234,59317798.665364586,92883792002.98431,59468161.63674379,0.18430774319093302,1770935236.1064105,1770935236.1064105
2.5987204119155827,21,1,95159358390.52501,54202981.9995916,54508879.09807181,95159664304.9877,56047597.046789765,49982510.229398504,-82.18309783935547,-82.85089874267578,0.1861999928951263,-0.2887000143527984,[0. 0. 0.],[0. 0. 0. 1.],5.464760744195486,-2.695160829644705,"(21, 1)",305915.29260253906,305896.84119591117,-95109681795.02654,1538717.9487179518,2.769599914550781,-2.695160829644705,95159358390.2351,54508879.018930286,56047596.96764824,54202982.177734375,95159664305.52771,49982510.501176886,0.1767902824313152,1770935236.1624625,1770935236.1624625
2.9184126584522465,30,1,95089471667.63182,50534127.75516468,50837717.23909745,95089775276.90306,52376435.187815405,47309893.87032696,-83.8104019165039,-83.34269714355469,-1.113800048828125,0.9563999772071838,[0. 0. 0.],[0. 0. 0. 1.],5.318561597208403,-2.2481615975898723,"(30, 1)",303609.83824157715,303589.05498797446,-95042465383.12688,1538717.9487179518,3.0703999996185303,-2.2481615975898723,95089471667.47871,50837717.159955926,52376435.10867388,50534128.10496795,95089775277.31696,47309894.19007912,0.1971653001619213,1770935236.226007,1770935236.226007
2.774937299345525,31,1,95019834872.62505,45966429.55578767,46271323.00832823,95020139785.17244,47810040.95704617,44890813.72672945,-87.89640045166016,-87.6238021850586,-2.183000087738037,1.4742000102996826,[0. 0. 0.],[0. 0. 0. 1.],5.403218332373771,-2.551218334281119,"(31, 1)",304912.75102233887,304893.12587640435,-94975248971.36806,1538717.9487179443,2.851999998092652,-2.551218334281119,95019834872.60692,46271322.9291867,47810040.877904646,45966429.8033103,95020139785.35794,44890813.98988381,0.18729120296120633,1770935236.2888567,1770935236.2888567
4.613083381457815,20,2,93197694688.39241,31384909.647089455,31691002.50288151,93130784404.0006,33229720.451599456,37594928.00475171,-84.83889770507812,-84.63369750976562,-7.392799854278564,6.900100231170654,[0. 0. 0.],[0. 0. 0. 1.],5.780256972993651,-1.0295569760454084,"(20, 2)",-66910283.93867493,306092.38844651356,-93093189475.98798,1538717.948717948,4.750699996948242,-1.0295569760454084,93197694688.31207,31691002.416366186,33229720.365084134,31384910.027919672,93130784404.3734,37594928.385416664,0.19995798562708134,1770935236.3611135,1770935236.3611135
4.106809741498845,21,2,95415351779.94809,35270281.747505024,35613614.68236869,95415695141.72246,37152332.63108663,37147712.25175216,-90.91570281982422,-92.168701171875,-4.220699787139893,4.14709997177124,[0. 0. 0.],[0. 0. 0. 1.],6.2983455293594135,-2.067445718568398,"(21, 2)",343362.364151001,343332.75428184867,-95378547429.72954,1538717.9487179443,4.230899810791016,-2.067445718568398,95415351779.65819,35613614.595853366,37152332.54457131,35270281.84157152,95415695142.02234,37147712.29279347,0.18359329934947127,1770935236.4185746,1770935236.4185746
4.32656289337314,30,2,95345464984.93951,31600822.747335345,31906563.400317404,95345770756.0272,33445281.349035352,34439738.25076904,-85.63970184326172,-85.77290344238281,-5.341100215911865,5.22189998626709,[0. 0. 0.],[0. 0. 0. 1.],5.370857095168491,-0.8839572424158053,"(30, 2)",305771.68782043457,305740.19994490966,-95311331017.86119,1538717.948717948,4.4868998527526855,-0.8839572424158053,95345464984.7864,31906563.313802082,33445281.26252003,31600823.113857172,95345770756.47423,34439738.61303085,0.1961997924440579,1770935236.4820352,1770935236.4820352
5.044277083249193,31,2,95396825906.27888,13596730.737860251,13905265.323394326,95397134476.44504,15443983.272112276,18587050.118415102,-89.964599609375,-90.1623992919922,-6.117800235748291,6.373000144958496,[0. 0. 0.],[0. 0. 0. 1.],5.909298044654857,-0.8242980065078847,"(31, 2)",308570.2279815674,308534.3580979556,-95378547426.2396,1538717.94871795,5.085000038146973,-0.8242980065078847,95396825906.26076,13905265.236879006,15443983.185596956,13596730.87878105,95397134476.48874,18587050.249148637,0.1835060045266889,1770935236.665647,1770935236.665647
6.609105111576093,20,3,93553005633.90523,48737029.22675677,49042212.45155788,93486094451.06949,50580930.400275834,56822913.07069702,-90.51119995117188,-90.04609680175781,-0.5763999819755554,0.3483000099658966,[0. 0. 0.],[0. 0. 0. 1.],8.333480663273496,-1.6594808768965432,"(20, 3)",-66911182.626571655,305182.99591846764,-93429271537.97466,1538717.9487179518,6.673999786376953,-1.6594808768965432,93553005633.82489,49042212.35226362,50580930.300981574,48737029.356345154,93486094451.19832,56822913.223657854,0.18343786045838928,1770935236.7101855,1770935236.7101855
5.942754675616324,21,3,95763342797.57628,45304077.11692295,45608061.81053224,95763646821.1098,47146779.75925019,49017329.79265867,-84.25260162353516,-84.15080261230469,2.519200086593628,-2.836800098419189,[0. 0. 0.],[0. 0. 0. 1.],8.658882207513464,-2.497382230401648,"(21, 3)",304024.45475769043,303984.2028495595,-95714629491.55972,1538717.9487179443,6.161499977111816,-2.497382230401648,95763342797.28638,45608061.71123798,47146779.659955926,45304077.50838842,95763646821.74113,49017330.18141527,0.200254989254335,1770935236.7664764,1770935236.7664764
5.780225887767608,30,3,95693455898.40103,41634598.870620735,41962701.23360916,95693784038.82779,43501419.182327114,46370959.51791329,-88.50540161132812,-88.26080322265625,1.5720000267028809,-2.059999942779541,[0. 0. 0.],[0. 0. 0. 1.],8.088195173008208,-2.1842950265238326,"(30, 3)",328140.90045166016,328102.02574118227,-95647413079.37837,1538717.9487179518,5.903900146484375,-2.1842950265238326,95693455898.24792,41962701.1343149,43501419.083032854,41634599.10857372,95693784039.14838,46370959.770007014,0.1856098467552413,1770935236.830159,1770935236.830159
6.7878454486756254,31,3,95746817580.95836,25632159.64056976,25938190.015660446,95747123656.36111,27476907.964378394,32494167.828090157,-105.20780181884766,-89.45339965820312,0.4675000011920929,-0.8343999981880188,[0. 0. 0.],[0. 0. 0. 1.],8.413408825323614,-1.6173086857056944,"(31, 3)",306075.5020599365,306030.39863782004,-95714629488.42972,1538717.948717948,6.79610013961792,-1.6173086857056944,95746817580.94023,25938189.916366186,27476907.865084134,25632159.517728366,95747123656.44229,32494168.012570113,0.18407131889553846,1770935237.0157044,1770935237.0157044
4.929607294372759,20,4,93902998814.99496,3068743.510997153,3391731.6790661514,93836105426.65321,4930449.6277841,3535430.7039778773,-90.31610107421876,-90.82679748535156,-2.4930999279022217,2.3561999797821045,[0. 0. 0.],[0. 0. 0. 1.],5.9957967768636635,-1.0066967974630288,"(20, 4)",-66893388.171066284,322987.9369491185,-93832569995.92926,1538717.9487179485,4.989099979400635,-1.0066967974630288,93902998814.91463,3391731.5830328525,4930449.531750801,3068743.646083734,93836105426.74356,3535430.8143028845,0.18339638818724216,1770935237.0599527,1770935237.0599527
4.331011815732207,21,4,96112333783.1532,65850985.22008643,66156643.53804051,96112639470.25436,478951.2303482028,61927931.19625288,-84.28839874267578,-83.50910186767578,0.4422999918460846,-0.527999997138977,[0. 0. 0.],[0. 0. 0. 1.],6.075795992695039,-1.5314959133493362,"(21, 4)",305687.99140930176,305657.8337840587,-96050711539.30486,-65677692.30769231,4.544300079345703,-1.5314959133493362,96112333782.8633,66156643.442007214,478951.1343149038,65850985.608223155,96112639470.8547,61927931.54985477,0.19927926842820093,1770935237.115441,1770935237.115441
3.878264305631195,30,4,96041446803.84975,61180935.72279655,61486363.08932256,96041752257.88806,63025081.03804051,58257133.669866376,-98.17970275878906,-98.10379791259766,-0.5922999978065491,0.6043999791145325,[0. 0. 0.],[0. 0. 0. 1.],5.940327473034791,-2.037127561917237,"(30, 4)",305454.1798095703,305427.35564403236,-95983495124.29083,1538717.9487179518,3.9031999111175537,-2.037127561917237,96041446803.69664,61486362.99328926,63025080.942007214,61180935.63764523,96041752257.87645,58257133.58561198,0.1882598325125452,1770935237.178044,1770935237.178044
4.6180963089755,31,4,95971812236.40707,56614484.038499825,56953398.345732816,95972151181.99637,58492116.29445077,55872466.15693537,-83.32260131835938,-83.48570251464844,-1.6791000366210938,1.563599944114685,[0. 0. 0.],[0. 0. 0. 1.],6.018622700489663,-1.2979229133497707,"(31, 4)",338945.860244751,338913.8715695068,-95916278715.74028,1538717.9487179518,4.720699787139893,-1.2979229133497707,95971812236.38895,56953398.24969952,58492116.19841747,56614484.37813001,95972151182.24919,55872466.50891426,0.19544991988694338,1770935237.2406907,1770935237.2406907
2.2211026599525354,20,5,94128016234.86676,35330706.609108,35635610.11273441,94061104744.09007,37174328.06145236,26885519.146557316,-88.00530242919922,-88.70800018310547,-4.176000118255615,4.043799877166748,[0. 0. 0.],[0. 0. 0. 1.],3.059692769990478,-0.6738928851943355,"(20, 5)",-66911490.49417114,304902.6254507154,-94034219224.63268,1538717.9487179518,2.3857998847961426,-0.6738928851943355,94128016234.78642,35635609.788161054,37174327.736879006,35330707.16271034,94061104744.29225,26885519.659580328,0.18569877483203728,1770935237.2852023,1770935237.2852023
1.799629929030128,21,5,96338327949.81985,31873901.551674113,32177709.47170877,96338631770.04652,33716427.42042672,19054592.066349685,-81.65180206298828,-82.34480285644531,-1.34660005569458,0.9099000096321106,[0. 0. 0.],[0. 0. 0. 1.],2.7001653466200923,-0.6799653325057124,"(21, 5)",303820.9885864258,303807.2008964345,-96319577177.93604,1538717.948717948,2.02020001411438,-0.6799653325057124,96338327949.52995,32177709.147135418,33716427.095853366,31873901.946238983,96338631770.51854,19054592.58250701,0.15684362274649422,1770935237.3414526,1770935237.3414526
1.7593650270283225,30,5,96268440882.37538,28203431.864915505,28508021.97170877,96268745484.76213,30046739.92042672,16384718.257123474,-80.1532974243164,-80.2510986328125,-2.382299900054932,1.8617000579833984,[0. 0. 0.],[0. 0. 0. 1.],3.307452451537286,-1.4764524811011899,"(30, 5)",304602.45768737793,304589.6559495218,-96252360766.28679,1538717.948717948,1.830999970436096,-1.4764524811011899,96268440882.22227,28508021.647135418,30046739.595853366,28203431.991185896,96268745484.67996,16384718.393179087,0.06560495136831188,1770935237.4049807,1770935237.4049807
1.7159079324232138,31,5,96213806491.21477,38636761.68684203,38955658.18965749,96214125400.00539,40494376.13837544,28981045.071748525,-81.83480072021484,-81.83350372314453,-2.934499979019165,3.2708001136779785,[0. 0. 0.],[0. 0. 0. 1.],2.987940860432817,-1.1626408821765915,"(31, 5)",318908.8479003906,318895.74882311374,-96185144354.54361,1538717.9487179518,1.8252999782562256,-1.1626408821765915,96213806491.19664,38955657.865084134,40494375.813802086,38636762.11626102,96214125400.04454,28981045.500926483,0.14968276205437728,1770935237.4826348,1770935237.4826348
3.1814612579371033,20,11,94371665032.94366,7085454.702384064,7399688.391832129,94304762878.0843,8938406.340550078,1678008.6259749576,-83.39640045166016,-83.1084976196289,-1.8411999940872192,0.9229000210762024,[0. 0. 0.],[0. 0. 0. 1.],7.238867807619097,-3.940267849199297,"(20, 11)",-66902154.47840881,314233.2888872195,-94303084869.46126,1538717.948717949,3.2985999584198,-3.940267849199297,94371665032.86333,7399688.313802083,8938406.262520032,7085455.0249148635,94304762878.38492,1678008.9236528445,0.19345979034993602,1770935237.5279176,1770935237.5279176
3.69215606346223,21,11,96581321675.78139,2974532.537885371,3280457.6226013605,96581627624.97356,4819175.571319309,60401212.04639273,-91.48280334472656,-91.69239807128906,1.3316999673843384,-1.5011999607086182,[0. 0. 0.],[0. 0. 0. 1.],6.76620379035099,-2.954403787299232,"(21, 11)",305949.8009338379,305924.9486678685,-96521226413.19682,1538717.948717949,3.811800003051758,-2.954403787299232,96581321675.49149,3280457.544571314,4819175.493289263,2974532.5959034455,96581627625.29242,60401212.09560297,0.18363275578103658,1770935237.5844293,1770935237.5844293
2.2537547626960097,20,1,94811723478.45648,38274887.696593314,38580225.25191797,94744812421.71178,40118943.20063592,38429092.99847723,-89.8115005493164,-88.59919738769531,-3.530600070953369,3.0583999156951904,[0. 0. 0.],[0. 0. 0. 1.],5.378421035517765,-3.0486211449995766,"(20, 1)",-66911056.455947876,305337.33661358804,-94706383328.71481,1538717.9487179443,2.3297998905181885,-3.0486211449995766,94811723478.37614,38580225.172776446,40118943.12149439,38274887.83616286,94744812421.9202,38429093.20537861,0.18424081038858497,1770935237.9648566,1770935237.9648566
2.639204565348899,21,1,97034309985.07625,47095135.61037772,47402741.277559,97034617608.38731,48941459.22627694,42876326.496527225,-82.42839813232422,-82.45339965820312,-0.0130000002682209,-0.4013999998569488,[0. 0. 0.],[0. 0. 0. 1.],5.464760744195486,-2.656660759072805,"(21, 1)",307624.0891723633,307605.37171975523,-96991741282.15903,1538717.9487179443,2.8080999851226807,-2.656660759072805,97034309984.78635,47402741.19841747,48941459.147135414,47095135.826697715,97034617608.87552,42876326.71649639,0.17475598907325243,1770935238.0374482,1770935238.0374482
2.941261160519112,30,1,96999421811.86255,11206476.574143937,11510377.495507713,96999725732.67456,13049095.444225661,7984451.955584211,-83.56430053710938,-83.63089752197266,-1.2180999517440796,1.020699977874756,[0. 0. 0.],[0. 0. 0. 1.],5.318561597208403,-2.224361701349638,"(30, 1)",303921.39923095703,303900.50643529743,-96991741280.81313,1538717.948717948,3.0941998958587646,-2.224361701349638,96999421811.70944,11510377.416366186,13049095.365084134,11206476.909930889,96999725733.10867,7984452.2955478765,0.19740390081611253,1770935238.135972,1770935238.135972
2.8208632602532946,31,1,96929789479.9968,6641211.905677233,6946098.649353867,96930094386.1697,8484816.598071815,5569517.42896211,-87.80950164794922,-89.17520141601562,-2.2100000381469727,1.7116999626159668,[0. 0. 0.],[0. 0. 0. 1.],5.403218332373771,-2.5178182755347818,"(31, 1)",304906.2875671387,304886.412009215,-96924524868.66307,1538717.948717948,2.8854000568389893,-2.5178182755347818,96929789479.97867,6946098.57021234,8484816.518930288,6641212.158203125,96930094386.26624,5569517.603165064,0.1854822602236318,1770935238.1987643,1770935238.1987643
4.598602855443892,20,2,95086004912.75134,37621625.42347092,37925938.40031741,95019092848.38649,39464656.34903535,43843885.289445534,-84.79740142822266,-84.65149688720703,-7.603300094604492,6.934599876403809,[0. 0. 0.],[0. 0. 0. 1.],5.780256972993651,-1.0439569813859846,"(20, 2)",-66912063.911621094,304312.50939002633,-94975248963.08919,1538717.9487179443,4.736299991607666,-1.0439569813859846,95086004912.671,37925938.313802086,39464656.26252003,37621625.80441206,95019092848.75938,43843885.670197316,0.19998275893214365,1770935238.247464,1770935238.247464
4.099374311317758,21,2,97304303021.93521,42154046.90599233,42499664.361855865,97304648668.22214,44038382.31057382,44041751.712850735,-91.47460174560548,-91.35369873046876,-4.070799827575684,4.577400207519531,[0. 0. 0.],[0. 0. 0. 1.],6.2983455293594135,-2.073645555299355,"(21, 2)",345646.91006469727,345617.30018028617,-97260606916.76814,1538717.9487179518,4.224699974060059,-2.073645555299355,97304303021.64531,42499664.27534054,44038382.224058494,42154046.975160256,97304648668.55537,44041751.787234575,0.1835591079046403,1770935238.3075087,1770935238.3075087
4.296862023202024,30,2,97234415682.05486,38482118.79649745,38786715.64390715,97234720309.16391,40325433.5926251,41329804.36453806,-85.84490203857422,-85.993896484375,-5.301000118255615,4.967599868774414,[0. 0. 0.],[0. 0. 0. 1.],5.370857095168491,-0.9159573072656588,"(30, 2)",304627.7011871338,304596.4011167884,-97193390504.88414,1538717.9487179443,4.454899787902832,-0.9159573072656588,97234415681.90175,38786715.55739183,40325433.506109774,38482119.15627504,97234720309.60294,41329804.71880008,0.1951595574633004,1770935238.3710034,1770935238.3710034
5.054249346760935,31,2,97163783927.11218,32916920.621754803,33225489.68236869,97164092531.77937,34764207.63108663,37918438.58264737,-90.0022964477539,-90.0197982788086,-6.507999897003174,6.138299942016602,[0. 0. 0.],[0. 0. 0. 1.],5.909298044654857,-0.8135982575149647,"(31, 2)",308604.736328125,308568.83513621986,-97126174093.10968,1538717.9487179443,5.095699787139893,-0.8135982575149647,97163783927.09406,33225489.595853366,34764207.54457131,32916920.760717146,97164092531.83038,37918438.720703125,0.18352794932365848,1770935238.432704,1770935238.432704
6.6436330173097655,20,3,95255423967.23853,3527724.2017646944,3832613.092583524,95188512490.29913,5371331.041301473,11614285.63372693,-91.26329803466795,-90.50800323486328,-0.7617999911308289,0.368800014257431,[0. 0. 0.],[0. 0. 0. 1.],8.333480663273496,-1.6336806487776467,"(20, 3)",-66911476.75343323,304888.6969150645,-95176898204.64128,1538717.948717949,6.69980001449585,-1.6336806487776467,95255423967.15819,3832612.993289263,5371330.942007212,3527724.2963741985,95188512490.40475,11614285.763471555,0.1834111862081194,1770935238.4770987,1770935238.4770987
5.960919280571319,21,3,97531297164.56342,65636457.206077345,65942116.29771173,97531602862.5868,264423.9900194213,2130294.2214383166,-84.26270294189453,-84.21640014648438,2.576900005340576,-2.818099975585937,[0. 0. 0.],[0. 0. 0. 1.],8.658882207513464,-2.4788823791748413,"(21, 3)",305698.9464416504,305658.6006360203,-97529472568.60796,-65677692.30769231,6.179999828338623,-2.4788823791748413,97531297164.27351,65942116.19841747,264423.89072516025,65636457.59778145,97531602863.21996,2130294.6120042065,0.20030430082884285,1770935238.5344937,1770935238.5344937
5.817344419260724,30,3,97483409183.65741,16747718.949115116,17077685.20796814,97483739188.1208,18616403.156686086,21483031.402742926,-88.37740325927734,-88.38739776611328,1.4053000211715698,-1.7144999504089355,[0. 0. 0.],[0. 0. 0. 1.],8.088195173008208,-2.1471951882669966,"(30, 3)",330004.92976379395,329965.91421274096,-97462256156.78656,1538717.948717948,5.940999984741211,-2.1471951882669966,97483409183.5043,17077685.108673878,18616403.057391826,16747719.194461137,97483739188.43407,21483031.647511017,0.1856075512679784,1770935238.6200068,1770935238.6200068
7.277228722843923,31,3,97429777604.99678,28182871.153243404,28489343.86181429,97430084125.45917,30028061.810532242,35044377.80848115,-89.62339782714844,-89.52320098876953,0.461899995803833,-0.8726000189781189,[0. 0. 0.],[0. 0. 0. 1.],8.413408825323614,-1.0839086269593565,"(31, 3)",306520.5578918457,306472.43401942775,-97395039747.5474,1538717.9487179518,7.329500198364258,-1.0839086269593565,97429777604.97865,28489343.76252003,30028061.711237982,28182871.328500602,97430084125.53654,35044377.989157654,0.18380847779121268,1770935238.698778,1770935238.698778
4.951542956500457,20,4,95519449896.7257,6321421.14530537,6625345.461117434,95452537444.5939,8164063.409835382,6773602.318724055,-90.1323013305664,-90.68479919433594,-2.6812000274658203,2.666300058364868,[0. 0. 0.],[0. 0. 0. 1.],5.9957967768636635,-0.9822965632406166,"(20, 4)",-66912451.95437622,303924.07539563347,-95445763842.2552,1538717.948717948,5.013500213623047,-0.9822965632406166,95519449896.64536,6625345.365084135,8164063.313802083,6321421.2896885015,95452537444.69098,6773602.4357722355,0.18341254186737926,1770935238.7434905,1770935238.7434905
4.310880493181916,21,4,97811289936.99931,17181307.473174743,17485577.832912304,97811594235.99918,19024295.78163025,13256030.227493735,-84.16519927978516,-83.59020233154297,0.5885000228881836,-0.5447999835014343,[0. 0. 0.],[0. 0. 0. 1.],6.075795992695039,-1.5513957584726272,"(21, 4)",304299.89544677734,304269.87868088856,-97798338206.01842,1538717.948717948,4.524400234222412,-1.5513957584726272,97811289936.70941,17485577.736879006,19024295.685596954,17181307.858198117,97811594236.60486,13256030.586438302,0.19921551154132133,1770935238.8155105,1770935238.8155105
4.770561830470647,30,4,97750402212.50356,22508774.463740498,22814167.576502047,97750707638.58424,24352885.525219996,19585849.420922298,-94.43209838867188,-96.52860260009766,-0.5895000100135803,0.6341999769210815,[0. 0. 0.],[0. 0. 0. 1.],5.940327473034791,-1.1314275935792244,"(30, 4)",305426.24449157715,305393.0351061709,-97731121789.23596,1538717.948717948,4.808899879455566,-1.1314275935792244,97750402212.35045,22814167.48046875,24352885.429186698,22508774.44536258,97750707638.59494,19585849.35897436,0.18643335561234356,1770935238.886999,1770935238.886999
4.60809564733217,31,4,97681771619.41986,18944475.118566316,19276507.32009179,97682103682.86105,20815225.26880974,18198300.511486243,-83.13780212402344,-83.66799926757812,-1.6110999584197998,1.747099995613098,[0. 0. 0.],[0. 0. 0. 1.],6.018622700489663,-1.3086226623426906,"(31, 4)",332063.72383117676,332031.78210136294,-97663905382.25041,1538717.948717948,4.710000038146973,-1.3086226623426906,97681771619.40173,19276507.224058494,20815225.172776442,18944475.44195713,97682103683.12556,18198300.87515024,0.19534952976210132,1770935238.9507146,1770935238.9507146
2.1936661465888285,20,5,95770772196.40518,64885416.78696765,65190185.43324723,95703860570.66504,66728903.38196518,56447499.95896254,-88.29209899902344,-88.75140380859375,-4.5625,4.018599987030029,[0. 0. 0.],[0. 0. 0. 1.],3.059692769990478,-0.7041927871566158,"(20, 5)",-66911625.460113525,304767.7847055271,-95647413070.39523,1538717.9487179518,2.3554999828338623,-0.7041927871566158,95770772196.32484,65190185.10867388,66728903.05739183,64885417.32396835,95703860570.86473,56447500.469501205,0.185318863176695,1770935238.9941163,1770935238.9941163
1.8009662771356818,21,5,98062283462.64034,8200798.770873881,8506395.369144665,98062589071.4751,10045113.317862613,62601636.677814394,-81.92179870605469,-82.5875015258789,-1.522699952125549,0.9628999829292296,[0. 0. 0.],[0. 0. 0. 1.],2.7001653466200923,-0.6657653603530025,"(21, 5)",305609.63165283203,305595.82832532004,-97999987434.75314,1538717.948717948,2.03439998626709,-0.6657653603530025,98062283462.35043,8506395.044571314,10045112.993289262,8200799.216245994,98062589071.98209,62601637.22894131,0.16765568969532765,1770935239.0654385,1770935239.0654385
1.7880906762645106,30,5,97991395922.43944,3528093.8405167125,3832260.75376005,97991700101.80502,5370978.702477999,58929078.7959117,-80.69509887695312,-81.37889862060547,-2.1698999404907227,2.085200071334839,[0. 0. 0.],[0. 0. 0. 1.],3.307452451537286,-1.4055523985129939,"(30, 5)",304179.64054870605,304166.3849659455,-97932771022.7909,1538717.9487179485,1.901900053024292,-1.4055523985129939,97991395922.28633,3832260.4291866985,5370978.377904647,3528094.044220753,97991700101.92688,58929079.13599259,0.1028238501073094,1770935239.1279542,1770935239.1279542
1.649865698944943,31,5,97937765537.68907,14963597.861465763,15279800.817862613,97938081752.5498,16818518.766580563,5310731.262539373,-81.73909759521484,-82.15809631347656,-3.125499963760376,3.282900094985962,[0. 0. 0.],[0. 0. 0. 1.],2.987940860432817,-1.2227408415500653,"(31, 5)",316214.97521972656,316202.2204276845,-97932771020.89725,1538717.948717948,1.7652000188827517,-1.2227408415500653,97937765537.67094,15279800.493289262,16818518.44200721,14963598.272861578,97938081752.64616,5310731.7489232775,0.15495410771898951,1770935239.2067883,1770935239.2067883
3.22348980108335,20,11,96028404576.21286,50628367.97222827,50947060.18670393,95961506880.10094,52485778.13542188,45228164.17580836,-83.94830322265625,-83.23410034179688,-1.7871999740600586,1.108199954032898,[0. 0. 0.],[0. 0. 0. 1.],7.238867807619097,-3.891667890779497,"(20, 11)",-66897695.71940613,318691.78185096383,-95916278715.92807,1538717.9487179518,3.3471999168396,-3.891667890779497,96028404576.13252,50947060.10867388,52485778.05739183,50628368.326822914,95961506880.41312,45228164.48505108,0.19722134501668265,1770935239.2513726,1770935239.2513726
3.638613584156328,21,11,98305277196.61469,46522532.3690237,46831218.84055008,98305585906.87552,48369936.78926803,36732827.500816934,-92.2656021118164,-92.35479736328124,1.4983999729156494,-1.944599986076355,[0. 0. 0.],[0. 0. 0. 1.],6.76620379035099,-3.0165037209235,"(21, 11)",308710.8435974121,308686.3669371009,-98268853079.64435,1538717.9487179518,3.74970006942749,-3.0165037209235,98305277196.32478,46831218.76252003,48369936.71123798,46522532.39558293,98305585907.16838,36732827.524038464,0.1840447991952416,1770935239.308546,1770935239.308546
2.22997632775425,20,1,96522391603.45644,1310684.9374595704,1631290.9570461747,96455495815.07619,3170008.9057641234,1485819.7588803743,-89.45590209960938,-88.55719757080078,-3.066800117492676,2.987600088119507,[0. 0. 0.],[0. 0. 0. 1.],5.378421035517765,-3.0692209870711094,"(20, 1)",-66895788.08906555,320605.78175080125,-96454009995.31883,1538717.9487179485,2.3092000484466557,-3.0692209870711094,96522391603.3761,1631290.8779046475,3170008.826622596,1310685.0961538462,96455495815.28703,1485819.9681991185,0.18448888200375116,1770935239.745408,1770935239.745408
2.6796332208270983,21,1,98814264063.60185,12206170.367474219,12514456.02114874,98814572367.12851,14053173.969866687,7988008.1112269,-82.17780303955078,-82.04669952392578,-0.0930999964475631,-0.0204000007361173,[0. 0. 0.],[0. 0. 0. 1.],5.464760744195486,-2.6318606968932396,"(21, 1)",308304.23991394043,308285.39726061746,-98806584359.2855,1538717.948717948,2.832900047302246,-2.6318606968932396,98814264063.31195,12514455.942007212,14053173.89072516,12206170.544746595,98814572367.55186,7988008.2663511615,0.16241973452402278,1770935239.8174553,1770935239.8174553
2.9170171971541,30,1,98758375914.4266,22532145.780376546,22836162.75191797,98758679951.15494,24374880.700635917,19312003.910185263,-83.96209716796875,-83.44879913330078,-1.0635000467300415,0.7832000255584717,[0. 0. 0.],[0. 0. 0. 1.],5.318561597208403,-2.2473617032569866,"(30, 1)",304037.3034362793,304016.5358323306,-98739367947.3389,1538717.948717948,3.071199893951416,-2.2473617032569866,98758375914.2735,22836162.672776442,24374880.62149439,22532146.13694411,98758679951.57693,19312004.23803085,0.19819106699600147,1770935239.8949912,1770935239.8949912
2.8460741316257363,31,1,98704747316.53522,33968712.965901,34273502.49550771,98705052125.6218,35812220.44422566,32900590.011005677,-88.5531005859375,-88.19499969482422,-2.246299982070923,1.875599980354309,[0. 0. 0.],[0. 0. 0. 1.],5.403218332373771,-2.49061829193798,"(31, 1)",304809.25730895996,304789.2409104556,-98672151535.53314,1538717.9487179518,2.912600040435791,-2.49061829193798,98704747316.51709,34273502.41636618,35812220.365084134,33968713.17545573,98705052125.7744,32900590.241261017,0.18563481212309418,1770935239.9736974,1770935239.9736974
4.607199269875721,20,2,96794384656.34105,65577902.60756164,65883999.297753304,96727474375.77242,206306.99006099367,4598746.07134911,-84.77639770507812,-85.82599639892578,-7.877099990844727,7.709400177001953,[0. 0. 0.],[0. 0. 0. 1.],5.780256972993651,-1.0384571416032697,"(20, 2)",-66910280.13571167,306096.2227063328,-96722875629.6932,-65677692.30769231,4.741799831390381,-1.0384571416032697,96794384656.26071,65883999.21123798,206306.90354567306,65577902.98853165,96727474376.125,4598746.431790865,0.19818380804733834,1770935240.0187097,1770935240.0187097
4.052781956460848,21,2,99071257428.98647,61474300.67836522,61822052.18236869,99071605209.04094,63360770.13108663,63371625.95893242,-90.59719848632812,-91.220703125,-4.3277997970581055,4.1956000328063965,[0. 0. 0.],[0. 0. 0. 1.],6.2983455293594135,-2.11324545077665,"(21, 2)",347780.6834564209,347751.3083433509,-99008233583.34085,1538717.9487179443,4.185100078582764,-2.11324545077665,99071257428.69656,61822052.095853366,63360770.04457131,61474300.787510015,99071605209.38002,63371626.03916266,0.1834153041358647,1770935240.074421,1770935240.074421
4.290113948758461,30,2,99001369568.27275,57800047.19845375,58104375.90031741,99001673927.20221,59643093.84903535,60656755.79879701,-86.53379821777344,-86.35299682617188,-5.344799995422363,5.058899879455566,[0. 0. 0.],[0. 0. 0. 1.],5.370857095168491,-0.9292572492822595,"(30, 2)",304359.50646972656,304328.2846304104,-98941017171.48817,1538717.9487179443,4.441599845886231,-0.9292572492822595,99001369568.11964,58104375.813802086,59643093.76252003,57800047.529171675,99001673927.62611,60656756.13794571,0.1925980106747901,1770935240.1403008,1770935240.1403008
5.02476696459393,31,2,98970740994.41983,25019494.3111407,25327813.400317404,98971049348.94554,26866531.349035352,30032178.966636408,-90.17749786376952,-90.50469970703124,-6.449399948120117,6.043300151824951,[0. 0. 0.],[0. 0. 0. 1.],5.909298044654857,-0.848097902748119,"(31, 2)",308354.5704345703,308318.872696314,-98941017169.89186,1538717.948717948,5.061200141906738,-0.848097902748119,98970740994.4017,25327813.313802082,26866531.26252003,25019494.441105768,98971049348.97214,30032179.080278445,0.18342337401380876,1770935240.2397249,1770935240.2397249
6.649063792017952,20,3,97009161042.55899,9637118.466496931,9942805.400275832,96942250363.69904,11481523.348993782,17725492.366995137,-90.57720184326172,-90.6240005493164,-0.6984000205993652,0.4357999861240387,[0. 0. 0.],[0. 0. 0. 1.],8.333480663273496,-1.6243808936812112,"(20, 3)",-66910678.679626465,305686.7081079725,-96924524871.30792,1538717.94871795,6.709099769592285,-1.6243808936812112,97009161042.47865,9942805.30098157,11481523.24969952,9637118.592873598,96942250363.79903,17725492.491110776,0.18339518878369887,1770935240.2934709,1770935240.2934709
5.948125980163928,21,3,99351250209.43517,3534832.7285925546,3838831.0413014726,99351554246.6236,5377548.990019421,7238601.460387848,-84.43939971923828,-84.96479797363281,2.466099977493286,-2.774399995803833,[0. 0. 0.],[0. 0. 0. 1.],8.658882207513464,-2.490382260919226,"(21, 3)",304038.11724853516,303997.818384415,-99344315645.40579,1538717.9487179485,6.168499946594238,-2.490382260919226,99351250209.14526,3838830.9420072115,5377548.89072516,3534833.1236227965,99351554247.26251,7238601.856720753,0.20004496537449476,1770935240.3545086,1770935240.3545086
5.850296981529467,30,3,99280362292.63173,66077083.33562245,66408927.195147626,99280694174.90544,731234.8874553188,3594941.2330528405,-88.32959747314453,-88.00160217285156,1.6670000553131104,-2.0488998889923096,[0. 0. 0.],[0. 0. 0. 1.],8.088195173008208,-2.1103952805826705,"(30, 3)",331882.7624053955,331843.51211939007,-99277099233.74088,-65677692.30769231,5.977799892425537,-2.1103952805826705,99280362292.47862,66408927.095853366,731234.7881610577,66077083.583733976,99280694175.24103,3594941.5001502405,0.18613721747273648,1770935240.4169924,1770935240.4169924
6.848802062390009,31,3,99210735289.29161,61514895.13834091,61819496.105404034,99211039935.16461,63358214.054121986,1157110.622176436,-97.45860290527344,-89.59149932861328,0.5615000128746033,-0.9610999822616576,[0. 0. 0.],[0. 0. 0. 1.],8.413408825323614,-1.5498090481019346,"(31, 3)",304645.96479797363,304600.93962840736,-99209882824.43913,1538717.9487179518,6.86359977722168,-1.5498090481019346,99210735289.27348,61819496.006109774,63358213.954827726,61514895.06648137,99211039935.23828,1157110.7991536458,0.18381831598581894,1770935240.479688,1770935240.479688
4.930841169751247,20,4,97233155321.40514,39611753.926279016,39916339.05086102,97166243529.96732,41455056.99957897,40069431.3914601,-90.41410064697266,-89.98190307617188,-2.6131999492645264,2.4911999702453613,[0. 0. 0.],[0. 0. 0. 1.],5.9957967768636635,-0.999896622749894,"(20, 4)",-66911791.22532654,304584.89833734185,-97126174098.55588,1538717.9487179443,4.9959001541137695,-0.999896622749894,97233155321.3248,39916338.954827726,41455056.90354567,39611754.056490384,97166243530.09947,40069431.54359475,0.18345975757652577,1770935240.5241108,1770935240.5241108
4.317021861646271,21,4,99577244376.10184,35509944.05817718,35814047.38419435,99577548508.08119,37352765.3329123,31583635.502018325,-84.1364974975586,-83.95770263671875,0.2849000096321106,-0.3445000052452087,[0. 0. 0.],[0. 0. 0. 1.],6.075795992695039,-1.542496069751924,"(21, 4)",304132.89387512207,304102.84580328315,-99545964872.8259,1538717.9487179518,4.533299922943115,-1.542496069751924,99577244375.81194,35814047.288161054,37352765.236879006,35509944.44235777,99577548508.70581,31583635.879907854,0.19991445875549313,1770935240.5804026,1770935240.5804026
5.812279060424255,30,4,99507356371.15736,31835332.76630606,32139215.653425124,99507660292.0144,33677933.60214307,28911826.34057468,-94.9457015991211,-81.07859802246094,-0.3007999956607818,0.426499992609024,[0. 0. 0.],[0. 0. 0. 1.],5.940327473034791,-0.08412725483410721,"(30, 4)",303921.0705871582,303882.8218900226,-99478748465.74648,1538717.948717948,5.856200218200684,-0.08412725483410721,99507356371.00426,32139215.557391826,33677933.506109774,31835332.735501803,99507660292.07484,28911826.3283754,0.19943041098860037,1770935240.6440704,1770935240.6440704
4.610954525721886,31,4,99454729496.02237,44272866.66657474,44597765.3329123,99455054425.94026,46136483.281630255,43522376.93972264,-83.17510223388672,-83.43470001220703,-1.1864999532699585,1.5851000547409058,[0. 0. 0.],[0. 0. 0. 1.],6.018622700489663,-1.3074224632154934,"(31, 4)",324930.18518066406,324898.243439503,-99411532048.90138,1538717.9487179518,4.71120023727417,-1.3074224632154934,99454729496.00424,44597765.236879006,46136483.18559696,44272866.9934395,99455054426.18942,43522377.288035855,0.19419385883391588,1770935240.7236345,1770935240.7236345
2.195691862920176,20,5,97476556138.71283,23035000.024917275,23341066.843503643,97409645811.17621,24879784.79222159,14606073.866112169,-87.99610137939453,-89.05180358886719,-4.399499893188477,4.14709997177124,[0. 0. 0.],[0. 0. 0. 1.],3.059692769990478,-0.7021926936965328,"(20, 5)",-66910327.273635864,306065.9398788065,-97395039736.99925,1538717.948717948,2.3575000762939453,-0.7021926936965328,97476556138.63249,23341066.51893029,24879784.467648238,23035000.579051483,97409645811.35886,14606074.35960036,0.18536850669197888,1770935240.7729692,1770935240.7729692
1.7732681024585975,21,5,99844237485.07619,42526136.61558735,42831459.47170877,99844542820.06761,44370177.42042672,29712308.76983572,-82.45089721679688,-82.26119995117188,-1.385800004005432,0.5913000106811523,[0. 0. 0.],[0. 0. 0. 1.],2.7001653466200923,-0.6876652989363765,"(21, 5)",305335.74031066895,305321.9995743185,-99814830511.25363,1538717.9487179518,2.012500047683716,-0.6876652989363765,99844237484.78629,42831459.147135414,44370177.095853366,42526137.147561096,99844542820.5266,29712309.27296174,0.17182445220230277,1770935240.8474388,1770935240.8474388
1.7486698460914796,30,5,99787349063.46504,51850702.730224475,52154912.99734979,99787653285.95245,53693630.94606774,40039186.17679487,-80.79630279541016,-80.20030212402344,-1.7396999597549438,2.053499937057495,[0. 0. 0.],[0. 0. 0. 1.],3.307452451537286,-1.4734524601203547,"(30, 5)",304222.55296325684,304209.7199268788,-99747614099.55743,1538717.9487179518,1.8339999914169312,-1.4734524601203547,99787349063.31194,52154912.67277644,53693630.62149439,51850702.95284956,99787653285.8649,40039186.30746695,0.07344936526182791,1770935240.9239826,1770935240.9239826
1.6789539891925982,31,5,99732722893.45827,62288522.39681302,62601924.21529851,99733036307.3354,64140642.16401646,52638619.22501142,-81.99530029296875,-81.73259735107422,-3.000699996948242,3.1702001094818115,[0. 0. 0.],[0. 0. 0. 1.],2.987940860432817,-1.1978408819858566,"(31, 5)",313413.91539001465,313401.0354066491,-99680397687.72037,1538717.9487179518,1.7900999784469604,-1.1978408819858566,99732722893.44014,62601923.89072516,64140641.83944311,62288522.85531851,99733036307.35553,52638619.635166265,0.15105334335486284,1770935241.0016382,1770935241.0016382
3.1992704375360663,20,11,97756142316.59744,30736539.97282641,31059872.686703924,97689249260.86557,32598590.635421872,25343878.445964742,-83.1769027709961,-83.20780181884766,-2.039499998092652,1.3000999689102173,[0. 0. 0.],[0. 0. 0. 1.],7.238867807619097,-3.9237678530139943,"(20, 11)",-66893055.341674805,323332.3317307681,-97663905382.42255,1538717.948717948,3.3150999546051025,-3.9237678530139943,97756142316.5171,31059872.608673878,32598590.557391826,30736540.27694311,97689249261.17543,25343878.75287961,0.19259893696981542,1770935241.04721,1770935241.04721
3.6419508935587532,21,11,100115230497.8967,41635633.53019666,41941675.57131931,100115536563.74739,43480393.52003726,31840407.418367285,-91.39769744873048,-92.16390228271484,1.569200038909912,-1.9147000312805176,[0. 0. 0.],[0. 0. 0. 1.],6.76620379035099,-3.006903796835975,"(21, 11)",306066.4406738281,306041.9014172703,-100083696156.59868,1538717.9487179518,3.759299993515015,-3.006903796835975,100115230497.6068,41941675.49328926,43480393.442007214,41635633.59187199,100115536564.04747,31840407.44879307,0.18371967061453737,1770935241.1185195,1770935241.1185195
2.2729034805647927,20,1,98220929071.40512,19432059.314019058,19742204.418584637,98154022822.35503,21280922.367302585,19602570.58054046,-89.85350036621094,-88.63939666748047,-3.3117001056671143,2.6066999435424805,[0. 0. 0.],[0. 0. 0. 1.],5.378421035517765,-3.030121055354191,"(20, 1)",-66906248.76364136,310144.8880709149,-98134420251.77602,1538717.948717948,2.348299980163574,-3.030121055354191,98220929071.32478,19742204.33944311,21280922.288161058,19432059.451372195,98154022822.56114,19602570.78513121,0.18418946591513122,1770935241.572262,1770935241.572262
2.604759742739502,21,1,100646216795.9736,29315863.25144237,29622076.21345643,100646523026.32458,31160794.16217438,25095590.462535273,-83.14019775390625,-82.04209899902344,0.0046000001020729,-0.6406999826431274,[0. 0. 0.],[0. 0. 0. 1.],5.464760744195486,-2.6881608601622826,"(21, 1)",306231.0634460449,306212.5807542056,-100621427436.13028,1538717.9487179518,2.776599884033203,-2.6881608601622826,100646216795.6837,29622076.134314902,31160794.083032854,29315863.553560697,100646523026.74715,25095590.61686198,0.17839334099823137,1770935241.6495218,1770935241.6495218
2.9241789444127786,30,1,100589328133.97784,38639461.504343815,38943478.45704617,100589632170.73822,40482196.405764125,35421146.586075895,-83.88670349121094,-83.24330139160156,-0.7915999889373779,1.0923999547958374,[0. 0. 0.],[0. 0. 0. 1.],5.318561597208403,-2.243061585764311,"(30, 1)",304037.3190917969,304016.5201822892,-100554211024.24629,1538717.9487179518,3.075500011444092,-2.243061585764311,100589328133.82474,38943478.377904646,40482196.3266226,38639461.85772236,100589632171.14383,35421146.897536054,0.19700914426542357,1770935241.7259061,1770935241.7259061
2.8188906260520366,31,1,100535703814.9326,50078364.87545645,50382340.63653336,100536007810.08011,51921058.5852513,49013197.60888338,-88.24330139160156,-88.53230285644531,-2.4017999172210693,1.631600022315979,[0. 0. 0.],[0. 0. 0. 1.],5.403218332373771,-2.5181184445258706,"(31, 1)",303995.29873657227,303975.4544771686,-100486994612.39357,1538717.9487179443,2.8850998878479004,-2.5181184445258706,100535703814.91447,50382340.55739183,51921058.506109774,50078365.10291466,100536007810.21321,49013197.81963642,0.18560078591042664,1770935241.8046906,1770935241.8046906
4.641155757021555,20,2,98491905040.95639,15457988.945460066,15766763.720830224,98424997438.67213,17305481.669548176,21711552.326099318,-86.02519989013672,-85.2040023803711,-7.477499961853027,7.124599933624268,[0. 0. 0.],[0. 0. 0. 1.],5.780256972993651,-1.0061571461809065,"(20, 2)",-66907601.83480835,308774.33581230044,-98403285886.33817,1538717.94871795,4.774099826812744,-1.0061571461809065,98491905040.87605,15766763.634314904,17305481.583032854,15457989.298502604,98424997439.04124,21711552.70307492,0.1967274341105455,1770935241.849534,1770935241.849534
4.06154242614113,21,2,100902210193.40948,10359821.648989158,10709784.554163558,100902560184.92604,12248502.502881506,12267114.633292442,-90.85150146484376,-92.01329803466795,-4.119200229644775,3.8417000770568848,[0. 0. 0.],[0. 0. 0. 1.],6.2983455293594135,-2.111245595735146,"(21, 2)",349992.11238098145,349962.7216045689,-100890293070.5516,1538717.948717948,4.187099933624268,-2.111245595735146,100902210193.11958,10709784.467648238,12248502.416366186,10359821.746043669,100902560185.23196,12267114.680363582,0.183551296162433,1770935241.9054935,1770935241.9054935
4.286357334863887,30,2,100831321819.87527,5683195.843518227,5987917.56698407,100831626571.82193,7526635.515702019,8549913.332988964,-86.13729858398438,-85.92050170898438,-5.472400188446045,4.979700088500977,[0. 0. 0.],[0. 0. 0. 1.],5.370857095168491,-0.9276569837793307,"(30, 2)",304752.5415649414,304721.2884364985,-100823076658.5737,1538717.948717949,4.44320011138916,-0.9276569837793307,100831321819.72217,5987917.48046875,7526635.429186699,5683196.1920322515,100831626572.26373,8549913.690029046,0.19462266689229804,1770935241.96793,1770935241.96793
5.078064618513951,31,2,100776698085.76593,16122101.199988058,16429319.810573814,100777005340.11818,17968037.759291764,21145092.99715395,-90.1593017578125,-90.68479919433594,-6.079599857330322,6.14109992980957,[0. 0. 0.],[0. 0. 0. 1.],5.909298044654857,-0.7958980622024647,"(31, 2)",307254.3882751465,307218.39317908697,-100755860247.034,1538717.948717948,5.113399982452393,-0.7958980622024647,100776698085.7478,16429319.724058494,17968037.672776442,16122101.330879407,100777005340.13608,21145093.10208834,0.18341040774390882,1770935242.0456543,1770935242.0456543
6.628055798502141,20,3,98731289888.7128,51354714.270706974,51661050.59258352,98664379859.10718,53199768.541301474,59444731.39622025,-91.13300323486328,-90.55729675292967,-0.8557999730110168,0.3799000084400177,[0. 0. 0.],[0. 0. 0. 1.],8.333480663273496,-1.648780651066465,"(20, 3)",-66910029.422073364,306336.12217047065,-98604935127.68683,1538717.9487179518,6.684700012207031,-1.648780651066465,98731289888.63246,51661050.49328926,53199768.442007214,51354714.37111879,98664379859.21039,59444731.5235627,0.1834069021167119,1770935242.0893812,1770935242.0893812
5.909971102935991,21,3,101158203590.84538,62866335.24343968,63171066.61822455,101158508360.8796,64709784.5669425,66566049.2532128,-85.18379974365234,-85.08979797363281,2.490299940109253,-2.9121999740600586,[0. 0. 0.],[0. 0. 0. 1.],8.658882207513464,-2.5288820930725464,"(21, 3)",304770.9616699219,304730.88191105425,-101091942311.86896,1538717.9487179518,6.130000114440918,-2.5288820930725464,101158203590.55548,63171066.518930286,64709784.46764824,62866335.63701923,101158508361.51715,66566049.6481871,0.19871530754116448,1770935242.1614234,1770935242.1614234
5.802758816384825,30,3,101102314744.55475,5973020.668764072,6306763.733609165,101102648525.76727,7845481.682327114,10706215.422252096,-88.69290161132812,-87.90180206298828,1.7229000329971311,-1.8066999912261963,[0. 0. 0.],[0. 0. 0. 1.],8.088195173008208,-2.1601951997110884,"(30, 3)",333781.70698547363,333742.73838141,-101091942310.41351,1538717.948717949,5.927999973297119,-2.1601951997110884,101102314744.40164,6306763.634314904,7845481.583032853,5973020.895933494,101102648526.10863,10706215.69511218,0.18584734906350012,1770935242.2389026,1770935242.2389026
6.693081531659653,31,3,101048691627.4326,17412792.040943578,17719640.336173266,101048998520.76218,19258358.284891214,24272625.18113428,-90.1957015991211,-104.7501983642578,0.2775000035762787,-0.6043999791145325,[0. 0. 0.],[0. 0. 0. 1.],8.413408825323614,-1.7178087925172179,"(31, 3)",306893.1227416992,306848.05063100904,-101024725895.47775,1538717.948717948,6.6956000328063965,-1.7178087925172179,101048691627.41447,17719640.236879006,19258358.185596954,17412792.186247997,101048998520.53722,24272625.05947015,0.18458644075037972,1770935242.3176115,1770935242.3176115
4.964431157412724,20,4,99003891875.89227,62716657.61372573,63020577.8329123,98936979419.73749,64559295.781630255,63178654.32286737,-90.36959838867188,-90.99909973144533,-2.6812000274658203,2.3189001083374023,[0. 0. 0.],[0. 0. 0. 1.],5.9957967768636635,-0.9733968745199135,"(20, 4)",-66912455.99208069,303919.9907351732,-98873800765.39465,1538717.9487179518,5.02239990234375,-0.9733968745199135,99003891875.81194,63020577.736879006,64559295.68559696,62716657.74614383,98936979419.81985,63178654.42520533,0.18339528127401336,1770935242.3617475,1770935242.3617475
4.3403694205848895,21,4,101414196988.28128,57620383.09561373,57924359.88419435,101414500993.88525,59463077.8329123,53693044.41434699,-83.6343002319336,-83.66600036621094,-0.0502000004053115,-0.3165999948978424,[0. 0. 0.],[0. 0. 0. 1.],6.075795992695039,-1.5246962154733597,"(21, 4)",304006.5041503906,303976.33087940514,-101360807949.71764,1538717.9487179518,4.55109977722168,-1.5246962154733597,101414196987.99138,57924359.788161054,59463077.736879006,57620383.45728165,101414500994.49553,53693044.77789463,0.19783460423639312,1770935242.4173558,1770935242.4173558
5.002108157244526,30,4,101344308430.45218,53943347.790363275,54248678.79445077,101344613794.43193,55787396.74316871,51022253.93219232,-94.18879699707033,-95.59100341796876,-0.4246000051498413,0.5485000014305115,[0. 0. 0.],[0. 0. 0. 1.],5.940327473034791,-0.8964274600648201,"(30, 4)",305364.16078186035,305330.92009715736,-101293591540.57239,1538717.9487179443,5.043900012969971,-0.8964274600648201,101344308430.29907,54248678.69841747,55787396.647135414,53943347.77832031,101344613794.45985,51022253.887469955,0.18602352403059716,1770935242.4810207,1770935242.4810207
4.6236461555313095,31,4,101289685906.27875,64383280.52594612,64700802.19188666,101290003459.27324,66239520.14060461,63628333.36532165,-83.43659973144531,-83.02539825439453,-1.3969000577926636,1.5022000074386597,[0. 0. 0.],[0. 0. 0. 1.],6.018622700489663,-1.2968228500257961,"(31, 4)",317553.22578430176,317521.2214543298,-101226375125.80878,1538717.9487179443,4.721799850463867,-1.2968228500257961,101289685906.26062,64700802.095853366,66239520.04457131,64383280.874399036,101290003459.4864,63628333.67763422,0.19311068017754054,1770935242.558676,1770935242.558676
2.2123466764243984,20,5,99244885722.04613,43729963.54235705,44033887.35632415,99177973251.5331,45572605.3050421,35306847.180764295,-87.95600128173828,-88.76229858398438,-4.46560001373291,3.827699899673462,[0. 0. 0.],[0. 0. 0. 1.],3.059692769990478,-0.6826926765303951,"(20, 5)",-66912470.23362732,303922.93294270337,-99142666404.04149,1538717.9487179518,2.377000093460083,-0.6826926765303951,99244885721.96579,44033887.0317508,45572604.98046875,43729964.098808095,99177973251.73216,35306847.69068009,0.18570337614743782,1770935242.6024702,1770935242.6024702
1.7661884829147427,21,5,101655190770.33255,38634296.903039925,38940409.79222159,101655496895.33237,40479127.740939535,25823307.221111014,-82.26709747314453,-81.67569732666016,-0.7795000076293945,0.8418999910354614,[0. 0. 0.],[0. 0. 0. 1.],2.7001653466200923,-0.7145653519606683,"(21, 5)",306125.6447906494,306112.060546875,-101629673588.06712,1538717.9487179443,1.985599994659424,-0.7145653519606683,101655190770.04265,38940409.46764824,40479127.41636618,38634297.40710136,101655496895.68744,25823307.620317508,0.1557807798650029,1770935242.6583622,1770935242.6583622
1.74507474667063,30,5,101585302140.38808,34956839.27380048,35261066.84350364,101585606380.14792,36799784.79222159,23149203.417922795,-80.58920288085938,-80.24960327148438,-2.1810998916625977,2.340399980545044,[0. 0. 0.],[0. 0. 0. 1.],3.307452451537286,-1.4819524400931938,"(30, 5)",304239.8306121826,304227.0601712689,-101562457176.51176,1538717.9487179518,1.825500011444092,-1.4819524400931938,101585302140.23497,35261066.518930286,36799784.46764824,34956839.45875902,101585606380.06558,23149203.5538111,0.07066575002012673,1770935242.721955,1770935242.721955
1.670454817464117,31,5,101530680177.11208,45396953.101835355,45707549.21529851,101530990785.26721,47246267.16401646,35750020.468545206,-82.39649963378906,-81.3311996459961,-3.2809998989105225,3.081700086593628,[0. 0. 0.],[0. 0. 0. 1.],2.987940860432817,-1.2084408528034227,"(31, 5)",310608.11360168457,310595.264923878,-101495240764.40865,1538717.9487179518,1.7795000076293943,-1.2084408528034227,101530680177.09395,45707548.89072516,47246266.83944311,45396953.62580128,101530990785.20755,35750020.79890324,0.1495394084907141,1770935242.799556,1770935242.799556
3.1641311130868637,20,11,99485292108.26407,12256751.701259194,12560633.904652642,99418379601.79039,14099351.85337059,6847552.860650587,-83.88809967041016,-83.3407974243164,-1.5794999599456787,1.2135000228881836,[0. 0. 0.],[0. 0. 0. 1.],7.238867807619097,-3.9500678064746877,"(20, 11)",-66912506.07221985,303881.77333734,-99411532048.93268,1538717.948717948,3.288800001144409,-3.9500678064746877,99485292108.18373,12560633.826622596,14099351.775340544,12256752.053285256,99418379602.11151,6847553.178836138,0.1974749987722789,1770935242.8485374,1770935242.8485374
3.7295729112160196,21,11,101923183863.28127,34748780.3704838,35054792.5584988,101923489899.81383,36593510.50721675,24950666.31137188,-91.9810028076172,-92.875,1.5729999542236328,-1.7723000049591064,[0. 0. 0.],[0. 0. 0. 1.],6.76620379035099,-2.926803737326698,"(21, 11)",306037.0968475342,306012.07244090736,-101898539233.77211,1538717.9487179518,3.839400053024292,-2.926803737326698,101923183862.99136,35054792.48046875,36593510.4291867,34748780.40802784,101923489900.08821,24950666.316105768,0.1841086779891703,1770935242.9264123,1770935242.9264123
2.2259615502481918,20,1,100489635842.2384,2773480.6760746934,3109215.6365333544,100422755182.85582,4647933.585251303,2976982.5825476404,-89.74240112304688,-89.572998046875,-3.271699905395508,3.0257999897003174,[0. 0. 0.],[0. 0. 0. 1.],5.378421035517765,-3.0840210587874184,"(20, 1)",-66880659.14839172,335734.7380809295,-100419778200.2748,1538717.948717949,2.2943999767303467,-3.0840210587874184,100489635842.15807,3109215.557391827,4647933.506109776,2773480.8193108975,100422755183.00967,2976982.7348758015,0.18374112887665134,1770935243.9083378,1770935243.9083378
2.5605270316099986,21,1,102982156515.52483,12681294.843391258,12989656.34166156,102982464894.22043,14528374.290379507,8463099.900516491,-83.37920379638672,-81.94770050048828,-0.2215999960899353,-0.6033999919891357,[0. 0. 0.],[0. 0. 0. 1.],5.464760744195486,-2.7317607041411645,"(21, 1)",308379.39140319824,308361.096504407,-102974001794.58813,1538717.948717948,2.7330000400543213,-2.7317607041411645,102982156515.23492,12989656.262520032,14528374.21123798,12681295.166015625,102982464894.62633,8463100.038186098,0.17980632194723026,1770935243.987726,1770935243.987726
2.94572548993063,30,1,102950266483.33676,47001122.95125534,47304712.43140515,102950570092.7587,48843430.3801231,43784709.585305676,-83.73690032958984,-83.22550201416016,-1.1556999683380127,0.7505999803543091,[0. 0. 0.],[0. 0. 0. 1.],5.318561597208403,-2.2228615716499305,"(30, 1)",303609.979095459,303589.0549879819,-102906785383.26755,1538717.9487179518,3.095700025558472,-2.2228615716499305,102950266483.18365,47304712.35226362,48843430.300981574,47001123.29727564,102950570093.16275,43784709.89520733,0.1962269357626872,1770935244.0869858,1770935244.0869858
2.8104242141111597,31,1,102897647661.0864,59443020.37830718,59746627.49550771,102897951287.51122,61285345.44422566,58382315.956148036,-88.36740112304688,-87.8572006225586,-2.06469988822937,1.6865999698638916,[0. 0. 0.],[0. 0. 0. 1.],5.403218332373771,-2.521718326651725,"(31, 1)",303626.6150817871,303606.81778345257,-102839568971.47742,1538717.9487179518,2.881500005722046,-2.521718326651725,102897647661.06827,59746627.41636618,61285345.365084134,59443020.59858273,102897951287.68335,58382316.20592949,0.18628742330330314,1770935244.166607,1770935244.166607
4.5897974605069125,20,2,100785014616.27686,23192089.13411955,23496258.91313792,100718102408.6358,25034976.86185587,29458573.650116146,-84.74849700927734,-84.83799743652344,-7.597700119018555,7.451499938964844,[0. 0. 0.],[0. 0. 0. 1.],5.780256972993651,-1.0527570111406233,"(20, 2)",-66912207.18774414,304169.3115234375,-100688643834.97783,1538717.948717948,4.727499961853027,-1.0527570111406233,100785014616.19652,23496258.826622598,25034976.775340546,23192089.51509916,100718102409.00877,29458574.030949518,0.1998204218821211,1770935244.2158673,1770935244.2158673
4.081921540867268,21,2,103287148638.92226,42713832.23188532,43066659.55416356,103287501494.93607,44605377.502881505,44634065.37164672,-90.72589874267578,-91.44210052490234,-4.000899791717529,3.984100103378296,[0. 0. 0.],[0. 0. 0. 1.],6.2983455293594135,-2.086345636170937,"(21, 2)",352856.6331176758,352827.1327874586,-103242867429.82326,1538717.9487179443,4.211999893188477,-2.086345636170937,103287148638.63235,43066659.46764824,44605377.41636618,42713832.33486078,103287501495.26547,44634065.44220753,0.18344907037130725,1770935244.2904587,1770935244.2904587
4.370383289395762,30,2,103231259143.59317,53033576.1090362,53337965.64390715,103231563563.8328,54876683.5926251,55912545.97828942,-85.74109649658203,-86.20110321044922,-5.506899833679199,4.97790002822876,[0. 0. 0.],[0. 0. 0. 1.],5.370857095168491,-0.8431571478113131,"(30, 2)",304420.82331848145,304389.0850360617,-103175651017.93927,1538717.9487179443,4.527699947357178,-0.8431571478113131,103231259143.44006,53337965.55739183,54876683.506109774,53033576.47235577,103231563564.26338,55912546.32411859,0.19493144881628316,1770935244.3679166,1770935244.3679166
5.051670210189602,31,2,103159641443.13768,46476078.591853335,46782989.68236869,103159948389.81372,48321707.63108663,51513783.82795044,-90.09639739990234,-90.43659973144533,-6.058199882507324,6.160600185394287,[0. 0. 0.],[0. 0. 0. 1.],5.909298044654857,-0.8199978890152089,"(31, 2)",306946.72412109375,306910.8698918298,-103108434605.89874,1538717.9487179443,5.089300155639648,-0.8199978890152089,103159641443.11955,46782989.595853366,48321707.54457131,46476078.725961536,103159948389.84367,51513783.9449369,0.1834401573705193,1770935244.4286208,1770935244.4286208
6.6362146236996615,20,3,100998404576.21275,33110167.445411406,33416651.554121986,100931494694.46716,34955369.50283993,41201618.132213965,-90.71900177001952,-90.21099853515624,-0.6696000099182129,0.3073000013828277,[0. 0. 0.],[0. 0. 0. 1.],8.333480663273496,-1.6351807784773538,"(20, 3)",-66909881.54484558,306483.88984876126,-100890293076.31082,1538717.9487179443,6.698299884796143,-1.6351807784773538,100998404576.13242,33416651.454827726,34955369.40354567,33110167.564978965,100931494694.58757,41201618.276742786,0.18340479775223384,1770935244.4843051,1770935244.4843051
5.942517405295491,21,3,103542142060.3966,27020396.207720872,27324504.11822455,103542446207.1049,28863222.066942498,30713125.84092231,-84.48159790039062,-85.05329895019531,1.9427000284194944,-3.062099933624268,[0. 0. 0.],[0. 0. 0. 1.],8.658882207513464,-2.4959822365051636,"(21, 3)",304147.63621520996,304107.41561498493,-103511733081.50656,1538717.948717948,6.162899971008301,-2.4959822365051636,103542142060.1067,27324504.01893029,28863221.967648238,27020396.603315305,103542446207.74292,30713126.236353166,0.19990543249423068,1770935244.5454087,1770935244.5454087
5.826617343298973,30,3,103471252885.58034,22340707.684161127,22676891.93873737,103471589108.16153,24215609.887455318,27072438.951756436,-88.64790344238281,-88.60549926757812,1.8924000263214111,-2.218400001525879,[0. 0. 0.],[0. 0. 0. 1.],8.088195173008208,-2.142094938022856,"(30, 3)",336223.0349884033,336183.9255308509,-103444516669.27827,1538717.948717948,5.946100234985352,-2.142094938022856,103471252885.42723,22676891.83944311,24215609.788161058,22340707.91391226,103471589108.46222,27072439.18394431,0.1850966256291757,1770935244.6080236,1770935244.6080236
7.242528225263435,31,3,103401635689.93254,17783887.332952313,18090257.323352754,103401942107.45169,19628975.272070702,24641847.01191824,-89.75340270996094,-89.00759887695312,0.4079000055789947,-0.7775999903678894,[0. 0. 0.],[0. 0. 0. 1.],8.413408825323614,-1.1153088306641905,"(31, 3)",306417.64323425293,306369.72280649096,-103377300260.33647,1538717.948717948,7.298099994659424,-1.1153088306641905,103401635689.91441,18090257.224058494,19628975.172776442,17783887.501252003,103401942107.55765,24641847.221178886,0.1840062779953041,1770935244.6732128,1770935244.6732128
4.943977012001304,20,4,101249398165.95633,22858585.34697365,23162581.038040508,101182485785.16185,24701298.98675846,23327071.15452193,-90.5374984741211,-90.77780151367188,-2.657900094985962,2.121500015258789,[0. 0. 0.],[0. 0. 0. 1.],5.9957967768636635,-0.9934969912496499,"(20, 4)",-66912380.62149048,303995.47087840363,-101159158713.98735,1538717.9487179518,5.002299785614014,-0.9934969912496499,101249398165.87599,23162580.94200721,24701298.890725162,22858585.471128806,101182485785.2545,23327071.267152444,0.18339497020195947,1770935244.735313,1770935244.735313
4.313825652902311,21,4,103793135586.03763,16769425.412206642,17073646.743168715,103793439836.0191,18612364.691886663,12841117.380088363,-84.27439880371094,-84.62359619140625,0.4526000022888183,-0.5019000172615051,[0. 0. 0.],[0. 0. 0. 1.],6.075795992695039,-1.5428961361276565,"(21, 4)",304250.9108276367,304220.84710537083,-103780598718.88574,1538717.948717948,4.532899856567383,-1.5428961361276565,103793135585.74773,17073646.647135418,18612364.595853366,16769425.800030047,103793439836.65855,12841117.772811498,0.20036488078647557,1770935244.7965014,1770935244.7965014
5.676675615942076,30,4,103723246307.05469,13089246.591371572,13393326.230348203,103723550424.72617,14932044.179066151,10168117.797053047,-81.13860321044922,-95.50749969482422,-0.3761999905109405,0.0930999964475631,[0. 0. 0.],[0. 0. 0. 1.],5.940327473034791,-0.21972734486096268,"(30, 4)",304117.8542022705,304079.5428936295,-103713382307.00175,1538717.948717948,5.720600128173828,-0.21972734486096268,103723246306.90158,13393326.134314904,14932044.083032852,13089246.591421274,103723550424.75578,10168117.75403145,0.19974198187914494,1770935244.8599029,1770935244.8599029
4.608453608935957,31,4,103672629247.62485,27532120.661956612,27840056.99957897,103672937215.191,29378774.94829692,26771320.13060487,-83.00039672851562,-83.84200286865234,-1.4164999723434448,1.627900004386902,[0. 0. 0.],[0. 0. 0. 1.],6.018622700489663,-1.3086226623426906,"(31, 4)",307967.8579406738,307935.93186598644,-103646165894.96123,1538717.948717948,4.710000038146973,-1.3086226623426906,103672629247.60672,27840056.903545674,29378774.852263622,27532120.971679688,103672937215.46466,26771320.50343049,0.19542028704113548,1770935244.9416173,1770935244.9416173
2.1980079506040853,20,5,101494392060.18709,7868048.96080777,8172276.779401076,101427479893.65533,9710994.728119025,66671951.201486275,-88.18160247802734,-88.94779968261719,-4.557799816131592,4.079100131988525,[0. 0. 0.],[0. 0. 0. 1.],3.059692769990478,-0.7005926666121822,"(20, 5)",-66912166.26289368,304226.95062099304,-101360807942.143,1538717.94871795,2.359100103378296,-0.7005926666121822,101494392060.10675,8172276.454827724,9710994.403545674,7868049.504206731,101427479893.84386,66671951.70084635,0.18525281365362004,1770935244.986318,1770935244.986318
1.804051149513094,21,5,104039129239.88377,2779339.9085785756,3083582.8691446655,104039433495.16544,4622300.817862615,57185547.87643892,-82.08180236816406,-82.4529037475586,-1.2237000465393066,1.2069000005722046,[0. 0. 0.],[0. 0. 0. 1.],2.7001653466200923,-0.6612654480910396,"(21, 5)",304256.0596923828,304242.162459936,-103982247947.24486,1538717.948717949,2.0388998985290527,-0.6612654480910396,104039129239.59387,3083582.544571314,4622300.493289263,2779340.382111378,104039433495.65356,57185548.40870392,0.168474645263889,1770935245.0424457,1770935245.0424457
1.7393687769175252,30,5,103969239888.78546,66315138.44486932,66619368.12555493,103969544130.6213,941675.8178626146,54512594.93266925,-80.25270080566406,-80.14640045166016,-2.3011999130249023,2.2100000381469727,[0. 0. 0.],[0. 0. 0. 1.],3.307452451537286,-1.4964524620277035,"(30, 5)",304241.89640808105,304229.21987680346,-103915031535.47041,-65677692.30769231,1.8109999895095823,-1.4964524620277035,103969239888.63235,66619367.800981574,941675.4932892629,66315138.58110477,103969544130.52876,54512595.05834335,0.0655790195029498,1770935245.1058671,1770935245.1058671
1.7134489090255027,31,5,103915623470.38124,10541868.688095385,10848735.112734409,103915930349.05818,12387453.061452357,898814.700150086,-82.37930297851562,-81.70059967041016,-3.446799993515014,3.161799907684326,[0. 0. 0.],[0. 0. 0. 1.],2.987940860432817,-1.154640865964128,"(31, 5)",306878.70906066895,306865.578675881,-103915031533.968,1538717.948717948,1.833299994468689,-1.154640865964128,103915623470.36311,10848734.788161058,12387452.736879006,10541869.209485177,103915930349.07217,898815.1041666666,0.15874304861550556,1770935245.1845393,1770935245.1845393
3.154390814727969,20,11,101735794696.40504,44613933.245204456,44919031.34055008,101668883405.71983,46457749.28926803,39209818.12514843,-83.7520980834961,-83.34770202636719,-2.1205999851226807,1.23580002784729,[0. 0. 0.],[0. 0. 0. 1.],7.238867807619097,-3.9607677938861867,"(20, 11)",-66911290.283203125,305097.6719000414,-101629673587.59763,1538717.9487179518,3.27810001373291,-3.9607677938861867,101735794696.3247,44919031.26252003,46457749.21123798,44613933.59061999,101668883406.0415,39209818.443885215,0.19693570510720193,1770935245.234174,1770935245.234174
3.61180020639692,21,11,104306122348.85812,65116690.46178391,65422701.21234495,104306428383.22021,66961419.1610629,55314791.00950568,-91.92179870605467,-92.1447982788086,1.509600043296814,-1.2003999948501587,[0. 0. 0.],[0. 0. 0. 1.],6.76620379035099,-3.0402037197790905,"(21, 11)",306034.95280456543,306010.63263721764,-104251113592.48036,1538717.9487179518,3.7260000705718994,-3.0402037197790905,104306122348.56822,65422701.1343149,66961419.083032854,65116690.501677684,104306428383.52103,55314791.04066506,0.18386943550471346,1770935245.3093662,1770935245.3093662
2.262278384895709,20,1,102212155473.64862,44876923.6602875,45219536.14935387,102145281692.05869,46758254.09807181,45093235.37518869,-89.57559967041016,-88.5802001953125,-3.51200008392334,3.085400104522705,[0. 0. 0.],[0. 0. 0. 1.],5.378421035517765,-3.038021054972721,"(20, 1)",-66873781.300079346,342612.25773738325,-102100188456.68503,1538717.9487179443,2.340399980545044,-3.038021054972721,102212155473.56828,45219536.07021234,46758254.018930286,44876923.81247496,102145281692.2682,45093235.583183095,0.18439333613577047,1770935245.7710137,1770935245.7710137
2.6715314674624495,21,1,104839108598.85811,54790358.754522875,55098446.405764125,104839416704.31888,56637164.35448207,50571832.434291825,-82.49610137939453,-82.6572036743164,-0.0595999993383884,0.0186000000685453,[0. 0. 0.],[0. 0. 0. 1.],5.464760744195486,-2.6186606522612816,"(21, 1)",308106.2669067383,308087.3460036069,-104788844872.15282,1538717.9487179443,2.846100091934204,-2.6186606522612816,104839108598.5682,55098446.3266226,56637164.27534054,54790358.98061899,104839416704.83511,50571832.682291664,0.1789683687916127,1770935245.8424625,1770935245.8424625
2.92290892763244,30,1,104783218646.79826,65108384.32891766,65413991.277559,104783524273.53831,66952709.22627694,61895813.441886514,-84.34739685058594,-83.09310150146484,-1.0225000381469729,1.131500005722046,[0. 0. 0.],[0. 0. 0. 1.],5.318561597208403,-2.244261546472929,"(30, 1)",305627.2848968506,305606.5016526431,-104721628460.19057,1538717.9487179443,3.0743000507354736,-2.244261546472929,104783218646.64516,65413991.19841747,66952709.147135414,65108384.69676483,104783524273.93005,61895813.73948317,0.1980252323561285,1770935245.9199092,1770935245.9199092
2.788192021548378,31,1,104730604111.40688,10336219.19056844,10639792.559610277,104730907703.99377,12178510.508328225,9279245.5565947,-88.2123031616211,-87.81300354003906,-2.2769999504089355,1.9687999486923216,[0. 0. 0.],[0. 0. 0. 1.],5.403218332373771,-2.542218271338615,"(31, 1)",303592.7796936035,303573.060647035,-104721628458.35953,1538717.948717948,2.861000061035156,-2.542218271338615,104730604111.38875,10639792.48046875,12178510.429186698,10336219.419821715,104730907704.16844,9279245.808919271,0.18654996832452522,1770935245.9997394,1770935245.9997394
4.598378635994882,20,2,102485148646.72552,42902178.07333409,43208622.6951892,102418238714.02602,44747340.64390715,49184622.755317464,-84.79650115966797,-85.25440216064453,-7.243800163269043,6.806099891662598,[0. 0. 0.],[0. 0. 0. 1.],5.780256972993651,-1.0448567731035139,"(20, 2)",-66909932.2509613,306444.15439703315,-102369054091.26285,1538717.9487179518,4.735400199890137,-1.0448567731035139,102485148646.64519,43208622.60867388,44747340.55739183,42902178.454276845,102418238714.39423,49184623.131385215,0.19914089149783654,1770935246.0446131,1770935246.0446131
4.066929342161509,21,2,105097101940.20427,37816392.47393585,38171395.13108663,105097456971.53046,39710113.079804584,39746465.34035257,-91.17469787597656,-91.1708984375,-4.260799884796143,4.03439998626709,[0. 0. 0.],[0. 0. 0. 1.],6.2983455293594135,-2.1026453607497944,"(21, 2)",355031.95738220215,355002.48835636675,-105057710506.44894,1538717.9487179518,4.195700168609619,-2.1026453607497944,105097101939.91437,38171395.04457131,39710112.99328926,37816392.55621494,105097456971.87175,39746465.42280148,0.1834765313042029,1770935246.1004806,1770935246.1004806
4.351031994648137,30,2,105027212276.60594,34134187.043351516,34438278.14390715,105027516398.26823,35976996.0926251,37022303.42809829,-85.84940338134766,-86.05909729003906,-5.2916998863220215,5.023499965667725,[0. 0. 0.],[0. 0. 0. 1.],5.370857095168491,-0.8621572012170748,"(30, 2)",304122.25186157227,304090.654422082,-104990494094.9249,1538717.9487179443,4.508699893951416,-0.8621572012170748,105027212276.45284,34438278.05739183,35976996.006109774,34134187.40296975,105027516398.7047,37022303.77979767,0.1949907998689212,1770935246.1639836,1770935246.1639836
5.0391138101472635,31,2,104982598117.81712,54578167.232019134,54885802.18236869,104982905788.26424,56424520.13108663,59628105.30847559,-90.7603988647461,-90.51119995117188,-6.406499862670898,6.087100028991699,[0. 0. 0.],[0. 0. 0. 1.],5.909298044654857,-0.8379980149002186,"(31, 2)",307670.49153137207,307634.7624949962,-104923277682.86873,1538717.9487179443,5.071300029754639,-0.8379980149002186,104982598117.799,54885802.095853366,56424520.04457131,54578167.33335837,104982905788.29053,59628105.421799876,0.18339482904229573,1770935246.2516983,1770935246.2516983
6.5545174907568775,20,3,102752141827.81526,39219732.7349046,39524480.07976301,102685230208.79407,41063198.02848096,47310465.9646534,-90.73280334472656,-90.29109954833984,-0.4079000055789947,0.3492000102996826,[0. 0. 0.],[0. 0. 0. 1.],8.333480663273496,-1.7175806236006448,"(20, 3)",-66911618.82449341,304747.1266526431,-102637919742.80528,1538717.9487179518,6.615900039672852,-1.7175806236006448,102752141827.73492,39524479.98046875,41063197.9291867,39219732.85381611,102685230208.91043,47310466.10514323,0.183400019258192,1770935246.3053212,1770935246.3053212
5.9337779274351306,21,3,105363095081.2299,33135195.20042365,33438903.156686086,105363398827.95766,34977621.105404034,36822669.92713196,-84.36250305175781,-84.28690338134766,2.354300022125244,-3.223299980163574,[0. 0. 0.],[0. 0. 0. 1.],8.658882207513464,-2.5054822632080445,"(21, 3)",303747.6524963379,303707.4631911069,-105326576158.27312,1538717.948717948,6.15339994430542,-2.5054822632080445,105363095080.94,33438903.057391826,34977621.006109774,33135195.59420072,105363398828.5925,36822670.31938602,0.2003697980952123,1770935246.3663409,1770935246.3663409
5.799739401399975,30,3,105293205337.50337,29453075.159445383,29791138.733609162,105293543439.232,31329856.682327114,34183693.146136746,-88.37339782714844,-88.8821029663086,1.347599983215332,-1.975299954414368,[0. 0. 0.],[0. 0. 0. 1.],8.088195173008208,-2.1688950936625044,"(30, 3)",338102.166595459,338063.22929186374,-105259359746.15436,1538717.9487179518,5.919300079345703,-2.1688950936625044,105293205337.35027,29791138.634314902,31329856.583032854,29453075.40502304,105293543439.51686,34183693.36250501,0.18510889319910925,1770935246.4298842,1770935246.4298842
6.381197762937712,31,3,105239592012.04788,40898205.423875354,41202813.413096346,105239896662.40501,42741531.36181429,47753327.984425135,-95.8292999267578,-99.83660125732422,0.3472999930381775,-0.8716999888420105,[0. 0. 0.],[0. 0. 0. 1.],8.413408825323614,-2.0546088909364073,"(31, 3)",304650.1746520996,304607.93519631773,-105192143334.31729,1538717.9487179443,6.358799934387207,-2.0546088909364073,105239592012.02975,41202813.313802086,42741531.26252003,40898205.37860577,105239896662.2044,47753327.88711939,0.18783275656960813,1770935246.5085573,1770935246.5085573
4.932697816369371,20,4,102994135513.7127,19964325.980495032,20268622.704707175,102927223433.91092,21807340.653425124,20438053.4091209,-90.44309997558594,-91.01750183105467,-2.550800085067749,2.7035999298095703,[0. 0. 0.],[0. 0. 0. 1.],5.9957967768636635,-1.0057970057454995,"(20, 4)",-66912079.639923096,304296.4993990399,-102906785380.48183,1538717.948717948,4.989999771118164,-1.0057970057454995,102994135513.63237,20268622.608673878,21807340.557391826,19964326.109274838,102927223433.99245,20438053.510616988,0.1833970939982336,1770935246.5533862,1770935246.5533862
4.295018093951236,21,4,105606088815.20425,14880483.80873201,15187188.409835383,105606395548.30429,16725906.358553331,10953752.61703332,-84.2759017944336,-83.82730102539062,0.4422999918460846,-0.6043999791145325,[0. 0. 0.],[0. 0. 0. 1.],6.075795992695039,-1.5647958362924514,"(21, 4)",306734.0087890625,306704.1172125414,-105595441795.93399,1538717.948717948,4.511000156402588,-1.5647958362924514,105606088814.91435,15187188.313802084,16725906.262520032,14880484.196589543,105606395548.92314,10953752.989157652,0.19991336822248182,1770935246.6093721,1770935246.6093721
4.967848674700735,30,4,105536198999.36235,11197906.407868424,11503839.050861023,105536504965.25877,13042556.999578971,8279581.156236086,-96.1051025390625,-96.4636001586914,-0.7953000068664551,0.5493999719619751,[0. 0. 0.],[0. 0. 0. 1.],5.940327473034791,-0.9394276813172615,"(30, 4)",305966.06130981445,305932.60153746046,-105528225384.17517,1538717.948717948,5.000899791717529,-0.9394276813172615,105536198999.20924,11503838.954827724,13042556.903545672,11197906.353290264,105536504965.27055,8279581.0953776045,0.18711448400051303,1770935246.672816,1770935246.672816
4.682801868659084,31,4,105777657797.30428,48848643.825320035,49155738.08932256,105777964923.21669,50694456.03804051,48090309.83202647,-82.33580017089844,-82.9542007446289,-1.315000057220459,1.47979998588562,[0. 0. 0.],[0. 0. 0. 1.],6.018622700489663,-1.2573226135145656,"(31, 4)",307126.1361999512,307093.944060497,-105729874613.2855,1538717.9487179518,4.761300086975098,-1.2573226135145656,105777657797.28615,49155737.99328926,50694455.942007214,48848644.049228765,105777964923.42235,48090310.13684395,0.1806352532239363,1770935247.0492468,1770935247.0492468
2.2244725423416742,20,5,103612119720.44345,41877501.537214965,42182148.57427287,103545207973.21861,43720866.52299082,33474902.105813436,-87.89640045166016,-88.32170104980469,-4.381800174713135,4.163000106811523,[0. 0. 0.],[0. 0. 0. 1.],3.059692769990478,-0.666292816148315,"(20, 5)",-66911746.920059204,304646.1525941491,-103511733070.80196,1538717.9487179518,2.393399953842163,-0.666292816148315,103612119720.36311,42182148.24969952,43720866.19841747,41877502.09710537,103545207973.44305,33474902.64110076,0.18628997956796756,1770935247.1652148,1770935247.1652148
1.7925763476691188,21,5,106216073061.99911,28795598.209287647,29101507.548631847,106216378983.56897,30640225.497349795,15989497.740235992,-81.6238021850586,-81.98609924316406,-1.3065999746322632,0.9200999736785888,[0. 0. 0.],[0. 0. 0. 1.],2.7001653466200923,-0.6966653618788814,"(21, 5)",305922.27250671387,305908.6256760806,-106200389485.7846,1538717.948717948,2.003499984741211,-0.6966653618788814,106216073061.70921,29101507.224058494,30640225.172776442,28795598.598382413,106216378983.98172,15989498.197115384,0.14803104052287616,1770935247.2194157,1770935247.2194157
1.743869045028899,30,5,106132183430.45207,11112506.579689743,11416779.984529281,106132487716.0329,12955497.93324723,66531052.092226,-81.52189636230469,-80.39119720458984,-2.1709001064300537,2.035799980163574,[0. 0. 0.],[0. 0. 0. 1.],3.307452451537286,-1.452852498839532,"(30, 5)",304285.66957092285,304272.71133814193,-106065956663.72244,1538717.948717948,1.854599952697754,-1.452852498839532,106132183430.29897,11416779.65995593,12955497.608673878,11112506.948617788,106132487715.96854,66531052.24609375,0.0964785022896418,1770935247.2688885,1770935247.2688885
1.6911089813078808,31,5,106079572028.0735,23558382.21051846,23862733.510170307,106079876391.47586,25401451.458888255,13919728.944040226,-81.87090301513672,-82.1343002319336,-3.0443999767303467,3.164599895477295,[0. 0. 0.],[0. 0. 0. 1.],2.987940860432817,-1.177940917653276,"(31, 5)",304363.51287841797,304350.5389873795,-106065956662.1418,1538717.948717948,1.809999942779541,-1.177940917653276,106079572028.05537,23862733.185596954,25401451.134314902,23558382.646609575,106079876391.56825,13919729.426457332,0.15757437274046918,1770935247.3485296,1770935247.3485296
3.2226455235433216,20,11,103834114552.17422,59221502.89960815,59561162.75080649,103767237823.75894,61099880.69952444,53855518.26255617,-83.158203125,-83.32820129394531,-2.0739998817443848,1.0812000036239624,[0. 0. 0.],[0. 0. 0. 1.],7.238867807619097,-3.899167824022295,"(20, 11)",-66876728.01483154,339659.47077824175,-103713382305.49933,1538717.9487179518,3.3396999835968018,-3.899167824022295,103834114552.09389,59561162.67277644,61099880.62149439,59221503.2019982,103767237824.07906,53855518.57972756,0.19334872466246594,1770935247.393299,1770935247.393299
3.6176130870991403,21,11,106448067076.42218,56139662.799321525,56445545.76362701,106448372983.05257,57984263.71234495,46334262.71502257,-91.62850189208984,-92.67659759521484,1.555299997329712,-1.7452000379562378,[0. 0. 0.],[0. 0. 0. 1.],6.76620379035099,-3.035603671713905,"(21, 11)",305907.20152282715,305882.8344100565,-106402038720.6072,1538717.9487179443,3.730600118637085,-3.035603671713905,106448067076.13228,56445545.68559696,57984263.6343149,56139662.8511869,106448372983.3338,46334262.72661258,0.18392363207073592,1770935247.4513295,1770935247.4513295
2.2611083045336233,20,1,104291102524.93062,40108619.30824027,40458638.71345643,104224236150.28307,41997356.66217438,40338975.69784595,-89.81990051269531,-89.65550231933594,-3.0081000328063965,3.3266000747680664,[0. 0. 0.],[0. 0. 0. 1.],5.378421035517765,-3.050220933665348,"(20, 1)",-66866374.41781616,350019.186949119,-104183897174.58673,1538717.9487179518,2.328200101852417,-3.050220933665348,104291102524.85028,40458638.6343149,41997356.583032854,40108619.44736578,104224236150.43246,40338975.84572817,0.18368308305468287,1770935247.8511515,1770935247.8511515
2.628793764973862,21,1,106920054904.94781,52028009.13762768,52334231.66217438,106920361145.02171,53872949.610892326,47807555.31365178,-82.71610260009766,-82.10870361328125,-0.1023999974131584,0.0641999989748001,[0. 0. 0.],[0. 0. 0. 1.],5.464760744195486,-2.6693608399443876,"(21, 1)",306240.79777526855,306222.1898788065,-106872553589.9763,1538717.9487179443,2.795399904251098,-2.6693608399443876,106920054904.65791,52334231.583032854,53872949.5317508,52028009.39315405,106920361145.45569,47807555.47939203,0.1734462402618542,1770935247.9233227,1770935247.9233227
2.8456290692741937,30,1,106865164295.83667,63343247.74824834,63647460.828841045,106865468528.26591,65186178.777559,60131350.596405834,-84.54329681396484,-83.74310302734375,-0.8996000289916992,0.6220999956130981,[0. 0. 0.],[0. 0. 0. 1.],5.318561597208403,-2.3138616517585735,"(30, 1)",304233.0228424072,304212.6308343336,-106805337177.76364,1538717.9487179518,3.004699945449829,-2.3138616517585735,106865164295.68356,63647460.74969952,65186178.69841747,63343248.118865184,106865468528.7064,60131350.94275841,0.20011593072691752,1770935248.0018666,1770935248.0018666
2.809378353018414,31,1,106812554616.21451,8573749.64884271,8877356.66217438,106812858242.56862,10416074.61089233,7521066.088866943,-89.08940124511719,-87.7155990600586,-1.9390000104904173,1.9278000593185425,[0. 0. 0.],[0. 0. 0. 1.],5.403218332373771,-2.5278182659980386,"(31, 1)",303626.5524902344,303606.75518329255,-106805337176.40208,1538717.94871795,2.8754000663757324,-2.5278182659980386,106812554616.19638,8877356.583032852,10416074.531750802,8573749.82784956,106812858242.74887,7521066.3467798475,0.18568504972065644,1770935248.0814667,1770935248.0814667
4.622582320661971,20,2,104567095345.44344,41124640.534909286,41431066.60544561,104500185394.32594,42969784.55416356,47422584.965731084,-85.31230163574219,-85.8864974975586,-7.338799953460693,7.533400058746338,[0. 0. 0.],[0. 0. 0. 1.],5.780256972993651,-1.0242569310319807,"(20, 2)",-66909950.6867218,306425.6090995595,-104452762809.35236,1538717.9487179518,4.75600004196167,-1.0242569310319807,104567095345.3631,41431066.518930286,42969784.46764824,41124640.90983073,104500185394.67638,47422585.324018426,0.19675242909021964,1770935248.1257875,1770935248.1257875
4.077470914298969,21,2,107178048246.29396,35045179.25186936,35402677.18236869,107178405772.9855,36941395.13108663,36986548.893686704,-91.18229675292967,-92.25579833984376,-4.6006999015808105,3.680500030517578,[0. 0. 0.],[0. 0. 0. 1.],6.2983455293594135,-2.098745309632851,"(21, 2)",357527.2780151367,357497.7620442733,-107141419224.35066,1538717.9487179443,4.1996002197265625,-2.098745309632851,107178048246.00406,35402677.095853366,36941395.04457131,35045179.33380909,107178405773.28207,36986548.93141527,0.18368020473273447,1770935248.1813607,1770935248.1813607
4.373764335711281,30,2,107108157957.69563,31360217.8100182,31665393.528522532,107108463164.09888,33204111.477240484,34260351.13793492,-85.61740112304688,-85.78170013427734,-5.165999889373779,4.900599956512451,[0. 0. 0.],[0. 0. 0. 1.],5.370857095168491,-0.8367570394739108,"(30, 2)",305207.0030822754,305175.26479867846,-107074202813.04572,1538717.9487179518,4.53410005569458,-0.8367570394739108,107108157957.54253,31665393.44200721,33204111.390725162,31360218.17720853,107108463164.54561,34260351.49989984,0.19623361168756215,1770935248.2463152,1770935248.2463152
5.026876324391168,31,2,107051548935.12476,39807222.34764076,40115810.1951892,107051857558.40575,41654528.14390715,44871157.56390514,-89.87039947509766,-90.44629669189452,-6.405600070953369,5.839300155639648,[0. 0. 0.],[0. 0. 0. 1.],5.909298044654857,-0.8430982651443593,"(31, 2)",308623.3285827637,308587.6151842922,-107006986400.75479,1538717.9487179518,5.066199779510498,-0.8430982651443593,107051548935.10663,40115810.10867388,41654528.05739183,39807222.493489586,107051857558.43521,44871157.68041366,0.1834738346624742,1770935248.3214538,1770935248.3214538
6.579648651731071,20,3,104834088670.76393,37456718.97765605,37761980.07976301,104767177565.64,39300698.02848096,45549104.72105585,-90.45600128173828,-90.22930145263672,-0.6741999983787537,0.4404999911785126,[0. 0. 0.],[0. 0. 0. 1.],8.333480663273496,-1.6899808120466897,"(20, 3)",-66911104.92411804,305260.87051782757,-104721628460.89482,1538717.9487179518,6.643499851226807,-1.6899808120466897,104834088670.6836,37761979.98046875,39300697.9291867,37456719.10995092,104767177565.75948,45549104.86465845,0.18342275545872042,1770935248.3871083,1770935248.3871083
5.9177510818481736,21,3,107445041355.26831,31378327.257003125,31683262.131045062,107445346328.83147,33221980.07976301,35061452.993135646,-84.46369934082031,-85.10389709472656,2.56850004196167,-2.6252999305725098,[0. 0. 0.],[0. 0. 0. 1.],8.658882207513464,-2.5208821960693726,"(21, 3)",304974.49043273926,304934.37938201055,-107410284876.08092,1538717.948717948,6.138000011444092,-2.5208821960693726,107445041354.97841,31683262.031750802,33221979.98046875,31378327.65236879,107445346329.46884,35061453.38792067,0.19987219421337737,1770935248.448448,1770935248.448448
5.83077674384132,30,3,107375150986.5418,27693450.01457913,28033662.772070702,107375491237.57779,29572380.72078865,32422773.183302853,-88.46640014648438,-88.49510192871094,1.4565000534057615,-2.19320011138916,[0. 0. 0.],[0. 0. 0. 1.],8.088195173008208,-2.135395375950102,"(30, 3)",340251.49613952637,340212.4179937914,-107343068464.46298,1538717.948717948,5.9527997970581055,-2.135395375950102,107375150986.38869,28033662.672776442,29572380.62149439,27693450.25478265,107375491237.88483,32422773.42184996,0.18539225475916296,1770935248.5118692,1770935248.5118692
6.3924018438257075,31,3,107321542516.85553,39141250.554355346,39447292.57976301,107321848601.31326,40986010.52848096,45996548.89705632,-97.26840209960938,-97.70870208740234,0.6741999983787537,-0.6668000221252441,[0. 0. 0.],[0. 0. 0. 1.],8.413408825323614,-2.0436087345338194,"(31, 3)",306084.29736328125,306041.99531751126,-107275852052.3129,1538717.9487179518,6.369800090789795,-2.0436087345338194,107321542516.8374,39447292.48046875,40986010.4291867,39141250.48515124,107321848601.13477,45996548.821864985,0.1878903184603611,1770935248.5906205,1770935248.5906205
4.949599060555647,20,4,105076082492.87932,18196929.589068957,18501587.44829692,105009170774.27362,20040305.397014868,18676675.55710341,-91.22460174560548,-91.21299743652344,-2.9261999130249023,2.518199920654297,[0. 0. 0.],[0. 0. 0. 1.],5.9957967768636635,-0.9956966410604409,"(20, 4)",-66911718.45265198,304657.67102363706,-104990494098.69653,1538717.948717948,5.000100135803223,-0.9956966410604409,105076082492.79898,18501587.352263622,20040305.30098157,18196929.681239985,105009170774.34633,18676675.649789665,0.18349033746272822,1770935248.6354284,1770935248.6354284
4.322958756935832,21,4,107688035089.24266,13119097.854231328,13425882.320091793,107688341902.40323,14964600.268809741,9191388.81425908,-83.88520050048828,-83.6323013305664,0.6741999983787537,-0.921999990940094,[0. 0. 0.],[0. 0. 0. 1.],6.075795992695039,-1.5403960789071975,"(21, 4)",306814.0587463379,306783.9950170275,-107679150513.8357,1538717.948717948,4.535399913787842,-1.5403960789071975,107688035088.95276,13425882.224058494,14964600.172776442,13119098.229041466,107688341903.0115,9191389.17580629,0.19858869662880457,1770935248.6912904,1770935248.6912904
5.791495901022751,30,4,107618144648.40076,9433761.806770299,9738053.794450767,107618448978.16905,11276771.743168715,6514871.219391088,-95.26609802246094,-81.50499725341797,-0.8604999780654907,0.0819000005722045,[0. 0. 0.],[0. 0. 0. 1.],5.940327473034791,-0.09302742039196854,"(30, 4)",304330.06872558594,304291.92958734,-107611934107.02231,1538717.948717948,5.847300052642822,-0.09302742039196854,107618144648.24765,9738053.698417468,11276771.647135416,9433761.768830128,107618448978.31638,6514871.294070513,0.20037423207205282,1770935248.75483,1770935248.75483
4.602251047836889,31,4,107564536747.62476,20881704.11149225,21186122.704707175,107564841197.41206,22724840.653425124,20123507.542577196,-82.93810272216797,-83.27469635009766,-1.3681000471115112,1.23580002784729,[0. 0. 0.],[0. 0. 0. 1.],6.018622700489663,-1.3214228790174953,"(31, 4)",304450.04193115234,304418.19411057606,-107544717689.77032,1538717.948717948,4.697199821472168,-1.3214228790174953,107564536747.60663,21186122.608673878,22724840.557391826,20881704.414563302,107564841197.64856,20123507.87823017,0.1911420097510616,1770935248.833524,1770935248.833524
2.191684388128746,20,5,105318076314.99469,200018.31330756284,503879.34350364015,105251163781.62466,2042597.292221589,59020454.52421539,-87.61029815673828,-88.6500015258789,-4.3454999923706055,4.049300193786621,[0. 0. 0.],[0. 0. 0. 1.],3.059692769990478,-0.6993927059035641,"(20, 5)",-66912533.08418274,303860.12933193106,-105192143326.78961,1538717.9487179487,2.360300064086914,-0.6993927059035641,105318076314.91435,503879.01893028844,2042596.9676482372,200018.88959835737,105251163781.83017,59020455.0405649,0.18630252695056784,1770935248.8778422,1770935248.8778422
1.8181788356135955,21,5,107930028847.25548,62339216.221796654,62646371.33068313,107930336014.73245,64185089.27940108,49536272.32134156,-81.7603988647461,-82.42179870605469,-1.1511000394821167,0.83160001039505,[0. 0. 0.],[0. 0. 0. 1.],2.7001653466200923,-0.6565652642226314,"(21, 5)",307168.2504577637,307154.3688651845,-107880799742.36697,1538717.9487179518,2.043600082397461,-0.6565652642226314,107930028846.96558,62646371.006109774,64185088.954827726,62339216.63724459,107930336015.21603,49536272.849058494,0.16100691505209055,1770935248.9333522,1770935248.9333522
1.7858414148374635,30,5,107860138334.29819,58653455.32653651,58957613.317862615,107860442504.74539,60496331.26658057,46859174.13810503,-80.40170288085938,-80.98480224609375,-2.1373000144958496,2.04229998588562,[0. 0. 0.],[0. 0. 0. 1.],3.307452451537286,-1.4270525091392143,"(30, 5)",304170.6417694092,304157.5113932267,-107813583330.38907,1538717.9487179518,1.8803999423980715,-1.4270525091392143,107860138334.14508,58957612.99328926,60496330.942007214,58653455.481896035,107860442504.78685,46859174.39778646,0.08285887116594945,1770935248.9968638,1770935248.9968638
1.7042049987261698,31,5,108103602500.82986,31090108.5022056,31395826.458888255,108103908230.98343,32934544.407606207,21459260.7750052,-81.32050323486328,-82.1229019165039,-3.2530999183654785,3.351799964904785,[0. 0. 0.],[0. 0. 0. 1.],2.987940860432817,-1.1813408858005539,"(31, 5)",305730.2621765137,305717.3039362952,-108082448969.8184,1538717.9487179518,1.8065999746322632,-1.1813408858005539,108103602500.81174,31395826.134314902,32934544.083032854,31090108.830378607,108103908231.07391,21459261.255508814,0.14295880362522542,1770935249.3751178,1770935249.3751178
3.2586842793940796,20,11,105938060834.22545,12239184.722373338,12584255.699524436,105803973106.86826,14122973.648242386,6882083.157152605,-82.99400329589844,-83.14739990234375,-2.084199905395508,1.5627000331878662,[0. 0. 0.],[0. 0. 0. 1.],7.238867807619097,-3.8679678919239064,"(20, 11)",-134087726.97253418,345070.6129807681,-105797091023.71405,1538717.94871795,3.3708999156951904,-3.8679678919239064,105938060834.14511,12584255.62149439,14122973.57021234,12239185.008513622,105803973107.17258,6882083.458533654,0.19056034125751117,1770935249.491145,1770935249.491145
3.6492879961241997,21,11,108533013278.34521,57380435.58295865,57686523.32772957,108533319389.92043,59225241.27644752,47571951.399464644,-92.02259826660156,-92.45089721679688,1.7378000020980835,-1.677299976348877,[0. 0. 0.],[0. 0. 0. 1.],6.76620379035099,-3.005103736563758,"(21, 11)",306112.1544342041,306087.6308343336,-108485747438.7906,1538717.9487179518,3.761100053787232,-3.005103736563758,108533013278.05531,57686523.24969952,59225241.19841747,57380435.618865184,108533319390.20975,47571951.419145636,0.1839934800677413,1770935249.5363057,1770935249.5363057
2.237104836011607,20,1,106392048887.11006,57339546.112676114,57697188.39294361,106257973724.89069,59235906.34166156,57584242.378472075,-89.69599914550781,-88.60549926757812,-3.171099901199341,2.8506999015808105,[0. 0. 0.],[0. 0. 0. 1.],5.378421035517765,-3.064421144236637,"(20, 1)",-134075161.93096924,357642.0554136634,-106200389482.51375,1538717.9487179443,2.313999891281128,-3.064421144236637,106392048887.02972,57697188.313802086,59235906.26252003,57339546.25838842,106257973725.09875,57584242.58501102,0.18430147196108299,1770935249.951969,1770935249.951969
2.6182386762271133,21,1,109020000714.24263,1048759.7049166071,1356531.3416615592,109020308503.38023,2895249.2903795084,64046195.833044276,-82.78630065917969,-82.95929718017578,0.0586000010371208,-0.3650000095367431,[0. 0. 0.],[0. 0. 0. 1.],5.464760744195486,-2.6609606381469018,"(21, 1)",307789.979598999,307771.29344451125,-108956262307.81541,1538717.948717949,2.803800106048584,-2.6609606381469018,109020000713.95273,1356531.262520032,2895249.211237981,1048759.9690755208,109020308503.93233,64046196.11691206,0.18659318027285712,1770935250.0233657,1770935250.0233657
2.9119118866084923,30,1,108964109512.18277,11361246.321680743,11665257.303200021,108964413542.89319,13203975.25191797,8151236.705616282,-83.7155990600586,-83.35209655761719,-1.0002000331878662,0.7422000169754028,[0. 0. 0.],[0. 0. 0. 1.],5.318561597208403,-2.255261702875517,"(30, 1)",304031.2781677246,304010.5575170275,-108956262306.28171,1538717.948717948,3.0632998943328857,-2.255261702875517,108964109512.02966,11665257.224058494,13203975.172776442,11361246.666541466,108964413543.30783,8151237.0261167865,0.19679225806123202,1770935250.1007617,1770935250.1007617
2.7968371101291263,31,1,108910504728.39395,22810866.766204156,23114472.046789765,108910808352.89148,24653189.995507713,21762458.259620126,-88.19309997558594,-87.81649780273438,-2.100100040435791,1.85889995098114,[0. 0. 0.],[0. 0. 0. 1.],5.403218332373771,-2.5335183773871988,"(31, 1)",303624.6901245117,303604.9710787274,-108889045894.5542,1538717.948717948,2.8696999549865723,-2.5335183773871988,108910504728.37582,23114471.967648238,24653189.916366186,22810866.99656951,108910808353.06595,21762458.51174379,0.18657045674883804,1770935250.1794486,1770935250.1794486
4.6254738653254535,20,2,106663453021.72543,53757963.12910297,54062116.28493279,106529324387.42728,55600834.23365074,60069270.31220674,-85.76629638671875,-84.57489776611328,-7.429100036621094,6.976500034332275,[0. 0. 0.],[0. 0. 0. 1.],5.780256972993651,-1.019956813539305,"(20, 2)",-134128633.84539795,304152.7068309337,-106469255117.10721,1538717.9487179443,4.760300159454346,-1.019956813539305,106663453021.6451,54062116.19841747,55600834.147135414,53757963.491586536,106529324387.7997,60069270.69248297,0.19874070649680492,1770935250.228967,1770935250.228967
4.098713756710744,21,2,109299993486.67853,6056324.799098845,6416363.079804583,109300353553.82545,7955081.0285225315,8009201.325112739,-90.74659729003906,-91.47869873046876,-3.905900001525879,4.497300148010254,[0. 0. 0.],[0. 0. 0. 1.],6.2983455293594135,-2.0697455041824115,"(21, 2)",360067.7646636963,360038.092197516,-109292344352.75919,1538717.948717948,4.228600025177002,-2.0697455041824115,109299993486.38863,6416362.993289263,7955080.942007211,6056324.901091747,109300353554.15329,8009201.3941055685,0.1834559870995873,1770935250.3033366,1770935250.3033366
4.321442925717509,30,2,109243102228.52892,15368139.869078528,15672548.97724048,109243406668.05559,17211266.925958432,18278727.32776083,-85.88310241699219,-85.96730041503906,-5.345699787139893,4.680799961090088,[0. 0. 0.],[0. 0. 0. 1.],5.370857095168491,-0.8913572782739596,"(30, 2)",304440.1198272705,304408.66323617846,-109225127940.81259,1538717.94871795,4.479499816894531,-0.8913572782739596,109243102228.37581,15672548.89072516,17211266.83944311,15368140.227488982,109243406668.49564,18278727.68304287,0.1951288203007725,1770935250.3798075,1770935250.3798075
5.058185427867175,31,2,109171498526.47087,8818328.918680476,9125201.220830224,109171805434.38306,10663919.169548173,13893905.226597372,-89.6447982788086,-90.15029907226562,-6.208099842071533,6.381400108337402,[0. 0. 0.],[0. 0. 0. 1.],5.909298044654857,-0.8077980103225819,"(31, 2)",306907.9746246338,306872.057792468,-109157911529.06943,1538717.948717948,5.101500034332275,-0.8077980103225819,109171498526.45274,9125201.134314904,10663919.083032852,8818329.076522436,109171805434.42737,13893905.357947716,0.1835882706384506,1770935250.4404702,1770935250.4404702
6.615483834786283,20,3,106874818438.39209,61693032.97530156,61998350.2720707,106740690979.39589,63537068.22078865,2570210.5343000684,-90.55069732666016,-90.17140197753906,-0.6294999718666077,0.664900004863739,[0. 0. 0.],[0. 0. 0. 1.],8.333480663273496,-1.6543806266524026,"(20, 3)",-134127458.79344177,305317.0698116943,-106738120768.83748,1538717.9487179518,6.679100036621094,-1.6543806266524026,106874818438.31175,61998350.17277644,63537068.12149439,61693033.102964744,106740690979.51831,2570210.680839343,0.18341977492607062,1770935250.4950671,1770935250.4950671
5.913527349280475,21,3,109552986956.2298,55620880.218775295,55927693.22078865,109553293807.87532,57466411.1695066,59300214.02572449,-84.33869934082031,-85.04959869384766,2.651400089263916,-2.836800098419189,[0. 0. 0.],[0. 0. 0. 1.],8.658882207513464,-2.525281972528113,"(21, 3)",306852.5734863281,306812.50939002633,-109493993594.09218,1538717.9487179518,6.133600234985352,-2.525281972528113,109552986955.9399,55927693.12149439,57466411.07021234,55620880.612104364,109553293808.51338,59300214.42119892,0.2000737355333773,1770935250.5564682,1770935250.5564682
5.819922354404715,30,3,109483095970.5161,51933213.803728715,52275609.887455314,109483438404.82622,53814327.836173266,56661222.59261406,-88.3833999633789,-88.21810150146484,1.5068000555038452,-2.271399974822998,[0. 0. 0.],[0. 0. 0. 1.],8.088195173008208,-2.143095342380766,"(30, 3)",342434.7862854004,342395.7394330874,-109426777182.3021,1538717.9487179518,5.945099830627441,-2.143095342380766,109483095970.36299,52275609.788161054,53814327.736879006,51933214.04872797,109483438405.14928,56661222.847180486,0.18579822932584142,1770935250.6198745,1770935250.6198745
6.70433938213223,31,3,109429492396.66316,63383714.04108393,63689576.23360916,109429798303.8862,65228294.182327114,3021125.8628305336,-89.77269744873047,-97.86609649658205,0.4963000118732452,-0.8483999967575073,[0. 0. 0.],[0. 0. 0. 1.],8.413408825323614,-1.696608612463507,"(31, 3)",305907.0606689453,305861.92595653236,-109426777177.92007,1538717.9487179518,6.716800212860107,-1.696608612463507,109429492396.64503,63689576.1343149,65228294.083032854,63383714.20835837,109429798303.7057,3021125.785632011,0.1839459088470652,1770935250.698578,1770935250.698578
4.969882731391818,20,4,107116812268.5203,42428661.344560444,42733975.26880974,106982684795.86952,44272693.21752769,42914799.76410663,-90.88700103759766,-91.33000183105467,-3.036099910736084,2.7688000202178955,[0. 0. 0.],[0. 0. 0. 1.],5.9957967768636635,-0.9738965998617104,"(20, 4)",-134127472.50288391,305313.720703125,-106939769996.08543,1538717.9487179443,5.021900177001953,-0.9738965998617104,107116812268.43996,42733975.172776446,44272693.12149439,42428661.45207332,106982684795.93707,42914799.85163762,0.18345742067224938,1770935250.7427185,1770935250.7427185
4.318012362948174,21,4,109794980714.24261,36357087.02132171,36664039.37137384,109795287695.24492,38202757.32009179,32428463.660334557,-84.04029846191406,-83.46949768066406,0.368800014257431,-0.6862999796867371,[0. 0. 0.],[0. 0. 0. 1.],6.075795992695039,-1.545996054493135,"(21, 4)",306981.8897705078,306951.8729967922,-109762859231.83131,1538717.9487179518,4.529799938201904,-1.545996054493135,109794980713.95271,36664039.27534054,38202757.224058494,36357087.40234375,109795287695.84248,32428464.01116787,0.198515656405887,1770935250.798332,1770935250.798332
5.651754935070045,30,4,109725089656.41353,32668966.003850415,32972613.08932256,109725393341.34337,34511331.03804051,29750521.48434081,-81.05180358886719,-96.20110321044922,-0.4144000113010406,0.4097000062465668,[0. 0. 0.],[0. 0. 0. 1.],5.940327473034791,-0.24932748829357987,"(30, 4)",303685.09928894043,303647.0070863366,-109695642819.93167,1538717.9487179518,5.690999984741211,-0.24932748829357987,109725089656.26042,32972612.993289262,34511330.942007214,32668965.986202925,109725393341.35971,29750521.428034857,0.1995044503428705,1770935250.8618214,1770935250.8618214
4.669886452515996,31,4,109654487044.09906,27120021.94986778,27424191.614963587,109654791245.33186,28962909.563681535,26364837.122447837,-82.56749725341797,-82.9552993774414,-1.6483999490737915,1.052299976348877,[0. 0. 0.],[0. 0. 0. 1.],6.018622700489663,-1.265222851551675,"(31, 4)",304201.45671081543,304169.3115234375,-109628426408.11026,1538717.948717948,4.753399848937988,-1.265222851551675,109654487044.08093,27424191.51893029,28962909.467648238,27120022.207406852,109654791245.53764,26364837.427383814,0.1838871315348467,1770935250.9235513,1770935250.9235513
2.1989290473589587,20,5,107340218350.25105,5840676.40389767,6147276.779401076,107206092146.02,7685994.728119025,64672921.43674292,-87.72250366210938,-88.32170104980469,-4.660299777984619,4.2170000076293945,[0. 0. 0.],[0. 0. 0. 1.],3.059692769990478,-0.6903928813796383,"(20, 5)",-134126203.92626953,306599.4810446715,-107141419224.27242,1538717.948717949,2.36929988861084,-0.6903928813796383,107340218350.17072,6147276.454827724,7685994.403545673,5840676.9737830525,107206092146.24445,64672921.972030245,0.18653965114305185,1770935250.9725707,1770935250.9725707
1.811385971478307,21,5,110043974287.96056,25357194.02030864,25664624.535811335,110044281730.80215,27203342.484529283,12556860.201620674,-81.50579833984375,-82.40709686279297,-1.4611999988555908,0.7264000177383423,[0. 0. 0.],[0. 0. 0. 1.],2.7001653466200923,-0.6711653027510738,"(21, 5)",307443.6128997803,307429.8252203539,-110031724870.5564,1538717.948717948,2.0290000438690186,-0.6711653027510738,110043974287.67065,25664624.211237982,27203342.15995593,25357194.386017628,110044281731.28355,12556860.727163462,0.15446513378105137,1770935251.0473719,1770935251.0473719
1.754792660672459,30,5,109988082797.43916,35668241.816381566,35972525.176836975,109988387093.064,37511243.12555493,23878634.329873804,-80.48380279541016,-80.1488037109375,-2.2518999576568604,2.0404999256134038,[0. 0. 0.],[0. 0. 0. 1.],3.307452451537286,-1.4763524645072565,"(30, 5)",304295.68559265137,304282.8682141453,-109964508458.5159,1538717.9487179518,1.8310999870300293,-1.4763524645072565,109988082797.28606,35972524.85226362,37511242.800981574,35668241.98404948,109988387092.97165,23878634.455754206,0.06754955710041274,1770935251.1248593,1770935251.1248593
1.6852698190391173,31,5,109933480417.49649,46119108.65560379,46423037.9973498,109933784358.95958,47961755.94606774,36492312.109832816,-81.69670104980469,-81.6937026977539,-3.036099910736084,3.1496999263763428,[0. 0. 0.],[0. 0. 0. 1.],2.987940860432817,-1.2005408531848922,"(31, 5)",303941.4938812256,303928.61390725523,-109897292046.45972,1538717.9487179443,1.7874000072479248,-1.2005408531848922,109933480417.47836,46423037.672776446,47961755.62149439,46119109.05886919,109933784358.97224,36492312.51252003,0.14253423930046666,1770935251.2024858,1770935251.2024858
3.207980379476798,20,11,107619211956.02028,12977164.635217223,13281050.571319308,107485083043.28152,14819768.520037258,7581763.410597111,-82.9530029296875,-82.99569702148438,-2.056299924850464,1.1240999698638916,[0. 0. 0.],[0. 0. 0. 1.],7.238867807619097,-3.9215677263660447,"(20, 11)",-134128912.36915588,303885.57629707456,-107477501279.87387,1538717.94871795,3.317300081253052,-3.9215677263660447,107619211955.93994,13281050.493289262,14819768.442007212,12977164.916992188,107485083043.57079,7581763.696915064,0.1887498811604299,1770935251.2515166,1770935251.2515166
3.6011504990039067,21,11,110306967501.10158,16494408.239670973,16801331.020037256,110307274447.46465,18340048.968755208,6683932.396252207,-91.72260284423828,-92.42539978027344,1.4249000549316406,-1.6093000173568726,[0. 0. 0.],[0. 0. 0. 1.],6.76620379035099,-3.051203876181678,"(21, 11)",306946.9432373047,306922.6543719936,-110300590515.33804,1538717.9487179518,3.714999914169312,-3.051203876181678,110306967500.81168,16801330.94200721,18340048.890725162,16494408.287635216,110307274447.75491,6683932.416866987,0.18388620056107893,1770935251.3102946,1770935251.3102946
2.307633052418292,20,1,108116786747.68694,34444991.94580023,34809135.50832823,107982718087.24759,36347853.45704617,34701938.10003411,-90.83740234375,-89.4791030883789,-3.236299991607666,3.018399953842163,[0. 0. 0.],[0. 0. 0. 1.],5.378421035517765,-3.0098211438551674,"(20, 1)",-134068660.20005798,364143.3950570971,-107948016149.14908,1538717.9487179443,2.3685998916625977,-3.0098211438551674,108116786747.6066,34809135.4291867,36347853.377904646,34444992.034129605,107982718087.40654,34701938.257461935,0.18348926427321663,1770935251.7440643,1770935251.7440643
2.711278769036558,21,1,110827954055.58875,61375497.961286716,61683590.63653336,110828262166.31056,63222308.5852513,57156781.464744784,-82.86489868164062,-82.7603988647461,0.023199999704957,-0.1080000028014183,[0. 0. 0.],[0. 0. 0. 1.],5.464760744195486,-2.5698606606536156,"(21, 1)",308111.54096984863,308092.3227163479,-110771105385.11406,1538717.9487179443,2.89490008354187,-2.5698606606536156,110827954055.29884,61683590.55739183,63222308.506109774,61375498.23467548,110828262166.83981,57156781.72576122,0.18522771151234224,1770935251.8312893,1770935251.8312893
2.9466484791697276,30,1,110794061763.7853,26468592.286982067,26772540.957046174,110794365732.416,28311258.90576412,23260349.30537769,-83.17019653320312,-83.12699890136719,-1.2237000465393066,1.1157000064849854,[0. 0. 0.],[0. 0. 0. 1.],5.318561597208403,-2.2294617131751995,"(30, 1)",303969.178817749,303948.2860076092,-110771105383.20476,1538717.948717948,3.089099884033203,-2.2294617131751995,110794061763.63219,26772540.877904646,28311258.826622594,26468592.591897037,110794365732.811,23260349.606244992,0.19190341899214045,1770935251.9308484,1770935251.9308484
2.817007372527136,31,1,110741461218.77852,38920527.5078771,39224464.03396925,110741765174.69077,40763181.9826872,37876203.3080235,-88.5197982788086,-87.70870208740234,-2.3087000846862797,1.9510999917984009,[0. 0. 0.],[0. 0. 0. 1.],5.403218332373771,-2.5152183209296792,"(31, 1)",303956.1110229492,303936.23547676206,-110703888971.30508,1538717.9487179443,2.888000011444092,-2.5152183209296792,110741461218.76039,39224463.954827726,40763181.90354567,38920527.719350964,110741765174.87141,37876203.56633113,0.18631253322861283,1770935252.010454,1770935252.010454
4.586565180097426,20,2,108427778806.9818,3226999.146511228,3531186.797753301,108293650206.97224,5069904.7464712495,9552013.200175667,-84.67880249023438,-84.80359649658203,-7.446800231933594,6.724100112915039,[0. 0. 0.],[0. 0. 0. 1.],5.780256972993651,-1.0559570653093244,"(20, 2)",-134128599.55615234,304187.1838691905,-108284098193.7642,1538717.9487179485,4.724299907684326,-1.0559570653093244,108427778806.90146,3531186.7112379805,5069904.659955929,3226999.52736879,108293650207.3453,9552013.581104768,0.1999452651239551,1770935252.0555105,1770935252.0555105
4.062735952230566,21,2,111122946443.40926,14158503.52615142,14520738.079804583,111123308706.66827,16059456.028522532,16121277.542242117,-90.56060028076172,-91.5864028930664,-3.931999921798706,4.267300128936768,[0. 0. 0.],[0. 0. 0. 1.],6.2983455293594135,-2.105045759004189,"(21, 2)",362263.8721923828,362234.35621995106,-111107187429.38487,1538717.94871795,4.193299770355225,-2.105045759004189,111122946443.11935,14520737.993289262,16059455.942007212,14158503.637069311,111123308706.99155,16121277.606670672,0.18344299605328554,1770935252.1264575,1770935252.1264575
4.352752891664815,30,2,111053055008.9776,10468325.762089591,10772132.310573814,111053358846.08243,12310850.259291762,13387828.087260818,-85.93299865722656,-85.83489990234375,-5.175300121307373,5.146399974822998,[0. 0. 0.],[0. 0. 0. 1.],5.370857095168491,-0.8596571439966159,"(30, 2)",303837.7028198242,303806.1053936295,-111039971018.07993,1538717.948717948,4.511199951171875,-0.8596571439966159,111053055008.8245,10772132.224058494,12310850.172776442,10468326.118664864,111053358846.52731,13387828.447390825,0.19533229657120565,1770935252.1897733,1770935252.1897733
5.096822578069033,31,2,110982455489.61185,4920792.899263228,5227589.0413430445,110982762321.62758,6766306.9900609935,10007715.579382343,-89.77539825439453,-89.96749877929688,-6.763199806213379,6.14300012588501,[0. 0. 0.],[0. 0. 0. 1.],5.909298044654857,-0.7687979759903065,"(31, 2)",306832.0875854492,306795.904697516,-110972754605.96115,1538717.948717949,5.140500068664551,-0.7687979759903065,110982455489.59372,5227588.954827724,6766306.903545673,4920793.050130208,110982762321.6813,10007715.720152244,0.1835993519668459,1770935252.2515311,1770935252.2515311
6.569655688986684,20,3,108617555842.2382,56802781.019403376,57107565.01566044,108483427849.72543,58646282.964378394,64896824.907462016,-90.4301986694336,-90.04029846191406,-0.268200010061264,0.654699981212616,[0. 0. 0.],[0. 0. 0. 1.],8.333480663273496,-1.6982806396223733,"(20, 3)",-134127992.30329895,304783.7633964345,-108418531024.79385,1538717.9487179518,6.635200023651123,-1.6982806396223733,108617555842.15787,57107564.91636618,58646282.865084134,56802781.15296975,108483427849.85457,64896825.06072216,0.18344866739723414,1770935252.3051443,1770935252.3051443
5.946006955679699,21,3,111362940249.499,50735971.14167491,51041539.3746348,111363245856.5427,52580257.323352754,54409185.50399954,-84.81680297851562,-84.57820129394531,2.5220000743865967,-2.849800109863281,[0. 0. 0.],[0. 0. 0. 1.],8.658882207513464,-2.4920821853882202,"(21, 3)",305607.97274780273,305567.7365033999,-111308836671.28128,1538717.9487179518,6.166800022125244,-2.4920821853882202,111362940249.20909,51041539.27534054,52580257.224058494,50735971.53883714,111363245857.18184,54409185.90056591,0.20004151681921717,1770935252.3672395,1770935252.3672395
5.822672396494742,30,3,111308048358.33656,62045553.699369356,62389856.682327114,111308392699.57137,63928574.63104506,66772440.46168414,-88.85079956054688,-87.92340087890625,1.5710999965667725,-1.794600009918213,[0. 0. 0.],[0. 0. 0. 1.],8.088195173008208,-2.1417950074503462,"(30, 3)",344341.72801208496,344302.6655148268,-111241620259.17818,1538717.9487179443,5.946400165557861,-2.1417950074503462,111308048358.18346,62389856.583032854,63928574.5317508,62045553.91751803,111308392699.91147,66772440.73329828,0.1856529661639719,1770935252.4463696,1770935252.4463696
6.286634650538465,31,3,111271448622.62466,23281575.381573007,23587452.836173266,111271754542.37833,25126170.784891214,30134287.713606417,-101.96269989013672,-103.88670349121094,0.4404999911785126,-1.108199954032898,[0. 0. 0.],[0. 0. 0. 1.],8.413408825323614,-2.1623087619996397,"(31, 3)",305919.549407959,305877.466446314,-111241620254.56142,1538717.948717948,6.251100063323975,-2.1623087619996397,111271448622.60654,23587452.736879006,25126170.685596954,23281575.270432692,111271754542.15594,30134287.594526242,0.18992342279148322,1770935252.5405235,1770935252.5405235
4.91199291633594,20,4,108907548294.16129,18316541.16680487,18621931.99957897,108773420898.06398,20160649.94829692,18807825.192029204,-91.13680267333984,-91.18229675292967,-2.970900058746338,2.608599901199341,[0. 0. 0.],[0. 0. 0. 1.],5.9957967768636635,-1.032496548744767,"(20, 4)",-134127395.94288635,305390.6406500414,-108754613072.85197,1538717.948717948,4.9633002281188965,-1.032496548744767,108907548294.08095,18621931.903545674,20160649.852263622,18316541.262895633,108773420898.13806,18807825.286082733,0.18347271826683864,1770935252.5951986,1770935252.5951986
4.31160045907269,21,4,111652932773.53745,12250606.224511605,12556659.563681537,111653238855.51457,14095377.512399485,8320136.891401781,-84.22720336914062,-85.09539794921875,0.6294999718666077,-0.2291000038385391,[0. 0. 0.],[0. 0. 0. 1.],6.075795992695039,-1.5455959881174026,"(21, 4)",306082.90451049805,306052.8564453125,-111644918718.8699,1538717.948717948,4.530200004577637,-1.5455959881174026,111652932773.24754,12556659.467648238,14095377.416366186,12250606.611202925,111653238856.15205,8320137.282151442,0.20014686852200533,1770935252.6563373,1770935252.6563373
4.429408795629704,30,4,111583041178.84938,8560020.784567263,8865569.820091793,111583346757.62274,10404287.768809741,5644450.834680047,-97.72589874267578,-95.43569946289062,-0.5978999733924866,0.6779999732971191,[0. 0. 0.],[0. 0. 0. 1.],5.940327473034791,-1.4787276462220467,"(30, 4)",305578.9575805664,305549.01905548945,-111577702306.86072,1538717.948717948,4.461599826812744,-1.4787276462220467,111583041178.69627,8865569.724058494,10404287.672776442,8560020.705003005,111583346757.65385,5644450.7931440305,0.18721892776594712,1770935252.7197669,1770935252.7197669
4.6321771300155605,31,4,111529442492.81697,20013033.102456715,20318246.10214307,111529747737.18378,21856964.050861023,19261842.045330945,-83.38809967041016,-83.53919982910156,-1.3802000284194946,1.4453999996185305,[0. 0. 0.],[0. 0. 0. 1.],6.018622700489663,-1.2822225730787746,"(31, 4)",305244.64141845703,305212.5588441491,-111510485895.03929,1538717.9487179518,4.736400127410889,-1.2822225730787746,111529442492.79884,20318246.006109774,21856963.954827726,20013033.447265625,111529747737.44026,19261842.400966547,0.19611404964954557,1770935252.7984638,1770935252.7984638
2.201157532533754,20,5,109149542260.50743,313347.4729091679,617501.1383754351,109015413609.57448,2156219.0870933835,59151308.08383421,-88.23750305175781,-88.76229858398438,-4.443299770355225,3.9767000675201416,[0. 0. 0.],[0. 0. 0. 1.],3.059692769990478,-0.6962927875380855,"(20, 5)",-134128650.6535492,304152.80073116993,-108956262301.1798,1538717.9487179485,2.3633999824523926,-0.6962927875380855,109149542260.4271,617500.8138020834,2156218.762520032,313348.01307091344,109015413609.77354,59151308.59375,0.1853684526649507,1770935252.8432424,1770935252.8432424
1.7754040736110825,21,5,111895926499.49898,62464265.99412411,62772108.51017031,111896234354.1295,64310826.458888255,49666406.746786304,-81.98789978027344,-82.7123031616211,-1.1687999963760376,0.6463000178337097,[0. 0. 0.],[0. 0. 0. 1.],2.7001653466200923,-0.6871653351760005,"(21, 5)",307855.44371032715,307841.73427484185,-111846567947.33858,1538717.9487179443,2.013000011444092,-0.6871653351760005,111895926499.20908,62772108.18559696,64310826.1343149,62464266.451322116,111896234354.65279,49666407.314202726,0.17111297762496191,1770935252.8993194,1770935252.8993194
1.7283519575990935,30,5,111827034816.66989,59773238.28493754,60077909.79222159,111827339500.25961,61616627.740939535,47987964.571157016,-80.33740234375,-80.4115982055664,-2.2035000324249268,2.043299913406372,[0. 0. 0.],[0. 0. 0. 1.],3.307452451537286,-1.5012524240714655,"(30, 5)",304683.6813812256,304671.0361578539,-111779351535.47023,1538717.9487179443,1.8062000274658203,-1.5012524240714655,111827034816.51678,60077909.46764824,61616627.41636618,59773238.431490384,111827339500.19817,47987964.7279397,0.06926911446112069,1770935252.9638326,1770935252.9638326
1.6793471639680695,31,5,111772436715.57336,3010043.6110949577,3314656.5870933835,111772741340.5526,4853374.535811333,60606216.37291176,-82.0907974243164,-82.64330291748047,-3.392800092697144,3.281899929046631,[0. 0. 0.],[0. 0. 0. 1.],2.987940860432817,-1.172440839451982,"(31, 5)",304625.1658935547,304612.1763571715,-111712135123.78966,1538717.948717949,1.815500020980835,-1.172440839451982,111772436715.55524,3314656.262520032,4853374.211237981,3010044.0861628605,111772741340.72113,60606216.93146534,0.1719392943521326,1770935253.0413818,1770935253.0413818
3.2207100770679005,20,11,109392536274.9305,38671789.63973714,39026218.84055008,109258457905.62016,40564936.78926803,33329959.11391183,-83.55239868164062,-82.7520980834961,-1.9809000492095947,1.664199948310852,[0. 0. 0.],[0. 0. 0. 1.],7.238867807619097,-3.905167865983965,"(20, 11)",-134078368.96847534,354428.78918769956,-109225127946.50919,1538717.9487179518,3.333699941635132,-3.905167865983965,109392536274.85016,39026218.76252003,40564936.71123798,38671789.97333233,109258457905.88168,33329959.372495994,0.1916613586730234,1770935253.0865347,1770935253.0865347
3.678679509836812,21,11,112156919768.72974,51606537.68897536,51912789.35337059,112157226044.38617,53451507.302088544,41792451.84699722,-92.40509796142578,-92.62310028076172,1.4966000318527222,-1.871899962425232,[0. 0. 0.],[0. 0. 0. 1.],6.76620379035099,-2.978803783103065,"(21, 11)",306276.2294616699,306251.565004006,-112115433592.80882,1538717.9487179518,3.787400007247925,-2.978803783103065,112156919768.43983,51912789.27534054,53451507.224058494,51606537.710336536,112157226044.6693,41792451.86047676,0.18418315231934904,1770935253.1602623,1770935253.1602623
2.2956558948124344,20,1,109918522629.09715,21331811.80245942,21702741.277558994,109784460754.48476,23241459.226276945,21601528.30462487,-89.73690032958984,-88.65859985351562,-3.4254000186920166,2.984800100326538,[0. 0. 0.],[0. 0. 0. 1.],5.378421035517765,-3.0066210896864662,"(20, 1)",-134061874.32704163,370929.25242888555,-109762859226.18166,1538717.9487179518,2.371799945831299,-3.0066210896864662,109918522629.01682,21702741.198417466,23241459.147135418,21331811.94598858,109784460754.68977,21601528.508112982,0.18423929933120042,1770935253.6119845,1770935253.6119845
2.6370238461807562,21,1,112680906243.0887,32268255.298546795,32576411.149353866,112681214416.6065,34115129.09807181,28049545.16030012,-82.16909790039062,-82.5770034790039,0.0214000009000301,-0.1098000034689903,[0. 0. 0.],[0. 0. 0. 1.],5.464760744195486,-2.6623606320433857,"(21, 1)",308174.31327819824,308155.59582832456,-112653164871.71445,1538717.948717948,2.8024001121521,-2.6623606320433857,112680906242.7988,32576411.070212338,34115129.018930286,32268255.474384014,112681214417.11208,28049545.397636216,0.17228986219924464,1770935253.684217,1770935253.684217
2.964490296676913,30,1,112625013999.36218,42575915.638495326,42879664.35448207,112625317768.10516,44418382.30320002,39369307.805461146,-83.43789672851562,-83.88310241699219,-1.0319000482559204,0.8158000111579895,[0. 0. 0.],[0. 0. 0. 1.],5.318561597208403,-2.200461669306181,"(30, 1)",303769.3434448242,303748.3097956702,-112585948460.39384,1538717.9487179518,3.1180999279022217,-2.200461669306181,112625013999.20908,42879664.27534054,44418382.224058494,42575915.96554487,112625317768.55252,39369308.15867889,0.197870925527255,1770935253.7617447,1770935253.7617447
2.7919672828925015,31,1,112572417709.16309,55030185.45082264,55335000.89294361,112572722543.84146,56873718.84166156,53990495.61393147,-88.89559936523438,-88.5343017578125,-2.287300109863281,1.7619999647140503,[0. 0. 0.],[0. 0. 0. 1.],5.403218332373771,-2.550618234717521,"(31, 1)",304834.8294830322,304815.17302684486,-112518732048.14987,1538717.9487179443,2.85260009765625,-2.550618234717521,112572417709.14496,55335000.813802086,56873718.76252003,55030185.64077524,112572722543.97444,53990495.82456931,0.18493809851402343,1770935253.8414288,1770935253.8414288
4.605896257730711,20,2,110190927500.89201,18735372.968222316,19039664.36185587,110056799004.73605,20578382.310573816,25074144.203480024,-85.05609893798828,-84.7510986328125,-7.485899925231934,7.445899963378906,[0. 0. 0.],[0. 0. 0. 1.],5.780256972993651,-1.0369570119035627,"(20, 2)",-134128495.70249939,304290.92798477784,-110031724860.52472,1538717.948717948,4.743299961090088,-1.0369570119035627,110190927500.81168,19039664.275340546,20578382.224058494,18735373.347355768,110056799005.10918,25074144.584460136,0.1995227372516818,1770935253.8911085,1770935253.8911085
4.046076703356548,21,2,113046896795.9733,56041240.95678395,56405786.156727664,113047261369.74423,57944504.10544561,58014453.29791426,-90.64080047607422,-91.28279876708984,-4.317599773406982,4.180699825286865,[0. 0. 0.],[0. 0. 0. 1.],6.2983455293594135,-2.1202454202590717,"(21, 2)",364574.3971710205,364545.0063852221,-112989246916.70517,1538717.9487179443,4.178100109100342,-2.1202454202590717,113046896795.6834,56405786.07021234,57944504.018930286,56041241.06382712,113047261370.08057,58014453.37540064,0.18342396751663687,1770935254.052745,1770935254.052745
4.313370993410756,30,2,113009003983.33653,17131119.50375518,17435569.810573816,113009308464.00821,18974287.759291764,20061548.921496868,-86.0886001586914,-85.99500274658203,-5.491000175476074,5.208799839019775,[0. 0. 0.],[0. 0. 0. 1.],5.370857095168491,-0.9008573049768405,"(30, 2)",304481.26376342773,304449.8697916679,-112989246915.17148,1538717.948717948,4.46999979019165,-0.9008573049768405,113009003983.18343,17435569.724058494,18974287.672776442,17131119.854266826,113009308464.44719,20061549.275716145,0.1945535209245659,1770935254.1457863,1770935254.1457863
5.057693420670556,31,2,112955408606.59898,28585569.802192926,28893382.310573816,112955716454.73859,30432100.259291764,33685951.31713657,-90.26940155029295,-90.55069732666016,-6.386000156402588,5.969699859619141,[0. 0. 0.],[0. 0. 0. 1.],5.909298044654857,-0.8161979737014882,"(31, 2)",307848.1820831299,307812.2965494804,-112922030503.3344,1538717.948717948,5.093100070953369,-0.8161979737014882,112955408606.58086,28893382.224058494,30432100.172776442,28585569.927509014,112955716454.76294,33685951.428535655,0.18341133321132744,1770935254.224465,1770935254.224465
6.58958901783928,20,3,110573915826.21252,63885809.50171225,64192148.34899378,110439789388.6379,65730866.29771173,4766055.892913623,-90.04319763183594,-90.29109954833984,-0.628600001335144,0.2458000034093856,[0. 0. 0.],[0. 0. 0. 1.],8.333480663273496,-1.6773808669783303,"(20, 3)",-134126437.37792969,306338.59487680346,-110435023332.72086,1538717.9487179518,6.656099796295166,-1.6773808669783303,110573915826.13219,64192148.24969952,65730866.19841747,63885809.654822715,110439789388.75426,4766056.033403445,0.18346833727871975,1770935254.2683134,1770935254.2683134
5.949229089929351,21,3,113335889336.0374,7198062.315692759,7502172.387455319,113336193484.97339,9040890.336173268,10864506.383290555,-84.82209777832031,-85.36509704589844,2.58899998664856,-3.1263999938964844,[0. 0. 0.],[0. 0. 0. 1.],8.658882207513464,-2.489882058740271,"(21, 3)",304149.8585205078,304109.575320513,-113325328978.83269,1538717.948717948,6.169000148773193,-2.489882058740271,113335889335.7475,7502172.288161058,9040890.236879006,7198062.712840545,113336193485.60602,10864506.77333734,0.19890755198338234,1770935254.3392584,1770935254.3392584
5.858058572381571,30,3,113265997276.60574,3505411.49334484,3851763.733609165,113266343667.24585,5390481.682327114,8231100.068305125,-88.68000030517578,-87.94509887695312,1.420199990272522,-1.664199948310852,[0. 0. 0.],[0. 0. 0. 1.],8.088195173008208,-2.1050952355692427,"(30, 3)",346391.13206481934,346351.9130608975,-113258112567.24603,1538717.948717949,5.983099937438965,-2.1050952355692427,113265997276.45264,3851763.634314904,5390481.583032853,3505411.7212540065,113266343667.5847,8231100.3386668665,0.18580520566614148,1770935254.402766,1770935254.402766
6.410710518662709,31,3,113212402500.82974,14960735.705761144,15267004.11822455,113212708811.7872,16805722.066942498,21812656.7600806,-96.6613998413086,-98.77330017089844,0.4916999936103821,-0.9639000296592712,[0. 0. 0.],[0. 0. 0. 1.],8.413408825323614,-2.025808880255255,"(31, 3)",306310.7847595215,306268.373147035,-113190896154.92383,1538717.94871795,6.387599945068359,-2.025808880255255,113212402500.81161,15267004.018930288,16805721.967648238,14960735.645783253,113212708811.59637,21812656.67255108,0.18795316233520526,1770935254.4815395,1770935254.4815395
4.930957411141456,20,4,110832540337.43047,61243859.509537205,61550257.32009179,110698413948.42145,63088975.268809736,61741388.27615816,-90.64420318603516,-91.01750183105467,-2.4883999824523926,2.433500051498413,[0. 0. 0.],[0. 0. 0. 1.],5.9957967768636635,-1.0089965830770424,"(20, 4)",-134126388.84715271,306397.59552784264,-110636672560.12532,1538717.9487179443,4.986800193786621,-1.0089965830770424,110832540337.35013,61550257.224058494,63088975.17277644,61243859.62853065,110698413948.50298,61741388.37765425,0.18340588766840263,1770935254.5263188,1770935254.5263188
4.3604250787259575,21,4,113577883094.05022,55142426.474352464,55448638.7303482,113578189335.2232,56987356.67906615,51211129.185852304,-83.9447021484375,-83.81320190429688,0.0260000005364418,-0.5848000049591064,[0. 0. 0.],[0. 0. 0. 1.],6.075795992695039,-1.5009959781991897,"(21, 4)",306242.0810699463,306211.78260216117,-113526978206.28409,1538717.9487179518,4.57480001449585,-1.5009959781991897,113577883093.76031,55448638.6343149,56987356.583032854,55142426.85171274,113578189335.84138,51211129.557291664,0.19926562378469334,1770935254.58127,1770935254.58127
4.936411010012205,30,4,113507990962.50317,51449316.544513136,51753181.99957897,113508294861.02283,53291899.94829692,48533066.77361417,-94.22720336914062,-96.09329986572266,-0.6509000062942505,0.4246000051498413,[0. 0. 0.],[0. 0. 0. 1.],5.940327473034791,-0.9637273028992928,"(30, 4)",303898.69104003906,303865.37209534645,-113459761794.32185,1538717.9487179518,4.976600170135498,-0.9637273028992928,113507990962.35007,51753181.90354567,53291899.85226362,51449316.531450324,113508294861.0411,48533066.7192508,0.18620399428584475,1770935254.6447814,1770935254.6447814
4.6112607964941335,31,4,113455396723.58615,63904745.853309795,64209375.90983538,113455701384.84766,65748093.85855333,63156002.4202172,-83.2593002319336,-83.15280151367188,-1.6399999856948853,1.309399962425232,[0. 0. 0.],[0. 0. 0. 1.],6.018622700489663,-1.3093226592909328,"(31, 4)",304661.505279541,304629.62615184486,-113392545382.3283,1538717.9487179443,4.7093000411987305,-1.3093226592909328,113455396723.56802,64209375.813802086,65748093.76252003,63904746.18765024,113455701385.0733,63156002.74501703,0.19280437046744112,1770935254.7245069,1770935254.7245069
2.2007253172442827,20,5,111073899407.94328,42602643.707935095,42907340.88196518,110939771300.49031,44446058.83068313,34233101.42297928,-87.99610137939453,-88.23750305175781,-4.599800109863281,3.7997000217437744,[0. 0. 0.],[0. 0. 0. 1.],3.059692769990478,-0.6901928481917721,"(20, 5)",-134128107.14331055,304696.2953225225,-110905538198.7565,1538717.9487179443,2.369499921798706,-0.6901928481917721,111073899407.86295,42907340.55739183,44446058.506109774,42602644.26206931,110939771300.71964,34233101.963141024,0.18626022739609072,1770935254.773924,1770935254.773924
1.7646067920923005,21,5,113845876170.97328,63135872.41551911,63441771.97170877,113846182082.61688,64980489.92042672,50338238.033069246,-81.77660369873047,-82.50180053710938,-1.1836999654769895,0.9358999729156494,[0. 0. 0.],[0. 0. 0. 1.],2.7001653466200923,-0.7079653296446895,"(21, 5)",305912.42863464355,305898.8131009564,-113795843844.53967,1538717.9487179518,1.9922000169754028,-0.7079653296446895,113845876170.68338,63441771.647135414,64980489.595853366,63135872.83403446,113846182083.11201,50338238.57234074,0.16293586312824374,1770935254.8491964,1770935254.8491964
1.7203850505782212,30,5,113790983582.69548,7225480.2427653745,7529904.984529281,113791288019.49084,9068622.93324723,62660586.49174481,-80.36959838867188,-80.04879760742188,-2.041399955749512,2.061000108718872,[0. 0. 0.],[0. 0. 0. 1.],3.307452451537286,-1.5143524521094904,"(30, 5)",304436.84895324707,304424.26632612105,-113728627432.78087,1538717.948717949,1.7930999994277954,-1.5143524521094904,113790983582.54237,7529904.659955929,9068622.608673878,7225480.393629808,113791288019.39133,62660586.61045172,0.06564867305513683,1770935254.9277542,1770935254.9277542
1.697196353219686,31,5,113736390048.90666,17681195.38541989,17985249.535811335,113736694115.22124,19523967.484529283,8066683.568401333,-81.61409759521484,-82.45390319824219,-3.0546998977661133,3.463500022888184,[0. 0. 0.],[0. 0. 0. 1.],2.987940860432817,-1.1716408259098066,"(31, 5)",304066.47509765625,304053.43862680346,-113728627431.26282,1538717.948717948,1.8163000345230105,-1.1716408259098066,113736390048.88853,17985249.211237982,19523967.15995593,17681195.77261118,113736694115.36363,8066684.100811298,0.15816450503683108,1770935255.00635,1770935255.00635
3.1598131821749047,20,11,111360486170.76378,57342560.4883699,57701923.96875521,111226412735.34834,59240641.91747316,52008891.46884818,-83.7136001586914,-84.40640258789062,-1.8634999990463257,0.98989999294281,[0. 0. 0.],[0. 0. 0. 1.],7.238867807619097,-3.948267746202471,"(20, 11)",-134073434.96469116,359363.0590194315,-111174403843.88243,1538717.9487179518,3.290600061416626,-3.948267746202471,111360486170.68344,57701923.89072516,59240641.83944311,57342560.83170573,111226412735.71875,52008891.8363131,0.19991452139868587,1770935255.059995,1770935255.059995
3.693634551415237,21,11,114133868743.08867,12066362.517725753,12372861.468755206,114134175266.15602,13911579.417473154,2249366.0497791064,-91.98560333251952,-92.60710144042967,1.5300999879837036,-1.7591999769210815,[0. 0. 0.],[0. 0. 0. 1.],6.76620379035099,-2.96130385939701,"(21, 11)",306523.64094543457,306498.83563701995,-114131925900.37589,1538717.948717948,3.80489993095398,-2.96130385939701,114133868742.79877,12372861.39072516,13911579.339443108,12066362.55508814,114134175266.43971,2249366.0638271235,0.1840284905269159,1770935255.1371686,1770935255.1371686
2.2307725579436437,20,1,111920471515.31505,6781988.105741414,7160185.187815405,111786416907.92139,8698903.136533353,7065374.142902374,-89.84220123291016,-88.61389923095703,-3.1133999824523926,2.9820001125335693,[0. 0. 0.],[0. 0. 0. 1.],5.378421035517765,-3.071921077479435,"(20, 1)",-134054607.10574341,378196.864983974,-111779351533.78001,1538717.948717948,2.30649995803833,-3.071921077479435,111920471515.23471,7160185.108673878,8698903.057391826,6781988.243689904,111786416908.12897,7065374.348958333,0.18421352847257522,1770935255.6138906,1770935255.6138906
2.611899063572535,21,1,114682854568.40916,17724351.033436213,18031771.726276945,114683162006.51675,19570489.674994893,13504826.95574014,-82.72589874267578,-82.45960235595703,-0.1712999939918518,-0.1777999997138977,[0. 0. 0.],[0. 0. 0. 1.],5.464760744195486,-2.677860700707937,"(21, 1)",307438.8865966797,307420.35694611445,-114669657179.82925,1538717.948717948,2.786900043487549,-2.677860700707937,114682854568.11926,18031771.647135418,19570489.595853366,17724351.290189303,114683162007.00586,13504827.176607572,0.17940130602363702,1770935255.6861684,1770935255.6861684
2.9084082785849765,30,1,114626961779.81085,28029390.914258663,28333141.918584637,114627265550.54825,29871859.867302585,24824782.963192698,-83.73899841308594,-83.74310302734375,-1.1986000537872314,0.8325999975204468,[0. 0. 0.],[0. 0. 0. 1.],5.318561597208403,-2.254761500696562,"(30, 1)",303771.33099365234,303750.5790514834,-114602440767.6792,1538717.948717948,3.063800096511841,-2.254761500696562,114626961779.65775,28333141.83944311,29871859.788161058,28029391.260391627,114627265550.98874,24824783.30954527,0.19848646132758757,1770935255.7636995,1770935255.7636995
2.794453649000256,31,1,114575370121.02202,41486177.05109569,41789864.67499489,114575673827.88417,43328582.62371284,40449471.90177386,-88.86190032958984,-88.06079864501953,-2.352499961853028,1.9538999795913696,[0. 0. 0.],[0. 0. 0. 1.],5.403218332373771,-2.543718401038322,"(31, 1)",303707.04064941406,303687.3528896272,-114535224355.90474,1538717.9487179443,2.859499931335449,-2.543718401038322,114575370121.00389,41789864.595853366,43328582.54457131,41486177.24296374,114575673828.04454,40449472.13979868,0.1854735186617309,1770935255.8444326,1770935255.8444326
4.590367452932401,20,2,112195464496.08427,6765103.097181139,7069488.079804583,112061336093.42674,8608206.028522532,13118925.264499007,-84.68730163574219,-85.26319885253906,-7.742000102996826,7.436600208282471,[0. 0. 0.],[0. 0. 0. 1.],5.780256972993651,-1.0529568059099104,"(20, 2)",-134128402.20915222,304384.515224359,-112048217168.15439,1538717.948717949,4.72730016708374,-1.0529568059099104,112195464496.00394,7069487.993289263,8608205.942007212,6765103.478064904,112061336093.79478,13118925.640399639,0.19932054062072646,1770935255.889271,1770935255.889271
4.117350889496402,21,2,114957847477.063,17707948.437679704,18074784.55416356,114958214342.17628,19613502.50288151,19691528.043719575,-89.99349975585938,-90.69509887695312,-4.133200168609619,4.085700035095215,[0. 0. 0.],[0. 0. 0. 1.],6.2983455293594135,-2.04004570178373,"(21, 2)",366865.7664794922,366835.8905498795,-114938522814.39142,1538717.948717948,4.258299827575684,-2.04004570178373,114957847476.7731,18074784.467648238,19613502.416366186,17707948.57709836,114958214342.53958,19691528.14816206,0.18342494852714683,1770935255.96125,1770935255.96125
4.31901498582759,30,2,114901954616.3493,28012301.011078555,28316571.413137916,114902258917.1808,29855289.36185587,30952515.055487435,-85.87750244140625,-86.24009704589844,-5.191100120544434,5.022600173950195,[0. 0. 0.],[0. 0. 0. 1.],5.370857095168491,-0.8954571241601901,"(30, 2)",304301.4135131836,304269.9569310881,-114871306402.21007,1538717.9487179518,4.475399971008301,-0.8954571241601901,114901954616.1962,28316571.326622594,29855289.275340546,28012301.369691506,114902258917.60971,30952515.399639424,0.19448702301095058,1770935256.0386825,1770935256.0386825
5.063033526599639,31,2,114831364047.30406,22469662.91266381,22778181.990060996,114831672602.05577,24316899.938778944,27582611.470531218,-89.94439697265625,-89.8759994506836,-6.336699962615967,6.096399784088135,[0. 0. 0.],[0. 0. 0. 1.],5.909298044654857,-0.8031979622573964,"(31, 2)",308554.82835388184,308518.848908253,-114804089990.4982,1538717.948717948,5.106100082397461,-0.8031979622573964,114831364047.28593,22778181.903545674,24316899.852263622,22469663.05463742,114831672602.11429,27582611.616085738,0.18357750093587652,1770935256.101931,1770935256.101931
6.625148793212661,20,3,112487457044.1612,28150097.26155133,28456579.43873737,112353330750.16318,29995297.387455318,36247930.28571553,-91.20149993896484,-90.67459869384766,-0.6061999797821045,0.1229000017046928,[0. 0. 0.],[0. 0. 0. 1.],8.333480663273496,-1.6529806327559182,"(20, 3)",-134126293.82011414,306481.9805438705,-112317082819.85335,1538717.948717948,6.680500030517578,-1.6529806327559182,112487457044.08086,28456579.33944311,29995297.288161058,28150097.35889924,112353330750.26074,36247930.407401845,0.18342049560630116,1770935256.1750567,1770935256.1750567
5.972077339776635,21,3,115248839961.03735,38094361.01252702,38400449.63104506,115249146088.65779,39939167.57976301,41757622.84130677,-84.11239624023438,-85.96959686279297,2.595499992370605,-2.6150999069213867,[0. 0. 0.],[0. 0. 0. 1.],8.658882207513464,-2.4711824127441773,"(21, 3)",306128.5243835449,306088.13163561374,-115207388466.05907,1538717.9487179518,6.187699794769287,-2.4711824127441773,115248839960.74745,38400449.5317508,39939167.48046875,38094361.400115184,115249146089.27184,41757623.212765425,0.1993949704984713,1770935256.2522557,1770935256.2522557
5.817893345140701,30,3,115192947020.19545,48398869.06772536,48747228.477198906,115193295417.83192,50285946.42591686,53123363.91313412,-88.87310028076172,-87.74150085449219,1.2869999408721924,-2.3301000595092773,[0. 0. 0.],[0. 0. 0. 1.],8.088195173008208,-2.1451953332254927,"(30, 3)",348398.14015197754,348359.0932992771,-115140172053.98729,1538717.9487179518,5.942999839782715,-2.1451953332254927,115192947020.04234,48747228.377904646,50285946.3266226,48398869.28460537,115193295418.1825,53123364.19521234,0.18586854883384313,1770935256.329768,1770935256.329768
6.337056740970607,31,3,115139356723.5861,59856634.03528145,60162733.28489122,115139662864.90178,61701451.23360916,66707222.75781907,-97.86609649658205,-97.81300354003906,0.7021999955177307,-1.1770999431610107,[0. 0. 0.],[0. 0. 0. 1.],8.413408825323614,-2.1004086231446593,"(31, 3)",306141.15397644043,306099.22751402855,-115072955642.04066,1538717.9487179443,6.313000202178955,-2.1004086231446593,115139356723.56798,60162733.18559696,61701451.1343149,59856633.95808293,115139662864.72195,66707222.68129006,0.18809518186151916,1770935256.4086032,1770935256.4086032
4.939857072964038,20,4,112758450121.08426,37872499.81014297,38177300.58932256,112624322135.10225,39716018.53804051,38373677.536743015,-89.85910034179688,-90.76740264892578,-3.009999990463257,2.693300008773804,[0. 0. 0.],[0. 0. 0. 1.],5.9957967768636635,-0.9923969279256752,"(20, 4)",-134127985.80853271,304800.52458934486,-112585948457.54552,1538717.9487179518,5.003399848937988,-0.9923969279256752,112758450121.00392,38177300.49328926,39716018.442007214,37872499.96869992,112624322135.19539,38373677.649864785,0.1834337773918806,1770935256.4528275,1770935256.4528275
4.311176545284254,21,4,115505833334.43478,33817761.25223824,34123574.627784096,115506139176.43312,35662292.57650205,29885073.13205167,-84.16899871826172,-83.91670227050781,0.132200002670288,-0.5260999798774719,[0. 0. 0.],[0. 0. 0. 1.],6.075795992695039,-1.5483959759103714,"(21, 4)",305842.9111633301,305812.89438100904,-115476254103.5478,1538717.9487179518,4.527400016784668,-1.5483959759103714,115505833334.14488,34123574.5317508,35662292.48046875,33817761.63736979,115506139177.05605,29885073.50823818,0.19989904708993703,1770935256.5092072,1770935256.5092072
5.6859190840808385,30,4,115435940690.06723,30122138.02608101,30429167.576502047,115436247757.64772,31967885.525219996,27210065.774853796,-95.49710083007812,-81.61329650878906,-0.4097000062465668,-0.1116999983787536,[0. 0. 0.],[0. 0. 0. 1.],5.940327473034791,-0.19602758442395096,"(30, 4)",307067.90240478516,307029.49719551206,-115409037691.94551,1538717.948717948,5.74429988861084,-0.19602758442395096,115435940689.91412,30429167.48046875,31967885.429186698,30122137.983273238,115436247757.81653,27210065.87101863,0.20036285613421362,1770935256.5727232,1770935256.5727232
4.665953388851233,31,4,115382350954.35533,41580033.93031518,41884640.3329123,115382655592.32166,43423358.281630255,40834312.42705083,-82.62310028076172,-82.78739929199219,-1.326200008392334,1.1612999439239502,[0. 0. 0.],[0. 0. 0. 1.],6.018622700489663,-1.270922486103677,"(31, 4)",304638.17108154297,304606.0415414646,-115341821279.79544,1538717.9487179518,4.747700214385986,-1.270922486103677,115382350954.3372,41884640.236879006,43423358.18559696,41580034.19533754,115382655592.50829,40834312.71284054,0.18254296793640112,1770935256.6513836,1770935256.6513836
2.213703092637959,20,5,113002443750.89195,21862709.80950556,22167284.79222159,112868315521.3121,23706002.74093954,13501424.699356902,-87.92340087890625,-88.34149932861328,-4.583899974822998,4.117300033569336,[0. 0. 0.],[0. 0. 0. 1.],3.059692769990478,-0.67749276732019,"(20, 5)",-134128229.2762146,304574.09980969504,-112854814096.3019,1538717.948717948,2.382200002670288,-0.67749276732019,113002443750.81161,22167284.467648238,23706002.416366186,21862710.367838543,112868315521.5354,13501425.233498598,0.18622799834149933,1770935256.6957934,1770935256.6957934
1.8099364450252104,21,5,115765826619.6912,33808298.00779643,34115890.56145236,115766134224.57079,35654608.51017031,21014482.222474698,-81.9010009765625,-83.2219009399414,-1.3223999738693235,1.4239000082015991,[0. 0. 0.],[0. 0. 0. 1.],2.7001653466200923,-0.6467653069472403,"(21, 5)",307605.7473144531,307591.78748497367,-115745119742.30418,1538717.9487179518,2.053400039672852,-0.6467653069472403,115765826619.40129,34115890.236879006,35654608.18559696,33808298.44939403,115766134225.1486,21014482.84442608,0.1770165146416082,1770935256.7691336,1770935256.7691336
1.7499078157728771,30,5,115709933542.63133,44111839.49223885,44416050.817862615,115710237766.17932,45954768.76658057,32334435.603516035,-80.39440155029297,-80.04759979248047,-2.4558000564575195,1.9557000398635864,[0. 0. 0.],[0. 0. 0. 1.],3.307452451537286,-1.4842524641257868,"(30, 5)",304223.60151672363,304210.8467297703,-115677903330.35759,1538717.9487179518,1.823199987411499,-1.4842524641257868,115709933542.47823,44416050.49328926,45954768.442007214,44111839.64655949,115710237766.07974,32334435.722155448,0.06577619744486442,1770935256.8467324,1770935256.8467324
1.6955592335068186,31,5,115656344447.94507,55569958.94671062,55874287.99734979,115656648789.17139,57413005.94606774,45961870.448642895,-81.81529998779297,-81.54129791259766,-3.497100114822388,3.045399904251098,[0. 0. 0.],[0. 0. 0. 1.],2.987940860432817,-1.1914408928577438,"(31, 5)",304341.22721862793,304328.3002804443,-115610686918.33272,1538717.9487179518,1.7964999675750732,-1.1914408928577438,115656344447.92694,55874287.67277644,57413005.62149439,55569959.372495994,115656648789.15416,45961870.8214393,0.14151575222533033,1770935256.925484,1770935256.925484
3.1751049389363715,20,11,113276437260.50732,24014615.63428666,24378927.173883412,113142368773.23822,25917645.12260136,18689031.828966007,-83.49019622802734,-82.92440032958984,-1.8272000551223757,0.9294000267982484,[0. 0. 0.],[0. 0. 0. 1.],7.238867807619097,-3.9484677793903367,"(20, 11)",-134068486.90716553,364311.1321864985,-113123679741.4122,1538717.948717948,3.29040002822876,-3.9484677793903367,113276437260.42699,24378927.095853366,25917645.044571314,24014615.963666867,113142368773.51982,18689032.107622195,0.1926877608896966,1770935256.9705553,1770935256.9705553
3.6009726554492576,21,11,116040819528.34503,36960708.5406041,37267028.13542188,116041125871.4537,38805746.084139824,27140484.246273566,-92.15910339355467,-92.63899993896484,1.652999997138977,-1.7723000049591064,[0. 0. 0.],[0. 0. 0. 1.],6.76620379035099,-3.0552038246832653,"(21, 11)",306343.68113708496,306319.48617788404,-116013985387.47708,1538717.9487179443,3.7109999656677246,-3.0552038246832653,116040819528.05513,37267028.05739183,38805746.006109774,36960708.571213946,116041125871.73627,27140484.259189703,0.18410009965375623,1770935257.045015,1770935257.045015
2.277905626445481,20,1,113835422629.09706,39667483.84387356,39972564.99550771,113701294905.88368,41511282.94422566,39883885.01964233,-89.98480224609375,-89.62069702148438,-3.375999927520752,3.286600112915039,[0. 0. 0.],[0. 0. 0. 1.],5.378421035517765,-3.034420934428288,"(20, 1)",-134127722.98176575,305080.9420072064,-113661411020.86555,1538717.9487179518,2.344000101089477,-3.034420934428288,113835422629.01672,39972564.91636618,41511282.865084134,39667483.974358976,113701294906.03496,39883885.169396035,0.18364218786799652,1770935257.528252,1770935257.528252
2.675677604033769,21,1,116580805594.05014,33615954.390675895,33922204.41858464,116581111861.9652,35460922.36730258,29395195.45949591,-82.90049743652344,-82.01930236816406,-0.0632999986410141,-0.5475999712944031,[0. 0. 0.],[0. 0. 0. 1.],5.464760744195486,-2.621560775857473,"(21, 1)",306268.62355041504,306249.6713491604,-116551716666.77394,1538717.9487179443,2.8431999683380127,-2.621560775857473,116580805593.76024,33922204.33944311,35460922.288161054,33615954.66809395,116581111862.38379,29395195.60985076,0.1746472520109642,1770935257.5841906,1770935257.5841906
2.932971916340363,30,1,116510912661.22105,29918897.868835337,30222989.674994893,116511216772.89673,31761707.62371284,26716517.991369575,-83.01840209960938,-83.7040023803711,-1.1753000020980835,0.96670001745224,[0. 0. 0.],[0. 0. 0. 1.],5.318561597208403,-2.2388616040748577,"(30, 1)",304112.2671356201,304091.43692407757,-116484500254.9995,1538717.948717948,3.079699993133545,-2.2388616040748577,116510912661.06795,30222989.595853366,31761707.544571314,29918898.15892929,116511216773.33508,26716518.33558694,0.19477505765708328,1770935257.6477268,1770935257.6477268
2.8164563783174947,31,1,116458325393.45787,42378082.80551402,42683181.9826872,116458630512.00735,44221899.93140515,41346668.76727142,-88.08319854736328,-88.17780303955078,-2.00600004196167,2.111299991607666,[0. 0. 0.],[0. 0. 0. 1.],5.403218332373771,-2.516018215262565,"(31, 1)",305118.72120666504,305098.8613030836,-116417283843.16243,1538717.9487179518,2.887200117111206,-2.516018215262565,116458325393.43974,42683181.90354567,44221899.85226362,42378083.04224259,116458630512.16095,41346668.99852264,0.18622063039056988,1770935257.7274942,1770935257.7274942
4.621599549093021,20,2,114076828694.80219,6055765.472213223,6361675.579804583,113942701817.43948,7900393.5285225315,12425161.847393932,-85.13030242919922,-84.70189666748047,-7.488699913024902,7.517600059509277,[0. 0. 0.],[0. 0. 0. 1.],5.780256972993651,-1.0213568074357893,"(20, 2)",-134126876.90930176,305909.642928686,-113930276655.58423,1538717.948717948,4.758900165557861,-1.0213568074357893,114076828694.72185,6361675.493289263,7900393.442007211,6055765.850360577,113942701817.81255,12425162.228315305,0.19949292913160574,1770935257.7761912,1770935257.7761912
4.069165834287501,21,2,116830799135.71681,8592196.562997937,8961290.964419968,116831168258.84789,10500008.913137916,10585957.723668952,-91.30239868164062,-92.53350067138672,-4.060500144958496,3.886399984359741,[0. 0. 0.],[0. 0. 0. 1.],6.2983455293594135,-2.1091456048904194,"(21, 2)",369123.7073059082,369094.23828125,-116820582301.38307,1538717.948717948,4.189199924468994,-2.1091456048904194,116830799135.42691,8961290.877904648,10500008.826622596,8592196.639623398,116831168259.13422,10585957.751151843,0.18377892482654543,1770935257.8342276,1770935257.8342276
4.286630758492771,30,2,116760906138.78516,4894546.602901959,5200361.4772404805,116761211983.8841,6739079.425958429,7846094.594987088,-87.18389892578125,-86.23400115966797,-5.496600151062012,4.902400016784668,[0. 0. 0.],[0. 0. 0. 1.],5.370857095168491,-0.9369572157129245,"(30, 2)",305845.6812133789,305814.490685096,-116753365889.37386,1538717.948717949,4.433899879455566,-0.9369572157129245,116760906138.63205,5200361.39072516,6739079.339443109,4894546.900040064,116761211984.31326,7846094.939403045,0.1914740719538807,1770935257.8978038,1770935257.8978038
5.058561195043017,31,2,116689319912.68863,65570699.49407493,65878294.169548176,116689627543.02168,200601.86185586549,3478065.350896889,-90.26940155029295,-90.44950103759766,-6.634699821472168,5.680099964141846,[0. 0. 0.],[0. 0. 0. 1.],5.909298044654857,-0.814498049232494,"(31, 2)",307630.38049316406,307594.4636418298,-116686149477.58374,-65677692.30769231,5.094799995422363,-0.814498049232494,116689319912.6705,65878294.083032854,200601.77534054487,65570699.619391024,116689627543.051,3478065.467247596,0.1834194803508648,1770935257.9583883,1770935257.9583883
6.544526757699537,20,3,114257193742.8791,50259131.66169619,50565265.336173266,114123067099.87447,52103983.28489122,58357613.50251004,-90.68830108642578,-90.77780151367188,-0.7682999968528748,0.0520999990403652,[0. 0. 0.],[0. 0. 0. 1.],8.333480663273496,-1.7307804298140237,"(20, 3)",-134126642.83164978,306133.4541516453,-114064709486.34782,1538717.9487179518,6.602700233459473,-1.7307804298140237,114257193742.79877,50565265.236879006,52103983.18559696,50259131.78272736,114123067099.96712,58357613.619290866,0.18339776279303063,1770935258.0120306,1770935258.0120306
5.942972386655727,21,3,117083792613.2809,58208882.19262381,58514183.605404034,117084097953.53772,60052901.554121986,61866410.97034882,-84.40560150146484,-84.79209899902344,2.454900026321411,-2.8684000968933105,[0. 0. 0.],[0. 0. 0. 1.],8.658882207513464,-2.495382375360144,"(21, 3)",305341.1865234375,305300.9189703539,-117022231542.80995,1538717.9487179518,6.16349983215332,-2.495382375360144,117083792612.991,58514183.506109774,60052901.454827726,58208882.58713942,117084097954.17752,61866411.3675631,0.20021842412727536,1770935258.087191,1770935258.087191
5.83305332928611,30,3,117028899151.60567,2294560.6437530294,2644824.6310450626,117029249453.86443,4183542.579763011,7017912.531448871,-88.34149932861328,-87.40869903564453,1.4873000383377075,-1.8020999431610107,[0. 0. 0.],[0. 0. 0. 1.],8.088195173008208,-2.1225951592752974,"(30, 3)",350302.78132629395,350263.64057492,-117022231541.40147,1538717.9487179485,5.96560001373291,-2.1225951592752974,117028899151.45256,2644824.5317508015,4183542.48046875,2294560.8911758815,117029249454.23389,7017912.8324068505,0.18700758338323029,1770935258.165862,1770935258.165862
7.294455958947162,31,3,116976313093.77838,14754620.052461592,15060714.054121986,116976619235.58755,16599432.002839934,21604103.00893943,-89.18479919433594,-89.80590057373047,0.5690000057220459,-0.8847000002861023,[0. 0. 0.],[0. 0. 0. 1.],8.413408825323614,-1.0653086399293272,"(31, 3)",306141.8895111084,306093.7030498795,-116955015132.47531,1538717.948717948,7.348100185394287,-1.0653086399293272,116976313093.76025,15060713.954827724,16599431.903545672,14754620.251777845,116976619235.64977,21604103.174454127,0.18388727431489674,1770935258.2454054,1770935258.2454054
4.950313938642938,20,4,114529186795.7637,60977497.976771295,61284552.19188666,114395061063.29323,62823270.14060461,61485939.061115004,-90.427001953125,-91.0990982055664,-2.721299886703491,2.5806000232696533,[0. 0. 0.],[0. 0. 0. 1.],5.9957967768636635,-0.9885970126119545,"(20, 4)",-134125732.3123169,307053.9895082116,-114333575124.21214,1538717.9487179443,5.007199764251709,-0.9885970126119545,114529186795.68336,61284552.095853366,62823270.04457131,60977498.106345154,114395061063.37105,61485939.15890425,0.18339887101179628,1770935258.2896717,1770935258.2896717
4.33311357899767,21,4,117357785537.96039,3711427.1337746587,4016851.871373844,117358090991.49532,5555569.820091793,66993811.412061304,-84.15160369873047,-83.58550262451172,0.590399980545044,-0.4366999864578247,[0. 0. 0.],[0. 0. 0. 1.],6.075795992695039,-1.5291961277353225,"(21, 4)",305454.4302062988,305424.256936098,-117291097180.32999,1538717.948717949,4.546599864959717,-1.5291961277353225,117357785537.67049,4016851.775340545,5555569.724058494,3711427.518404447,117358090992.1007,66993811.770708136,0.19917125262244223,1770935258.3611712,1770935258.3611712
4.803748574355984,30,4,117301892036.22104,14013022.30707976,14317236.48675846,117302196283.57027,15855954.435476407,11099109.71377865,-95.08409881591795,-96.42520141601562,-0.202000007033348,0.6463000178337097,[0. 0. 0.],[0. 0. 0. 1.],5.940327473034791,-1.1003273204469002,"(30, 4)",304247.5147705078,304214.11758814007,-117291097173.92914,1538717.948717948,4.840000152587891,-1.1003273204469002,117301892036.06793,14317236.39072516,15855954.339443108,14013022.27313702,117302196283.5827,11099109.653570713,0.1866971879148211,1770935258.4387014,1770935258.4387014
4.6362300077335235,31,4,117271306090.57324,48472690.83360734,48778446.422655895,117271611877.49196,50317164.37137384,47731110.230112985,-83.97509765625,-83.37349700927734,-1.7340999841690063,1.6782000064849854,[0. 0. 0.],[0. 0. 0. 1.],6.018622700489663,-1.274922673023843,"(31, 4)",305787.1813659668,305755.11443309486,-117223880767.16269,1538717.9487179443,4.74370002746582,-1.274922673023843,117271306090.55511,48778446.3266226,50317164.27534054,48472691.2121895,117271611877.73648,47731110.57379307,0.19794066126380355,1770935258.5403328,1770935258.5403328
2.2115149963348846,20,5,114840178710.8278,44746312.64784037,45051026.77940108,114706050620.38274,46589744.72811902,36393446.846953705,-88.38939666748047,-88.44390106201172,-4.440499782562256,4.157400131225586,[0. 0. 0.],[0. 0. 0. 1.],3.059692769990478,-0.6845928726058341,"(20, 5)",-134128090.14735413,304713.27561599016,-114669657173.22495,1538717.9487179443,2.375099897384644,-0.6845928726058341,114840178710.74747,45051026.454827726,46589744.40354567,44746313.179211736,114706050620.60011,36393447.37517528,0.1855312557206256,1770935258.5950577,1770935258.5950577
1.791706970390449,21,5,117652777925.78088,38698025.04430003,39005361.71529851,117653085274.6372,40544079.66401646,25906045.015542034,-82.23970031738281,-82.56439971923828,-1.5235999822616575,0.5615000128746033,[0. 0. 0.],[0. 0. 0. 1.],2.7001653466200923,-0.6673653874373526,"(21, 5)",307349.65007019043,307335.84672976285,-117627179229.57753,1538717.9487179518,2.0327999591827397,-0.6673653874373526,117652777925.49098,39005361.39072516,40544079.33944311,38698025.543995395,117653085275.14105,25906045.56352664,0.17335163057821282,1770935258.6562586,1770935258.6562586
1.7449254901331372,30,5,117582884712.50308,34999505.57029988,35303743.12555493,117583188962.26607,36842461.07427287,23226144.604716457,-80.27529907226562,-80.3541030883789,-2.194099903106689,1.8467999696731567,[0. 0. 0.],[0. 0. 0. 1.],3.307452451537286,-1.4870524519187553,"(30, 5)",304249.84663391113,304237.0918469578,-117559962817.44313,1538717.9487179443,1.8203999996185305,-1.4870524519187553,117582884712.34998,35303742.800981574,36842460.74969952,34999505.709134616,117583188962.19661,23226144.75348057,0.06758531855325595,1770935258.7196429,1770935258.7196429
1.6809449724818395,31,5,117528299984.804,45460008.27441986,45764568.44606774,117528604557.02039,47303286.394785695,35858150.946061395,-81.90679931640625,-82.2573013305664,-3.2857000827789307,3.532500028610229,[0. 0. 0.],[0. 0. 0. 1.],2.987940860432817,-1.1840408569995895,"(31, 5)",304572.34700012207,304559.40442207456,-117492746405.68431,1538717.9487179518,1.8039000034332275,-1.1840408569995895,117528299984.78587,45764568.12149439,47303286.07021234,45460008.717072316,117528604557.13287,35858151.44856771,0.16100670919341398,1770935258.7973864,1770935258.7973864
3.1843954976556095,20,11,115081173061.78934,13904274.238022406,14273414.35337059,114947109403.12352,15812132.30208854,8586584.619073078,-83.87239837646484,-84.6718978881836,-1.9789999723434448,1.2711999416351318,[0. 0. 0.],[0. 0. 0. 1.],7.238867807619097,-3.9221678259296437,"(20, 11)",-134063658.21250916,369139.685997596,-114938522818.50739,1538717.94871795,3.316699981689453,-3.9221678259296437,115081173061.709,14273414.275340544,15812132.224058494,13904274.589342948,114947109403.49649,8586584.989107572,0.20031953810842862,1770935258.8418493,1770935258.8418493
3.6544333405012095,21,11,117910771267.12703,24855953.817369916,25161635.507216744,117911076972.71033,26700353.455934692,15032098.432998937,-91.61160278320312,-92.9375,1.5738999843597412,-1.705199956893921,[0. 0. 0.],[0. 0. 0. 1.],6.76620379035099,-3.000003724738197,"(21, 11)",305706.14546203613,305681.5592447929,-117896044874.54697,1538717.948717948,3.766200065612793,-3.000003724738197,117910771266.83713,25161635.429186698,26700353.377904646,24855953.869941905,117911076972.98259,15032098.435621995,0.18398876210704143,1770935258.9141338,1770935258.9141338
2.2003156437005256,20,1,115620158943.19958,9554787.524685232,9860449.61089233,115486031800.43279,11399167.559610277,9777702.786568245,-89.88739776611328,-89.37460327148438,-3.171099901199341,2.706399917602539,[0. 0. 0.],[0. 0. 0. 1.],5.378421035517765,-3.109220948924137,"(20, 1)",-134127142.52178955,305661.87149439193,-115476254097.64774,1538717.948717948,2.269200086593628,-3.109220948924137,115620158943.11925,9860449.531750802,11399167.48046875,9554787.66025641,115486031800.59746,9777702.949719552,0.1837671682761942,1770935259.37491,1770935259.37491
2.619143475214809,21,1,118448757380.90907,19508317.785921425,19814391.918584637,118449063472.53914,21353109.867302585,15287318.791386647,-82.28630065917969,-82.91020202636719,-0.3910999894142151,0.0362999998033046,[0. 0. 0.],[0. 0. 0. 1.],5.464760744195486,-2.6712607976012475,"(21, 1)",306092.46670532227,306073.8587990813,-118433776154.01599,1538717.948717948,2.7934999465942383,-2.6712607976012475,118448757380.61917,19814391.83944311,21353109.788161058,19508317.98064403,118449063473.08588,15287319.069886819,0.17929501646653745,1770935259.4522061,1770935259.4522061
2.884675939999151,30,1,118391863614.74666,28808480.213844366,29112701.21345643,118392167855.306,30651419.16217438,25608113.28381732,-84.5541000366211,-83.03359985351562,-1.007599949836731,1.1539000272750854,[0. 0. 0.],[0. 0. 0. 1.],5.318561597208403,-2.2829616502326946,"(30, 1)",304241.0982513428,304220.5497546047,-118366559742.11633,1538717.9487179518,3.035599946975708,-2.2829616502326946,118391863614.59355,29112701.134314902,30651419.083032854,28808480.584560297,118392167855.6918,25608113.575470753,0.19839744463716083,1770935259.5287461,1770935259.5287461
2.830074362076072,31,1,118322281122.6245,24270480.37553197,24574399.93140515,118322585061.6475,26113117.880123097,23241731.259280317,-88.34539794921875,-88.47250366210938,-2.444700002670288,1.698699951171875,[0. 0. 0.],[0. 0. 0. 1.],5.403218332373771,-2.5072184239265054,"(31, 1)",303939.17768859863,303919.2551832944,-118299343330.31058,1538717.948717948,2.8959999084472656,-2.5072184239265054,118322281122.60637,24574399.852263622,26113117.80098157,24270480.597080328,118322585061.78406,23241731.47348257,0.18554914998718935,1770935259.5914364,1770935259.5914364
4.618555248567769,20,2,115890152052.17393,4521999.339707604,4826258.9131379165,115756023524.26654,6364976.861855865,10903791.860963259,-85.28569793701172,-85.10579681396484,-7.546500205993652,7.289400100708008,[0. 0. 0.],[0. 0. 0. 1.],5.780256972993651,-1.0251571995866682,"(20, 2)",-134128527.4564209,304259.1114533255,-115745119732.39772,1538717.948717949,4.755099773406982,-1.0251571995866682,115890152052.0936,4826258.826622596,6364976.775340545,4521999.7151692705,115756023524.63718,10903792.239458133,0.1984881976996105,1770935259.6450148,1770935259.6450148
4.109697939359547,21,2,118718750417.76804,14475998.980870698,14847364.682368686,118719121812.43404,16386082.631086634,16480023.942582153,-91.43800354003906,-92.3748016357422,-4.350200176239014,4.43120002746582,[0. 0. 0.],[0. 0. 0. 1.],6.2983455293594135,-2.0685453050552143,"(21, 2)",371395.2480316162,371365.5442457944,-118702641788.7503,1538717.948717948,4.229800224304199,-2.0685453050552143,118718750417.47813,14847364.595853366,16386082.544571314,14475999.051607572,118719121812.72617,16480023.975861378,0.1837826458669839,1770935259.7221355,1770935259.7221355
4.343268114752426,30,2,118662856547.43895,24775447.227790173,25082124.297753304,118663163255.06924,26620842.246471252,27737878.3659404,-85.73999786376953,-85.68800354003906,-5.529200077056885,4.782299995422363,[0. 0. 0.],[0. 0. 0. 1.],5.370857095168491,-0.8673571104272799,"(30, 2)",306708.23318481445,306676.6200921498,-118635425376.78806,1538717.948717948,4.503499984741211,-0.8673571104272799,118662856547.28584,25082124.211237982,26620842.15995593,24775447.591145832,118663163255.51903,27737878.730969552,0.19616056326300482,1770935259.7997444,1770935259.7997444
5.06008393606259,31,2,118591274736.40654,18237589.7536582,18545169.169548176,118591582351.49947,20083887.118266124,23373386.69619595,-89.97899627685547,-90.51119995117188,-6.11870002746582,6.021900177001953,[0. 0. 0.],[0. 0. 0. 1.],5.909298044654857,-0.8111978592605702,"(31, 2)",307615.13734436035,307579.1892027259,-118568208964.71623,1538717.948717948,5.098100185394287,-0.8111978592605702,118591274736.38841,18545169.083032854,20083887.031750802,18237589.893830128,118591582351.52576,23373386.809520233,0.1834470068242095,1770935259.8603592,1770935259.8603592
6.597919339373498,20,3,116159192124.2893,2980584.002279366,3286835.84899378,116025065599.74475,4825553.797711729,11080215.592664562,-90.3917999267578,-90.2385025024414,-0.5121999979019165,0.490799993276596,[0. 0. 0.],[0. 0. 0. 1.],8.333480663273496,-1.6712806892134378,"(20, 3)",-134126524.34519958,306251.6119541265,-116013985384.12796,1538717.948717949,6.662199974060059,-1.6712806892134378,116159192124.20897,3286835.749699519,4825553.698417468,2980584.1377453925,116025065599.86377,11080215.735802284,0.18342821568847886,1770935259.9139516,1770935259.9139516
5.89009176428597,21,3,118970743911.35777,63105774.38938063,63409728.477198906,118971047903.96507,64948446.42591686,66756874.3434609,-84.82029724121094,-85.34510040283203,2.686800003051758,-3.002500057220459,[0. 0. 0.],[0. 0. 0. 1.],8.658882207513464,-2.5489822098022827,"(21, 3)",303993.5302734375,303953.5913711935,-118904291029.8642,1538717.9487179518,6.109899997711182,-2.5489822098022827,118970743911.06787,63409728.377904646,64948446.3266226,63105774.78653345,118971047904.59814,66756874.73394932,0.19894521676164909,1770935259.9741895,1770935259.9741895
5.839224929759855,30,3,118900850345.51587,59405778.2782066,59757989.695147626,118901202595.30989,61296707.64386557,64127977.35124256,-88.86419677734375,-88.18160247802734,1.3420000076293943,-2.1512999534606934,[0. 0. 0.],[0. 0. 0. 1.],8.088195173008208,-2.1274951379129927,"(30, 3)",352250.2723083496,352211.1002604142,-118837074618.02715,1538717.9487179443,5.960700035095215,-2.1274951379129927,118900850345.36276,59757989.595853366,61296707.54457131,59405778.49559295,118901202595.63507,64127977.60792267,0.18533171881928454,1770935260.0377016,1770935260.0377016
6.761288511608725,31,3,118859268366.21423,15651530.868209975,15956427.195147628,118859573307.41432,17495145.143865574,22498690.78627155,-96.6344985961914,-89.21869659423828,0.4433000087738037,-0.8529999852180481,[0. 0. 0.],[0. 0. 0. 1.],8.413408825323614,-1.6324086879945128,"(31, 3)",304941.3123474121,304896.2871844955,-118837074616.52475,1538717.948717948,6.781000137329102,-1.6324086879945128,118859268366.1961,15956427.095853366,17495145.044571314,15651530.80866887,118859573307.50845,22498690.98369892,0.18359680066039152,1770935260.1284626,1770935260.1284626
4.929339880549664,20,4,116428138318.19957,10647950.40754252,10952813.409835383,116294010394.39856,12491531.358553331,11159372.871441266,-90.8302993774414,-91.18229675292967,-2.813499927520752,2.461400032043457,[0. 0. 0.],[0. 0. 0. 1.],5.9957967768636635,-1.013096905800431,"(20, 4)",-134127923.64659119,304862.7960987594,-116282851021.50714,1538717.948717948,4.982699871063232,-1.013096905800431,116428138318.11923,10952813.313802084,12491531.262520032,10647950.517703325,116294010394.47264,11159372.965494791,0.18343418295491676,1770935260.1829488,1770935260.1829488
4.29074109963989,21,4,119256736531.55008,20603904.083822284,20910225.26880974,119257042881.24928,22448943.217527688,16669803.730182525,-84.07060241699219,-83.96710205078125,0.5717999935150146,-0.6536999940872192,[0. 0. 0.],[0. 0. 0. 1.],6.075795992695039,-1.5689958179819046,"(21, 4)",306350.6141052246,306320.70688100904,-119240373077.76584,1538717.948717948,4.506800174713135,-1.5689958179819046,119256736531.26018,20910225.172776442,22448943.12149439,20603904.465895433,119257042881.87428,16669804.108448518,0.19982870127224567,1770935260.2601042,1770935260.2601042
5.78858559795962,30,4,119200842525.00305,30903027.56235474,31208502.512399483,119201148037.72334,32747220.46111743,27991366.733980387,-94.9457015991211,-81.44329833984375,-0.3855000138282776,0.4106999933719635,[0. 0. 0.],[0. 0. 0. 1.],5.940327473034791,-0.09672767673962479,"(30, 4)",305513.00831604004,305474.8848157041,-119173156671.06201,1538717.948717948,5.843599796295166,-0.09672767673962479,119200842524.84995,31208502.416366186,32747220.365084134,30903027.531550482,119201148037.85826,27991366.796249,0.20032929515191955,1770935260.3376486,1770935260.3376486
4.6283804555028105,31,4,119131261907.88089,26366076.722504284,26670625.90983538,119131566488.39352,28209343.858553328,25626234.20263739,-83.19750213623047,-84.07060241699219,-1.563599944114685,1.0234999656677246,[0. 0. 0.],[0. 0. 0. 1.],6.018622700489663,-1.284422699726723,"(31, 4)",304580.81367492676,304548.7623948306,-119105940254.09172,1538717.948717948,4.73420000076294,-1.284422699726723,119131261907.86276,26670625.813802082,28209343.76252003,26366077.05140725,119131566488.67644,25626234.58471054,0.19752801824118127,1770935260.400478,1770935260.400478
2.197867652772517,20,5,116682543983.26366,5044088.542918885,5348134.151195948,116548415224.27586,6886852.099913897,63914974.19264765,-87.8572006225586,-89.47650146484375,-4.464700222015381,3.894700050354004,[0. 0. 0.],[0. 0. 0. 1.],3.059692769990478,-0.7022928294997555,"(20, 5)",-134128758.74836731,304044.721554487,-116484500249.77237,1538717.948717949,2.3573999404907227,-0.7022928294997555,116682543983.18332,5348133.826622596,6886851.775340545,5044089.105068109,116548415224.43495,63914974.66258514,0.18516464670734736,1770935260.4496937,1770935260.4496937
1.7730431780228844,21,5,119522729664.5629,26588197.31618426,26897076.458888255,119523038555.8335,28435794.407606207,13799839.361031404,-81.64839935302734,-82.50029754638672,-1.410899996757507,0.5633999705314636,[0. 0. 0.],[0. 0. 0. 1.],2.7001653466200923,-0.7032653841948604,"(21, 5)",308892.0554199219,308878.42422876507,-119509238716.42833,1538717.9487179518,1.996899962425232,-0.7032653841948604,119522729664.273,26897076.134314902,28435794.083032854,26588197.710086137,119523038556.32841,13799839.900090145,0.1599227685781485,1770935260.526096,1770935260.526096
1.7290491104659276,30,5,119466835585.90048,36886843.06544814,37191074.85632415,119467139829.78384,38729792.8050421,25117524.89609124,-80.5635986328125,-80.79419708251953,-2.1791999340057373,2.389699935913086,[0. 0. 0.],[0. 0. 0. 1.],3.307452451537286,-1.4856524580222714,"(30, 5)",304244.0404663086,304231.2856820896,-119442022304.66953,1538717.9487179518,1.8217999935150144,-1.4856524580222714,119466835585.74738,37191074.5317508,38729792.48046875,36886843.24606871,119467139829.78784,25117525.118314303,0.08253265774822094,1770935260.6036675,1770935260.6036675
1.6686030733314083,31,5,119395255633.84242,30350182.25225615,30654304.02299082,119395559767.6393,32193021.97170877,20753874.714177422,-82.40049743652344,-81.5604019165039,-3.351799964904785,3.51200008392334,[0. 0. 0.],[0. 0. 0. 1.],2.987940860432817,-1.202940893811418,"(31, 5)",304133.80157470703,304120.9215995595,-119374805892.5351,1538717.9487179518,1.784999966621399,-1.202940893811418,119395255633.8243,30654303.698417466,32193021.647135418,30350182.776817907,119395559767.62587,20753875.090770233,0.15572665921316456,1770935260.664455,1770935260.664455
3.218567564089941,20,11,116896974672.36623,14859736.437813552,15167653.135421872,116762849790.43715,16706371.084139822,9483895.040975487,-83.72869873046875,-82.8447036743164,-1.7526999711990356,1.2618999481201172,[0. 0. 0.],[0. 0. 0. 1.],7.238867807619097,-3.9040678026599904,"(20, 11)",-134124881.57615662,307916.27541566454,-116753365895.39911,1538717.94871795,3.3348000049591064,-3.9040678026599904,116896974672.28589,15167653.057391826,16706371.006109776,14859736.781976162,116762849790.70973,9483895.310621995,0.1936616758697132,1770935260.7190692,1770935260.7190692
3.6634549300636157,21,11,119776723110.07571,8751303.553842194,9057669.161062898,119777029499.676,10596387.109780848,66141548.679092765,-92.12570190429688,-93.4468994140625,1.4769999980926514,-2.024600028991699,[0. 0. 0.],[0. 0. 0. 1.],6.76620379035099,-2.996503739996986,"(21, 11)",306390.1461029053,306365.4972956721,-119710887951.26656,1538717.94871795,3.769700050354004,-2.996503739996986,119776723109.78581,9057669.083032852,10596387.031750802,8751303.58573718,119777029499.93192,66141548.665364586,0.18434402651564902,1770935260.7803016,1770935260.7803016
2.265274155611842,20,1,117374896026.53287,16659362.585677046,16968222.046789765,117240772081.56268,18506939.995507713,16891317.14028374,-89.71510314941406,-88.41560363769531,-3.1171000003814697,2.872100114822388,[0. 0. 0.],[0. 0. 0. 1.],5.378421035517765,-3.0347211034193764,"(20, 1)",-134123944.6708374,308859.23727964796,-117223880764.42392,1538717.948717948,2.3436999320983887,-3.0347211034193764,117374896026.45253,16968221.967648238,18506939.916366186,16659362.73036859,117240772081.7817,16891317.357772436,0.18443969257231455,1770935261.1969557,1770935261.1969557
2.54742813453944,21,1,120270710361.67827,26618280.545436315,26923991.277558994,120271016089.47894,28462709.226276945,22396859.058553062,-82.6781997680664,-82.51529693603516,-0.1600999981164932,-0.2421000003814697,[0. 0. 0.],[0. 0. 0. 1.],5.464760744195486,-2.742060625176931,"(21, 1)",305728.5876159668,305710.4022686295,-120248619230.68863,1538717.9487179518,2.7227001190185547,-2.742060625176931,120270710361.38837,26923991.198417466,28462709.147135418,26618280.796148837,120271016089.97598,22396859.287359774,0.17955420409915565,1770935261.2740808,1770935261.2740808
2.9085925533551773,30,1,120214816090.70815,36916044.40054521,37220056.9826872,120215120123.0125,38758774.93140515,33717304.082920104,-83.31950378417969,-83.60749816894531,-1.113800048828125,0.8959000110626221,[0. 0. 0.],[0. 0. 0. 1.],5.318561597208403,-2.259961648325346,"(30, 1)",304032.89013671875,304012.1851211935,-120181402819.02373,1538717.9487179518,3.0585999488830566,-2.259961648325346,120214816090.55504,37220056.90354567,38758774.85226362,36916044.71842448,120215120123.44518,33717304.42144932,0.196094013400466,1770935261.3515778,1770935261.3515778
2.8456078189893854,31,1,120147237773.26547,34380289.27007135,34683823.00832823,120147541326.546,36222540.95704617,33354919.093898144,-87.47969818115234,-88.1968994140625,-2.1075000762939453,1.877500057220459,[0. 0. 0.],[0. 0. 0. 1.],5.403218332373771,-2.481918397986564,"(31, 1)",303553.4511566162,303533.3877954781,-120114186407.37445,1538717.9487179443,2.921299934387207,-2.481918397986564,120147237773.24734,34683822.9291867,36222540.877904646,34380289.54139122,120147541326.6985,33354919.324043468,0.18708817352168794,1770935261.4164412,1770935261.4164412
4.632214187767542,20,2,117648889031.34056,15618666.132617207,15923454.425958429,117514761032.23877,17462172.37467638,22014633.119613573,-85.33609771728516,-85.9364013671875,-7.646100044250488,7.55109977722168,[0. 0. 0.],[0. 0. 0. 1.],5.780256972993651,-1.0149571759355451,"(20, 2)",-134127998.67286682,304787.83240685053,-117492746399.1113,1538717.94871795,4.7652997970581055,-1.0149571759355451,117648889031.26022,15923454.339443108,17462172.288161058,15618666.507036258,117514761032.58736,22014633.476061698,0.19658229837015945,1770935261.4709344,1770935261.4709344
4.1038768306083995,21,2,120527703735.0757,8578580.33516036,8952124.2977533,120528077307.99577,10490842.24647125,10592442.67518579,-90.21710205078124,-91.29460144042967,-4.354800224304199,4.319399833679199,[0. 0. 0.],[0. 0. 0. 1.],6.2983455293594135,-2.0592455499587787,"(21, 2)",373573.545791626,373543.7481219936,-120517484865.57944,1538717.94871795,4.239099979400635,-2.0592455499587787,120527703734.7858,8952124.21123798,10490842.15995593,8578580.463115986,120528077308.33159,10592442.752153445,0.18339718399160526,1770935261.531174,1770935261.531174
4.3078964896920535,30,2,120477809223.72096,24875477.91185892,25180377.50288151,120478114153.69536,26719095.451599456,27845700.41331854,-86.3844985961914,-86.8053970336914,-5.257299900054932,5.257299900054932,[0. 0. 0.],[0. 0. 0. 1.],5.370857095168491,-0.9137571806177096,"(30, 2)",304930.52947998047,304899.16679186746,-120450268453.36679,1538717.948717948,4.457099914550781,-0.9137571806177096,120477809223.56786,25180377.416366186,26719095.365084134,24875478.24957432,120478114154.09734,27845700.73054387,0.19190329618298352,1770935261.6145892,1770935261.6145892
5.08865241117202,31,2,120424231194.73984,36339369.76853341,36646948.015702024,120424538808.80775,38185665.96441997,41486766.84670118,-89.58889770507812,-90.67459869384766,-6.4893999099731445,6.151299953460693,[0. 0. 0.],[0. 0. 0. 1.],5.909298044654857,-0.7807980599136464,"(31, 2)",307614.10443115234,307577.9997996837,-120383052041.87402,1538717.9487179443,5.128499984741211,-0.7807980599136464,120424231194.72171,36646947.9291867,38185665.877904646,36339369.92938702,120424538808.82614,41486766.952123396,0.18349206180862748,1770935261.6933513,1770935261.6933513
6.611646503263683,20,3,117908289552.17389,4450345.210197198,4756483.284891216,117774162913.96133,6295201.233609165,12550863.205194082,-90.31610107421876,-90.5177993774414,-0.519599974155426,0.324099987745285,[0. 0. 0.],[0. 0. 0. 1.],8.333480663273496,-1.6590808105208108,"(20, 3)",-134126638.02708435,306137.8361628605,-117761612050.73201,1538717.948717949,6.6743998527526855,-1.6590808105208108,117908289552.09355,4756483.185596955,6295201.134314904,4450345.3494340945,117774162914.06647,12550863.334460136,0.18341016805093646,1770935261.7422867,1770935261.7422867
5.9195715244980125,21,3,120812696379.30646,23003711.96447632,23307965.656686086,120813000671.68625,24846683.605404034,26650154.744339217,-84.69840240478516,-85.76300048828125,2.1810998916625977,-2.817199945449829,[0. 0. 0.],[0. 0. 0. 1.],8.658882207513464,-2.5211821266418823,"(21, 3)",304293.2911376953,304253.1957381815,-120786350517.1845,1538717.948717948,6.137700080871582,-2.5211821266418823,120812696379.01656,23307965.557391826,24846683.506109774,23003712.361653645,120813000672.3077,26650155.123197116,0.19847487566459576,1770935261.8160892,1770935261.8160892
5.811322636738955,30,3,120755801980.13121,32300989.401280977,32655145.143865574,120756156174.06142,34193863.09258352,37022068.92331279,-88.38939666748047,-88.35340118408203,1.5328999757766724,-2.1298999786376958,[0. 0. 0.],[0. 0. 0. 1.],8.088195173008208,-2.152795163852934,"(30, 3)",354194.3985443115,354155.39863782004,-120719134105.2066,1538717.948717948,5.935400009155273,-2.152795163852934,120755801979.9781,32655145.044571314,34193862.99328926,32300989.645933494,120756156174.37665,37022069.170047075,0.18563253673382415,1770935261.8926618,1770935261.8926618
6.3005052809322635,31,3,120685225000.82957,26766171.15552661,27072508.925916854,120685531380.97342,28611226.874634806,33613690.3175907,-94.50540161132812,-100.27870178222656,0.6696000099182129,-1.1296000480651855,[0. 0. 0.],[0. 0. 0. 1.],8.413408825323614,-2.131408760473761,"(31, 3)",306379.95793151855,306337.6871744767,-120651917690.55254,1538717.9487179518,6.2820000648498535,-2.131408760473761,120685225000.81145,27072508.826622594,28611226.775340546,26766171.139448117,120685531380.76938,33613690.21684696,0.18726293280854378,1770935261.95438,1770935261.95438
4.959603620367928,20,4,118118658911.14824,20753307.964639407,21058101.871373843,117984530918.42244,22596819.82009179,21269640.328588724,-91.18620300292967,-91.13680267333984,-2.66540002822876,2.876800060272217,[0. 0. 0.],[0. 0. 0. 1.],5.9957967768636635,-0.9848967562642983,"(20, 4)",-134127992.5693512,304793.7168219164,-117963261278.07387,1538717.948717948,5.010900020599365,-0.9848967562642983,118118658911.0679,21058101.775340546,22596819.724058494,20753308.05851863,117984530918.49855,21269640.424679488,0.1834732697153611,1770935262.007971,1770935262.007971
4.306497286907082,21,4,121080689464.24234,29714697.688512698,30021026.550861023,121080995821.70535,31559744.49957897,25779667.169314634,-84.44180297851562,-84.59410095214844,0.5271000266075134,-0.2933000028133392,[0. 0. 0.],[0. 0. 0. 1.],6.075795992695039,-1.5497959698068557,"(21, 4)",306358.3921813965,306328.3754006438,-121055216154.78278,1538717.948717948,4.526000022888184,-1.5497959698068557,121080689463.95244,30021026.454827726,31559744.403545674,29714698.079427082,121080995822.34462,25779667.561848957,0.20031239615886492,1770935262.0866199,1770935262.0866199
4.786192542734921,30,4,121009795353.52864,25011827.38791694,25317484.884194355,121010101044.06705,26856202.832912304,22101306.02982842,-94.7677001953125,-95.84049987792967,-0.0474000014364719,0.1423999965190887,[0. 0. 0.],[0. 0. 0. 1.],5.940327473034791,-1.1152275279664314,"(30, 4)",305690.71452331543,305657.42688301206,-120987999738.10986,1538717.948717948,4.825099945068359,-1.1152275279664314,121009795353.37553,25317484.788161058,26856202.736879006,25011827.361278046,121010101044.09006,22101305.98019331,0.18636843628226632,1770935262.1467612,1770935262.1467612
4.630366179190364,31,4,120922219215.57315,2477470.8851833655,2784423.986758459,120922526200.01987,4323141.935476408,1742868.9216023812,-83.0895004272461,-83.83290100097656,-1.3950999975204468,1.1770999431610107,[0. 0. 0.],[0. 0. 0. 1.],6.018622700489663,-1.285422627247475,"(31, 4)",306984.73808288574,306952.686798878,-120920783330.99911,1538717.948717949,4.733200073242188,-1.285422627247475,120922219215.55502,2784423.89072516,4323141.839443109,2477471.203926282,120922526200.2931,1742869.2939953925,0.19592320076992426,1770935262.1971612,1770935262.1971612
2.195055271694252,20,5,118362735249.28926,4817194.233979682,5121187.035811333,118228606437.43275,6659904.984529281,63695930.72022874,-88.18350219726562,-88.86419677734375,-4.670499801635742,4.110799789428711,[0. 0. 0.],[0. 0. 0. 1.],3.059692769990478,-0.7027927932601314,"(20, 5)",-134128811.582901,303991.93396935146,-118164910506.40169,1538717.948717948,2.3568999767303467,-0.7027927932601314,118362735249.20892,5121186.711237981,6659904.659955929,4817194.7772686295,118228606437.62602,63695931.224333934,0.1853295844985872,1770935262.2519596,1770935262.2519596
1.8170794558387529,21,5,121325683142.12695,14696591.657496568,15003013.958888255,121325989576.85399,16541731.907606203,1907783.4898048572,-81.5479965209961,-82.52670288085938,-1.0709999799728394,1.1770999431610107,[0. 0. 0.],[0. 0. 0. 1.],2.7001653466200923,-0.6615653786635494,"(21, 5)",306435.51557922363,306421.60268930346,-121324081793.32005,1538717.948717948,2.038599967956543,-0.6615653786635494,121325683141.83705,15003013.634314904,16541731.583032852,14696592.0316256,121325989577.35263,1907784.0325771235,0.15798993817286072,1770935262.3290486,1770935262.3290486
1.7346325669557576,30,5,121269788574.68248,24992875.605890345,25297605.305042103,121270093316.53088,26836323.25376005,13227934.814013852,-80.2499008178711,-80.5530014038086,-2.3598999977111816,1.9138000011444087,[0. 0. 0.],[0. 0. 0. 1.],3.307452451537286,-1.493252407859002,"(30, 5)",304741.96214294434,304729.2386568524,-121256865381.49866,1538717.948717948,1.814200043678284,-1.493252407859002,121269788574.52937,25297604.98046875,26836322.929186698,24992875.741811898,121270093316.49152,13227934.992863582,0.0700669764842991,1770935262.406614,1770935262.406614
1.6743220090167075,31,5,121199212789.29109,19458472.677498512,19762525.176836975,121199516853.82361,21301243.125554923,9867883.818949265,-82.08039855957031,-81.78890228271484,-3.2987000942230225,3.2167000770568848,[0. 0. 0.],[0. 0. 0. 1.],2.987940860432817,-1.1983408457462326,"(31, 5)",304064.581451416,304051.7014723569,-121189648969.61464,1538717.948717948,1.7896000146865845,-1.1983408457462326,121199212789.27296,19762524.852263622,21301242.80098157,19458473.150791265,121199516853.85442,9867884.239783654,0.15442268085380972,1770935262.4682882,1770935262.4682882
3.236074368861372,20,11,118633646122.68669,3901570.121312483,4280249.289268027,118499592003.477,5818967.237985975,65815851.82711301,-82.95469665527344,-82.85310363769531,-1.937100052833557,1.2647000551223757,[0. 0. 0.],[0. 0. 0. 1.],7.238867807619097,-3.8957677366657277,"(20, 11)",-134054118.85578918,378678.8079677485,-118433776151.65283,1538717.948717948,3.343100070953369,-3.8957677366657277,118633646122.60635,4280249.211237981,5818967.159955929,3901570.4032702325,118499592003.75056,65815852.09773137,0.187285424538002,1770935262.5230398,1770935262.5230398
3.683364912590382,21,11,121596676146.93465,13864190.845749844,14169640.314909052,121596981620.441,15708358.263627002,4034181.8107908405,-92.13520050048828,-92.86380004882812,1.500300049781799,-1.9837000370025637,[0. 0. 0.],[0. 0. 0. 1.],6.76620379035099,-2.973803907080726,"(21, 11)",305474.0710144043,305449.3596003596,-121592947438.89986,1538717.94871795,3.792399883270264,-2.973803907080726,121596676146.64474,14169640.236879006,15708358.185596956,13864190.877278646,121596981620.71576,4034181.8159054485,0.18416324130423756,1770935262.6000752,1770935262.6000752
2.2526500221036803,20,1,119161632284.54565,55763009.53425297,56070040.95704617,119027506511.41597,57608758.905764125,55999080.170452595,-89.79199981689453,-88.6864013671875,-3.39739990234375,2.7613000869750977,[0. 0. 0.],[0. 0. 0. 1.],5.378421035517765,-3.0503210694685707,"(20, 1)",-134125772.845932,307031.2030498758,-118971507431.24704,1538717.9487179518,2.3280999660491943,-3.0503210694685707,119161632284.46532,56070040.877904646,57608758.8266226,55763009.67485477,119027506511.61938,55999080.37234575,0.18418952283193174,1770935263.0508935,1770935263.0508935
2.593978142822332,21,1,122124662525.13976,65727430.36527385,66035073.00832823,122124970185.12177,357380.70063591824,61507877.574898474,-83.35459899902344,-82.43350219726562,0.0287999995052814,-0.3398999869823456,[0. 0. 0.],[0. 0. 0. 1.],5.464760744195486,-2.686760627847219,"(21, 1)",307660.7572174072,307642.2432141453,-122063462307.81511,-65677692.30769231,2.7780001163482666,-2.686760627847219,122124662524.84985,66035072.9291867,357380.621494391,65727430.68597256,122124970185.60707,61507877.791967146,0.18654288291221507,1770935263.1280897,1770935263.1280897
2.794098137343887,31,1,122184189375.82953,54835402.58627384,55140225.251917966,122184494217.68365,56678943.20063592,53815502.476689406,-87.927001953125,-88.1321029663086,-2.3413000106811523,1.6967999935150146,[0. 0. 0.],[0. 0. 0. 1.],5.403218332373771,-2.5366182957526773,"(31, 1)",304842.02850341797,304822.3407451883,-122130678715.12932,1538717.9487179518,2.8666000366210938,-2.5366182957526773,122184189375.8114,55140225.17277644,56678943.12149439,54835402.83203125,122184494217.8399,53815502.710586935,0.18649383474258405,1770935263.455877,1770935263.455877
4.603615895263663,20,2,119630620305.37897,48058735.39406792,48362885.515702024,119496491667.93475,49901603.46441997,54469371.504946694,-84.96749877929688,-84.63960266113281,-7.643300056457519,7.2642998695373535,[0. 0. 0.],[0. 0. 0. 1.],5.780256972993651,-1.0390570027482893,"(20, 2)",-134128636.99104309,304149.6550731212,-119442022296.42195,1538717.9487179443,4.741199970245361,-1.0390570027482893,119630620305.29863,48362885.4291867,49901603.377904646,48058735.77411358,119496491668.30759,54469371.88564203,0.19980157964233464,1770935263.5347447,1770935263.5347447
4.062854682217556,21,2,122604650129.30641,1807469.0333065912,2183510.515702019,122605026199.52129,3722228.464419968,3832616.408520418,-91.37370300292967,-91.3458023071289,-4.120100021362305,4.439599990844727,[0. 0. 0.],[0. 0. 0. 1.],6.2983455293594135,-2.1086454027114643,"(21, 2)",376070.8383483887,376041.322365785,-122601193583.37161,1538717.948717949,4.189700126647949,-2.1086454027114643,122604650129.01651,2183510.4291866985,3722228.3779046475,1807469.1068209135,122605026199.85486,3832616.483248197,0.1835384559156442,1770935263.6080954,1770935263.6080954
4.334175484224968,30,2,122548755201.28502,12101832.859332096,12406371.092625096,122549059770.00388,13945089.041343044,15082598.413229886,-85.97309875488281,-85.99620056152344,-5.408100128173828,5.19950008392334,[0. 0. 0.],[0. 0. 0. 1.],5.370857095168491,-0.8793571943506198,"(30, 2)",304569.31089782715,304537.791716747,-122533977171.6754,1538717.948717948,4.491499900817871,-0.8793571943506198,122548755201.13191,12406371.006109776,13945088.954827724,12101833.214393029,122549059770.44281,15082598.767402845,0.19483458468982434,1770935263.6866014,1770935263.6866014
5.058457439821769,31,2,122486182204.35516,14568630.05161246,14876915.964419968,122486490525.93227,16415633.913137916,19729766.22598693,-90.45600128173828,-90.0875015258789,-6.533199787139893,6.139200210571289,[0. 0. 0.],[0. 0. 0. 1.],5.909298044654857,-0.8132978501052968,"(31, 2)",308321.64276123047,308285.7102614194,-122466760759.61925,1538717.948717948,5.0960001945495605,-0.8132978501052968,122486182204.33704,14876915.877904648,16415633.826622596,14568630.167643229,122486490525.9798,19729766.360551883,0.18343898924142696,1770935263.7554011,1770935263.7554011
6.6166527267262625,20,3,119852421226.85333,66521403.22001941,66826843.86181429,119718293891.22241,1149151.5541219853,7405942.936538098,-90.72940063476562,-90.09339904785156,-0.5802000164985657,0.1974000036716461,[0. 0. 0.],[0. 0. 0. 1.],8.333480663273496,-1.6538809013106057,"(20, 3)",-134127335.42417908,305440.42342748493,-119710887948.26175,-65677692.307692304,6.679599761962891,-1.6538809013106057,119852421226.773,66826843.76252003,1149151.4548277243,66521403.339092545,119718293891.34882,7405943.0870643025,0.18341254224060485,1770935263.8088682,1770935263.8088682
5.944594063885381,21,3,122881642981.87051,8247172.861296662,8551355.079763012,122881947202.88805,10090073.02848096,11887967.715763109,-84.81500244140625,-85.24079895019531,2.44190001487732,-2.7706000804901123,[0. 0. 0.],[0. 0. 0. 1.],8.658882207513464,-2.494182176232947,"(21, 3)",304221.94259643555,304181.722005208,-122870059235.41486,1538717.948717948,6.164700031280518,-2.494182176232947,122881642981.58061,8551354.98046875,10090072.929186698,8247173.258463542,122881947203.52321,11887968.108348357,0.1991296386679132,1770935263.885066,1770935263.885066
5.8208310290835,30,3,122816748214.10553,9541930.992640965,9898246.105404038,122817104567.44763,11436964.054121986,14261744.282609025,-88.50540161132812,-87.87670135498047,1.430500030517578,-1.8001999855041504,[0. 0. 0.],[0. 0. 0. 1.],8.088195173008208,-2.1401952187845747,"(30, 3)",356353.8380126953,356314.7755158264,-122802842823.23352,1538717.948717948,5.947999954223633,-2.1401952187845747,122816748213.95242,9898246.006109776,11436963.954827724,9541931.23059395,122817104567.79044,14261744.556916066,0.18609339683526668,1770935263.9536297,1770935263.9536297
6.801288188121147,31,3,122747176002.43208,5009711.25244727,5316290.977198908,122747482627.25813,6855008.925916857,11856215.57057267,-89.31449890136719,-101.78359985351562,-0.0428000018000602,-0.8586000204086304,[0. 0. 0.],[0. 0. 0. 1.],8.413408825323614,-1.6009088253236143,"(31, 3)",306624.63066101074,306579.433343349,-122735626411.58426,1538717.948717949,6.8125,-1.6009088253236143,122747176002.41396,5316290.877904647,6855008.826622596,5009711.444561298,122747482627.04462,11856215.460361578,0.18390183044836456,1770935264.0163732,1770935264.0163732
4.954178123369324,20,4,120097390257.30205,50203187.14336486,50507108.281630255,119963261391.76933,52045826.2303482,50724216.23964098,-90.45600128173828,-90.70880126953124,-2.823699951171875,2.374799966812134,[0. 0. 0.],[0. 0. 0. 1.],5.9957967768636635,-0.9822965632406166,"(20, 4)",-134128865.35644531,303920.9140875414,-119912537175.50972,1538717.9487179443,5.013500213623047,-0.9822965632406166,120097390257.22171,50507108.18559696,52045826.1343149,50203187.27150942,119963261391.86526,50724216.35554387,0.18339573827307057,1770935264.0602913,1770935264.0602913
4.299222253691476,21,4,123127636635.71666,60170618.89795208,60476675.58932256,123127942720.92914,62015393.53804051,56234258.54433413,-84.37120056152344,-83.99410247802734,0.8195000290870667,-0.7171000242233276,[0. 0. 0.],[0. 0. 0. 1.],6.075795992695039,-1.559195860706514,"(21, 4)",306086.12843322754,306056.2055538893,-123071708462.63153,1538717.9487179518,4.516600131988525,-1.559195860706514,123127636635.42676,60476675.49328926,62015393.442007214,60170619.28773537,123127942721.55519,56234258.92365284,0.20021920180600877,1770935264.1310894,1770935264.1310894
4.907363829576412,30,4,123070741595.51578,2248288.151784731,2552597.063681536,123071045937.3017,4091315.012399485,66553886.658113815,-95.70850372314452,-96.68840026855467,-0.2784000039100647,0.1518000066280365,[0. 0. 0.],[0. 0. 0. 1.],5.940327473034791,-0.9993274882935799,"(30, 4)",304341.9471130371,304308.862930689,-123004492050.71623,1538717.948717949,4.940999984741211,-0.9993274882935799,123070741595.36267,2552596.967648237,4091314.916366186,2248288.104717548,123071045937.30978,66553886.593549676,0.18703727569503667,1770935264.2075315,1770935264.2075315
4.627100612704267,31,4,123001169968.77823,64932653.99606945,65239912.768809736,123001477258.89977,66778630.71752769,64201620.23445481,-83.0353012084961,-83.36280059814453,-1.4491000175476074,1.5413000583648682,[0. 0. 0.],[0. 0. 0. 1.],6.018622700489663,-1.2939227264296047,"(31, 4)",307290.3833618164,307258.36338140815,-122937275638.56616,1538717.9487179518,4.724699974060059,-1.2939227264296047,123001169968.7601,65239912.67277644,66778630.62149439,64932654.30939503,123001477259.14346,64201620.57729868,0.1926550806693095,1770935264.270384,1770935264.270384
2.1822370870373873,20,5,120368389552.17383,61186588.55366756,61490594.08709338,120234260753.01599,63029312.035811335,52857938.87725529,-88.3136978149414,-88.70369720458984,-4.680799961090088,4.154600143432617,[0. 0. 0.],[0. 0. 0. 1.],3.059692769990478,-0.7153927383284904,"(20, 5)",-134128798.8750763,304004.6731019616,-120181402813.8279,1538717.9487179518,2.3443000316619877,-0.7153927383284904,120368389552.09349,61490593.76252003,63029311.71123798,61186589.08941807,120234260753.21841,52857939.39052484,0.18534253750919283,1770935264.324937,1770935264.324937
